-0.1852892561398869 0 1 0 1 
-1.1954694442780811 0 1 0 8 
0.1852892561398869 0 1 1 0 
1.1954694442780811 0 1 8 0 
-0.1852892561398869 0 2 0 2 
-0.7320725353924665 0 2 0 9 
-0.9451015792636208 0 2 1 8 
0.1852892561398869 0 2 2 0 
0.9451015792636208 0 2 8 1 
0.7320725353924665 0 2 9 0 
-0.4391776278927043 0 3 0 3 
-0.4551936593899776 0 3 0 7 
-0.3926687395976451 0 3 0 10 
0.3406269947616223 0 3 1 2 
0.2035687930645751 0 3 1 6 
-0.6309647744071063 0 3 1 9 
-0.3406269947616223 0 3 2 1 
-0.6160461676692053 0 3 2 8 
0.4391776278927043 0 3 3 0 
-0.2035687930645751 0 3 6 1 
-0.4745024492010828 0 3 6 8 
0.4551936593899776 0 3 7 0 
0.6160461676692053 0 3 8 2 
0.4745024492010828 0 3 8 6 
-0.6522401701346260 0 3 8 9 
0.6309647744071063 0 3 9 1 
0.6522401701346260 0 3 9 8 
0.3926687395976451 0 3 10 0 
-0.6930659996455216 0 4 0 4 
-0.1820516639084949 0 4 0 11 
0.3211462104681836 0 4 1 3 
-0.5757794960556882 0 4 1 7 
-0.3556744207370531 0 4 1 10 
0.4071375861291502 0 4 2 6 
-0.3794649796093391 0 4 2 9 
-0.3211462104681836 0 4 3 1 
-0.3617296887850188 0 4 3 8 
0.6930659996455216 0 4 4 0 
-0.4071375861291502 0 4 6 2 
-0.5811444411217741 0 4 6 9 
0.5757794960556882 0 4 7 1 
-0.3355238995197108 0 4 7 8 
0.3617296887850188 0 4 8 3 
0.3355238995197108 0 4 8 7 
-0.9224068945289231 0 4 8 10 
0.3794649796093391 0 4 9 2 
0.5811444411217741 0 4 9 6 
0.3556744207370531 0 4 10 1 
0.9224068945289231 0 4 10 8 
0.1820516639084949 0 4 11 0 
-1.3108162600867685 0 5 0 5 
0.6177502604412468 0 5 1 4 
-0.1820516639084949 0 5 1 11 
-0.3638618886884294 0 5 2 3 
-0.4551936593899776 0 5 2 7 
-0.1697018978974107 0 5 2 10 
0.3638618886884293 0 5 3 2 
0.4551936593899776 0 5 3 6 
-0.1697018978974107 0 5 3 9 
-0.6177502604412468 0 5 4 1 
-0.1820516639084949 0 5 4 8 
1.3108162600867685 0 5 5 0 
-0.4551936593899776 0 5 6 3 
-0.8066950523947048 0 5 6 7 
-0.4331594916981370 0 5 6 10 
0.4551936593899776 0 5 7 2 
0.8066950523947048 0 5 7 6 
-0.4331594916981370 0 5 7 9 
0.1820516639084949 0 5 8 4 
-1.7297058143828339 0 5 8 11 
0.1697018978974107 0 5 9 3 
0.4331594916981370 0 5 9 7 
0.5388836340703608 0 5 9 10 
0.1697018978974107 0 5 10 2 
0.4331594916981370 0 5 10 6 
-0.5388836340703608 0 5 10 9 
0.1820516639084949 0 5 11 1 
1.7297058143828339 0 5 11 8 
0.6126456265118255 0 6 0 6 
-0.3911668458634735 0 6 0 9 
0.3029965359235433 0 6 1 8 
-0.6126456265118255 0 6 6 0 
-0.3029965359235433 0 6 8 1 
0.3911668458634735 0 6 9 0 
-0.4551936593899776 0 7 0 3 
-0.5997795608768500 0 7 0 7 
-0.3079248623420184 0 7 0 10 
0.6107063791937254 0 7 1 2 
0.5422130273267997 0 7 1 6 
0.1004812380846255 0 7 1 9 
-0.6107063791937254 0 7 2 1 
0.0455935121061742 0 7 2 8 
0.4551936593899776 0 7 3 0 
-0.5422130273267997 0 7 6 1 
-1.3187437528649926 0 7 6 8 
0.5997795608768500 0 7 7 0 
-0.0455935121061742 0 7 8 2 
1.3187437528649926 0 7 8 6 
-0.2593995367826311 0 7 8 9 
-0.1004812380846255 0 7 9 1 
0.2593995367826311 0 7 9 8 
0.3079248623420184 0 7 10 0 
-1.1954694442780811 0 8 0 1 
-1.2938008136553631 0 8 0 8 
1.1954694442780811 0 8 1 0 
1.2938008136553631 0 8 8 0 
-0.7320725353924665 0 9 0 2 
-0.3911668458634735 0 9 0 6 
-0.0557031983175495 0 9 0 9 
-0.9590262890364940 0 9 1 8 
0.7320725353924665 0 9 2 0 
0.3911668458634735 0 9 6 0 
0.9590262890364940 0 9 8 1 
0.0557031983175495 0 9 9 0 
-0.3926687395976451 0 10 0 3 
-0.3079248623420184 0 10 0 7 
0.0818063430811169 0 10 0 10 
-0.1279651848115716 0 10 1 2 
-0.2121620783261599 0 10 1 6 
-0.1229922728488958 0 10 1 9 
0.1279651848115716 0 10 2 1 
-0.6028169146176346 0 10 2 8 
0.3926687395976451 0 10 3 0 
0.2121620783261599 0 10 6 1 
-0.2294589748690320 0 10 6 8 
0.3079248623420184 0 10 7 0 
0.6028169146176346 0 10 8 2 
0.2294589748690320 0 10 8 6 
-0.3109716028928007 0 10 8 9 
0.1229922728488958 0 10 9 1 
0.3109716028928007 0 10 9 8 
-0.0818063430811169 0 10 10 0 
-0.1820516639084949 0 11 0 4 
0.3069369045556926 0 11 0 11 
-0.0738807338978611 0 11 1 3 
-0.2385175727467696 0 11 1 7 
-0.1743853830626714 0 11 1 10 
-0.0455935121061742 0 11 2 6 
0.0479920092071885 0 11 2 9 
0.0738807338978611 0 11 3 1 
-0.3757447073612723 0 11 3 8 
0.1820516639084949 0 11 4 0 
0.0455935121061742 0 11 6 2 
-0.1865323162196501 0 11 6 9 
0.2385175727467696 0 11 7 1 
-0.0743511537798954 0 11 7 8 
0.3757447073612723 0 11 8 3 
0.0743511537798954 0 11 8 7 
-0.2693093079607318 0 11 8 10 
-0.0479920092071885 0 11 9 2 
0.1865323162196501 0 11 9 6 
0.1743853830626714 0 11 10 1 
0.2693093079607318 0 11 10 8 
-0.3069369045556926 0 11 11 0 
-3.8692229635204516 0 12 0 12 
3.8692229635204516 0 12 12 0 
-2.0272561098301698 0 13 0 13 
-0.5977347221390407 0 13 0 20 
-1.8419668536902827 0 13 1 12 
0.5977347221390407 0 13 8 12 
1.8419668536902827 0 13 12 1 
-0.5977347221390407 0 13 12 8 
2.0272561098301698 0 13 13 0 
0.5977347221390407 0 13 20 0 
-1.3666886178132853 0 14 0 14 
-0.4060757050033961 0 14 0 18 
0.2435189977242247 0 14 0 21 
-0.8355591292153781 0 14 1 13 
-0.9447102679451057 0 14 1 20 
-1.1813993616733984 0 14 2 12 
-0.4060757050033961 0 14 6 12 
0.0003913113185152 0 14 8 13 
0.5565779120871285 0 14 8 20 
0.9755915331166914 0 14 9 12 
1.1813993616733984 0 14 12 2 
0.4060757050033961 0 14 12 6 
-0.9755915331166914 0 14 12 9 
0.8355591292153781 0 14 13 1 
-0.0003913113185152 0 14 13 8 
1.3666886178132853 0 14 14 0 
0.4060757050033961 0 14 18 0 
0.9447102679451057 0 14 20 1 
-0.5565779120871285 0 14 20 8 
-0.2435189977242247 0 14 21 0 
-1.1633490576812522 0 15 0 15 
-0.4306346821966869 0 15 0 19 
0.4132208956216356 0 15 0 22 
-0.2728086473820793 0 15 1 14 
-0.3522220436670849 0 15 1 18 
-0.0428809852989389 0 15 1 21 
-0.6134356421437017 0 15 2 13 
-0.9757574216682700 0 15 2 20 
-0.7241714297885479 0 15 3 12 
-0.5557908367316601 0 15 6 13 
-0.2372512246005414 0 15 6 20 
0.0245589771932908 0 15 7 12 
-0.3597112539990646 0 15 8 14 
0.2372512246005414 0 15 8 18 
0.1558905259854422 0 15 8 21 
0.5880837891081674 0 15 9 13 
0.8081306961200683 0 15 9 20 
0.8058896352192806 0 15 10 12 
0.7241714297885479 0 15 12 3 
-0.0245589771932908 0 15 12 7 
-0.8058896352192806 0 15 12 10 
0.6134356421437017 0 15 13 2 
0.5557908367316601 0 15 13 6 
-0.5880837891081674 0 15 13 9 
0.2728086473820793 0 15 14 1 
0.3597112539990646 0 15 14 8 
1.1633490576812522 0 15 15 0 
0.3522220436670849 0 15 18 1 
-0.2372512246005414 0 15 18 8 
0.4306346821966869 0 15 19 0 
0.9757574216682700 0 15 20 2 
0.2372512246005414 0 15 20 6 
-0.8081306961200683 0 15 20 9 
0.0428809852989389 0 15 21 1 
-0.1558905259854422 0 15 21 8 
-0.4132208956216356 0 15 22 0 
-1.1122174279287322 0 16 0 16 
0.7997245486230264 0 16 0 23 
-0.0646769641977580 0 16 1 15 
-0.5447145740817170 0 16 1 19 
-0.0967762888984183 0 16 1 22 
-0.2042083674258880 0 16 2 14 
-0.1596363590949229 0 16 2 18 
0.0255501848392007 0 16 2 21 
-0.3858231746659416 0 16 3 13 
-0.9347043256344042 0 16 3 20 
-0.4191514282832103 0 16 4 12 
-0.5667739452240731 0 16 6 14 
-0.1808869252477176 0 16 6 18 
-0.2938273228288526 0 16 6 21 
0.0310649219739713 0 16 7 13 
-0.1621239472479065 0 16 7 20 
-0.5729746368493853 0 16 8 15 
0.1733999522718044 0 16 8 19 
0.1200923581407499 0 16 8 22 
0.4050151644485397 0 16 9 14 
0.2873171182929216 0 16 9 18 
0.1158974523319191 0 16 9 21 
0.2588981318386347 0 16 10 13 
1.0424992526696730 0 16 10 20 
0.9817762125315213 0 16 11 12 
0.4191514282832103 0 16 12 4 
-0.9817762125315213 0 16 12 11 
0.3858231746659416 0 16 13 3 
-0.0310649219739713 0 16 13 7 
-0.2588981318386347 0 16 13 10 
0.2042083674258880 0 16 14 2 
0.5667739452240731 0 16 14 6 
-0.4050151644485397 0 16 14 9 
0.0646769641977580 0 16 15 1 
0.5729746368493853 0 16 15 8 
1.1122174279287322 0 16 16 0 
0.1596363590949229 0 16 18 2 
0.1808869252477176 0 16 18 6 
-0.2873171182929216 0 16 18 9 
0.5447145740817170 0 16 19 1 
-0.1733999522718044 0 16 19 8 
0.9347043256344042 0 16 20 3 
0.1621239472479065 0 16 20 7 
-1.0424992526696730 0 16 20 10 
-0.0255501848392007 0 16 21 2 
0.2938273228288526 0 16 21 6 
-0.1158974523319191 0 16 21 9 
0.0967762888984183 0 16 22 1 
-0.1200923581407499 0 16 22 8 
-0.7997245486230264 0 16 23 0 
-1.3191207077101830 0 17 0 17 
0.2069032797814511 0 17 1 16 
0.7997245486230264 0 17 1 23 
-0.2580349095339712 0 17 2 15 
-0.4306346821966868 0 17 2 19 
-0.5662376438303697 0 17 2 22 
0.1058269791544582 0 17 3 14 
0.0245589771932909 0 17 3 18 
0.3965357459329589 0 17 3 21 
-0.4108469806597957 0 17 4 13 
-0.9817762125315213 0 17 4 20 
-0.0083044476234146 0 17 5 12 
-0.4306346821966868 0 17 6 15 
-0.6055852567447623 0 17 6 19 
-0.2238583757939532 0 17 6 22 
0.0245589771932909 0 17 7 14 
0.2011097956499427 0 17 7 18 
-0.2093011159041839 0 17 7 21 
-0.7997245486230264 0 17 8 16 
-0.1791918947981832 0 17 8 23 
0.5662376438303697 0 17 9 15 
0.2238583757939532 0 17 9 19 
0.3342304624934836 0 17 9 22 
-0.3965357459329589 0 17 10 14 
0.2093011159041839 0 17 10 18 
-0.2046531715768772 0 17 10 21 
0.9817762125315213 0 17 11 13 
1.5505139195846513 0 17 11 20 
0.0083044476234146 0 17 12 5 
0.4108469806597957 0 17 13 4 
-0.9817762125315213 0 17 13 11 
-0.1058269791544583 0 17 14 3 
-0.0245589771932909 0 17 14 7 
0.3965357459329589 0 17 14 10 
0.2580349095339712 0 17 15 2 
0.4306346821966868 0 17 15 6 
-0.5662376438303697 0 17 15 9 
-0.2069032797814511 0 17 16 1 
0.7997245486230264 0 17 16 8 
1.3191207077101830 0 17 17 0 
-0.0245589771932909 0 17 18 3 
-0.2011097956499427 0 17 18 7 
-0.2093011159041839 0 17 18 10 
0.4306346821966868 0 17 19 2 
0.6055852567447623 0 17 19 6 
-0.2238583757939532 0 17 19 9 
0.9817762125315213 0 17 20 4 
-1.5505139195846513 0 17 20 11 
-0.3965357459329589 0 17 21 3 
0.2093011159041839 0 17 21 7 
0.2046531715768772 0 17 21 10 
0.5662376438303697 0 17 22 2 
0.2238583757939532 0 17 22 6 
-0.3342304624934836 0 17 22 9 
-0.7997245486230264 0 17 23 1 
0.1791918947981832 0 17 23 8 
-0.4060757050033961 0 18 0 14 
-1.5664061764827280 0 18 0 18 
0.2478334016190206 0 18 0 21 
0.5136496521077457 0 18 1 13 
-0.1919709274208803 0 18 1 20 
-0.4060757050033961 0 18 2 12 
-2.1790518029945538 0 18 6 12 
-0.4949674633444236 0 18 8 13 
0.0612985366039654 0 18 8 20 
0.6390002474824942 0 18 9 12 
0.4060757050033961 0 18 12 2 
2.1790518029945538 0 18 12 6 
-0.6390002474824942 0 18 12 9 
-0.5136496521077457 0 18 13 1 
0.4949674633444236 0 18 13 8 
0.4060757050033961 0 18 14 0 
1.5664061764827280 0 18 18 0 
0.1919709274208803 0 18 20 1 
-0.0612985366039654 0 18 20 8 
-0.2478334016190206 0 18 21 0 
-0.4306346821966868 0 19 0 15 
-0.7297014498787547 0 19 0 19 
-0.1884879552231468 0 19 0 22 
0.3961544776367372 0 19 1 14 
-0.3741857291563718 0 19 1 18 
0.2794232189505844 0 19 1 21 
-0.2145519015569882 0 19 2 13 
-0.2389830494637161 0 19 2 20 
0.0245589771932909 0 19 3 12 
-0.9163987564831714 0 19 6 13 
-1.6857699805314355 0 19 6 20 
-0.1299218890019048 0 19 7 12 
-0.2845765615698904 0 19 8 14 
-0.3670262276664426 0 19 8 18 
-0.1120044050867008 0 19 8 21 
0.1789419808659589 0 19 9 13 
0.1473951316959303 0 19 9 20 
0.1194369071188716 0 19 10 12 
-0.0245589771932909 0 19 12 3 
0.1299218890019048 0 19 12 7 
-0.1194369071188716 0 19 12 10 
0.2145519015569882 0 19 13 2 
0.9163987564831714 0 19 13 6 
-0.1789419808659589 0 19 13 9 
-0.3961544776367372 0 19 14 1 
0.2845765615698904 0 19 14 8 
0.4306346821966868 0 19 15 0 
0.3741857291563718 0 19 18 1 
0.3670262276664426 0 19 18 8 
0.7297014498787547 0 19 19 0 
0.2389830494637161 0 19 20 2 
1.6857699805314355 0 19 20 6 
-0.1473951316959303 0 19 20 9 
-0.2794232189505844 0 19 21 1 
0.1120044050867008 0 19 21 8 
0.1884879552231468 0 19 22 0 
-0.5977347221390407 0 20 0 13 
-2.7151279205650520 0 20 0 20 
0.5977347221390407 0 20 1 12 
-1.4213271069096887 0 20 8 12 
-0.5977347221390407 0 20 12 1 
1.4213271069096887 0 20 12 8 
0.5977347221390407 0 20 13 0 
2.7151279205650520 0 20 20 0 
0.2435189977242247 0 21 0 14 
0.2478334016190206 0 21 0 18 
-1.1427383518997023 0 21 0 21 
-0.7710331993908488 0 21 1 13 
-1.2179677226382328 0 21 1 20 
0.9755915331166914 0 21 2 12 
0.6390002474824942 0 21 6 12 
-0.2589414336017387 0 21 8 13 
0.7158974169740153 0 21 8 20 
-1.0870351535821527 0 21 9 12 
-0.9755915331166914 0 21 12 2 
-0.6390002474824942 0 21 12 6 
1.0870351535821527 0 21 12 9 
0.7710331993908488 0 21 13 1 
0.2589414336017387 0 21 13 8 
-0.2435189977242247 0 21 14 0 
-0.2478334016190206 0 21 18 0 
1.2179677226382328 0 21 20 1 
-0.7158974169740153 0 21 20 8 
1.1427383518997023 0 21 21 0 
0.4132208956216356 0 22 0 15 
-0.1884879552231468 0 22 0 19 
-1.3049381483136142 0 22 0 22 
-0.3365839943104000 0 22 1 14 
0.3059633094098332 0 22 1 18 
0.1450759082872537 0 22 1 21 
-0.2086188094988284 0 22 2 13 
-0.9500737232624755 0 22 2 20 
0.8058896352192806 0 22 3 12 
0.5181253877359930 0 22 6 13 
-0.2515829482067949 0 22 6 20 
0.1194369071188716 0 22 7 12 
-0.3472568086448409 0 22 8 14 
-0.0221239733377629 0 22 8 18 
0.2578377649557052 0 22 8 21 
0.2680681811361496 0 22 9 13 
0.5688093678485058 0 22 9 20 
-1.3867444913947311 0 22 10 12 
-0.8058896352192806 0 22 12 3 
-0.1194369071188716 0 22 12 7 
1.3867444913947311 0 22 12 10 
0.2086188094988284 0 22 13 2 
-0.5181253877359930 0 22 13 6 
-0.2680681811361496 0 22 13 9 
0.3365839943104000 0 22 14 1 
0.3472568086448409 0 22 14 8 
-0.4132208956216356 0 22 15 0 
-0.3059633094098332 0 22 18 1 
0.0221239733377629 0 22 18 8 
0.1884879552231468 0 22 19 0 
0.9500737232624755 0 22 20 2 
0.2515829482067949 0 22 20 6 
-0.5688093678485058 0 22 20 9 
-0.1450759082872537 0 22 21 1 
-0.2578377649557052 0 22 21 8 
1.3049381483136142 0 22 22 0 
0.7997245486230263 0 23 0 16 
-1.9703990915313929 0 23 0 23 
-0.6915009003500333 0 23 1 15 
-0.1460021423079873 0 23 1 19 
0.5154638301267874 0 23 1 22 
0.5273327033390883 0 23 2 14 
0.2389830494637161 0 23 2 18 
-0.2756474824203968 0 23 2 21 
-0.6176201664521721 0 23 3 13 
-0.3893801716987215 0 23 3 20 
0.9817762125315213 0 23 4 12 
0.2845765615698903 0 23 6 14 
0.9056695250568760 0 23 6 18 
-0.4528630066897992 0 23 6 21 
0.0925154304387824 0 23 7 13 
0.3486272878429985 0 23 7 20 
-0.0136354643374492 0 23 8 15 
0.4229784416228939 0 23 8 19 
0.0556631127137958 0 23 8 22 
-0.3236394916275853 0 23 9 14 
-0.2663306904701491 0 23 9 18 
0.1935635387372201 0 23 9 21 
0.6898492131894587 0 23 10 13 
0.3249724206745277 0 23 10 20 
-2.2773359960870847 0 23 11 12 
-0.9817762125315213 0 23 12 4 
2.2773359960870847 0 23 12 11 
0.6176201664521721 0 23 13 3 
-0.0925154304387824 0 23 13 7 
-0.6898492131894587 0 23 13 10 
-0.5273327033390883 0 23 14 2 
-0.2845765615698903 0 23 14 6 
0.3236394916275853 0 23 14 9 
0.6915009003500333 0 23 15 1 
0.0136354643374492 0 23 15 8 
-0.7997245486230263 0 23 16 0 
-0.2389830494637161 0 23 18 2 
-0.9056695250568760 0 23 18 6 
0.2663306904701491 0 23 18 9 
0.1460021423079873 0 23 19 1 
-0.4229784416228939 0 23 19 8 
0.3893801716987215 0 23 20 3 
-0.3486272878429985 0 23 20 7 
-0.3249724206745277 0 23 20 10 
0.2756474824203968 0 23 21 2 
0.4528630066897992 0 23 21 6 
-0.1935635387372201 0 23 21 9 
-0.5154638301267874 0 23 22 1 
-0.0556631127137958 0 23 22 8 
1.9703990915313929 0 23 23 0 
0.1852892561398869 1 0 0 1 
1.1954694442780811 1 0 0 8 
-0.1852892561398869 1 0 1 0 
-1.1954694442780811 1 0 8 0 
0.3406269947616223 1 2 0 3 
0.6107063791937254 1 2 0 7 
-0.1279651848115716 1 2 0 10 
-0.6422883252949583 1 2 1 2 
-0.2731161956339865 1 2 1 6 
-0.6176169945956672 1 2 1 9 
0.6422883252949583 1 2 2 1 
-0.3689567793661355 1 2 2 8 
-0.3406269947616223 1 2 3 0 
0.2731161956339865 1 2 6 1 
0.6366118391422571 1 2 6 8 
-0.6107063791937254 1 2 7 0 
0.3689567793661355 1 2 8 2 
-0.6366118391422571 1 2 8 6 
0.8750720148462312 1 2 8 9 
0.6176169945956672 1 2 9 1 
-0.8750720148462312 1 2 9 8 
0.1279651848115716 1 2 10 0 
0.3211462104681836 1 3 0 4 
-0.0738807338978611 1 3 0 11 
-0.3883999535421407 1 3 1 3 
0.3641549275119820 1 3 1 7 
-0.5071242803944442 1 3 1 10 
-0.2574964186462183 1 3 2 6 
-0.7953121826259112 1 3 2 9 
0.3883999535421407 1 3 3 1 
-0.3689567793661356 1 3 3 8 
-0.3211462104681836 1 3 4 0 
0.2574964186462183 1 3 6 2 
0.3675480166980848 1 3 6 9 
-0.3641549275119820 1 3 7 1 
0.2122039463807523 1 3 7 8 
0.3689567793661356 1 3 8 3 
-0.2122039463807523 1 3 8 7 
0.5833813432308207 1 3 8 10 
0.7953121826259112 1 3 9 2 
-0.3675480166980848 1 3 9 6 
0.5071242803944442 1 3 10 1 
-0.5833813432308207 1 3 10 8 
0.0738807338978611 1 3 11 0 
0.6177502604412468 1 4 0 5 
-0.9045948652822605 1 4 1 4 
-0.2755042216373152 1 4 1 11 
0.7700832834929370 1 4 2 3 
-0.0910387318779955 1 4 2 7 
-0.6195984078934553 1 4 2 10 
-0.7700832834929370 1 4 3 2 
0.0910387318779955 1 4 3 6 
-0.6195984078934553 1 4 3 9 
0.9045948652822605 1 4 4 1 
-0.2755042216373152 1 4 4 8 
-0.6177502604412468 1 4 5 0 
-0.0910387318779955 1 4 6 3 
0.8066950523947048 1 4 6 7 
-0.0866318983396274 1 4 6 10 
0.0910387318779955 1 4 7 2 
-0.8066950523947048 1 4 7 6 
-0.0866318983396274 1 4 7 9 
0.2755042216373152 1 4 8 4 
1.0152125061953499 1 4 8 11 
0.6195984078934553 1 4 9 3 
0.0866318983396274 1 4 9 7 
-1.2533769422578445 1 4 9 10 
0.6195984078934553 1 4 10 2 
0.0866318983396274 1 4 10 6 
1.2533769422578445 1 4 10 9 
0.2755042216373152 1 4 11 1 
-1.0152125061953499 1 4 11 8 
-0.6930659996455216 1 5 1 5 
0.3211462104681836 1 5 2 4 
-0.3617296887850188 1 5 2 11 
-0.4071375861291502 1 5 3 7 
-0.3794649796093391 1 5 3 10 
-0.3211462104681836 1 5 4 2 
0.5757794960556882 1 5 4 6 
-0.3556744207370531 1 5 4 9 
0.6930659996455216 1 5 5 1 
-0.1820516639084949 1 5 5 8 
-0.5757794960556882 1 5 6 4 
-0.3355238995197108 1 5 6 11 
0.4071375861291502 1 5 7 3 
-0.5811444411217741 1 5 7 10 
0.1820516639084949 1 5 8 5 
0.3556744207370531 1 5 9 4 
-0.9224068945289231 1 5 9 11 
0.3794649796093391 1 5 10 3 
0.5811444411217741 1 5 10 7 
0.3617296887850188 1 5 11 2 
0.3355238995197108 1 5 11 6 
0.9224068945289231 1 5 11 9 
0.2035687930645751 1 6 0 3 
0.5422130273267997 1 6 0 7 
-0.2121620783261599 1 6 0 10 
-0.2731161956339865 1 6 1 2 
0.3701605890340903 1 6 1 6 
-0.2014033141095020 1 6 1 9 
0.2731161956339865 1 6 2 1 
0.3628736321832975 1 6 2 8 
-0.2035687930645751 1 6 3 0 
-0.3701605890340903 1 6 6 1 
0.5897601352618611 1 6 6 8 
-0.5422130273267997 1 6 7 0 
-0.3628736321832975 1 6 8 2 
-0.5897601352618611 1 6 8 6 
0.1160069995155840 1 6 8 9 
0.2014033141095020 1 6 9 1 
-0.1160069995155840 1 6 9 8 
0.2121620783261599 1 6 10 0 
-0.5757794960556882 1 7 0 4 
-0.2385175727467696 1 7 0 11 
0.3641549275119820 1 7 1 3 
-0.3572945233991149 1 7 1 7 
-0.2180517108137930 1 7 1 10 
0.6858512573471222 1 7 2 6 
0.1624164124008923 1 7 2 9 
-0.3641549275119820 1 7 3 1 
0.0611701154414191 1 7 3 8 
0.5757794960556882 1 7 4 0 
-0.6858512573471222 1 7 6 2 
-1.0214945185522371 1 7 6 9 
0.3572945233991149 1 7 7 1 
-0.5897601352618611 1 7 7 8 
-0.0611701154414191 1 7 8 3 
0.5897601352618611 1 7 8 7 
-0.2320139990311680 1 7 8 10 
-0.1624164124008923 1 7 9 2 
1.0214945185522371 1 7 9 6 
0.2180517108137930 1 7 10 1 
0.2320139990311680 1 7 10 8 
0.2385175727467696 1 7 11 0 
-0.9451015792636208 1 8 0 2 
0.3029965359235433 1 8 0 6 
-0.9590262890364940 1 8 0 9 
-0.5509422444526750 1 8 1 8 
0.9451015792636208 1 8 2 0 
-0.3029965359235433 1 8 6 0 
0.5509422444526750 1 8 8 1 
0.9590262890364940 1 8 9 0 
-0.6309647744071064 1 9 0 3 
0.1004812380846255 1 9 0 7 
-0.1229922728488958 1 9 0 10 
-0.6176169945956672 1 9 1 2 
-0.2014033141095020 1 9 1 6 
-0.6885541344013044 1 9 1 9 
0.6176169945956672 1 9 2 1 
-0.6739071241050278 1 9 2 8 
0.6309647744071064 1 9 3 0 
0.2014033141095020 1 9 6 1 
0.2052343463418286 1 9 6 8 
-0.1004812380846255 1 9 7 0 
0.6739071241050278 1 9 8 2 
-0.2052343463418286 1 9 8 6 
0.2781414572561490 1 9 8 9 
0.6885541344013044 1 9 9 1 
-0.2781414572561490 1 9 9 8 
0.1229922728488958 1 9 10 0 
-0.3556744207370530 1 10 0 4 
-0.1743853830626714 1 10 0 11 
-0.5071242803944442 1 10 1 3 
-0.2180517108137930 1 10 1 7 
0.1068770468469293 1 10 1 10 
-0.2330495776338199 1 10 2 6 
-0.6596887114287011 1 10 2 9 
0.5071242803944442 1 10 3 1 
-0.5177131606358732 1 10 3 8 
0.3556744207370530 1 10 4 0 
0.2330495776338199 1 10 6 2 
-0.0332508468114773 1 10 6 9 
0.2180517108137930 1 10 7 1 
-0.0450250170987460 1 10 7 8 
0.5177131606358732 1 10 8 3 
0.0450250170987460 1 10 8 7 
-0.0695353643140373 1 10 8 10 
0.6596887114287011 1 10 9 2 
0.0332508468114773 1 10 9 6 
-0.1068770468469293 1 10 10 1 
0.0695353643140373 1 10 10 8 
0.1743853830626714 1 10 11 0 
-0.1820516639084949 1 11 0 5 
-0.2755042216373152 1 11 1 4 
0.1718585676709473 1 11 1 11 
-0.0934525577288204 1 11 2 3 
-0.3220935552223515 1 11 2 7 
-0.1776566424619686 1 11 2 10 
0.0934525577288204 1 11 3 2 
-0.0611701154414191 1 11 3 6 
-0.2266625618287158 1 11 3 9 
0.2755042216373152 1 11 4 1 
-0.4752836376060228 1 11 4 8 
0.1820516639084949 1 11 5 0 
0.0611701154414191 1 11 6 3 
-0.1668395756270498 1 11 6 10 
0.3220935552223515 1 11 7 2 
-0.1410119438856932 1 11 7 9 
0.4752836376060228 1 11 8 4 
-0.2086060929421117 1 11 8 11 
0.2266625618287158 1 11 9 3 
0.1410119438856932 1 11 9 7 
-0.2086060929421117 1 11 9 10 
0.1776566424619686 1 11 10 2 
0.1668395756270498 1 11 10 6 
0.2086060929421117 1 11 10 9 
-0.1718585676709473 1 11 11 1 
0.2086060929421117 1 11 11 8 
-1.8419668536902827 1 12 0 13 
0.5977347221390407 1 12 0 20 
-2.0272561098301698 1 12 1 12 
-0.5977347221390407 1 12 8 12 
2.0272561098301698 1 12 12 1 
0.5977347221390407 1 12 12 8 
1.8419668536902827 1 12 13 0 
-0.5977347221390407 1 12 20 0 
-0.8355591292153783 1 13 0 14 
0.5136496521077457 1 13 0 18 
-0.7710331993908488 1 13 0 21 
-2.8123149762934374 1 13 1 13 
0.5972397481227559 1 13 1 20 
-0.8355591292153786 1 13 2 12 
0.5136496521077457 1 13 6 12 
0.5972397481227559 1 13 8 13 
-0.7040215590145148 1 13 8 20 
-0.7710331993908488 1 13 9 12 
0.8355591292153783 1 13 12 2 
-0.5136496521077457 1 13 12 6 
0.7710331993908488 1 13 12 9 
2.8123149762934374 1 13 13 1 
-0.5972397481227559 1 13 13 8 
0.8355591292153786 1 13 14 0 
-0.5136496521077457 1 13 18 0 
-0.5972397481227559 1 13 20 1 
0.7040215590145148 1 13 20 8 
0.7710331993908488 1 13 21 0 
-0.2728086473820794 1 14 0 15 
0.3961544776367372 1 14 0 19 
-0.3365839943104000 1 14 0 22 
-2.0575853968026396 1 14 1 14 
0.0664797546847047 1 14 1 18 
-0.4307195503819253 1 14 1 21 
-1.4152970715076814 1 14 2 13 
0.1141414843783102 1 14 2 20 
-0.6134356421437018 1 14 3 12 
0.3395959503186913 1 14 6 13 
0.3183059195711286 1 14 6 20 
-0.2145519015569882 1 14 7 12 
0.4830982637444456 1 14 8 14 
-0.3183059195711286 1 14 8 18 
0.2219743089850812 1 14 8 21 
0.1868974442137420 1 14 9 13 
-0.6530977058611501 1 14 9 20 
-0.2086188094988284 1 14 10 12 
0.6134356421437018 1 14 12 3 
0.2145519015569882 1 14 12 7 
0.2086188094988284 1 14 12 10 
1.4152970715076814 1 14 13 2 
-0.3395959503186913 1 14 13 6 
-0.1868974442137420 1 14 13 9 
2.0575853968026396 1 14 14 1 
-0.4830982637444456 1 14 14 8 
0.2728086473820794 1 14 15 0 
-0.0664797546847047 1 14 18 1 
0.3183059195711286 1 14 18 8 
-0.3961544776367372 1 14 19 0 
-0.1141414843783102 1 14 20 2 
-0.3183059195711286 1 14 20 6 
0.6530977058611501 1 14 20 9 
0.4307195503819253 1 14 21 1 
-0.2219743089850812 1 14 21 8 
0.3365839943104000 1 14 22 0 
-0.0646769641977580 1 15 0 16 
-0.6915009003500333 1 15 0 23 
-1.4475496583148793 1 15 1 15 
0.1008623227553118 1 15 1 19 
0.4972803749603841 1 15 1 22 
-0.8627147839555331 1 15 2 14 
-0.2436037631963129 1 15 2 18 
-0.8423777930467079 1 15 2 21 
-1.0591497047727385 1 15 3 13 
-0.1267981115135362 1 15 3 20 
-0.3858231746659416 1 15 4 12 
0.0138926554499054 1 15 6 14 
0.2288058730909619 1 15 6 18 
0.1878914232224627 1 15 6 21 
-0.2632926047566703 1 15 7 13 
0.0989704014337724 1 15 7 20 
0.2421586678525993 1 15 8 15 
-0.1132335449469799 1 15 8 19 
-0.0124734272615150 1 15 8 22 
-0.0470656104207964 1 15 9 14 
-0.1796565934756221 1 15 9 18 
0.6001276579691698 1 15 9 21 
1.0044046553548283 1 15 10 13 
-0.5958547704923356 1 15 10 20 
-0.6176201664521721 1 15 11 12 
0.3858231746659416 1 15 12 4 
0.6176201664521721 1 15 12 11 
1.0591497047727385 1 15 13 3 
0.2632926047566703 1 15 13 7 
-1.0044046553548283 1 15 13 10 
0.8627147839555331 1 15 14 2 
-0.0138926554499054 1 15 14 6 
0.0470656104207964 1 15 14 9 
1.4475496583148793 1 15 15 1 
-0.2421586678525993 1 15 15 8 
0.0646769641977580 1 15 16 0 
0.2436037631963129 1 15 18 2 
-0.2288058730909619 1 15 18 6 
0.1796565934756221 1 15 18 9 
-0.1008623227553118 1 15 19 1 
0.1132335449469799 1 15 19 8 
0.1267981115135362 1 15 20 3 
-0.0989704014337724 1 15 20 7 
0.5958547704923356 1 15 20 10 
0.8423777930467079 1 15 21 2 
-0.1878914232224627 1 15 21 6 
-0.6001276579691698 1 15 21 9 
-0.4972803749603841 1 15 22 1 
0.0124734272615150 1 15 22 8 
0.6915009003500333 1 15 23 0 
0.2069032797814511 1 16 0 17 
-1.4009313153142156 1 16 1 16 
-0.0749625910422659 1 16 1 23 
-0.0977499727531843 1 16 2 15 
-0.3297723594413749 1 16 2 19 
0.4666770253186376 1 16 2 22 
-0.8678332562461216 1 16 3 14 
-0.2387336275633793 1 16 3 18 
-1.0862754332120927 1 16 3 21 
-0.4963364500319548 1 16 4 13 
-0.2005416305950494 1 16 4 20 
-0.4108469806597957 1 16 5 12 
-0.3297723594413749 1 16 6 15 
0.5246901645257984 1 16 6 19 
-0.0389487712028829 1 16 6 22 
-0.2387336275633793 1 16 7 14 
-0.2820048878689067 1 16 7 18 
-0.0476831271367445 1 16 7 21 
0.0749625910422659 1 16 8 16 
0.2722150354153634 1 16 8 23 
-0.4666770253186376 1 16 9 15 
0.0389487712028829 1 16 9 19 
-0.1375454891430182 1 16 9 22 
1.0862754332120927 1 16 10 14 
0.0476831271367445 1 16 10 18 
1.1158314531148266 1 16 10 21 
0.2005416305950494 1 16 11 13 
-0.7429974707799867 1 16 11 20 
0.4108469806597957 1 16 12 5 
0.4963364500319548 1 16 13 4 
-0.2005416305950494 1 16 13 11 
0.8678332562461216 1 16 14 3 
0.2387336275633793 1 16 14 7 
-1.0862754332120927 1 16 14 10 
0.0977499727531843 1 16 15 2 
0.3297723594413749 1 16 15 6 
0.4666770253186376 1 16 15 9 
1.4009313153142156 1 16 16 1 
-0.0749625910422659 1 16 16 8 
-0.2069032797814511 1 16 17 0 
0.2387336275633793 1 16 18 3 
0.2820048878689067 1 16 18 7 
-0.0476831271367445 1 16 18 10 
0.3297723594413749 1 16 19 2 
-0.5246901645257984 1 16 19 6 
-0.0389487712028829 1 16 19 9 
0.2005416305950494 1 16 20 4 
0.7429974707799867 1 16 20 11 
1.0862754332120927 1 16 21 3 
0.0476831271367445 1 16 21 7 
-1.1158314531148266 1 16 21 10 
-0.4666770253186376 1 16 22 2 
0.0389487712028829 1 16 22 6 
0.1375454891430182 1 16 22 9 
0.0749625910422659 1 16 23 1 
-0.2722150354153634 1 16 23 8 
-1.1122174279287322 1 17 1 17 
-0.0646769641977580 1 17 2 16 
0.5729746368493853 1 17 2 23 
-0.2042083674258880 1 17 3 15 
-0.5667739452240731 1 17 3 19 
-0.4050151644485397 1 17 3 22 
-0.3858231746659416 1 17 4 14 
0.0310649219739713 1 17 4 18 
-0.2588981318386347 1 17 4 21 
-0.4191514282832103 1 17 5 13 
-0.9817762125315213 1 17 5 20 
-0.5447145740817170 1 17 6 16 
-0.1733999522718044 1 17 6 23 
-0.1596363590949229 1 17 7 15 
-0.1808869252477176 1 17 7 19 
-0.2873171182929216 1 17 7 22 
-0.7997245486230264 1 17 8 17 
0.0967762888984183 1 17 9 16 
0.1200923581407499 1 17 9 23 
-0.0255501848392007 1 17 10 15 
0.2938273228288526 1 17 10 19 
0.1158974523319191 1 17 10 22 
0.9347043256344042 1 17 11 14 
0.1621239472479065 1 17 11 18 
1.0424992526696730 1 17 11 21 
0.4191514282832103 1 17 13 5 
0.3858231746659416 1 17 14 4 
-0.9347043256344042 1 17 14 11 
0.2042083674258880 1 17 15 3 
0.1596363590949229 1 17 15 7 
0.0255501848392007 1 17 15 10 
0.0646769641977580 1 17 16 2 
0.5447145740817170 1 17 16 6 
-0.0967762888984183 1 17 16 9 
1.1122174279287322 1 17 17 1 
0.7997245486230264 1 17 17 8 
-0.0310649219739713 1 17 18 4 
-0.1621239472479065 1 17 18 11 
0.5667739452240731 1 17 19 3 
0.1808869252477176 1 17 19 7 
-0.2938273228288526 1 17 19 10 
0.9817762125315213 1 17 20 5 
0.2588981318386347 1 17 21 4 
-1.0424992526696730 1 17 21 11 
0.4050151644485397 1 17 22 3 
0.2873171182929216 1 17 22 7 
-0.1158974523319191 1 17 22 10 
-0.5729746368493853 1 17 23 2 
0.1733999522718044 1 17 23 6 
-0.1200923581407499 1 17 23 9 
-0.3522220436670849 1 18 0 15 
-0.3741857291563718 1 18 0 19 
0.3059633094098332 1 18 0 22 
0.0664797546847047 1 18 1 14 
-1.3990652311619325 1 18 1 18 
-0.0258285017654546 1 18 1 21 
0.3395959503186913 1 18 2 13 
-0.1359496812597291 1 18 2 20 
-0.5557908367316601 1 18 3 12 
-1.7692258201960225 1 18 6 13 
0.7538992541793572 1 18 6 20 
-0.9163987564831714 1 18 7 12 
-0.4988233134430267 1 18 8 14 
0.1641391189174960 1 18 8 18 
0.0975715349934660 1 18 8 21 
0.1755748123440475 1 18 9 13 
-0.0184354645221181 1 18 9 20 
0.5181253877359930 1 18 10 12 
0.5557908367316601 1 18 12 3 
0.9163987564831714 1 18 12 7 
-0.5181253877359930 1 18 12 10 
-0.3395959503186913 1 18 13 2 
1.7692258201960225 1 18 13 6 
-0.1755748123440475 1 18 13 9 
-0.0664797546847047 1 18 14 1 
0.4988233134430267 1 18 14 8 
0.3522220436670849 1 18 15 0 
1.3990652311619325 1 18 18 1 
-0.1641391189174960 1 18 18 8 
0.3741857291563718 1 18 19 0 
0.1359496812597291 1 18 20 2 
-0.7538992541793572 1 18 20 6 
0.0184354645221181 1 18 20 9 
0.0258285017654546 1 18 21 1 
-0.0975715349934660 1 18 21 8 
-0.3059633094098332 1 18 22 0 
-0.5447145740817170 1 19 0 16 
-0.1460021423079873 1 19 0 23 
0.1008623227553118 1 19 1 15 
-0.8970423951995492 1 19 1 19 
0.0614357696029788 1 19 1 22 
0.2297111077464075 1 19 2 14 
-0.4733116688260038 1 19 2 18 
0.1683300470881411 1 19 2 21 
-0.2632926047566703 1 19 3 13 
-0.3206294064426383 1 19 3 20 
0.0310649219739713 1 19 4 12 
-1.1591629261731262 1 19 6 14 
-1.3057918120269298 1 19 6 21 
-0.5397478718004343 1 19 7 13 
-0.7538992541793572 1 19 7 20 
-0.3817995218840574 1 19 8 15 
-0.1641391189174960 1 19 8 19 
-0.1001797854213145 1 19 8 22 
0.0059136346872488 1 19 9 14 
-0.2842972934746928 1 19 9 18 
0.0274135389535451 1 19 9 21 
0.2794874804167718 1 19 10 13 
0.1318342136098536 1 19 10 20 
0.0925154304387824 1 19 11 12 
-0.0310649219739713 1 19 12 4 
-0.0925154304387824 1 19 12 11 
0.2632926047566703 1 19 13 3 
0.5397478718004343 1 19 13 7 
-0.2794874804167718 1 19 13 10 
-0.2297111077464075 1 19 14 2 
1.1591629261731262 1 19 14 6 
-0.0059136346872488 1 19 14 9 
-0.1008623227553118 1 19 15 1 
0.3817995218840574 1 19 15 8 
0.5447145740817170 1 19 16 0 
0.4733116688260038 1 19 18 2 
0.2842972934746928 1 19 18 9 
0.8970423951995492 1 19 19 1 
0.1641391189174960 1 19 19 8 
0.3206294064426383 1 19 20 3 
0.7538992541793572 1 19 20 7 
-0.1318342136098536 1 19 20 10 
-0.1683300470881411 1 19 21 2 
1.3057918120269298 1 19 21 6 
-0.0274135389535451 1 19 21 9 
-0.0614357696029788 1 19 22 1 
0.1001797854213145 1 19 22 8 
0.1460021423079873 1 19 23 0 
-0.9447102679451058 1 20 0 14 
-0.1919709274208803 1 20 0 18 
-1.2179677226382328 1 20 0 21 
0.5972397481227559 1 20 1 13 
-1.7716941793658423 1 20 1 20 
0.0003913113185153 1 20 2 12 
-0.4949674633444236 1 20 6 12 
-1.2207519349131672 1 20 8 13 
-0.5545317547066538 1 20 8 20 
-0.2589414336017387 1 20 9 12 
-0.0003913113185153 1 20 12 2 
0.4949674633444236 1 20 12 6 
0.2589414336017387 1 20 12 9 
-0.5972397481227559 1 20 13 1 
1.2207519349131672 1 20 13 8 
0.9447102679451058 1 20 14 0 
0.1919709274208803 1 20 18 0 
1.7716941793658423 1 20 20 1 
0.5545317547066538 1 20 20 8 
1.2179677226382328 1 20 21 0 
-0.0428809852989391 1 21 0 15 
0.2794232189505844 1 21 0 19 
0.1450759082872537 1 21 0 22 
-0.4307195503819253 1 21 1 14 
-0.0258285017654546 1 21 1 18 
-2.2159319302300413 1 21 1 21 
0.1868974442137420 1 21 2 13 
-0.6908490765015284 1 21 2 20 
0.5880837891081675 1 21 3 12 
0.1755748123440475 1 21 6 13 
0.2250226296680809 1 21 6 20 
0.1789419808659589 1 21 7 12 
-0.0169419523965004 1 21 8 14 
0.0197882833262523 1 21 8 18 
0.3239146468636258 1 21 8 21 
-1.5273777958287367 1 21 9 13 
0.0457731896074767 1 21 9 20 
0.2680681811361496 1 21 10 12 
-0.5880837891081675 1 21 12 3 
-0.1789419808659589 1 21 12 7 
-0.2680681811361496 1 21 12 10 
-0.1868974442137420 1 21 13 2 
-0.1755748123440475 1 21 13 6 
1.5273777958287367 1 21 13 9 
0.4307195503819253 1 21 14 1 
0.0169419523965004 1 21 14 8 
0.0428809852989391 1 21 15 0 
0.0258285017654546 1 21 18 1 
-0.0197882833262523 1 21 18 8 
-0.2794232189505844 1 21 19 0 
0.6908490765015284 1 21 20 2 
-0.2250226296680809 1 21 20 6 
-0.0457731896074767 1 21 20 9 
2.2159319302300413 1 21 21 1 
-0.3239146468636258 1 21 21 8 
-0.1450759082872537 1 21 22 0 
-0.0967762888984181 1 22 0 16 
0.5154638301267874 1 22 0 23 
0.4972803749603841 1 22 1 15 
0.0614357696029788 1 22 1 19 
-1.5744548771131521 1 22 1 22 
-1.0981032142873999 1 22 2 14 
0.2019009011513932 1 22 2 18 
-0.3389001982831610 1 22 2 21 
1.0044046553548283 1 22 3 13 
-0.9730450732442246 1 22 3 20 
0.2588981318386350 1 22 4 12 
0.4349504787852131 1 22 6 14 
-0.7015285975425725 1 22 6 18 
0.1559108628856662 1 22 6 21 
0.2794874804167718 1 22 7 13 
-0.3825568508039190 1 22 7 20 
-0.4553319126083512 1 22 8 15 
-0.3375318337051730 1 22 8 19 
0.1875006461353084 1 22 8 22 
0.3207885131455403 1 22 9 14 
0.1891617096971435 1 22 9 18 
0.4903844433157185 1 22 9 21 
-1.6813319239600812 1 22 10 13 
0.2570360104493457 1 22 10 20 
0.6898492131894587 1 22 11 12 
-0.2588981318386350 1 22 12 4 
-0.6898492131894587 1 22 12 11 
-1.0044046553548283 1 22 13 3 
-0.2794874804167718 1 22 13 7 
1.6813319239600812 1 22 13 10 
1.0981032142873999 1 22 14 2 
-0.4349504787852131 1 22 14 6 
-0.3207885131455403 1 22 14 9 
-0.4972803749603841 1 22 15 1 
0.4553319126083512 1 22 15 8 
0.0967762888984181 1 22 16 0 
-0.2019009011513932 1 22 18 2 
0.7015285975425725 1 22 18 6 
-0.1891617096971435 1 22 18 9 
-0.0614357696029788 1 22 19 1 
0.3375318337051730 1 22 19 8 
0.9730450732442246 1 22 20 3 
0.3825568508039190 1 22 20 7 
-0.2570360104493457 1 22 20 10 
0.3389001982831610 1 22 21 2 
-0.1559108628856662 1 22 21 6 
-0.4903844433157185 1 22 21 9 
1.5744548771131521 1 22 22 1 
-0.1875006461353084 1 22 22 8 
-0.5154638301267874 1 22 23 0 
0.7997245486230264 1 23 0 17 
-0.0749625910422659 1 23 1 16 
-1.5711225256007257 1 23 1 23 
-0.1671960768103334 1 23 2 15 
-0.0778032563686964 1 23 2 19 
0.4054692984464331 1 23 2 22 
-0.0737435190815130 1 23 3 14 
0.3206294064426384 1 23 3 18 
-0.6714324891777179 1 23 3 21 
0.2005416305950493 1 23 4 13 
-0.4925312873101582 1 23 4 20 
0.9817762125315213 1 23 5 12 
0.3817995218840575 1 23 6 15 
0.4050277246354249 1 23 6 19 
-0.4050529869813333 1 23 6 22 
0.2442902988536551 1 23 7 14 
0.4050277246354249 1 23 7 18 
0.0675190424792119 1 23 7 21 
-0.0172476497041354 1 23 8 16 
0.0431164617077196 1 23 8 23 
-0.4447699273490021 1 23 9 15 
0.2085309863649051 1 23 9 19 
0.2162449539404549 1 23 9 22 
0.5831259409084016 1 23 10 14 
-0.2382134113542835 1 23 10 18 
0.4248510468825667 1 23 10 21 
-1.7429810932716732 1 23 11 13 
0.2517225546498314 1 23 11 20 
-0.9817762125315213 1 23 12 5 
-0.2005416305950493 1 23 13 4 
1.7429810932716732 1 23 13 11 
0.0737435190815130 1 23 14 3 
-0.2442902988536551 1 23 14 7 
-0.5831259409084016 1 23 14 10 
0.1671960768103334 1 23 15 2 
-0.3817995218840575 1 23 15 6 
0.4447699273490021 1 23 15 9 
0.0749625910422659 1 23 16 1 
0.0172476497041354 1 23 16 8 
-0.7997245486230264 1 23 17 0 
-0.3206294064426384 1 23 18 3 
-0.4050277246354249 1 23 18 7 
0.2382134113542835 1 23 18 10 
0.0778032563686964 1 23 19 2 
-0.4050277246354249 1 23 19 6 
-0.2085309863649051 1 23 19 9 
0.4925312873101582 1 23 20 4 
-0.2517225546498314 1 23 20 11 
0.6714324891777179 1 23 21 3 
-0.0675190424792119 1 23 21 7 
-0.4248510468825667 1 23 21 10 
-0.4054692984464331 1 23 22 2 
0.4050529869813333 1 23 22 6 
-0.2162449539404549 1 23 22 9 
1.5711225256007257 1 23 23 1 
-0.0431164617077196 1 23 23 8 
0.1852892561398869 2 0 0 2 
0.7320725353924665 2 0 0 9 
0.9451015792636208 2 0 1 8 
-0.1852892561398869 2 0 2 0 
-0.9451015792636208 2 0 8 1 
-0.7320725353924665 2 0 9 0 
-0.3406269947616223 2 1 0 3 
-0.6107063791937254 2 1 0 7 
0.1279651848115716 2 1 0 10 
0.6422883252949583 2 1 1 2 
0.2731161956339865 2 1 1 6 
0.6176169945956672 2 1 1 9 
-0.6422883252949583 2 1 2 1 
0.3689567793661355 2 1 2 8 
0.3406269947616223 2 1 3 0 
-0.2731161956339865 2 1 6 1 
-0.6366118391422571 2 1 6 8 
0.6107063791937254 2 1 7 0 
-0.3689567793661355 2 1 8 2 
0.6366118391422571 2 1 8 6 
-0.8750720148462312 2 1 8 9 
-0.6176169945956672 2 1 9 1 
0.8750720148462312 2 1 9 8 
-0.1279651848115716 2 1 10 0 
-0.3638618886884294 2 3 0 5 
0.7700832834929371 2 3 1 4 
-0.0934525577288204 2 3 1 11 
-1.1584832370350777 2 3 2 3 
0.3641549275119821 2 3 2 7 
-0.4498965099960446 2 3 2 10 
1.1584832370350777 2 3 3 2 
-0.3641549275119821 2 3 3 6 
-0.4498965099960446 2 3 3 9 
-0.7700832834929371 2 3 4 1 
-0.0934525577288204 2 3 4 8 
0.3638618886884294 2 3 5 0 
0.3641549275119821 2 3 6 3 
-0.8066950523947048 2 3 6 7 
0.3465275933585096 2 3 6 10 
-0.3641549275119821 2 3 7 2 
0.8066950523947048 2 3 7 6 
0.3465275933585096 2 3 7 9 
0.0934525577288204 2 3 8 4 
-0.6579658521016079 2 3 8 11 
0.4498965099960446 2 3 9 3 
-0.3465275933585096 2 3 9 7 
1.6106235963515865 2 3 9 10 
0.4498965099960446 2 3 10 2 
-0.3465275933585096 2 3 10 6 
-1.6106235963515865 2 3 10 9 
0.0934525577288204 2 3 11 1 
0.6579658521016079 2 3 11 8 
0.3211462104681836 2 4 1 5 
-0.3883999535421407 2 4 2 4 
-0.3689567793661356 2 4 2 11 
0.2574964186462183 2 4 3 7 
-0.7953121826259112 2 4 3 10 
0.3883999535421407 2 4 4 2 
-0.3641549275119820 2 4 4 6 
-0.5071242803944442 2 4 4 9 
-0.3211462104681836 2 4 5 1 
-0.0738807338978611 2 4 5 8 
0.3641549275119820 2 4 6 4 
0.2122039463807523 2 4 6 11 
-0.2574964186462183 2 4 7 3 
0.3675480166980848 2 4 7 10 
0.0738807338978611 2 4 8 5 
0.5071242803944442 2 4 9 4 
0.5833813432308207 2 4 9 11 
0.7953121826259112 2 4 10 3 
-0.3675480166980848 2 4 10 7 
0.3689567793661356 2 4 11 2 
-0.2122039463807523 2 4 11 6 
-0.5833813432308207 2 4 11 9 
-0.4391776278927043 2 5 2 5 
0.3406269947616223 2 5 3 4 
-0.6160461676692053 2 5 3 11 
-0.3406269947616223 2 5 4 3 
-0.2035687930645751 2 5 4 7 
-0.6309647744071063 2 5 4 10 
0.4391776278927043 2 5 5 2 
0.4551936593899776 2 5 5 6 
-0.3926687395976451 2 5 5 9 
-0.4551936593899776 2 5 6 5 
0.2035687930645751 2 5 7 4 
-0.4745024492010828 2 5 7 11 
0.3926687395976451 2 5 9 5 
0.6309647744071063 2 5 10 4 
-0.6522401701346260 2 5 10 11 
0.6160461676692053 2 5 11 3 
0.4745024492010828 2 5 11 7 
0.6522401701346260 2 5 11 10 
0.4071375861291502 2 6 0 4 
-0.0455935121061742 2 6 0 11 
-0.2574964186462183 2 6 1 3 
0.6858512573471222 2 6 1 7 
-0.2330495776338199 2 6 1 10 
0.1276755515563551 2 6 2 6 
-0.0366123774119671 2 6 2 9 
0.2574964186462183 2 6 3 1 
0.3632587073286083 2 6 3 8 
-0.4071375861291502 2 6 4 0 
-0.1276755515563551 2 6 6 2 
0.7223057010131744 2 6 6 9 
-0.6858512573471222 2 6 7 1 
0.4170233909171576 2 6 7 8 
-0.3632587073286083 2 6 8 3 
-0.4170233909171576 2 6 8 7 
0.1640586720451480 2 6 8 10 
0.0366123774119671 2 6 9 2 
-0.7223057010131744 2 6 9 6 
0.2330495776338199 2 6 10 1 
-0.1640586720451480 2 6 10 8 
0.0455935121061742 2 6 11 0 
-0.4551936593899776 2 7 0 5 
-0.0910387318779955 2 7 1 4 
-0.3220935552223515 2 7 1 11 
0.3641549275119821 2 7 2 3 
-0.1148094859213800 2 7 2 7 
-0.1032059642291312 2 7 2 10 
-0.3641549275119822 2 7 3 2 
0.7274551124332052 2 7 3 6 
0.2097275124616475 2 7 3 9 
0.0910387318779955 2 7 4 1 
0.0611701154414191 2 7 4 8 
0.4551936593899776 2 7 5 0 
-0.7274551124332052 2 7 6 3 
-0.7223057010131746 2 7 6 10 
0.1148094859213800 2 7 7 2 
-0.7223057010131746 2 7 7 9 
-0.0611701154414191 2 7 8 4 
-0.1420789777022381 2 7 8 11 
-0.2097275124616475 2 7 9 3 
0.7223057010131746 2 7 9 7 
-0.1420789777022381 2 7 9 10 
0.1032059642291312 2 7 10 2 
0.7223057010131746 2 7 10 6 
0.1420789777022381 2 7 10 9 
0.3220935552223515 2 7 11 1 
0.1420789777022381 2 7 11 8 
-0.6160461676692053 2 8 0 3 
0.0455935121061742 2 8 0 7 
-0.6028169146176346 2 8 0 10 
-0.3689567793661355 2 8 1 2 
0.3628736321832975 2 8 1 6 
-0.6739071241050278 2 8 1 9 
0.3689567793661355 2 8 2 1 
-0.1382600974317309 2 8 2 8 
0.6160461676692053 2 8 3 0 
-0.3628736321832975 2 8 6 1 
-0.1256798565577799 2 8 6 8 
-0.0455935121061742 2 8 7 0 
0.1382600974317309 2 8 8 2 
0.1256798565577799 2 8 8 6 
-0.1703261616479257 2 8 8 9 
0.6739071241050278 2 8 9 1 
0.1703261616479257 2 8 9 8 
0.6028169146176346 2 8 10 0 
-0.3794649796093389 2 9 0 4 
0.0479920092071885 2 9 0 11 
-0.7953121826259112 2 9 1 3 
0.1624164124008923 2 9 1 7 
-0.6596887114287011 2 9 1 10 
-0.0366123774119671 2 9 2 6 
-0.6347659200987984 2 9 2 9 
0.7953121826259112 2 9 3 1 
-0.3487079594217378 2 9 3 8 
0.3794649796093389 2 9 4 0 
0.0366123774119671 2 9 6 2 
0.1491917558183705 2 9 6 9 
-0.1624164124008923 2 9 7 1 
0.1043987939289113 2 9 7 8 
0.3487079594217378 2 9 8 3 
-0.1043987939289113 2 9 8 7 
0.2458446381936641 2 9 8 10 
0.6347659200987984 2 9 9 2 
-0.1491917558183705 2 9 9 6 
0.6596887114287011 2 9 10 1 
-0.2458446381936641 2 9 10 8 
-0.0479920092071885 2 9 11 0 
-0.1697018978974107 2 10 0 5 
-0.6195984078934554 2 10 1 4 
-0.1776566424619686 2 10 1 11 
-0.4498965099960446 2 10 2 3 
-0.1032059642291312 2 10 2 7 
-0.2508012836145480 2 10 2 10 
0.4498965099960446 2 10 3 2 
-0.2097275124616475 2 10 3 6 
-0.8779369060874337 2 10 3 9 
0.6195984078934554 2 10 4 1 
-0.2266625618287158 2 10 4 8 
0.1697018978974107 2 10 5 0 
0.2097275124616475 2 10 6 3 
0.0786560580365985 2 10 6 10 
0.1032059642291312 2 10 7 2 
0.0470237985211814 2 10 7 9 
0.2266625618287158 2 10 8 4 
0.0851630808239628 2 10 8 11 
0.8779369060874337 2 10 9 3 
-0.0470237985211814 2 10 9 7 
0.0851630808239628 2 10 9 10 
0.2508012836145480 2 10 10 2 
-0.0786560580365985 2 10 10 6 
-0.0851630808239628 2 10 10 9 
0.1776566424619686 2 10 11 1 
-0.0851630808239628 2 10 11 8 
-0.3617296887850188 2 11 1 5 
-0.3689567793661356 2 11 2 4 
0.0630665368089746 2 11 2 11 
-0.3632587073286083 2 11 3 7 
-0.3487079594217378 2 11 3 10 
0.3689567793661356 2 11 4 2 
-0.0611701154414191 2 11 4 6 
-0.5177131606358732 2 11 4 9 
0.3617296887850188 2 11 5 1 
-0.3757447073612723 2 11 5 8 
0.0611701154414191 2 11 6 4 
-0.1021679572971892 2 11 6 11 
0.3632587073286083 2 11 7 3 
-0.1586971993979569 2 11 7 10 
0.3757447073612723 2 11 8 5 
0.5177131606358732 2 11 9 4 
-0.2554892424718886 2 11 9 11 
0.3487079594217378 2 11 10 3 
0.1586971993979569 2 11 10 7 
-0.0630665368089746 2 11 11 2 
0.1021679572971892 2 11 11 6 
0.2554892424718886 2 11 11 9 
-1.1813993616733984 2 12 0 14 
-0.4060757050033961 2 12 0 18 
0.9755915331166914 2 12 0 21 
-0.8355591292153783 2 12 1 13 
0.0003913113185152 2 12 1 20 
-1.3666886178132853 2 12 2 12 
-0.4060757050033961 2 12 6 12 
-0.9447102679451057 2 12 8 13 
0.5565779120871285 2 12 8 20 
0.2435189977242247 2 12 9 12 
1.3666886178132853 2 12 12 2 
0.4060757050033961 2 12 12 6 
-0.2435189977242247 2 12 12 9 
0.8355591292153783 2 12 13 1 
0.9447102679451057 2 12 13 8 
1.1813993616733984 2 12 14 0 
0.4060757050033961 2 12 18 0 
-0.0003913113185152 2 12 20 1 
-0.5565779120871285 2 12 20 8 
-0.9755915331166914 2 12 21 0 
-0.6134356421437018 2 13 0 15 
-0.2145519015569882 2 13 0 19 
-0.2086188094988284 2 13 0 22 
-1.4152970715076814 2 13 1 14 
0.3395959503186913 2 13 1 18 
0.1868974442137420 2 13 1 21 
-2.0575853968026396 2 13 2 13 
0.4830982637444456 2 13 2 20 
-0.2728086473820794 2 13 3 12 
0.0664797546847047 2 13 6 13 
-0.3183059195711286 2 13 6 20 
0.3961544776367372 2 13 7 12 
0.1141414843783102 2 13 8 14 
0.3183059195711286 2 13 8 18 
-0.6530977058611501 2 13 8 21 
-0.4307195503819253 2 13 9 13 
0.2219743089850812 2 13 9 20 
-0.3365839943104000 2 13 10 12 
0.2728086473820794 2 13 12 3 
-0.3961544776367372 2 13 12 7 
0.3365839943104000 2 13 12 10 
2.0575853968026396 2 13 13 2 
-0.0664797546847047 2 13 13 6 
0.4307195503819253 2 13 13 9 
1.4152970715076814 2 13 14 1 
-0.1141414843783102 2 13 14 8 
0.6134356421437018 2 13 15 0 
-0.3395959503186913 2 13 18 1 
-0.3183059195711286 2 13 18 8 
0.2145519015569882 2 13 19 0 
-0.4830982637444456 2 13 20 2 
0.3183059195711286 2 13 20 6 
-0.2219743089850812 2 13 20 9 
-0.1868974442137420 2 13 21 1 
0.6530977058611501 2 13 21 8 
0.2086188094988284 2 13 22 0 
-0.2042083674258881 2 14 0 16 
0.5273327033390883 2 14 0 23 
-0.8627147839555334 2 14 1 15 
0.2297111077464075 2 14 1 19 
-1.0981032142873999 2 14 1 22 
-2.5578352573630538 2 14 2 14 
0.3248605640027167 2 14 2 18 
0.5326541230971820 2 14 2 21 
-0.8627147839555334 2 14 3 13 
0.2555550331672065 2 14 3 20 
-0.2042083674258881 2 14 4 12 
0.3248605640027167 2 14 6 14 
-0.2426852766568917 2 14 6 18 
-0.0043671779669308 2 14 6 21 
0.2297111077464075 2 14 7 13 
0.0075641741244195 2 14 7 20 
0.2555550331672065 2 14 8 15 
0.0075641741244195 2 14 8 19 
0.1701896066344306 2 14 8 22 
0.5326541230971820 2 14 9 14 
-0.0043671779669308 2 14 9 18 
-0.9005395894218445 2 14 9 21 
-1.0981032142873999 2 14 10 13 
0.1701896066344306 2 14 10 20 
0.5273327033390883 2 14 11 12 
0.2042083674258881 2 14 12 4 
-0.5273327033390883 2 14 12 11 
0.8627147839555334 2 14 13 3 
-0.2297111077464075 2 14 13 7 
1.0981032142873999 2 14 13 10 
2.5578352573630538 2 14 14 2 
-0.3248605640027167 2 14 14 6 
-0.5326541230971820 2 14 14 9 
0.8627147839555334 2 14 15 1 
-0.2555550331672065 2 14 15 8 
0.2042083674258881 2 14 16 0 
-0.3248605640027167 2 14 18 2 
0.2426852766568917 2 14 18 6 
0.0043671779669308 2 14 18 9 
-0.2297111077464075 2 14 19 1 
-0.0075641741244195 2 14 19 8 
-0.2555550331672065 2 14 20 3 
-0.0075641741244195 2 14 20 7 
-0.1701896066344306 2 14 20 10 
-0.5326541230971820 2 14 21 2 
0.0043671779669308 2 14 21 6 
0.9005395894218445 2 14 21 9 
1.0981032142873999 2 14 22 1 
-0.1701896066344306 2 14 22 8 
-0.5273327033390883 2 14 23 0 
-0.2580349095339713 2 15 0 17 
-0.0977499727531843 2 15 1 16 
-0.1671960768103334 2 15 1 23 
-2.2648468965089625 2 15 2 15 
0.3445077457573495 2 15 2 19 
-0.5650477001425385 2 15 2 22 
-1.1063636594738842 2 15 3 14 
-0.0196471817546327 2 15 3 18 
0.1151511901464938 2 15 3 21 
-0.8678332562461216 2 15 4 13 
0.0737435190815130 2 15 4 20 
0.1058269791544582 2 15 5 12 
0.3445077457573495 2 15 6 15 
-0.4437950723068345 2 15 6 19 
0.1718080706902779 2 15 6 22 
-0.0196471817546327 2 15 7 14 
0.3628999800878705 2 15 7 18 
0.1747195226682318 2 15 7 21 
0.1671960768103334 2 15 8 16 
-0.2798534184489717 2 15 8 23 
0.5650477001425385 2 15 9 15 
-0.1718080706902779 2 15 9 19 
0.5542614426370110 2 15 9 22 
-0.1151511901464938 2 15 10 14 
-0.1747195226682318 2 15 10 18 
-1.0563621537145760 2 15 10 21 
-0.0737435190815130 2 15 11 13 
0.3781124336526365 2 15 11 20 
-0.1058269791544582 2 15 12 5 
0.8678332562461216 2 15 13 4 
0.0737435190815130 2 15 13 11 
1.1063636594738842 2 15 14 3 
0.0196471817546327 2 15 14 7 
0.1151511901464938 2 15 14 10 
2.2648468965089625 2 15 15 2 
-0.3445077457573495 2 15 15 6 
-0.5650477001425385 2 15 15 9 
0.0977499727531843 2 15 16 1 
-0.1671960768103334 2 15 16 8 
0.2580349095339713 2 15 17 0 
0.0196471817546327 2 15 18 3 
-0.3628999800878705 2 15 18 7 
0.1747195226682318 2 15 18 10 
-0.3445077457573495 2 15 19 2 
0.4437950723068345 2 15 19 6 
0.1718080706902779 2 15 19 9 
-0.0737435190815130 2 15 20 4 
-0.3781124336526365 2 15 20 11 
-0.1151511901464938 2 15 21 3 
-0.1747195226682318 2 15 21 7 
1.0563621537145760 2 15 21 10 
0.5650477001425385 2 15 22 2 
-0.1718080706902779 2 15 22 6 
-0.5542614426370110 2 15 22 9 
0.1671960768103334 2 15 23 1 
0.2798534184489717 2 15 23 8 
-0.0646769641977580 2 16 1 17 
-1.4475496583148793 2 16 2 16 
-0.2421586678525993 2 16 2 23 
-0.8627147839555331 2 16 3 15 
0.0138926554499054 2 16 3 19 
0.0470656104207964 2 16 3 22 
-1.0591497047727385 2 16 4 14 
-0.2632926047566703 2 16 4 18 
-1.0044046553548283 2 16 4 21 
-0.3858231746659416 2 16 5 13 
0.6176201664521721 2 16 5 20 
0.1008623227553118 2 16 6 16 
0.1132335449469799 2 16 6 23 
-0.2436037631963129 2 16 7 15 
0.2288058730909619 2 16 7 19 
0.1796565934756221 2 16 7 22 
0.6915009003500333 2 16 8 17 
-0.4972803749603841 2 16 9 16 
-0.0124734272615150 2 16 9 23 
0.8423777930467079 2 16 10 15 
-0.1878914232224627 2 16 10 19 
0.6001276579691698 2 16 10 22 
0.1267981115135362 2 16 11 14 
-0.0989704014337724 2 16 11 18 
-0.5958547704923356 2 16 11 21 
0.3858231746659416 2 16 13 5 
1.0591497047727385 2 16 14 4 
-0.1267981115135362 2 16 14 11 
0.8627147839555331 2 16 15 3 
0.2436037631963129 2 16 15 7 
-0.8423777930467079 2 16 15 10 
1.4475496583148793 2 16 16 2 
-0.1008623227553118 2 16 16 6 
0.4972803749603841 2 16 16 9 
0.0646769641977580 2 16 17 1 
-0.6915009003500333 2 16 17 8 
0.2632926047566703 2 16 18 4 
0.0989704014337724 2 16 18 11 
-0.0138926554499054 2 16 19 3 
-0.2288058730909619 2 16 19 7 
0.1878914232224627 2 16 19 10 
-0.6176201664521721 2 16 20 5 
1.0044046553548283 2 16 21 4 
0.5958547704923356 2 16 21 11 
-0.0470656104207964 2 16 22 3 
-0.1796565934756221 2 16 22 7 
-0.6001276579691698 2 16 22 10 
0.2421586678525993 2 16 23 2 
-0.1132335449469799 2 16 23 6 
0.0124734272615150 2 16 23 9 
-1.1633490576812522 2 17 2 17 
-0.2728086473820793 2 17 3 16 
0.3597112539990646 2 17 3 23 
-0.6134356421437017 2 17 4 15 
-0.5557908367316601 2 17 4 19 
-0.5880837891081674 2 17 4 22 
-0.7241714297885479 2 17 5 14 
0.0245589771932908 2 17 5 18 
-0.8058896352192806 2 17 5 21 
-0.4306346821966869 2 17 6 17 
-0.3522220436670849 2 17 7 16 
-0.2372512246005414 2 17 7 23 
-0.4132208956216356 2 17 9 17 
0.0428809852989389 2 17 10 16 
0.1558905259854422 2 17 10 23 
0.9757574216682700 2 17 11 15 
0.2372512246005414 2 17 11 19 
0.8081306961200683 2 17 11 22 
0.7241714297885479 2 17 14 5 
0.6134356421437017 2 17 15 4 
-0.9757574216682700 2 17 15 11 
0.2728086473820793 2 17 16 3 
0.3522220436670849 2 17 16 7 
-0.0428809852989389 2 17 16 10 
1.1633490576812522 2 17 17 2 
0.4306346821966869 2 17 17 6 
0.4132208956216356 2 17 17 9 
-0.0245589771932908 2 17 18 5 
0.5557908367316601 2 17 19 4 
-0.2372512246005414 2 17 19 11 
0.8058896352192806 2 17 21 5 
0.5880837891081674 2 17 22 4 
-0.8081306961200683 2 17 22 11 
-0.3597112539990646 2 17 23 3 
0.2372512246005414 2 17 23 7 
-0.1558905259854422 2 17 23 10 
-0.1596363590949228 2 18 0 16 
0.2389830494637161 2 18 0 23 
-0.2436037631963129 2 18 1 15 
-0.4733116688260038 2 18 1 19 
0.2019009011513932 2 18 1 22 
0.3248605640027167 2 18 2 14 
-1.2317242858411379 2 18 2 18 
-0.1685939980972796 2 18 2 21 
0.0138926554499054 2 18 3 13 
-0.0308367985066526 2 18 3 20 
-0.5667739452240730 2 18 4 12 
-1.3593998373974931 2 18 6 14 
0.9233342451021118 2 18 6 21 
-1.1591629261731262 2 18 7 13 
0.5330872749617042 2 18 7 20 
-0.3940955058352610 2 18 8 15 
0.1160638840445465 2 18 8 19 
0.1044123968492727 2 18 8 22 
-0.1319816206853124 2 18 9 14 
0.2010285440889373 2 18 9 18 
0.0387685985807467 2 18 9 21 
0.4349504787852131 2 18 10 13 
-0.0596462751958754 2 18 10 20 
0.2845765615698903 2 18 11 12 
0.5667739452240730 2 18 12 4 
-0.2845765615698903 2 18 12 11 
-0.0138926554499054 2 18 13 3 
1.1591629261731262 2 18 13 7 
-0.4349504787852131 2 18 13 10 
-0.3248605640027167 2 18 14 2 
1.3593998373974931 2 18 14 6 
0.1319816206853124 2 18 14 9 
0.2436037631963129 2 18 15 1 
0.3940955058352610 2 18 15 8 
0.1596363590949228 2 18 16 0 
1.2317242858411379 2 18 18 2 
-0.2010285440889373 2 18 18 9 
0.4733116688260038 2 18 19 1 
-0.1160638840445465 2 18 19 8 
0.0308367985066526 2 18 20 3 
-0.5330872749617042 2 18 20 7 
0.0596462751958754 2 18 20 10 
0.1685939980972796 2 18 21 2 
-0.9233342451021118 2 18 21 6 
-0.0387685985807467 2 18 21 9 
-0.2019009011513932 2 18 22 1 
-0.1044123968492727 2 18 22 8 
-0.2389830494637161 2 18 23 0 
-0.4306346821966868 2 19 0 17 
-0.3297723594413749 2 19 1 16 
-0.0778032563686964 2 19 1 23 
0.3445077457573495 2 19 2 15 
-1.0643833405203438 2 19 2 19 
0.1804630873764543 2 19 2 22 
-0.0196471817546327 2 19 3 14 
-0.5020228359623832 2 19 3 18 
-0.0178036339187621 2 19 3 21 
-0.2387336275633793 2 19 4 13 
-0.3206294064426384 2 19 4 20 
0.0245589771932909 2 19 5 12 
-1.2294779483955882 2 19 6 15 
-0.9233342451021119 2 19 6 22 
-0.9495738545989637 2 19 7 14 
-0.9233342451021119 2 19 7 21 
-0.3817995218840575 2 19 8 16 
-0.0613473392059324 2 19 8 23 
-0.2275311463804097 2 19 9 15 
-0.2010285440889373 2 19 9 19 
-0.0419630399155591 2 19 9 22 
0.2836690516055855 2 19 10 14 
-0.2010285440889373 2 19 10 18 
0.1001159377866791 2 19 10 21 
0.2442902988536551 2 19 11 13 
0.0807316384963057 2 19 11 20 
-0.0245589771932909 2 19 12 5 
0.2387336275633793 2 19 13 4 
-0.2442902988536551 2 19 13 11 
0.0196471817546327 2 19 14 3 
0.9495738545989637 2 19 14 7 
-0.2836690516055855 2 19 14 10 
-0.3445077457573495 2 19 15 2 
1.2294779483955882 2 19 15 6 
0.2275311463804097 2 19 15 9 
0.3297723594413749 2 19 16 1 
0.3817995218840575 2 19 16 8 
0.4306346821966868 2 19 17 0 
0.5020228359623832 2 19 18 3 
0.2010285440889373 2 19 18 10 
1.0643833405203438 2 19 19 2 
0.2010285440889373 2 19 19 9 
0.3206294064426384 2 19 20 4 
-0.0807316384963057 2 19 20 11 
0.0178036339187621 2 19 21 3 
0.9233342451021119 2 19 21 7 
-0.1001159377866791 2 19 21 10 
-0.1804630873764543 2 19 22 2 
0.9233342451021119 2 19 22 6 
0.0419630399155591 2 19 22 9 
0.0778032563686964 2 19 23 1 
0.0613473392059324 2 19 23 8 
-0.9757574216682700 2 20 0 15 
-0.2389830494637161 2 20 0 19 
-0.9500737232624755 2 20 0 22 
0.1141414843783102 2 20 1 14 
-0.1359496812597291 2 20 1 18 
-0.6908490765015284 2 20 1 21 
0.4830982637444456 2 20 2 13 
-1.3486372476904103 2 20 2 20 
-0.3597112539990645 2 20 3 12 
-0.4988233134430267 2 20 6 13 
-0.1377976558165154 2 20 6 20 
-0.2845765615698904 2 20 7 12 
-1.2103771502586795 2 20 8 14 
-0.0121177992587356 2 20 8 18 
-0.5379363625577981 2 20 8 21 
-0.0169419523965004 2 20 9 13 
-0.3676102009098723 2 20 9 20 
-0.3472568086448409 2 20 10 12 
0.3597112539990645 2 20 12 3 
0.2845765615698904 2 20 12 7 
0.3472568086448409 2 20 12 10 
-0.4830982637444456 2 20 13 2 
0.4988233134430267 2 20 13 6 
0.0169419523965004 2 20 13 9 
-0.1141414843783102 2 20 14 1 
1.2103771502586795 2 20 14 8 
0.9757574216682700 2 20 15 0 
0.1359496812597291 2 20 18 1 
0.0121177992587356 2 20 18 8 
0.2389830494637161 2 20 19 0 
1.3486372476904103 2 20 20 2 
0.1377976558165154 2 20 20 6 
0.3676102009098723 2 20 20 9 
0.6908490765015284 2 20 21 1 
0.5379363625577981 2 20 21 8 
0.9500737232624755 2 20 22 0 
0.0255501848392007 2 21 0 16 
-0.2756474824203968 2 21 0 23 
-0.8423777930467079 2 21 1 15 
0.1683300470881411 2 21 1 19 
-0.3389001982831610 2 21 1 22 
0.5326541230971820 2 21 2 14 
-0.1685939980972796 2 21 2 18 
-2.3993502335539842 2 21 2 21 
-0.0470656104207964 2 21 3 13 
-0.0447093304648900 2 21 3 20 
0.4050151644485397 2 21 4 12 
-0.1319816206853124 2 21 6 14 
0.4960556285186413 2 21 6 18 
0.0275520274094149 2 21 6 21 
0.0059136346872488 2 21 7 13 
0.3500660570721861 2 21 7 20 
0.3039986289568479 2 21 8 15 
0.2456672631432748 2 21 8 19 
0.0964592649637798 2 21 8 22 
-1.7645843134551855 2 21 9 14 
-0.1216397284089557 2 21 9 18 
-0.1203675243900171 2 21 9 21 
0.3207885131455403 2 21 10 13 
-0.1493853732298843 2 21 10 20 
-0.3236394916275853 2 21 11 12 
-0.4050151644485397 2 21 12 4 
0.3236394916275853 2 21 12 11 
0.0470656104207964 2 21 13 3 
-0.0059136346872488 2 21 13 7 
-0.3207885131455403 2 21 13 10 
-0.5326541230971820 2 21 14 2 
0.1319816206853124 2 21 14 6 
1.7645843134551855 2 21 14 9 
0.8423777930467079 2 21 15 1 
-0.3039986289568479 2 21 15 8 
-0.0255501848392007 2 21 16 0 
0.1685939980972796 2 21 18 2 
-0.4960556285186413 2 21 18 6 
0.1216397284089557 2 21 18 9 
-0.1683300470881411 2 21 19 1 
-0.2456672631432748 2 21 19 8 
0.0447093304648900 2 21 20 3 
-0.3500660570721861 2 21 20 7 
0.1493853732298843 2 21 20 10 
2.3993502335539842 2 21 21 2 
-0.0275520274094149 2 21 21 6 
0.1203675243900171 2 21 21 9 
0.3389001982831610 2 21 22 1 
-0.0964592649637798 2 21 22 8 
0.2756474824203968 2 21 23 0 
-0.5662376438303697 2 22 0 17 
0.4666770253186375 2 22 1 16 
0.4054692984464331 2 22 1 23 
-0.5650477001425384 2 22 2 15 
0.1804630873764543 2 22 2 19 
-2.0623917273541479 2 22 2 22 
-0.1151511901464937 2 22 3 14 
0.0178036339187621 2 22 3 18 
-0.5441571752685420 2 22 3 21 
1.0862754332120930 2 22 4 13 
-0.6714324891777179 2 22 4 20 
-0.3965357459329589 2 22 5 12 
0.2275311463804097 2 22 6 15 
-0.4960556285186414 2 22 6 19 
0.3582889126307167 2 22 6 22 
0.2836690516055855 2 22 7 14 
-0.4960556285186414 2 22 7 18 
-0.2204912568142013 2 22 7 21 
-0.4447699273490021 2 22 8 16 
0.0884168946938734 2 22 8 23 
0.3337797308188916 2 22 9 15 
-0.2675150553353826 2 22 9 19 
0.3291519434739076 2 22 9 22 
-1.8115904437396000 2 22 10 14 
0.2796328545941182 2 22 10 18 
0.2439888626499448 2 22 10 21 
0.5831259409084016 2 22 11 13 
0.0032538138699106 2 22 11 20 
0.3965357459329589 2 22 12 5 
-1.0862754332120930 2 22 13 4 
-0.5831259409084016 2 22 13 11 
0.1151511901464937 2 22 14 3 
-0.2836690516055855 2 22 14 7 
1.8115904437396000 2 22 14 10 
0.5650477001425384 2 22 15 2 
-0.2275311463804097 2 22 15 6 
-0.3337797308188916 2 22 15 9 
-0.4666770253186375 2 22 16 1 
0.4447699273490021 2 22 16 8 
0.5662376438303697 2 22 17 0 
-0.0178036339187621 2 22 18 3 
0.4960556285186414 2 22 18 7 
-0.2796328545941182 2 22 18 10 
-0.1804630873764543 2 22 19 2 
0.4960556285186414 2 22 19 6 
0.2675150553353826 2 22 19 9 
0.6714324891777179 2 22 20 4 
-0.0032538138699106 2 22 20 11 
0.5441571752685420 2 22 21 3 
0.2204912568142013 2 22 21 7 
-0.2439888626499448 2 22 21 10 
2.0623917273541479 2 22 22 2 
-0.3582889126307167 2 22 22 6 
-0.3291519434739076 2 22 22 9 
-0.4054692984464331 2 22 23 1 
-0.0884168946938734 2 22 23 8 
0.5729746368493853 2 23 1 17 
-0.2421586678525993 2 23 2 16 
-1.3228243037112184 2 23 2 23 
-0.2555550331672065 2 23 3 15 
0.0308367985066526 2 23 3 19 
-0.0447093304648900 2 23 3 22 
0.1267981115135362 2 23 4 14 
0.3206294064426383 2 23 4 18 
-0.9730450732442246 2 23 4 21 
0.9347043256344042 2 23 5 13 
-0.3893801716987215 2 23 5 20 
0.3817995218840574 2 23 6 16 
-0.2480432842236160 2 23 6 23 
0.3940955058352610 2 23 7 15 
0.2863978506582666 2 23 7 19 
-0.0954646841209102 2 23 7 22 
-0.0136354643374492 2 23 8 17 
-0.4553319126083512 2 23 9 16 
0.1588257818259819 2 23 9 23 
0.3039986289568479 2 23 10 15 
0.0632325152770467 2 23 10 19 
0.4533233295735349 2 23 10 22 
-1.3858908405201931 2 23 11 14 
-0.1458753269264268 2 23 11 18 
0.4143150242978705 2 23 11 21 
-0.9347043256344042 2 23 13 5 
-0.1267981115135362 2 23 14 4 
1.3858908405201931 2 23 14 11 
0.2555550331672065 2 23 15 3 
-0.3940955058352610 2 23 15 7 
-0.3039986289568479 2 23 15 10 
0.2421586678525993 2 23 16 2 
-0.3817995218840574 2 23 16 6 
0.4553319126083512 2 23 16 9 
-0.5729746368493853 2 23 17 1 
0.0136354643374492 2 23 17 8 
-0.3206294064426383 2 23 18 4 
0.1458753269264268 2 23 18 11 
-0.0308367985066526 2 23 19 3 
-0.2863978506582666 2 23 19 7 
-0.0632325152770467 2 23 19 10 
0.3893801716987215 2 23 20 5 
0.9730450732442246 2 23 21 4 
-0.4143150242978705 2 23 21 11 
0.0447093304648900 2 23 22 3 
0.0954646841209102 2 23 22 7 
-0.4533233295735349 2 23 22 10 
1.3228243037112184 2 23 23 2 
0.2480432842236160 2 23 23 6 
-0.1588257818259819 2 23 23 9 
0.4391776278927043 3 0 0 3 
0.4551936593899776 3 0 0 7 
0.3926687395976451 3 0 0 10 
-0.3406269947616223 3 0 1 2 
-0.2035687930645751 3 0 1 6 
0.6309647744071063 3 0 1 9 
0.3406269947616223 3 0 2 1 
0.6160461676692053 3 0 2 8 
-0.4391776278927043 3 0 3 0 
0.2035687930645751 3 0 6 1 
0.4745024492010828 3 0 6 8 
-0.4551936593899776 3 0 7 0 
-0.6160461676692053 3 0 8 2 
-0.4745024492010828 3 0 8 6 
0.6522401701346260 3 0 8 9 
-0.6309647744071063 3 0 9 1 
-0.6522401701346260 3 0 9 8 
-0.3926687395976451 3 0 10 0 
-0.3211462104681836 3 1 0 4 
0.0738807338978611 3 1 0 11 
0.3883999535421407 3 1 1 3 
-0.3641549275119820 3 1 1 7 
0.5071242803944442 3 1 1 10 
0.2574964186462183 3 1 2 6 
0.7953121826259112 3 1 2 9 
-0.3883999535421407 3 1 3 1 
0.3689567793661356 3 1 3 8 
0.3211462104681836 3 1 4 0 
-0.2574964186462183 3 1 6 2 
-0.3675480166980848 3 1 6 9 
0.3641549275119820 3 1 7 1 
-0.2122039463807523 3 1 7 8 
-0.3689567793661356 3 1 8 3 
0.2122039463807523 3 1 8 7 
-0.5833813432308207 3 1 8 10 
-0.7953121826259112 3 1 9 2 
0.3675480166980848 3 1 9 6 
-0.5071242803944442 3 1 10 1 
0.5833813432308207 3 1 10 8 
-0.0738807338978611 3 1 11 0 
0.3638618886884293 3 2 0 5 
-0.7700832834929371 3 2 1 4 
0.0934525577288204 3 2 1 11 
1.1584832370350777 3 2 2 3 
-0.3641549275119822 3 2 2 7 
0.4498965099960446 3 2 2 10 
-1.1584832370350779 3 2 3 2 
0.3641549275119822 3 2 3 6 
0.4498965099960446 3 2 3 9 
0.7700832834929371 3 2 4 1 
0.0934525577288204 3 2 4 8 
-0.3638618886884293 3 2 5 0 
-0.3641549275119822 3 2 6 3 
0.8066950523947048 3 2 6 7 
-0.3465275933585096 3 2 6 10 
0.3641549275119822 3 2 7 2 
-0.8066950523947048 3 2 7 6 
-0.3465275933585096 3 2 7 9 
-0.0934525577288204 3 2 8 4 
0.6579658521016079 3 2 8 11 
-0.4498965099960446 3 2 9 3 
0.3465275933585096 3 2 9 7 
-1.6106235963515865 3 2 9 10 
-0.4498965099960446 3 2 10 2 
0.3465275933585096 3 2 10 6 
1.6106235963515865 3 2 10 9 
-0.0934525577288204 3 2 11 1 
-0.6579658521016079 3 2 11 8 
0.3406269947616223 3 4 2 5 
-0.6422883252949583 3 4 3 4 
-0.3689567793661355 3 4 3 11 
0.6422883252949583 3 4 4 3 
0.2731161956339865 3 4 4 7 
-0.6176169945956672 3 4 4 10 
-0.3406269947616223 3 4 5 2 
-0.6107063791937254 3 4 5 6 
-0.1279651848115716 3 4 5 9 
0.6107063791937254 3 4 6 5 
-0.2731161956339865 3 4 7 4 
0.6366118391422571 3 4 7 11 
0.1279651848115716 3 4 9 5 
0.6176169945956672 3 4 10 4 
0.8750720148462312 3 4 10 11 
0.3689567793661355 3 4 11 3 
-0.6366118391422571 3 4 11 7 
-0.8750720148462312 3 4 11 10 
-0.1852892561398869 3 5 3 5 
-0.9451015792636208 3 5 4 11 
0.1852892561398869 3 5 5 3 
-0.7320725353924665 3 5 5 10 
0.7320725353924665 3 5 10 5 
0.9451015792636208 3 5 11 4 
0.4551936593899776 3 6 0 5 
0.0910387318779955 3 6 1 4 
-0.0611701154414191 3 6 1 11 
-0.3641549275119821 3 6 2 3 
0.7274551124332052 3 6 2 7 
-0.2097275124616475 3 6 2 10 
0.3641549275119822 3 6 3 2 
-0.1148094859213800 3 6 3 6 
0.1032059642291312 3 6 3 9 
-0.0910387318779955 3 6 4 1 
0.3220935552223515 3 6 4 8 
-0.4551936593899776 3 6 5 0 
0.1148094859213800 3 6 6 3 
0.7223057010131746 3 6 6 10 
-0.7274551124332052 3 6 7 2 
0.7223057010131746 3 6 7 9 
-0.3220935552223515 3 6 8 4 
0.1420789777022381 3 6 8 11 
-0.1032059642291312 3 6 9 3 
-0.7223057010131746 3 6 9 7 
0.1420789777022381 3 6 9 10 
0.2097275124616475 3 6 10 2 
-0.7223057010131746 3 6 10 6 
-0.1420789777022381 3 6 10 9 
0.0611701154414191 3 6 11 1 
-0.1420789777022381 3 6 11 8 
-0.4071375861291502 3 7 1 5 
0.2574964186462183 3 7 2 4 
-0.3632587073286083 3 7 2 11 
0.1276755515563551 3 7 3 7 
0.0366123774119671 3 7 3 10 
-0.2574964186462183 3 7 4 2 
0.6858512573471222 3 7 4 6 
0.2330495776338199 3 7 4 9 
0.4071375861291502 3 7 5 1 
0.0455935121061742 3 7 5 8 
-0.6858512573471222 3 7 6 4 
-0.4170233909171576 3 7 6 11 
-0.1276755515563551 3 7 7 3 
-0.7223057010131744 3 7 7 10 
-0.0455935121061742 3 7 8 5 
-0.2330495776338199 3 7 9 4 
-0.1640586720451480 3 7 9 11 
-0.0366123774119671 3 7 10 3 
0.7223057010131744 3 7 10 7 
0.3632587073286083 3 7 11 2 
0.4170233909171576 3 7 11 6 
0.1640586720451480 3 7 11 9 
-0.3617296887850188 3 8 0 4 
-0.3757447073612723 3 8 0 11 
-0.3689567793661356 3 8 1 3 
0.0611701154414191 3 8 1 7 
-0.5177131606358732 3 8 1 10 
0.3632587073286083 3 8 2 6 
-0.3487079594217378 3 8 2 9 
0.3689567793661356 3 8 3 1 
0.0630665368089746 3 8 3 8 
0.3617296887850188 3 8 4 0 
-0.3632587073286083 3 8 6 2 
-0.1586971993979569 3 8 6 9 
-0.0611701154414191 3 8 7 1 
-0.1021679572971892 3 8 7 8 
-0.0630665368089746 3 8 8 3 
0.1021679572971892 3 8 8 7 
-0.2554892424718886 3 8 8 10 
0.3487079594217378 3 8 9 2 
0.1586971993979569 3 8 9 6 
0.5177131606358732 3 8 10 1 
0.2554892424718886 3 8 10 8 
0.3757447073612723 3 8 11 0 
-0.1697018978974107 3 9 0 5 
-0.6195984078934554 3 9 1 4 
-0.2266625618287158 3 9 1 11 
-0.4498965099960446 3 9 2 3 
0.2097275124616475 3 9 2 7 
-0.8779369060874337 3 9 2 10 
0.4498965099960446 3 9 3 2 
0.1032059642291312 3 9 3 6 
-0.2508012836145480 3 9 3 9 
0.6195984078934554 3 9 4 1 
-0.1776566424619686 3 9 4 8 
0.1697018978974107 3 9 5 0 
-0.1032059642291312 3 9 6 3 
0.0470237985211814 3 9 6 10 
-0.2097275124616475 3 9 7 2 
0.0786560580365985 3 9 7 9 
0.1776566424619686 3 9 8 4 
0.0851630808239628 3 9 8 11 
0.2508012836145480 3 9 9 3 
-0.0786560580365985 3 9 9 7 
0.0851630808239628 3 9 9 10 
0.8779369060874337 3 9 10 2 
-0.0470237985211814 3 9 10 6 
-0.0851630808239628 3 9 10 9 
0.2266625618287158 3 9 11 1 
-0.0851630808239628 3 9 11 8 
-0.3794649796093389 3 10 1 5 
-0.7953121826259112 3 10 2 4 
-0.3487079594217378 3 10 2 11 
0.0366123774119671 3 10 3 7 
-0.6347659200987984 3 10 3 10 
0.7953121826259112 3 10 4 2 
-0.1624164124008923 3 10 4 6 
-0.6596887114287011 3 10 4 9 
0.3794649796093389 3 10 5 1 
0.0479920092071885 3 10 5 8 
0.1624164124008923 3 10 6 4 
0.1043987939289113 3 10 6 11 
-0.0366123774119671 3 10 7 3 
0.1491917558183705 3 10 7 10 
-0.0479920092071885 3 10 8 5 
0.6596887114287011 3 10 9 4 
0.2458446381936641 3 10 9 11 
0.6347659200987984 3 10 10 3 
-0.1491917558183705 3 10 10 7 
0.3487079594217378 3 10 11 2 
-0.1043987939289113 3 10 11 6 
-0.2458446381936641 3 10 11 9 
-0.6160461676692053 3 11 2 5 
-0.3689567793661355 3 11 3 4 
-0.1382600974317309 3 11 3 11 
0.3689567793661355 3 11 4 3 
-0.3628736321832975 3 11 4 7 
-0.6739071241050278 3 11 4 10 
0.6160461676692053 3 11 5 2 
-0.0455935121061742 3 11 5 6 
-0.6028169146176346 3 11 5 9 
0.0455935121061742 3 11 6 5 
0.3628736321832975 3 11 7 4 
-0.1256798565577799 3 11 7 11 
0.6028169146176346 3 11 9 5 
0.6739071241050278 3 11 10 4 
-0.1703261616479257 3 11 10 11 
0.1382600974317309 3 11 11 3 
0.1256798565577799 3 11 11 7 
0.1703261616479257 3 11 11 10 
-0.7241714297885479 3 12 0 15 
0.0245589771932908 3 12 0 19 
0.8058896352192806 3 12 0 22 
-0.6134356421437017 3 12 1 14 
-0.5557908367316601 3 12 1 18 
0.5880837891081674 3 12 1 21 
-0.2728086473820793 3 12 2 13 
-0.3597112539990646 3 12 2 20 
-1.1633490576812522 3 12 3 12 
-0.3522220436670849 3 12 6 13 
0.2372512246005414 3 12 6 20 
-0.4306346821966869 3 12 7 12 
-0.9757574216682700 3 12 8 14 
-0.2372512246005414 3 12 8 18 
0.8081306961200683 3 12 8 21 
-0.0428809852989389 3 12 9 13 
0.1558905259854422 3 12 9 20 
0.4132208956216356 3 12 10 12 
1.1633490576812522 3 12 12 3 
0.4306346821966869 3 12 12 7 
-0.4132208956216356 3 12 12 10 
0.2728086473820793 3 12 13 2 
0.3522220436670849 3 12 13 6 
0.0428809852989389 3 12 13 9 
0.6134356421437017 3 12 14 1 
0.9757574216682700 3 12 14 8 
0.7241714297885479 3 12 15 0 
0.5557908367316601 3 12 18 1 
0.2372512246005414 3 12 18 8 
-0.0245589771932908 3 12 19 0 
0.3597112539990646 3 12 20 2 
-0.2372512246005414 3 12 20 6 
-0.1558905259854422 3 12 20 9 
-0.5880837891081674 3 12 21 1 
-0.8081306961200683 3 12 21 8 
-0.8058896352192806 3 12 22 0 
-0.3858231746659416 3 13 0 16 
-0.6176201664521721 3 13 0 23 
-1.0591497047727385 3 13 1 15 
-0.2632926047566703 3 13 1 19 
1.0044046553548283 3 13 1 22 
-0.8627147839555331 3 13 2 14 
0.0138926554499054 3 13 2 18 
-0.0470656104207964 3 13 2 21 
-1.4475496583148793 3 13 3 13 
0.2421586678525993 3 13 3 20 
-0.0646769641977580 3 13 4 12 
-0.2436037631963129 3 13 6 14 
0.2288058730909619 3 13 6 18 
-0.1796565934756221 3 13 6 21 
0.1008623227553118 3 13 7 13 
-0.1132335449469799 3 13 7 20 
-0.1267981115135362 3 13 8 15 
0.0989704014337724 3 13 8 19 
-0.5958547704923356 3 13 8 22 
-0.8423777930467079 3 13 9 14 
0.1878914232224627 3 13 9 18 
0.6001276579691698 3 13 9 21 
0.4972803749603841 3 13 10 13 
-0.0124734272615150 3 13 10 20 
-0.6915009003500333 3 13 11 12 
0.0646769641977580 3 13 12 4 
0.6915009003500333 3 13 12 11 
1.4475496583148793 3 13 13 3 
-0.1008623227553118 3 13 13 7 
-0.4972803749603841 3 13 13 10 
0.8627147839555331 3 13 14 2 
0.2436037631963129 3 13 14 6 
0.8423777930467079 3 13 14 9 
1.0591497047727385 3 13 15 1 
0.1267981115135362 3 13 15 8 
0.3858231746659416 3 13 16 0 
-0.0138926554499054 3 13 18 2 
-0.2288058730909619 3 13 18 6 
-0.1878914232224627 3 13 18 9 
0.2632926047566703 3 13 19 1 
-0.0989704014337724 3 13 19 8 
-0.2421586678525993 3 13 20 3 
0.1132335449469799 3 13 20 7 
0.0124734272615150 3 13 20 10 
0.0470656104207964 3 13 21 2 
0.1796565934756221 3 13 21 6 
-0.6001276579691698 3 13 21 9 
-1.0044046553548283 3 13 22 1 
0.5958547704923356 3 13 22 8 
0.6176201664521721 3 13 23 0 
0.1058269791544581 3 14 0 17 
-0.8678332562461216 3 14 1 16 
-0.0737435190815130 3 14 1 23 
-1.1063636594738842 3 14 2 15 
-0.0196471817546327 3 14 2 19 
-0.1151511901464938 3 14 2 22 
-2.2648468965089625 3 14 3 14 
0.3445077457573495 3 14 3 18 
0.5650477001425385 3 14 3 21 
-0.0977499727531843 3 14 4 13 
0.1671960768103334 3 14 4 20 
-0.2580349095339712 3 14 5 12 
-0.0196471817546327 3 14 6 15 
0.3628999800878705 3 14 6 19 
-0.1747195226682318 3 14 6 22 
0.3445077457573495 3 14 7 14 
-0.4437950723068345 3 14 7 18 
-0.1718080706902779 3 14 7 21 
0.0737435190815130 3 14 8 16 
0.3781124336526365 3 14 8 23 
0.1151511901464938 3 14 9 15 
0.1747195226682318 3 14 9 19 
-1.0563621537145760 3 14 9 22 
-0.5650477001425385 3 14 10 14 
0.1718080706902779 3 14 10 18 
0.5542614426370110 3 14 10 21 
-0.1671960768103334 3 14 11 13 
-0.2798534184489717 3 14 11 20 
0.2580349095339712 3 14 12 5 
0.0977499727531843 3 14 13 4 
0.1671960768103334 3 14 13 11 
2.2648468965089625 3 14 14 3 
-0.3445077457573495 3 14 14 7 
0.5650477001425385 3 14 14 10 
1.1063636594738842 3 14 15 2 
0.0196471817546327 3 14 15 6 
-0.1151511901464938 3 14 15 9 
0.8678332562461216 3 14 16 1 
-0.0737435190815130 3 14 16 8 
-0.1058269791544581 3 14 17 0 
-0.3445077457573495 3 14 18 3 
0.4437950723068345 3 14 18 7 
-0.1718080706902779 3 14 18 10 
0.0196471817546327 3 14 19 2 
-0.3628999800878705 3 14 19 6 
-0.1747195226682318 3 14 19 9 
-0.1671960768103334 3 14 20 4 
0.2798534184489717 3 14 20 11 
-0.5650477001425385 3 14 21 3 
0.1718080706902779 3 14 21 7 
-0.5542614426370110 3 14 21 10 
0.1151511901464938 3 14 22 2 
0.1747195226682318 3 14 22 6 
1.0563621537145760 3 14 22 9 
0.0737435190815130 3 14 23 1 
-0.3781124336526365 3 14 23 8 
-0.2042083674258881 3 15 1 17 
-0.8627147839555334 3 15 2 16 
-0.2555550331672065 3 15 2 23 
-2.5578352573630538 3 15 3 15 
0.3248605640027167 3 15 3 19 
-0.5326541230971820 3 15 3 22 
-0.8627147839555334 3 15 4 14 
0.2297111077464075 3 15 4 18 
1.0981032142873999 3 15 4 21 
-0.2042083674258881 3 15 5 13 
-0.5273327033390883 3 15 5 20 
0.2297111077464075 3 15 6 16 
-0.0075641741244195 3 15 6 23 
0.3248605640027167 3 15 7 15 
-0.2426852766568917 3 15 7 19 
0.0043671779669308 3 15 7 22 
-0.5273327033390883 3 15 8 17 
1.0981032142873999 3 15 9 16 
0.1701896066344306 3 15 9 23 
-0.5326541230971820 3 15 10 15 
0.0043671779669308 3 15 10 19 
-0.9005395894218445 3 15 10 22 
-0.2555550331672065 3 15 11 14 
-0.0075641741244195 3 15 11 18 
0.1701896066344306 3 15 11 21 
0.2042083674258881 3 15 13 5 
0.8627147839555334 3 15 14 4 
0.2555550331672065 3 15 14 11 
2.5578352573630538 3 15 15 3 
-0.3248605640027167 3 15 15 7 
0.5326541230971820 3 15 15 10 
0.8627147839555334 3 15 16 2 
-0.2297111077464075 3 15 16 6 
-1.0981032142873999 3 15 16 9 
0.2042083674258881 3 15 17 1 
0.5273327033390883 3 15 17 8 
-0.2297111077464075 3 15 18 4 
0.0075641741244195 3 15 18 11 
-0.3248605640027167 3 15 19 3 
0.2426852766568917 3 15 19 7 
-0.0043671779669308 3 15 19 10 
0.5273327033390883 3 15 20 5 
-1.0981032142873999 3 15 21 4 
-0.1701896066344306 3 15 21 11 
0.5326541230971820 3 15 22 3 
-0.0043671779669308 3 15 22 7 
0.9005395894218445 3 15 22 10 
0.2555550331672065 3 15 23 2 
0.0075641741244195 3 15 23 6 
-0.1701896066344306 3 15 23 9 
-0.2728086473820794 3 16 2 17 
-2.0575853968026396 3 16 3 16 
-0.4830982637444456 3 16 3 23 
-1.4152970715076814 3 16 4 15 
0.3395959503186913 3 16 4 19 
-0.1868974442137420 3 16 4 22 
-0.6134356421437018 3 16 5 14 
-0.2145519015569882 3 16 5 18 
0.2086188094988284 3 16 5 21 
0.3961544776367372 3 16 6 17 
0.0664797546847047 3 16 7 16 
0.3183059195711286 3 16 7 23 
0.3365839943104000 3 16 9 17 
0.4307195503819253 3 16 10 16 
0.2219743089850812 3 16 10 23 
-0.1141414843783102 3 16 11 15 
-0.3183059195711286 3 16 11 19 
-0.6530977058611501 3 16 11 22 
0.6134356421437018 3 16 14 5 
1.4152970715076814 3 16 15 4 
0.1141414843783102 3 16 15 11 
2.0575853968026396 3 16 16 3 
-0.0664797546847047 3 16 16 7 
-0.4307195503819253 3 16 16 10 
0.2728086473820794 3 16 17 2 
-0.3961544776367372 3 16 17 6 
-0.3365839943104000 3 16 17 9 
0.2145519015569882 3 16 18 5 
-0.3395959503186913 3 16 19 4 
0.3183059195711286 3 16 19 11 
-0.2086188094988284 3 16 21 5 
0.1868974442137420 3 16 22 4 
0.6530977058611501 3 16 22 11 
0.4830982637444456 3 16 23 3 
-0.3183059195711286 3 16 23 7 
-0.2219743089850812 3 16 23 10 
-1.3666886178132853 3 17 3 17 
-0.8355591292153781 3 17 4 16 
-0.0003913113185152 3 17 4 23 
-1.1813993616733984 3 17 5 15 
-0.4060757050033961 3 17 5 19 
-0.9755915331166914 3 17 5 22 
-0.4060757050033961 3 17 7 17 
-0.2435189977242247 3 17 10 17 
0.9447102679451057 3 17 11 16 
0.5565779120871285 3 17 11 23 
1.1813993616733984 3 17 15 5 
0.8355591292153781 3 17 16 4 
-0.9447102679451057 3 17 16 11 
1.3666886178132853 3 17 17 3 
0.4060757050033961 3 17 17 7 
0.2435189977242247 3 17 17 10 
0.4060757050033961 3 17 19 5 
0.9755915331166914 3 17 22 5 
0.0003913113185152 3 17 23 4 
-0.5565779120871285 3 17 23 11 
0.0245589771932909 3 18 0 17 
-0.2387336275633793 3 18 1 16 
0.3206294064426384 3 18 1 23 
-0.0196471817546327 3 18 2 15 
-0.5020228359623832 3 18 2 19 
0.0178036339187621 3 18 2 22 
0.3445077457573495 3 18 3 14 
-1.0643833405203438 3 18 3 18 
-0.1804630873764543 3 18 3 21 
-0.3297723594413749 3 18 4 13 
0.0778032563686964 3 18 4 20 
-0.4306346821966868 3 18 5 12 
-0.9495738545989637 3 18 6 15 
0.9233342451021119 3 18 6 22 
-1.2294779483955882 3 18 7 14 
0.9233342451021119 3 18 7 21 
-0.2442902988536551 3 18 8 16 
0.0807316384963057 3 18 8 23 
-0.2836690516055855 3 18 9 15 
0.2010285440889373 3 18 9 19 
0.1001159377866791 3 18 9 22 
0.2275311463804097 3 18 10 14 
0.2010285440889373 3 18 10 18 
-0.0419630399155591 3 18 10 21 
0.3817995218840575 3 18 11 13 
-0.0613473392059324 3 18 11 20 
0.4306346821966868 3 18 12 5 
0.3297723594413749 3 18 13 4 
-0.3817995218840575 3 18 13 11 
-0.3445077457573495 3 18 14 3 
1.2294779483955882 3 18 14 7 
-0.2275311463804097 3 18 14 10 
0.0196471817546327 3 18 15 2 
0.9495738545989637 3 18 15 6 
0.2836690516055855 3 18 15 9 
0.2387336275633793 3 18 16 1 
0.2442902988536551 3 18 16 8 
-0.0245589771932909 3 18 17 0 
1.0643833405203438 3 18 18 3 
-0.2010285440889373 3 18 18 10 
0.5020228359623832 3 18 19 2 
-0.2010285440889373 3 18 19 9 
-0.0778032563686964 3 18 20 4 
0.0613473392059324 3 18 20 11 
0.1804630873764543 3 18 21 3 
-0.9233342451021119 3 18 21 7 
0.0419630399155591 3 18 21 10 
-0.0178036339187621 3 18 22 2 
-0.9233342451021119 3 18 22 6 
-0.1001159377866791 3 18 22 9 
-0.3206294064426384 3 18 23 1 
-0.0807316384963057 3 18 23 8 
-0.5667739452240730 3 19 1 17 
0.0138926554499054 3 19 2 16 
0.0308367985066526 3 19 2 23 
0.3248605640027167 3 19 3 15 
-1.2317242858411379 3 19 3 19 
0.1685939980972796 3 19 3 22 
-0.2436037631963129 3 19 4 14 
-0.4733116688260038 3 19 4 18 
-0.2019009011513932 3 19 4 21 
-0.1596363590949228 3 19 5 13 
-0.2389830494637161 3 19 5 20 
-1.1591629261731262 3 19 6 16 
-0.5330872749617042 3 19 6 23 
-1.3593998373974931 3 19 7 15 
-0.9233342451021118 3 19 7 22 
-0.2845765615698903 3 19 8 17 
-0.4349504787852131 3 19 9 16 
-0.0596462751958754 3 19 9 23 
0.1319816206853124 3 19 10 15 
-0.2010285440889373 3 19 10 19 
0.0387685985807467 3 19 10 22 
0.3940955058352610 3 19 11 14 
-0.1160638840445465 3 19 11 18 
0.1044123968492727 3 19 11 21 
0.1596363590949228 3 19 13 5 
0.2436037631963129 3 19 14 4 
-0.3940955058352610 3 19 14 11 
-0.3248605640027167 3 19 15 3 
1.3593998373974931 3 19 15 7 
-0.1319816206853124 3 19 15 10 
-0.0138926554499054 3 19 16 2 
1.1591629261731262 3 19 16 6 
0.4349504787852131 3 19 16 9 
0.5667739452240730 3 19 17 1 
0.2845765615698903 3 19 17 8 
0.4733116688260038 3 19 18 4 
0.1160638840445465 3 19 18 11 
1.2317242858411379 3 19 19 3 
0.2010285440889373 3 19 19 10 
0.2389830494637161 3 19 20 5 
0.2019009011513932 3 19 21 4 
-0.1044123968492727 3 19 21 11 
-0.1685939980972796 3 19 22 3 
0.9233342451021118 3 19 22 7 
-0.0387685985807467 3 19 22 10 
-0.0308367985066526 3 19 23 2 
0.5330872749617042 3 19 23 6 
0.0596462751958754 3 19 23 9 
-0.9347043256344042 3 20 0 16 
-0.3893801716987215 3 20 0 23 
-0.1267981115135362 3 20 1 15 
-0.3206294064426383 3 20 1 19 
-0.9730450732442246 3 20 1 22 
0.2555550331672065 3 20 2 14 
-0.0308367985066526 3 20 2 18 
-0.0447093304648900 3 20 2 21 
0.2421586678525993 3 20 3 13 
-1.3228243037112184 3 20 3 20 
-0.5729746368493853 3 20 4 12 
-0.3940955058352610 3 20 6 14 
-0.2863978506582666 3 20 6 18 
-0.0954646841209102 3 20 6 21 
-0.3817995218840574 3 20 7 13 
-0.2480432842236160 3 20 7 20 
-1.3858908405201931 3 20 8 15 
-0.1458753269264268 3 20 8 19 
-0.4143150242978705 3 20 8 22 
0.3039986289568479 3 20 9 14 
0.0632325152770467 3 20 9 18 
-0.4533233295735349 3 20 9 21 
-0.4553319126083512 3 20 10 13 
-0.1588257818259819 3 20 10 20 
-0.0136354643374492 3 20 11 12 
0.5729746368493853 3 20 12 4 
0.0136354643374492 3 20 12 11 
-0.2421586678525993 3 20 13 3 
0.3817995218840574 3 20 13 7 
0.4553319126083512 3 20 13 10 
-0.2555550331672065 3 20 14 2 
0.3940955058352610 3 20 14 6 
-0.3039986289568479 3 20 14 9 
0.1267981115135362 3 20 15 1 
1.3858908405201931 3 20 15 8 
0.9347043256344042 3 20 16 0 
0.0308367985066526 3 20 18 2 
0.2863978506582666 3 20 18 6 
-0.0632325152770467 3 20 18 9 
0.3206294064426383 3 20 19 1 
0.1458753269264268 3 20 19 8 
1.3228243037112184 3 20 20 3 
0.2480432842236160 3 20 20 7 
0.1588257818259819 3 20 20 10 
0.0447093304648900 3 20 21 2 
0.0954646841209102 3 20 21 6 
0.4533233295735349 3 20 21 9 
0.9730450732442246 3 20 22 1 
0.4143150242978705 3 20 22 8 
0.3893801716987215 3 20 23 0 
0.3965357459329589 3 21 0 17 
-1.0862754332120930 3 21 1 16 
-0.6714324891777179 3 21 1 23 
0.1151511901464937 3 21 2 15 
-0.0178036339187621 3 21 2 19 
-0.5441571752685420 3 21 2 22 
0.5650477001425384 3 21 3 14 
-0.1804630873764543 3 21 3 18 
-2.0623917273541479 3 21 3 21 
-0.4666770253186375 3 21 4 13 
0.4054692984464331 3 21 4 20 
0.5662376438303697 3 21 5 12 
-0.2836690516055855 3 21 6 15 
0.4960556285186414 3 21 6 19 
-0.2204912568142013 3 21 6 22 
-0.2275311463804097 3 21 7 14 
0.4960556285186414 3 21 7 18 
0.3582889126307167 3 21 7 21 
0.5831259409084016 3 21 8 16 
-0.0032538138699106 3 21 8 23 
-1.8115904437396000 3 21 9 15 
0.2796328545941182 3 21 9 19 
-0.2439888626499448 3 21 9 22 
0.3337797308188916 3 21 10 14 
-0.2675150553353826 3 21 10 18 
-0.3291519434739076 3 21 10 21 
-0.4447699273490021 3 21 11 13 
-0.0884168946938734 3 21 11 20 
-0.5662376438303697 3 21 12 5 
0.4666770253186375 3 21 13 4 
0.4447699273490021 3 21 13 11 
-0.5650477001425384 3 21 14 3 
0.2275311463804097 3 21 14 7 
-0.3337797308188916 3 21 14 10 
-0.1151511901464937 3 21 15 2 
0.2836690516055855 3 21 15 6 
1.8115904437396000 3 21 15 9 
1.0862754332120930 3 21 16 1 
-0.5831259409084016 3 21 16 8 
-0.3965357459329589 3 21 17 0 
0.1804630873764543 3 21 18 3 
-0.4960556285186414 3 21 18 7 
0.2675150553353826 3 21 18 10 
0.0178036339187621 3 21 19 2 
-0.4960556285186414 3 21 19 6 
-0.2796328545941182 3 21 19 9 
-0.4054692984464331 3 21 20 4 
0.0884168946938734 3 21 20 11 
2.0623917273541479 3 21 21 3 
-0.3582889126307167 3 21 21 7 
0.3291519434739076 3 21 21 10 
0.5441571752685420 3 21 22 2 
0.2204912568142013 3 21 22 6 
0.2439888626499448 3 21 22 9 
0.6714324891777179 3 21 23 1 
0.0032538138699106 3 21 23 8 
-0.4050151644485397 3 22 1 17 
0.0470656104207964 3 22 2 16 
-0.0447093304648900 3 22 2 23 
-0.5326541230971820 3 22 3 15 
0.1685939980972796 3 22 3 19 
-2.3993502335539842 3 22 3 22 
0.8423777930467079 3 22 4 14 
-0.1683300470881411 3 22 4 18 
-0.3389001982831610 3 22 4 21 
-0.0255501848392007 3 22 5 13 
-0.2756474824203968 3 22 5 20 
-0.0059136346872488 3 22 6 16 
0.3500660570721861 3 22 6 23 
0.1319816206853124 3 22 7 15 
-0.4960556285186413 3 22 7 19 
0.0275520274094149 3 22 7 22 
-0.3236394916275853 3 22 8 17 
0.3207885131455403 3 22 9 16 
0.1493853732298843 3 22 9 23 
-1.7645843134551855 3 22 10 15 
-0.1216397284089557 3 22 10 19 
0.1203675243900171 3 22 10 22 
0.3039986289568479 3 22 11 14 
0.2456672631432748 3 22 11 18 
-0.0964592649637798 3 22 11 21 
0.0255501848392007 3 22 13 5 
-0.8423777930467079 3 22 14 4 
-0.3039986289568479 3 22 14 11 
0.5326541230971820 3 22 15 3 
-0.1319816206853124 3 22 15 7 
1.7645843134551855 3 22 15 10 
-0.0470656104207964 3 22 16 2 
0.0059136346872488 3 22 16 6 
-0.3207885131455403 3 22 16 9 
0.4050151644485397 3 22 17 1 
0.3236394916275853 3 22 17 8 
0.1683300470881411 3 22 18 4 
-0.2456672631432748 3 22 18 11 
-0.1685939980972796 3 22 19 3 
0.4960556285186413 3 22 19 7 
0.1216397284089557 3 22 19 10 
0.2756474824203968 3 22 20 5 
0.3389001982831610 3 22 21 4 
0.0964592649637798 3 22 21 11 
2.3993502335539842 3 22 22 3 
-0.0275520274094149 3 22 22 7 
-0.1203675243900171 3 22 22 10 
0.0447093304648900 3 22 23 2 
-0.3500660570721861 3 22 23 6 
-0.1493853732298843 3 22 23 9 
0.3597112539990645 3 23 2 17 
-0.4830982637444456 3 23 3 16 
-1.3486372476904103 3 23 3 23 
-0.1141414843783102 3 23 4 15 
0.1359496812597291 3 23 4 19 
-0.6908490765015284 3 23 4 22 
0.9757574216682700 3 23 5 14 
0.2389830494637161 3 23 5 18 
-0.9500737232624755 3 23 5 21 
0.2845765615698904 3 23 6 17 
0.4988233134430267 3 23 7 16 
-0.1377976558165154 3 23 7 23 
-0.3472568086448409 3 23 9 17 
-0.0169419523965004 3 23 10 16 
0.3676102009098723 3 23 10 23 
-1.2103771502586795 3 23 11 15 
-0.0121177992587356 3 23 11 19 
0.5379363625577981 3 23 11 22 
-0.9757574216682700 3 23 14 5 
0.1141414843783102 3 23 15 4 
1.2103771502586795 3 23 15 11 
0.4830982637444456 3 23 16 3 
-0.4988233134430267 3 23 16 7 
0.0169419523965004 3 23 16 10 
-0.3597112539990645 3 23 17 2 
-0.2845765615698904 3 23 17 6 
0.3472568086448409 3 23 17 9 
-0.2389830494637161 3 23 18 5 
-0.1359496812597291 3 23 19 4 
0.0121177992587356 3 23 19 11 
0.9500737232624755 3 23 21 5 
0.6908490765015284 3 23 22 4 
-0.5379363625577981 3 23 22 11 
1.3486372476904103 3 23 23 3 
0.1377976558165154 3 23 23 7 
-0.3676102009098723 3 23 23 10 
0.6930659996455216 4 0 0 4 
0.1820516639084949 4 0 0 11 
-0.3211462104681836 4 0 1 3 
0.5757794960556882 4 0 1 7 
0.3556744207370531 4 0 1 10 
-0.4071375861291502 4 0 2 6 
0.3794649796093391 4 0 2 9 
0.3211462104681836 4 0 3 1 
0.3617296887850188 4 0 3 8 
-0.6930659996455216 4 0 4 0 
0.4071375861291502 4 0 6 2 
0.5811444411217741 4 0 6 9 
-0.5757794960556882 4 0 7 1 
0.3355238995197108 4 0 7 8 
-0.3617296887850188 4 0 8 3 
-0.3355238995197108 4 0 8 7 
0.9224068945289231 4 0 8 10 
-0.3794649796093391 4 0 9 2 
-0.5811444411217741 4 0 9 6 
-0.3556744207370531 4 0 10 1 
-0.9224068945289231 4 0 10 8 
-0.1820516639084949 4 0 11 0 
-0.6177502604412468 4 1 0 5 
0.9045948652822605 4 1 1 4 
0.2755042216373152 4 1 1 11 
-0.7700832834929370 4 1 2 3 
0.0910387318779955 4 1 2 7 
0.6195984078934553 4 1 2 10 
0.7700832834929370 4 1 3 2 
-0.0910387318779955 4 1 3 6 
0.6195984078934553 4 1 3 9 
-0.9045948652822605 4 1 4 1 
0.2755042216373152 4 1 4 8 
0.6177502604412468 4 1 5 0 
0.0910387318779955 4 1 6 3 
-0.8066950523947048 4 1 6 7 
0.0866318983396274 4 1 6 10 
-0.0910387318779955 4 1 7 2 
0.8066950523947048 4 1 7 6 
0.0866318983396274 4 1 7 9 
-0.2755042216373152 4 1 8 4 
-1.0152125061953499 4 1 8 11 
-0.6195984078934553 4 1 9 3 
-0.0866318983396274 4 1 9 7 
1.2533769422578445 4 1 9 10 
-0.6195984078934553 4 1 10 2 
-0.0866318983396274 4 1 10 6 
-1.2533769422578445 4 1 10 9 
-0.2755042216373152 4 1 11 1 
1.0152125061953499 4 1 11 8 
-0.3211462104681836 4 2 1 5 
0.3883999535421407 4 2 2 4 
0.3689567793661356 4 2 2 11 
-0.2574964186462183 4 2 3 7 
0.7953121826259112 4 2 3 10 
-0.3883999535421407 4 2 4 2 
0.3641549275119820 4 2 4 6 
0.5071242803944442 4 2 4 9 
0.3211462104681836 4 2 5 1 
0.0738807338978611 4 2 5 8 
-0.3641549275119820 4 2 6 4 
-0.2122039463807523 4 2 6 11 
0.2574964186462183 4 2 7 3 
-0.3675480166980848 4 2 7 10 
-0.0738807338978611 4 2 8 5 
-0.5071242803944442 4 2 9 4 
-0.5833813432308207 4 2 9 11 
-0.7953121826259112 4 2 10 3 
0.3675480166980848 4 2 10 7 
-0.3689567793661356 4 2 11 2 
0.2122039463807523 4 2 11 6 
0.5833813432308207 4 2 11 9 
-0.3406269947616223 4 3 2 5 
0.6422883252949583 4 3 3 4 
0.3689567793661355 4 3 3 11 
-0.6422883252949583 4 3 4 3 
-0.2731161956339865 4 3 4 7 
0.6176169945956672 4 3 4 10 
0.3406269947616223 4 3 5 2 
0.6107063791937254 4 3 5 6 
0.1279651848115716 4 3 5 9 
-0.6107063791937254 4 3 6 5 
0.2731161956339865 4 3 7 4 
-0.6366118391422571 4 3 7 11 
-0.1279651848115716 4 3 9 5 
-0.6176169945956672 4 3 10 4 
-0.8750720148462312 4 3 10 11 
-0.3689567793661355 4 3 11 3 
0.6366118391422571 4 3 11 7 
0.8750720148462312 4 3 11 10 
-0.1852892561398869 4 5 4 5 
0.1852892561398869 4 5 5 4 
-1.1954694442780811 4 5 5 11 
1.1954694442780811 4 5 11 5 
0.5757794960556882 4 6 1 5 
-0.3641549275119820 4 6 2 4 
-0.0611701154414191 4 6 2 11 
0.6858512573471222 4 6 3 7 
-0.1624164124008923 4 6 3 10 
0.3641549275119820 4 6 4 2 
-0.3572945233991149 4 6 4 6 
0.2180517108137930 4 6 4 9 
-0.5757794960556882 4 6 5 1 
0.2385175727467696 4 6 5 8 
0.3572945233991149 4 6 6 4 
0.5897601352618611 4 6 6 11 
-0.6858512573471222 4 6 7 3 
1.0214945185522371 4 6 7 10 
-0.2385175727467696 4 6 8 5 
-0.2180517108137930 4 6 9 4 
0.2320139990311680 4 6 9 11 
0.1624164124008923 4 6 10 3 
-1.0214945185522371 4 6 10 7 
0.0611701154414191 4 6 11 2 
-0.5897601352618611 4 6 11 6 
-0.2320139990311680 4 6 11 9 
-0.2035687930645751 4 7 2 5 
0.2731161956339865 4 7 3 4 
-0.3628736321832975 4 7 3 11 
-0.2731161956339865 4 7 4 3 
0.3701605890340903 4 7 4 7 
0.2014033141095020 4 7 4 10 
0.2035687930645751 4 7 5 2 
0.5422130273267997 4 7 5 6 
0.2121620783261599 4 7 5 9 
-0.5422130273267997 4 7 6 5 
-0.3701605890340903 4 7 7 4 
-0.5897601352618611 4 7 7 11 
-0.2121620783261599 4 7 9 5 
-0.2014033141095020 4 7 10 4 
-0.1160069995155840 4 7 10 11 
0.3628736321832975 4 7 11 3 
0.5897601352618611 4 7 11 7 
0.1160069995155840 4 7 11 10 
-0.1820516639084949 4 8 0 5 
-0.2755042216373152 4 8 1 4 
-0.4752836376060228 4 8 1 11 
-0.0934525577288204 4 8 2 3 
0.0611701154414191 4 8 2 7 
-0.2266625618287158 4 8 2 10 
0.0934525577288204 4 8 3 2 
0.3220935552223515 4 8 3 6 
-0.1776566424619686 4 8 3 9 
0.2755042216373152 4 8 4 1 
0.1718585676709473 4 8 4 8 
0.1820516639084949 4 8 5 0 
-0.3220935552223515 4 8 6 3 
-0.1410119438856932 4 8 6 10 
-0.0611701154414191 4 8 7 2 
-0.1668395756270498 4 8 7 9 
-0.1718585676709473 4 8 8 4 
-0.2086060929421117 4 8 8 11 
0.1776566424619686 4 8 9 3 
0.1668395756270498 4 8 9 7 
-0.2086060929421117 4 8 9 10 
0.2266625618287158 4 8 10 2 
0.1410119438856932 4 8 10 6 
0.2086060929421117 4 8 10 9 
0.4752836376060228 4 8 11 1 
0.2086060929421117 4 8 11 8 
-0.3556744207370530 4 9 1 5 
-0.5071242803944442 4 9 2 4 
-0.5177131606358732 4 9 2 11 
0.2330495776338199 4 9 3 7 
-0.6596887114287011 4 9 3 10 
0.5071242803944442 4 9 4 2 
0.2180517108137930 4 9 4 6 
0.1068770468469293 4 9 4 9 
0.3556744207370530 4 9 5 1 
-0.1743853830626714 4 9 5 8 
-0.2180517108137930 4 9 6 4 
-0.0450250170987460 4 9 6 11 
-0.2330495776338199 4 9 7 3 
-0.0332508468114773 4 9 7 10 
0.1743853830626714 4 9 8 5 
-0.1068770468469293 4 9 9 4 
-0.0695353643140373 4 9 9 11 
0.6596887114287011 4 9 10 3 
0.0332508468114773 4 9 10 7 
0.5177131606358732 4 9 11 2 
0.0450250170987460 4 9 11 6 
0.0695353643140373 4 9 11 9 
-0.6309647744071064 4 10 2 5 
-0.6176169945956672 4 10 3 4 
-0.6739071241050278 4 10 3 11 
0.6176169945956672 4 10 4 3 
0.2014033141095020 4 10 4 7 
-0.6885541344013044 4 10 4 10 
0.6309647744071064 4 10 5 2 
-0.1004812380846255 4 10 5 6 
-0.1229922728488958 4 10 5 9 
0.1004812380846255 4 10 6 5 
-0.2014033141095020 4 10 7 4 
0.2052343463418286 4 10 7 11 
0.1229922728488958 4 10 9 5 
0.6885541344013044 4 10 10 4 
0.2781414572561490 4 10 10 11 
0.6739071241050278 4 10 11 3 
-0.2052343463418286 4 10 11 7 
-0.2781414572561490 4 10 11 10 
-0.9451015792636208 4 11 3 5 
-0.5509422444526750 4 11 4 11 
0.9451015792636208 4 11 5 3 
-0.3029965359235433 4 11 5 7 
-0.9590262890364940 4 11 5 10 
0.3029965359235433 4 11 7 5 
0.9590262890364940 4 11 10 5 
0.5509422444526750 4 11 11 4 
-0.4191514282832103 4 12 0 16 
0.9817762125315213 4 12 0 23 
-0.3858231746659416 4 12 1 15 
0.0310649219739713 4 12 1 19 
0.2588981318386347 4 12 1 22 
-0.2042083674258880 4 12 2 14 
-0.5667739452240731 4 12 2 18 
0.4050151644485397 4 12 2 21 
-0.0646769641977580 4 12 3 13 
-0.5729746368493853 4 12 3 20 
-1.1122174279287322 4 12 4 12 
-0.1596363590949229 4 12 6 14 
-0.1808869252477176 4 12 6 18 
0.2873171182929216 4 12 6 21 
-0.5447145740817170 4 12 7 13 
0.1733999522718044 4 12 7 20 
-0.9347043256344042 4 12 8 15 
-0.1621239472479065 4 12 8 19 
1.0424992526696730 4 12 8 22 
0.0255501848392007 4 12 9 14 
-0.2938273228288526 4 12 9 18 
0.1158974523319191 4 12 9 21 
-0.0967762888984183 4 12 10 13 
0.1200923581407499 4 12 10 20 
0.7997245486230264 4 12 11 12 
1.1122174279287322 4 12 12 4 
-0.7997245486230264 4 12 12 11 
0.0646769641977580 4 12 13 3 
0.5447145740817170 4 12 13 7 
0.0967762888984183 4 12 13 10 
0.2042083674258880 4 12 14 2 
0.1596363590949229 4 12 14 6 
-0.0255501848392007 4 12 14 9 
0.3858231746659416 4 12 15 1 
0.9347043256344042 4 12 15 8 
0.4191514282832103 4 12 16 0 
0.5667739452240731 4 12 18 2 
0.1808869252477176 4 12 18 6 
0.2938273228288526 4 12 18 9 
-0.0310649219739713 4 12 19 1 
0.1621239472479065 4 12 19 8 
0.5729746368493853 4 12 20 3 
-0.1733999522718044 4 12 20 7 
-0.1200923581407499 4 12 20 10 
-0.4050151644485397 4 12 21 2 
-0.2873171182929216 4 12 21 6 
-0.1158974523319191 4 12 21 9 
-0.2588981318386347 4 12 22 1 
-1.0424992526696730 4 12 22 8 
-0.9817762125315213 4 12 23 0 
-0.4108469806597957 4 13 0 17 
-0.4963364500319548 4 13 1 16 
0.2005416305950494 4 13 1 23 
-0.8678332562461216 4 13 2 15 
-0.2387336275633793 4 13 2 19 
1.0862754332120927 4 13 2 22 
-0.0977499727531843 4 13 3 14 
-0.3297723594413749 4 13 3 18 
-0.4666770253186376 4 13 3 21 
-1.4009313153142156 4 13 4 13 
0.0749625910422659 4 13 4 20 
0.2069032797814511 4 13 5 12 
-0.2387336275633793 4 13 6 15 
-0.2820048878689067 4 13 6 19 
0.0476831271367445 4 13 6 22 
-0.3297723594413749 4 13 7 14 
0.5246901645257984 4 13 7 18 
0.0389487712028829 4 13 7 21 
-0.2005416305950494 4 13 8 16 
-0.7429974707799867 4 13 8 23 
-1.0862754332120927 4 13 9 15 
-0.0476831271367445 4 13 9 19 
1.1158314531148266 4 13 9 22 
0.4666770253186376 4 13 10 14 
-0.0389487712028829 4 13 10 18 
-0.1375454891430182 4 13 10 21 
-0.0749625910422659 4 13 11 13 
0.2722150354153634 4 13 11 20 
-0.2069032797814511 4 13 12 5 
1.4009313153142156 4 13 13 4 
0.0749625910422659 4 13 13 11 
0.0977499727531843 4 13 14 3 
0.3297723594413749 4 13 14 7 
-0.4666770253186376 4 13 14 10 
0.8678332562461216 4 13 15 2 
0.2387336275633793 4 13 15 6 
1.0862754332120927 4 13 15 9 
0.4963364500319548 4 13 16 1 
0.2005416305950494 4 13 16 8 
0.4108469806597957 4 13 17 0 
0.3297723594413749 4 13 18 3 
-0.5246901645257984 4 13 18 7 
0.0389487712028829 4 13 18 10 
0.2387336275633793 4 13 19 2 
0.2820048878689067 4 13 19 6 
0.0476831271367445 4 13 19 9 
-0.0749625910422659 4 13 20 4 
-0.2722150354153634 4 13 20 11 
0.4666770253186376 4 13 21 3 
-0.0389487712028829 4 13 21 7 
0.1375454891430182 4 13 21 10 
-1.0862754332120927 4 13 22 2 
-0.0476831271367445 4 13 22 6 
-1.1158314531148266 4 13 22 9 
-0.2005416305950494 4 13 23 1 
0.7429974707799867 4 13 23 8 
-0.3858231746659416 4 14 1 17 
-1.0591497047727385 4 14 2 16 
0.1267981115135362 4 14 2 23 
-0.8627147839555331 4 14 3 15 
-0.2436037631963129 4 14 3 19 
0.8423777930467079 4 14 3 22 
-1.4475496583148793 4 14 4 14 
0.1008623227553118 4 14 4 18 
-0.4972803749603841 4 14 4 21 
-0.0646769641977580 4 14 5 13 
0.6915009003500333 4 14 5 20 
-0.2632926047566703 4 14 6 16 
-0.0989704014337724 4 14 6 23 
0.0138926554499054 4 14 7 15 
0.2288058730909619 4 14 7 19 
-0.1878914232224627 4 14 7 22 
0.6176201664521721 4 14 8 17 
-1.0044046553548283 4 14 9 16 
-0.5958547704923356 4 14 9 23 
0.0470656104207964 4 14 10 15 
0.1796565934756221 4 14 10 19 
0.6001276579691698 4 14 10 22 
-0.2421586678525993 4 14 11 14 
0.1132335449469799 4 14 11 18 
-0.0124734272615150 4 14 11 21 
0.0646769641977580 4 14 13 5 
1.4475496583148793 4 14 14 4 
0.2421586678525993 4 14 14 11 
0.8627147839555331 4 14 15 3 
-0.0138926554499054 4 14 15 7 
-0.0470656104207964 4 14 15 10 
1.0591497047727385 4 14 16 2 
0.2632926047566703 4 14 16 6 
1.0044046553548283 4 14 16 9 
0.3858231746659416 4 14 17 1 
-0.6176201664521721 4 14 17 8 
-0.1008623227553118 4 14 18 4 
-0.1132335449469799 4 14 18 11 
0.2436037631963129 4 14 19 3 
-0.2288058730909619 4 14 19 7 
-0.1796565934756221 4 14 19 10 
-0.6915009003500333 4 14 20 5 
0.4972803749603841 4 14 21 4 
0.0124734272615150 4 14 21 11 
-0.8423777930467079 4 14 22 3 
0.1878914232224627 4 14 22 7 
-0.6001276579691698 4 14 22 10 
-0.1267981115135362 4 14 23 2 
0.0989704014337724 4 14 23 6 
0.5958547704923356 4 14 23 9 
-0.6134356421437018 4 15 2 17 
-1.4152970715076814 4 15 3 16 
-0.1141414843783102 4 15 3 23 
-2.0575853968026396 4 15 4 15 
0.0664797546847047 4 15 4 19 
0.4307195503819253 4 15 4 22 
-0.2728086473820794 4 15 5 14 
0.3961544776367372 4 15 5 18 
0.3365839943104000 4 15 5 21 
-0.2145519015569882 4 15 6 17 
0.3395959503186913 4 15 7 16 
-0.3183059195711286 4 15 7 23 
0.2086188094988284 4 15 9 17 
-0.1868974442137420 4 15 10 16 
-0.6530977058611501 4 15 10 23 
-0.4830982637444456 4 15 11 15 
0.3183059195711286 4 15 11 19 
0.2219743089850812 4 15 11 22 
0.2728086473820794 4 15 14 5 
2.0575853968026396 4 15 15 4 
0.4830982637444456 4 15 15 11 
1.4152970715076814 4 15 16 3 
-0.3395959503186913 4 15 16 7 
0.1868974442137420 4 15 16 10 
0.6134356421437018 4 15 17 2 
0.2145519015569882 4 15 17 6 
-0.2086188094988284 4 15 17 9 
-0.3961544776367372 4 15 18 5 
-0.0664797546847047 4 15 19 4 
-0.3183059195711286 4 15 19 11 
-0.3365839943104000 4 15 21 5 
-0.4307195503819253 4 15 22 4 
-0.2219743089850812 4 15 22 11 
0.1141414843783102 4 15 23 3 
0.3183059195711286 4 15 23 7 
0.6530977058611501 4 15 23 10 
-0.8355591292153783 4 16 3 17 
-2.8123149762934374 4 16 4 16 
-0.5972397481227559 4 16 4 23 
-0.8355591292153786 4 16 5 15 
0.5136496521077457 4 16 5 19 
0.7710331993908488 4 16 5 22 
0.5136496521077457 4 16 7 17 
0.7710331993908488 4 16 10 17 
-0.5972397481227559 4 16 11 16 
-0.7040215590145148 4 16 11 23 
0.8355591292153783 4 16 15 5 
2.8123149762934374 4 16 16 4 
0.5972397481227559 4 16 16 11 
0.8355591292153786 4 16 17 3 
-0.5136496521077457 4 16 17 7 
-0.7710331993908488 4 16 17 10 
-0.5136496521077457 4 16 19 5 
-0.7710331993908488 4 16 22 5 
0.5972397481227559 4 16 23 4 
0.7040215590145148 4 16 23 11 
-2.0272561098301698 4 17 4 17 
-1.8419668536902827 4 17 5 16 
-0.5977347221390407 4 17 5 23 
0.5977347221390407 4 17 11 17 
1.8419668536902827 4 17 16 5 
2.0272561098301698 4 17 17 4 
-0.5977347221390407 4 17 17 11 
0.5977347221390407 4 17 23 5 
0.0310649219739713 4 18 1 17 
-0.2632926047566703 4 18 2 16 
0.3206294064426383 4 18 2 23 
0.2297111077464075 4 18 3 15 
-0.4733116688260038 4 18 3 19 
-0.1683300470881411 4 18 3 22 
0.1008623227553118 4 18 4 14 
-0.8970423951995492 4 18 4 18 
-0.0614357696029788 4 18 4 21 
-0.5447145740817170 4 18 5 13 
0.1460021423079873 4 18 5 20 
-0.5397478718004343 4 18 6 16 
0.7538992541793572 4 18 6 23 
-1.1591629261731262 4 18 7 15 
1.3057918120269298 4 18 7 22 
-0.0925154304387824 4 18 8 17 
-0.2794874804167718 4 18 9 16 
0.1318342136098536 4 18 9 23 
-0.0059136346872488 4 18 10 15 
0.2842972934746928 4 18 10 19 
0.0274135389535451 4 18 10 22 
0.3817995218840574 4 18 11 14 
0.1641391189174960 4 18 11 18 
-0.1001797854213145 4 18 11 21 
0.5447145740817170 4 18 13 5 
-0.1008623227553118 4 18 14 4 
-0.3817995218840574 4 18 14 11 
-0.2297111077464075 4 18 15 3 
1.1591629261731262 4 18 15 7 
0.0059136346872488 4 18 15 10 
0.2632926047566703 4 18 16 2 
0.5397478718004343 4 18 16 6 
0.2794874804167718 4 18 16 9 
-0.0310649219739713 4 18 17 1 
0.0925154304387824 4 18 17 8 
0.8970423951995492 4 18 18 4 
-0.1641391189174960 4 18 18 11 
0.4733116688260038 4 18 19 3 
-0.2842972934746928 4 18 19 10 
-0.1460021423079873 4 18 20 5 
0.0614357696029788 4 18 21 4 
0.1001797854213145 4 18 21 11 
0.1683300470881411 4 18 22 3 
-1.3057918120269298 4 18 22 7 
-0.0274135389535451 4 18 22 10 
-0.3206294064426383 4 18 23 2 
-0.7538992541793572 4 18 23 6 
-0.1318342136098536 4 18 23 9 
-0.5557908367316601 4 19 2 17 
0.3395959503186913 4 19 3 16 
0.1359496812597291 4 19 3 23 
0.0664797546847047 4 19 4 15 
-1.3990652311619325 4 19 4 19 
0.0258285017654546 4 19 4 22 
-0.3522220436670849 4 19 5 14 
-0.3741857291563718 4 19 5 18 
-0.3059633094098332 4 19 5 21 
-0.9163987564831714 4 19 6 17 
-1.7692258201960225 4 19 7 16 
-0.7538992541793572 4 19 7 23 
-0.5181253877359930 4 19 9 17 
-0.1755748123440475 4 19 10 16 
-0.0184354645221181 4 19 10 23 
0.4988233134430267 4 19 11 15 
-0.1641391189174960 4 19 11 19 
0.0975715349934660 4 19 11 22 
0.3522220436670849 4 19 14 5 
-0.0664797546847047 4 19 15 4 
-0.4988233134430267 4 19 15 11 
-0.3395959503186913 4 19 16 3 
1.7692258201960225 4 19 16 7 
0.1755748123440475 4 19 16 10 
0.5557908367316601 4 19 17 2 
0.9163987564831714 4 19 17 6 
0.5181253877359930 4 19 17 9 
0.3741857291563718 4 19 18 5 
1.3990652311619325 4 19 19 4 
0.1641391189174960 4 19 19 11 
0.3059633094098332 4 19 21 5 
-0.0258285017654546 4 19 22 4 
-0.0975715349934660 4 19 22 11 
-0.1359496812597291 4 19 23 3 
0.7538992541793572 4 19 23 7 
0.0184354645221181 4 19 23 10 
-0.9817762125315213 4 20 0 17 
-0.2005416305950493 4 20 1 16 
-0.4925312873101582 4 20 1 23 
0.0737435190815130 4 20 2 15 
-0.3206294064426384 4 20 2 19 
-0.6714324891777179 4 20 2 22 
0.1671960768103334 4 20 3 14 
0.0778032563686964 4 20 3 18 
0.4054692984464331 4 20 3 21 
0.0749625910422659 4 20 4 13 
-1.5711225256007257 4 20 4 20 
-0.7997245486230264 4 20 5 12 
-0.2442902988536551 4 20 6 15 
-0.4050277246354249 4 20 6 19 
0.0675190424792119 4 20 6 22 
-0.3817995218840575 4 20 7 14 
-0.4050277246354249 4 20 7 18 
-0.4050529869813333 4 20 7 21 
-1.7429810932716732 4 20 8 16 
-0.2517225546498314 4 20 8 23 
0.5831259409084016 4 20 9 15 
-0.2382134113542835 4 20 9 19 
-0.4248510468825667 4 20 9 22 
-0.4447699273490021 4 20 10 14 
0.2085309863649051 4 20 10 18 
-0.2162449539404549 4 20 10 21 
-0.0172476497041354 4 20 11 13 
-0.0431164617077196 4 20 11 20 
0.7997245486230264 4 20 12 5 
-0.0749625910422659 4 20 13 4 
0.0172476497041354 4 20 13 11 
-0.1671960768103334 4 20 14 3 
0.3817995218840575 4 20 14 7 
0.4447699273490021 4 20 14 10 
-0.0737435190815130 4 20 15 2 
0.2442902988536551 4 20 15 6 
-0.5831259409084016 4 20 15 9 
0.2005416305950493 4 20 16 1 
1.7429810932716732 4 20 16 8 
0.9817762125315213 4 20 17 0 
-0.0778032563686964 4 20 18 3 
0.4050277246354249 4 20 18 7 
-0.2085309863649051 4 20 18 10 
0.3206294064426384 4 20 19 2 
0.4050277246354249 4 20 19 6 
0.2382134113542835 4 20 19 9 
1.5711225256007257 4 20 20 4 
0.0431164617077196 4 20 20 11 
-0.4054692984464331 4 20 21 3 
0.4050529869813333 4 20 21 7 
0.2162449539404549 4 20 21 10 
0.6714324891777179 4 20 22 2 
-0.0675190424792119 4 20 22 6 
0.4248510468825667 4 20 22 9 
0.4925312873101582 4 20 23 1 
0.2517225546498314 4 20 23 8 
-0.2588981318386350 4 21 1 17 
-1.0044046553548283 4 21 2 16 
-0.9730450732442246 4 21 2 23 
1.0981032142873999 4 21 3 15 
-0.2019009011513932 4 21 3 19 
-0.3389001982831610 4 21 3 22 
-0.4972803749603841 4 21 4 14 
-0.0614357696029788 4 21 4 18 
-1.5744548771131521 4 21 4 21 
0.0967762888984181 4 21 5 13 
0.5154638301267874 4 21 5 20 
-0.2794874804167718 4 21 6 16 
-0.3825568508039190 4 21 6 23 
-0.4349504787852131 4 21 7 15 
0.7015285975425725 4 21 7 19 
0.1559108628856662 4 21 7 22 
0.6898492131894587 4 21 8 17 
-1.6813319239600812 4 21 9 16 
-0.2570360104493457 4 21 9 23 
0.3207885131455403 4 21 10 15 
0.1891617096971435 4 21 10 19 
-0.4903844433157185 4 21 10 22 
-0.4553319126083512 4 21 11 14 
-0.3375318337051730 4 21 11 18 
-0.1875006461353084 4 21 11 21 
-0.0967762888984181 4 21 13 5 
0.4972803749603841 4 21 14 4 
0.4553319126083512 4 21 14 11 
-1.0981032142873999 4 21 15 3 
0.4349504787852131 4 21 15 7 
-0.3207885131455403 4 21 15 10 
1.0044046553548283 4 21 16 2 
0.2794874804167718 4 21 16 6 
1.6813319239600812 4 21 16 9 
0.2588981318386350 4 21 17 1 
-0.6898492131894587 4 21 17 8 
0.0614357696029788 4 21 18 4 
0.3375318337051730 4 21 18 11 
0.2019009011513932 4 21 19 3 
-0.7015285975425725 4 21 19 7 
-0.1891617096971435 4 21 19 10 
-0.5154638301267874 4 21 20 5 
1.5744548771131521 4 21 21 4 
0.1875006461353084 4 21 21 11 
0.3389001982831610 4 21 22 3 
-0.1559108628856662 4 21 22 7 
0.4903844433157185 4 21 22 10 
0.9730450732442246 4 21 23 2 
0.3825568508039190 4 21 23 6 
0.2570360104493457 4 21 23 9 
-0.5880837891081675 4 22 2 17 
-0.1868974442137420 4 22 3 16 
-0.6908490765015284 4 22 3 23 
0.4307195503819253 4 22 4 15 
0.0258285017654546 4 22 4 19 
-2.2159319302300413 4 22 4 22 
0.0428809852989391 4 22 5 14 
-0.2794232189505844 4 22 5 18 
0.1450759082872537 4 22 5 21 
-0.1789419808659589 4 22 6 17 
-0.1755748123440475 4 22 7 16 
0.2250226296680809 4 22 7 23 
0.2680681811361496 4 22 9 17 
-1.5273777958287367 4 22 10 16 
-0.0457731896074767 4 22 10 23 
-0.0169419523965004 4 22 11 15 
0.0197882833262523 4 22 11 19 
-0.3239146468636258 4 22 11 22 
-0.0428809852989391 4 22 14 5 
-0.4307195503819253 4 22 15 4 
0.0169419523965004 4 22 15 11 
0.1868974442137420 4 22 16 3 
0.1755748123440475 4 22 16 7 
1.5273777958287367 4 22 16 10 
0.5880837891081675 4 22 17 2 
0.1789419808659589 4 22 17 6 
-0.2680681811361496 4 22 17 9 
0.2794232189505844 4 22 18 5 
-0.0258285017654546 4 22 19 4 
-0.0197882833262523 4 22 19 11 
-0.1450759082872537 4 22 21 5 
2.2159319302300413 4 22 22 4 
0.3239146468636258 4 22 22 11 
0.6908490765015284 4 22 23 3 
-0.2250226296680809 4 22 23 7 
0.0457731896074767 4 22 23 10 
-0.0003913113185153 4 23 3 17 
-0.5972397481227559 4 23 4 16 
-1.7716941793658423 4 23 4 23 
0.9447102679451058 4 23 5 15 
0.1919709274208803 4 23 5 19 
-1.2179677226382328 4 23 5 22 
0.4949674633444236 4 23 7 17 
-0.2589414336017387 4 23 10 17 
-1.2207519349131672 4 23 11 16 
0.5545317547066538 4 23 11 23 
-0.9447102679451058 4 23 15 5 
0.5972397481227559 4 23 16 4 
1.2207519349131672 4 23 16 11 
0.0003913113185153 4 23 17 3 
-0.4949674633444236 4 23 17 7 
0.2589414336017387 4 23 17 10 
-0.1919709274208803 4 23 19 5 
1.2179677226382328 4 23 22 5 
1.7716941793658423 4 23 23 4 
-0.5545317547066538 4 23 23 11 
1.3108162600867685 5 0 0 5 
-0.6177502604412468 5 0 1 4 
0.1820516639084949 5 0 1 11 
0.3638618886884294 5 0 2 3 
0.4551936593899776 5 0 2 7 
0.1697018978974107 5 0 2 10 
-0.3638618886884293 5 0 3 2 
-0.4551936593899776 5 0 3 6 
0.1697018978974107 5 0 3 9 
0.6177502604412468 5 0 4 1 
0.1820516639084949 5 0 4 8 
-1.3108162600867685 5 0 5 0 
0.4551936593899776 5 0 6 3 
0.8066950523947048 5 0 6 7 
0.4331594916981370 5 0 6 10 
-0.4551936593899776 5 0 7 2 
-0.8066950523947048 5 0 7 6 
0.4331594916981370 5 0 7 9 
-0.1820516639084949 5 0 8 4 
1.7297058143828339 5 0 8 11 
-0.1697018978974107 5 0 9 3 
-0.4331594916981370 5 0 9 7 
-0.5388836340703608 5 0 9 10 
-0.1697018978974107 5 0 10 2 
-0.4331594916981370 5 0 10 6 
0.5388836340703608 5 0 10 9 
-0.1820516639084949 5 0 11 1 
-1.7297058143828339 5 0 11 8 
0.6930659996455216 5 1 1 5 
-0.3211462104681836 5 1 2 4 
0.3617296887850188 5 1 2 11 
0.4071375861291502 5 1 3 7 
0.3794649796093391 5 1 3 10 
0.3211462104681836 5 1 4 2 
-0.5757794960556882 5 1 4 6 
0.3556744207370531 5 1 4 9 
-0.6930659996455216 5 1 5 1 
0.1820516639084949 5 1 5 8 
0.5757794960556882 5 1 6 4 
0.3355238995197108 5 1 6 11 
-0.4071375861291502 5 1 7 3 
0.5811444411217741 5 1 7 10 
-0.1820516639084949 5 1 8 5 
-0.3556744207370531 5 1 9 4 
0.9224068945289231 5 1 9 11 
-0.3794649796093391 5 1 10 3 
-0.5811444411217741 5 1 10 7 
-0.3617296887850188 5 1 11 2 
-0.3355238995197108 5 1 11 6 
-0.9224068945289231 5 1 11 9 
0.4391776278927043 5 2 2 5 
-0.3406269947616223 5 2 3 4 
0.6160461676692053 5 2 3 11 
0.3406269947616223 5 2 4 3 
0.2035687930645751 5 2 4 7 
0.6309647744071063 5 2 4 10 
-0.4391776278927043 5 2 5 2 
-0.4551936593899776 5 2 5 6 
0.3926687395976451 5 2 5 9 
0.4551936593899776 5 2 6 5 
-0.2035687930645751 5 2 7 4 
0.4745024492010828 5 2 7 11 
-0.3926687395976451 5 2 9 5 
-0.6309647744071063 5 2 10 4 
0.6522401701346260 5 2 10 11 
-0.6160461676692053 5 2 11 3 
-0.4745024492010828 5 2 11 7 
-0.6522401701346260 5 2 11 10 
0.1852892561398869 5 3 3 5 
0.9451015792636208 5 3 4 11 
-0.1852892561398869 5 3 5 3 
0.7320725353924665 5 3 5 10 
-0.7320725353924665 5 3 10 5 
-0.9451015792636208 5 3 11 4 
0.1852892561398869 5 4 4 5 
-0.1852892561398869 5 4 5 4 
1.1954694442780811 5 4 5 11 
-1.1954694442780811 5 4 11 5 
0.4551936593899776 5 6 2 5 
-0.6107063791937254 5 6 3 4 
-0.0455935121061742 5 6 3 11 
0.6107063791937254 5 6 4 3 
0.5422130273267997 5 6 4 7 
-0.1004812380846255 5 6 4 10 
-0.4551936593899776 5 6 5 2 
-0.5997795608768500 5 6 5 6 
0.3079248623420184 5 6 5 9 
0.5997795608768500 5 6 6 5 
-0.5422130273267997 5 6 7 4 
1.3187437528649926 5 6 7 11 
-0.3079248623420184 5 6 9 5 
0.1004812380846255 5 6 10 4 
0.2593995367826311 5 6 10 11 
0.0455935121061742 5 6 11 3 
-1.3187437528649926 5 6 11 7 
-0.2593995367826311 5 6 11 10 
-0.3029965359235433 5 7 4 11 
0.6126456265118255 5 7 5 7 
0.3911668458634735 5 7 5 10 
-0.6126456265118255 5 7 7 5 
-0.3911668458634735 5 7 10 5 
0.3029965359235433 5 7 11 4 
-0.1820516639084949 5 8 1 5 
-0.0738807338978611 5 8 2 4 
-0.3757447073612723 5 8 2 11 
0.0455935121061742 5 8 3 7 
0.0479920092071885 5 8 3 10 
0.0738807338978611 5 8 4 2 
0.2385175727467696 5 8 4 6 
-0.1743853830626714 5 8 4 9 
0.1820516639084949 5 8 5 1 
0.3069369045556926 5 8 5 8 
-0.2385175727467696 5 8 6 4 
-0.0743511537798954 5 8 6 11 
-0.0455935121061742 5 8 7 3 
-0.1865323162196501 5 8 7 10 
-0.3069369045556926 5 8 8 5 
0.1743853830626714 5 8 9 4 
-0.2693093079607318 5 8 9 11 
-0.0479920092071885 5 8 10 3 
0.1865323162196501 5 8 10 7 
0.3757447073612723 5 8 11 2 
0.0743511537798954 5 8 11 6 
0.2693093079607318 5 8 11 9 
-0.3926687395976451 5 9 2 5 
-0.1279651848115716 5 9 3 4 
-0.6028169146176346 5 9 3 11 
0.1279651848115716 5 9 4 3 
0.2121620783261599 5 9 4 7 
-0.1229922728488958 5 9 4 10 
0.3926687395976451 5 9 5 2 
0.3079248623420184 5 9 5 6 
0.0818063430811169 5 9 5 9 
-0.3079248623420184 5 9 6 5 
-0.2121620783261599 5 9 7 4 
-0.2294589748690320 5 9 7 11 
-0.0818063430811169 5 9 9 5 
0.1229922728488958 5 9 10 4 
-0.3109716028928007 5 9 10 11 
0.6028169146176346 5 9 11 3 
0.2294589748690320 5 9 11 7 
0.3109716028928007 5 9 11 10 
-0.7320725353924665 5 10 3 5 
-0.9590262890364940 5 10 4 11 
0.7320725353924665 5 10 5 3 
0.3911668458634735 5 10 5 7 
-0.0557031983175495 5 10 5 10 
-0.3911668458634735 5 10 7 5 
0.0557031983175495 5 10 10 5 
0.9590262890364940 5 10 11 4 
-1.1954694442780811 5 11 4 5 
1.1954694442780811 5 11 5 4 
-1.2938008136553631 5 11 5 11 
1.2938008136553631 5 11 11 5 
-0.0083044476234146 5 12 0 17 
-0.4108469806597957 5 12 1 16 
0.9817762125315213 5 12 1 23 
0.1058269791544583 5 12 2 15 
0.0245589771932909 5 12 2 19 
-0.3965357459329589 5 12 2 22 
-0.2580349095339712 5 12 3 14 
-0.4306346821966868 5 12 3 18 
0.5662376438303697 5 12 3 21 
0.2069032797814511 5 12 4 13 
-0.7997245486230264 5 12 4 20 
-1.3191207077101830 5 12 5 12 
0.0245589771932909 5 12 6 15 
0.2011097956499427 5 12 6 19 
0.2093011159041839 5 12 6 22 
-0.4306346821966868 5 12 7 14 
-0.6055852567447623 5 12 7 18 
0.2238583757939532 5 12 7 21 
-0.9817762125315213 5 12 8 16 
1.5505139195846513 5 12 8 23 
0.3965357459329589 5 12 9 15 
-0.2093011159041839 5 12 9 19 
-0.2046531715768772 5 12 9 22 
-0.5662376438303697 5 12 10 14 
-0.2238583757939532 5 12 10 18 
0.3342304624934836 5 12 10 21 
0.7997245486230264 5 12 11 13 
-0.1791918947981832 5 12 11 20 
1.3191207077101830 5 12 12 5 
-0.2069032797814511 5 12 13 4 
-0.7997245486230264 5 12 13 11 
0.2580349095339712 5 12 14 3 
0.4306346821966868 5 12 14 7 
0.5662376438303697 5 12 14 10 
-0.1058269791544582 5 12 15 2 
-0.0245589771932909 5 12 15 6 
-0.3965357459329589 5 12 15 9 
0.4108469806597957 5 12 16 1 
0.9817762125315213 5 12 16 8 
0.0083044476234146 5 12 17 0 
0.4306346821966868 5 12 18 3 
0.6055852567447623 5 12 18 7 
0.2238583757939532 5 12 18 10 
-0.0245589771932909 5 12 19 2 
-0.2011097956499427 5 12 19 6 
0.2093011159041839 5 12 19 9 
0.7997245486230264 5 12 20 4 
0.1791918947981832 5 12 20 11 
-0.5662376438303697 5 12 21 3 
-0.2238583757939532 5 12 21 7 
-0.3342304624934836 5 12 21 10 
0.3965357459329589 5 12 22 2 
-0.2093011159041839 5 12 22 6 
0.2046531715768772 5 12 22 9 
-0.9817762125315213 5 12 23 1 
-1.5505139195846513 5 12 23 8 
-0.4191514282832103 5 13 1 17 
-0.3858231746659416 5 13 2 16 
0.9347043256344042 5 13 2 23 
-0.2042083674258880 5 13 3 15 
-0.1596363590949229 5 13 3 19 
-0.0255501848392007 5 13 3 22 
-0.0646769641977580 5 13 4 14 
-0.5447145740817170 5 13 4 18 
0.0967762888984183 5 13 4 21 
-1.1122174279287322 5 13 5 13 
-0.7997245486230264 5 13 5 20 
0.0310649219739713 5 13 6 16 
0.1621239472479065 5 13 6 23 
-0.5667739452240731 5 13 7 15 
-0.1808869252477176 5 13 7 19 
0.2938273228288526 5 13 7 22 
-0.9817762125315213 5 13 8 17 
-0.2588981318386347 5 13 9 16 
1.0424992526696730 5 13 9 23 
-0.4050151644485397 5 13 10 15 
-0.2873171182929216 5 13 10 19 
0.1158974523319191 5 13 10 22 
0.5729746368493853 5 13 11 14 
-0.1733999522718044 5 13 11 18 
0.1200923581407499 5 13 11 21 
1.1122174279287322 5 13 13 5 
0.0646769641977580 5 13 14 4 
-0.5729746368493853 5 13 14 11 
0.2042083674258880 5 13 15 3 
0.5667739452240731 5 13 15 7 
0.4050151644485397 5 13 15 10 
0.3858231746659416 5 13 16 2 
-0.0310649219739713 5 13 16 6 
0.2588981318386347 5 13 16 9 
0.4191514282832103 5 13 17 1 
0.9817762125315213 5 13 17 8 
0.5447145740817170 5 13 18 4 
0.1733999522718044 5 13 18 11 
0.1596363590949229 5 13 19 3 
0.1808869252477176 5 13 19 7 
0.2873171182929216 5 13 19 10 
0.7997245486230264 5 13 20 5 
-0.0967762888984183 5 13 21 4 
-0.1200923581407499 5 13 21 11 
0.0255501848392007 5 13 22 3 
-0.2938273228288526 5 13 22 7 
-0.1158974523319191 5 13 22 10 
-0.9347043256344042 5 13 23 2 
-0.1621239472479065 5 13 23 6 
-1.0424992526696730 5 13 23 9 
-0.7241714297885479 5 14 2 17 
-0.6134356421437017 5 14 3 16 
0.9757574216682700 5 14 3 23 
-0.2728086473820793 5 14 4 15 
-0.3522220436670849 5 14 4 19 
0.0428809852989389 5 14 4 22 
-1.1633490576812522 5 14 5 14 
-0.4306346821966869 5 14 5 18 
-0.4132208956216356 5 14 5 21 
0.0245589771932908 5 14 6 17 
-0.5557908367316601 5 14 7 16 
0.2372512246005414 5 14 7 23 
-0.8058896352192806 5 14 9 17 
-0.5880837891081674 5 14 10 16 
0.8081306961200683 5 14 10 23 
0.3597112539990646 5 14 11 15 
-0.2372512246005414 5 14 11 19 
0.1558905259854422 5 14 11 22 
1.1633490576812522 5 14 14 5 
0.2728086473820793 5 14 15 4 
-0.3597112539990646 5 14 15 11 
0.6134356421437017 5 14 16 3 
0.5557908367316601 5 14 16 7 
0.5880837891081674 5 14 16 10 
0.7241714297885479 5 14 17 2 
-0.0245589771932908 5 14 17 6 
0.8058896352192806 5 14 17 9 
0.4306346821966869 5 14 18 5 
0.3522220436670849 5 14 19 4 
0.2372512246005414 5 14 19 11 
0.4132208956216356 5 14 21 5 
-0.0428809852989389 5 14 22 4 
-0.1558905259854422 5 14 22 11 
-0.9757574216682700 5 14 23 3 
-0.2372512246005414 5 14 23 7 
-0.8081306961200683 5 14 23 10 
-1.1813993616733984 5 15 3 17 
-0.8355591292153783 5 15 4 16 
0.9447102679451057 5 15 4 23 
-1.3666886178132853 5 15 5 15 
-0.4060757050033961 5 15 5 19 
-0.2435189977242247 5 15 5 22 
-0.4060757050033961 5 15 7 17 
-0.9755915331166914 5 15 10 17 
-0.0003913113185152 5 15 11 16 
0.5565779120871285 5 15 11 23 
1.3666886178132853 5 15 15 5 
0.8355591292153783 5 15 16 4 
0.0003913113185152 5 15 16 11 
1.1813993616733984 5 15 17 3 
0.4060757050033961 5 15 17 7 
0.9755915331166914 5 15 17 10 
0.4060757050033961 5 15 19 5 
0.2435189977242247 5 15 22 5 
-0.9447102679451057 5 15 23 4 
-0.5565779120871285 5 15 23 11 
-1.8419668536902827 5 16 4 17 
-2.0272561098301698 5 16 5 16 
0.5977347221390407 5 16 5 23 
-0.5977347221390407 5 16 11 17 
2.0272561098301698 5 16 16 5 
1.8419668536902827 5 16 17 4 
0.5977347221390407 5 16 17 11 
-0.5977347221390407 5 16 23 5 
-3.8692229635204516 5 17 5 17 
3.8692229635204516 5 17 17 5 
0.0245589771932909 5 18 2 17 
-0.2145519015569882 5 18 3 16 
0.2389830494637161 5 18 3 23 
0.3961544776367372 5 18 4 15 
-0.3741857291563718 5 18 4 19 
-0.2794232189505844 5 18 4 22 
-0.4306346821966868 5 18 5 14 
-0.7297014498787547 5 18 5 18 
0.1884879552231468 5 18 5 21 
-0.1299218890019048 5 18 6 17 
-0.9163987564831714 5 18 7 16 
1.6857699805314355 5 18 7 23 
-0.1194369071188716 5 18 9 17 
-0.1789419808659589 5 18 10 16 
0.1473951316959303 5 18 10 23 
0.2845765615698904 5 18 11 15 
0.3670262276664426 5 18 11 19 
-0.1120044050867008 5 18 11 22 
0.4306346821966868 5 18 14 5 
-0.3961544776367372 5 18 15 4 
-0.2845765615698904 5 18 15 11 
0.2145519015569882 5 18 16 3 
0.9163987564831714 5 18 16 7 
0.1789419808659589 5 18 16 10 
-0.0245589771932909 5 18 17 2 
0.1299218890019048 5 18 17 6 
0.1194369071188716 5 18 17 9 
0.7297014498787547 5 18 18 5 
0.3741857291563718 5 18 19 4 
-0.3670262276664426 5 18 19 11 
-0.1884879552231468 5 18 21 5 
0.2794232189505844 5 18 22 4 
0.1120044050867008 5 18 22 11 
-0.2389830494637161 5 18 23 3 
-1.6857699805314355 5 18 23 7 
-0.1473951316959303 5 18 23 10 
-0.4060757050033961 5 19 3 17 
0.5136496521077457 5 19 4 16 
0.1919709274208803 5 19 4 23 
-0.4060757050033961 5 19 5 15 
-1.5664061764827280 5 19 5 19 
-0.2478334016190206 5 19 5 22 
-2.1790518029945538 5 19 7 17 
-0.6390002474824942 5 19 10 17 
0.4949674633444236 5 19 11 16 
0.0612985366039654 5 19 11 23 
0.4060757050033961 5 19 15 5 
-0.5136496521077457 5 19 16 4 
-0.4949674633444236 5 19 16 11 
0.4060757050033961 5 19 17 3 
2.1790518029945538 5 19 17 7 
0.6390002474824942 5 19 17 10 
1.5664061764827280 5 19 19 5 
0.2478334016190206 5 19 22 5 
-0.1919709274208803 5 19 23 4 
-0.0612985366039654 5 19 23 11 
-0.9817762125315213 5 20 1 17 
0.6176201664521721 5 20 2 16 
-0.3893801716987215 5 20 2 23 
-0.5273327033390883 5 20 3 15 
-0.2389830494637161 5 20 3 19 
-0.2756474824203968 5 20 3 22 
0.6915009003500333 5 20 4 14 
0.1460021423079873 5 20 4 18 
0.5154638301267874 5 20 4 21 
-0.7997245486230263 5 20 5 13 
-1.9703990915313929 5 20 5 20 
-0.0925154304387824 5 20 6 16 
0.3486272878429985 5 20 6 23 
-0.2845765615698903 5 20 7 15 
-0.9056695250568760 5 20 7 19 
-0.4528630066897992 5 20 7 22 
-2.2773359960870847 5 20 8 17 
0.6898492131894587 5 20 9 16 
-0.3249724206745277 5 20 9 23 
-0.3236394916275853 5 20 10 15 
-0.2663306904701491 5 20 10 19 
-0.1935635387372201 5 20 10 22 
-0.0136354643374492 5 20 11 14 
0.4229784416228939 5 20 11 18 
-0.0556631127137958 5 20 11 21 
0.7997245486230263 5 20 13 5 
-0.6915009003500333 5 20 14 4 
0.0136354643374492 5 20 14 11 
0.5273327033390883 5 20 15 3 
0.2845765615698903 5 20 15 7 
0.3236394916275853 5 20 15 10 
-0.6176201664521721 5 20 16 2 
0.0925154304387824 5 20 16 6 
-0.6898492131894587 5 20 16 9 
0.9817762125315213 5 20 17 1 
2.2773359960870847 5 20 17 8 
-0.1460021423079873 5 20 18 4 
-0.4229784416228939 5 20 18 11 
0.2389830494637161 5 20 19 3 
0.9056695250568760 5 20 19 7 
0.2663306904701491 5 20 19 10 
1.9703990915313929 5 20 20 5 
-0.5154638301267874 5 20 21 4 
0.0556631127137958 5 20 21 11 
0.2756474824203968 5 20 22 3 
0.4528630066897992 5 20 22 7 
0.1935635387372201 5 20 22 10 
0.3893801716987215 5 20 23 2 
-0.3486272878429985 5 20 23 6 
0.3249724206745277 5 20 23 9 
-0.8058896352192806 5 21 2 17 
0.2086188094988284 5 21 3 16 
-0.9500737232624755 5 21 3 23 
0.3365839943104000 5 21 4 15 
-0.3059633094098332 5 21 4 19 
0.1450759082872537 5 21 4 22 
-0.4132208956216356 5 21 5 14 
0.1884879552231468 5 21 5 18 
-1.3049381483136142 5 21 5 21 
-0.1194369071188716 5 21 6 17 
-0.5181253877359930 5 21 7 16 
-0.2515829482067949 5 21 7 23 
-1.3867444913947311 5 21 9 17 
0.2680681811361496 5 21 10 16 
-0.5688093678485058 5 21 10 23 
-0.3472568086448409 5 21 11 15 
-0.0221239733377629 5 21 11 19 
-0.2578377649557052 5 21 11 22 
0.4132208956216356 5 21 14 5 
-0.3365839943104000 5 21 15 4 
0.3472568086448409 5 21 15 11 
-0.2086188094988284 5 21 16 3 
0.5181253877359930 5 21 16 7 
-0.2680681811361496 5 21 16 10 
0.8058896352192806 5 21 17 2 
0.1194369071188716 5 21 17 6 
1.3867444913947311 5 21 17 9 
-0.1884879552231468 5 21 18 5 
0.3059633094098332 5 21 19 4 
0.0221239733377629 5 21 19 11 
1.3049381483136142 5 21 21 5 
-0.1450759082872537 5 21 22 4 
0.2578377649557052 5 21 22 11 
0.9500737232624755 5 21 23 3 
0.2515829482067949 5 21 23 7 
0.5688093678485058 5 21 23 10 
-0.9755915331166914 5 22 3 17 
0.7710331993908488 5 22 4 16 
-1.2179677226382328 5 22 4 23 
-0.2435189977242247 5 22 5 15 
-0.2478334016190206 5 22 5 19 
-1.1427383518997023 5 22 5 22 
-0.6390002474824942 5 22 7 17 
-1.0870351535821527 5 22 10 17 
-0.2589414336017387 5 22 11 16 
-0.7158974169740153 5 22 11 23 
0.2435189977242247 5 22 15 5 
-0.7710331993908488 5 22 16 4 
0.2589414336017387 5 22 16 11 
0.9755915331166914 5 22 17 3 
0.6390002474824942 5 22 17 7 
1.0870351535821527 5 22 17 10 
0.2478334016190206 5 22 19 5 
1.1427383518997023 5 22 22 5 
1.2179677226382328 5 22 23 4 
0.7158974169740153 5 22 23 11 
-0.5977347221390407 5 23 4 17 
0.5977347221390407 5 23 5 16 
-2.7151279205650520 5 23 5 23 
-1.4213271069096887 5 23 11 17 
-0.5977347221390407 5 23 16 5 
0.5977347221390407 5 23 17 4 
1.4213271069096887 5 23 17 11 
2.7151279205650520 5 23 23 5 
-0.6126456265118255 6 0 0 6 
0.3911668458634735 6 0 0 9 
-0.3029965359235433 6 0 1 8 
0.6126456265118255 6 0 6 0 
0.3029965359235433 6 0 8 1 
-0.3911668458634735 6 0 9 0 
-0.2035687930645751 6 1 0 3 
-0.5422130273267997 6 1 0 7 
0.2121620783261599 6 1 0 10 
0.2731161956339865 6 1 1 2 
-0.3701605890340903 6 1 1 6 
0.2014033141095020 6 1 1 9 
-0.2731161956339865 6 1 2 1 
-0.3628736321832975 6 1 2 8 
0.2035687930645751 6 1 3 0 
0.3701605890340903 6 1 6 1 
-0.5897601352618611 6 1 6 8 
0.5422130273267997 6 1 7 0 
0.3628736321832975 6 1 8 2 
0.5897601352618611 6 1 8 6 
-0.1160069995155840 6 1 8 9 
-0.2014033141095020 6 1 9 1 
0.1160069995155840 6 1 9 8 
-0.2121620783261599 6 1 10 0 
-0.4071375861291502 6 2 0 4 
0.0455935121061742 6 2 0 11 
0.2574964186462183 6 2 1 3 
-0.6858512573471222 6 2 1 7 
0.2330495776338199 6 2 1 10 
-0.1276755515563551 6 2 2 6 
0.0366123774119671 6 2 2 9 
-0.2574964186462183 6 2 3 1 
-0.3632587073286083 6 2 3 8 
0.4071375861291502 6 2 4 0 
0.1276755515563551 6 2 6 2 
-0.7223057010131744 6 2 6 9 
0.6858512573471222 6 2 7 1 
-0.4170233909171576 6 2 7 8 
0.3632587073286083 6 2 8 3 
0.4170233909171576 6 2 8 7 
-0.1640586720451480 6 2 8 10 
-0.0366123774119671 6 2 9 2 
0.7223057010131744 6 2 9 6 
-0.2330495776338199 6 2 10 1 
0.1640586720451480 6 2 10 8 
-0.0455935121061742 6 2 11 0 
-0.4551936593899776 6 3 0 5 
-0.0910387318779955 6 3 1 4 
0.0611701154414191 6 3 1 11 
0.3641549275119821 6 3 2 3 
-0.7274551124332052 6 3 2 7 
0.2097275124616475 6 3 2 10 
-0.3641549275119822 6 3 3 2 
0.1148094859213800 6 3 3 6 
-0.1032059642291312 6 3 3 9 
0.0910387318779955 6 3 4 1 
-0.3220935552223515 6 3 4 8 
0.4551936593899776 6 3 5 0 
-0.1148094859213800 6 3 6 3 
-0.7223057010131746 6 3 6 10 
0.7274551124332052 6 3 7 2 
-0.7223057010131746 6 3 7 9 
0.3220935552223515 6 3 8 4 
-0.1420789777022381 6 3 8 11 
0.1032059642291312 6 3 9 3 
0.7223057010131746 6 3 9 7 
-0.1420789777022381 6 3 9 10 
-0.2097275124616475 6 3 10 2 
0.7223057010131746 6 3 10 6 
0.1420789777022381 6 3 10 9 
-0.0611701154414191 6 3 11 1 
0.1420789777022381 6 3 11 8 
-0.5757794960556882 6 4 1 5 
0.3641549275119820 6 4 2 4 
0.0611701154414191 6 4 2 11 
-0.6858512573471222 6 4 3 7 
0.1624164124008923 6 4 3 10 
-0.3641549275119820 6 4 4 2 
0.3572945233991149 6 4 4 6 
-0.2180517108137930 6 4 4 9 
0.5757794960556882 6 4 5 1 
-0.2385175727467696 6 4 5 8 
-0.3572945233991149 6 4 6 4 
-0.5897601352618611 6 4 6 11 
0.6858512573471222 6 4 7 3 
-1.0214945185522371 6 4 7 10 
0.2385175727467696 6 4 8 5 
0.2180517108137930 6 4 9 4 
-0.2320139990311680 6 4 9 11 
-0.1624164124008923 6 4 10 3 
1.0214945185522371 6 4 10 7 
-0.0611701154414191 6 4 11 2 
0.5897601352618611 6 4 11 6 
0.2320139990311680 6 4 11 9 
-0.4551936593899776 6 5 2 5 
0.6107063791937254 6 5 3 4 
0.0455935121061742 6 5 3 11 
-0.6107063791937254 6 5 4 3 
-0.5422130273267997 6 5 4 7 
0.1004812380846255 6 5 4 10 
0.4551936593899776 6 5 5 2 
0.5997795608768500 6 5 5 6 
-0.3079248623420184 6 5 5 9 
-0.5997795608768500 6 5 6 5 
0.5422130273267997 6 5 7 4 
-1.3187437528649926 6 5 7 11 
0.3079248623420184 6 5 9 5 
-0.1004812380846255 6 5 10 4 
-0.2593995367826311 6 5 10 11 
-0.0455935121061742 6 5 11 3 
1.3187437528649926 6 5 11 7 
0.2593995367826311 6 5 11 10 
-0.8066950523947050 6 7 0 5 
0.8066950523947048 6 7 1 4 
-0.8066950523947048 6 7 2 3 
0.8066950523947048 6 7 3 2 
-0.8066950523947048 6 7 4 1 
0.8066950523947050 6 7 5 0 
-1.5146433973387663 6 7 6 7 
1.5146433973387663 6 7 7 6 
-0.6427480852585211 6 7 8 11 
0.6427480852585211 6 7 9 10 
-0.6427480852585211 6 7 10 9 
0.6427480852585211 6 7 11 8 
-0.4745024492010828 6 8 0 3 
-1.3187437528649926 6 8 0 7 
-0.2294589748690320 6 8 0 10 
0.6366118391422571 6 8 1 2 
0.5897601352618611 6 8 1 6 
0.2052343463418286 6 8 1 9 
-0.6366118391422571 6 8 2 1 
-0.1256798565577799 6 8 2 8 
0.4745024492010828 6 8 3 0 
-0.5897601352618611 6 8 6 1 
-0.2717098130151846 6 8 6 8 
1.3187437528649926 6 8 7 0 
0.1256798565577799 6 8 8 2 
0.2717098130151846 6 8 8 6 
-0.3129051043754301 6 8 8 9 
-0.2052343463418286 6 8 9 1 
0.3129051043754301 6 8 9 8 
0.2294589748690320 6 8 10 0 
-0.5811444411217741 6 9 0 4 
-0.1865323162196501 6 9 0 11 
0.3675480166980848 6 9 1 3 
-1.0214945185522371 6 9 1 7 
-0.0332508468114773 6 9 1 10 
0.7223057010131744 6 9 2 6 
0.1491917558183705 6 9 2 9 
-0.3675480166980848 6 9 3 1 
-0.1586971993979569 6 9 3 8 
0.5811444411217741 6 9 4 0 
-0.7223057010131744 6 9 6 2 
-0.0883012114808741 6 9 6 9 
1.0214945185522371 6 9 7 1 
-0.3176730164025809 6 9 7 8 
0.1586971993979569 6 9 8 3 
0.3176730164025809 6 9 8 7 
-0.2709837693629437 6 9 8 10 
-0.1491917558183705 6 9 9 2 
0.0883012114808741 6 9 9 6 
0.0332508468114773 6 9 10 1 
0.2709837693629437 6 9 10 8 
0.1865323162196501 6 9 11 0 
-0.4331594916981370 6 10 0 5 
-0.0866318983396274 6 10 1 4 
-0.1668395756270498 6 10 1 11 
0.3465275933585096 6 10 2 3 
-0.7223057010131746 6 10 2 7 
0.0786560580365985 6 10 2 10 
-0.3465275933585096 6 10 3 2 
0.7223057010131746 6 10 3 6 
0.0470237985211814 6 10 3 9 
0.0866318983396274 6 10 4 1 
-0.1410119438856932 6 10 4 8 
0.4331594916981370 6 10 5 0 
-0.7223057010131746 6 10 6 3 
0.0951073900534364 6 10 6 10 
0.7223057010131746 6 10 7 2 
-0.3668172030686210 6 10 7 9 
0.1410119438856932 6 10 8 4 
-0.1564525521877151 6 10 8 11 
-0.0470237985211814 6 10 9 3 
0.3668172030686210 6 10 9 7 
-0.1564525521877151 6 10 9 10 
-0.0786560580365985 6 10 10 2 
-0.0951073900534364 6 10 10 6 
0.1564525521877151 6 10 10 9 
0.1668395756270498 6 10 11 1 
0.1564525521877151 6 10 11 8 
-0.3355238995197108 6 11 1 5 
0.2122039463807523 6 11 2 4 
-0.1021679572971892 6 11 2 11 
-0.4170233909171576 6 11 3 7 
0.1043987939289113 6 11 3 10 
-0.2122039463807523 6 11 4 2 
0.5897601352618611 6 11 4 6 
-0.0450250170987460 6 11 4 9 
0.3355238995197108 6 11 5 1 
-0.0743511537798954 6 11 5 8 
-0.5897601352618611 6 11 6 4 
0.2785159915877468 6 11 6 11 
0.4170233909171576 6 11 7 3 
-0.3176730164025809 6 11 7 10 
0.0743511537798954 6 11 8 5 
0.0450250170987460 6 11 9 4 
-0.1564525521877151 6 11 9 11 
-0.1043987939289113 6 11 10 3 
0.3176730164025809 6 11 10 7 
0.1021679572971892 6 11 11 2 
-0.2785159915877468 6 11 11 6 
0.1564525521877151 6 11 11 9 
-0.4060757050033961 6 12 0 14 
-2.1790518029945538 6 12 0 18 
0.6390002474824942 6 12 0 21 
0.5136496521077457 6 12 1 13 
-0.4949674633444236 6 12 1 20 
-0.4060757050033961 6 12 2 12 
-1.5664061764827280 6 12 6 12 
-0.1919709274208803 6 12 8 13 
0.0612985366039654 6 12 8 20 
0.2478334016190206 6 12 9 12 
0.4060757050033961 6 12 12 2 
1.5664061764827280 6 12 12 6 
-0.2478334016190206 6 12 12 9 
-0.5136496521077457 6 12 13 1 
0.1919709274208803 6 12 13 8 
0.4060757050033961 6 12 14 0 
2.1790518029945538 6 12 18 0 
0.4949674633444236 6 12 20 1 
-0.0612985366039654 6 12 20 8 
-0.6390002474824942 6 12 21 0 
-0.5557908367316601 6 13 0 15 
-0.9163987564831714 6 13 0 19 
0.5181253877359930 6 13 0 22 
0.3395959503186913 6 13 1 14 
-1.7692258201960225 6 13 1 18 
0.1755748123440475 6 13 1 21 
0.0664797546847047 6 13 2 13 
-0.4988233134430267 6 13 2 20 
-0.3522220436670849 6 13 3 12 
-1.3990652311619325 6 13 6 13 
0.1641391189174960 6 13 6 20 
-0.3741857291563718 6 13 7 12 
-0.1359496812597291 6 13 8 14 
0.7538992541793572 6 13 8 18 
-0.0184354645221181 6 13 8 21 
-0.0258285017654546 6 13 9 13 
0.0975715349934660 6 13 9 20 
0.3059633094098332 6 13 10 12 
0.3522220436670849 6 13 12 3 
0.3741857291563718 6 13 12 7 
-0.3059633094098332 6 13 12 10 
-0.0664797546847047 6 13 13 2 
1.3990652311619325 6 13 13 6 
0.0258285017654546 6 13 13 9 
-0.3395959503186913 6 13 14 1 
0.1359496812597291 6 13 14 8 
0.5557908367316601 6 13 15 0 
1.7692258201960225 6 13 18 1 
-0.7538992541793572 6 13 18 8 
0.9163987564831714 6 13 19 0 
0.4988233134430267 6 13 20 2 
-0.1641391189174960 6 13 20 6 
-0.0975715349934660 6 13 20 9 
-0.1755748123440475 6 13 21 1 
0.0184354645221181 6 13 21 8 
-0.5181253877359930 6 13 22 0 
-0.5667739452240730 6 14 0 16 
0.2845765615698903 6 14 0 23 
0.0138926554499054 6 14 1 15 
-1.1591629261731262 6 14 1 19 
0.4349504787852131 6 14 1 22 
0.3248605640027167 6 14 2 14 
-1.3593998373974931 6 14 2 18 
-0.1319816206853124 6 14 2 21 
-0.2436037631963129 6 14 3 13 
-0.3940955058352610 6 14 3 20 
-0.1596363590949228 6 14 4 12 
-1.2317242858411379 6 14 6 14 
0.2010285440889373 6 14 6 21 
-0.4733116688260038 6 14 7 13 
0.1160638840445465 6 14 7 20 
-0.0308367985066526 6 14 8 15 
0.5330872749617042 6 14 8 19 
-0.0596462751958754 6 14 8 22 
-0.1685939980972796 6 14 9 14 
0.9233342451021118 6 14 9 18 
0.0387685985807467 6 14 9 21 
0.2019009011513932 6 14 10 13 
0.1044123968492727 6 14 10 20 
0.2389830494637161 6 14 11 12 
0.1596363590949228 6 14 12 4 
-0.2389830494637161 6 14 12 11 
0.2436037631963129 6 14 13 3 
0.4733116688260038 6 14 13 7 
-0.2019009011513932 6 14 13 10 
-0.3248605640027167 6 14 14 2 
1.2317242858411379 6 14 14 6 
0.1685939980972796 6 14 14 9 
-0.0138926554499054 6 14 15 1 
0.0308367985066526 6 14 15 8 
0.5667739452240730 6 14 16 0 
1.3593998373974931 6 14 18 2 
-0.9233342451021118 6 14 18 9 
1.1591629261731262 6 14 19 1 
-0.5330872749617042 6 14 19 8 
0.3940955058352610 6 14 20 3 
-0.1160638840445465 6 14 20 7 
-0.1044123968492727 6 14 20 10 
0.1319816206853124 6 14 21 2 
-0.2010285440889373 6 14 21 6 
-0.0387685985807467 6 14 21 9 
-0.4349504787852131 6 14 22 1 
0.0596462751958754 6 14 22 8 
-0.2845765615698903 6 14 23 0 
-0.4306346821966868 6 15 0 17 
-0.3297723594413749 6 15 1 16 
0.3817995218840575 6 15 1 23 
0.3445077457573495 6 15 2 15 
-1.2294779483955882 6 15 2 19 
0.2275311463804097 6 15 2 22 
-0.0196471817546327 6 15 3 14 
-0.9495738545989637 6 15 3 18 
-0.2836690516055855 6 15 3 21 
-0.2387336275633793 6 15 4 13 
-0.2442902988536551 6 15 4 20 
0.0245589771932909 6 15 5 12 
-1.0643833405203438 6 15 6 15 
0.2010285440889373 6 15 6 22 
-0.5020228359623832 6 15 7 14 
0.2010285440889373 6 15 7 21 
0.0778032563686964 6 15 8 16 
-0.0613473392059324 6 15 8 23 
-0.1804630873764543 6 15 9 15 
0.9233342451021119 6 15 9 19 
-0.0419630399155591 6 15 9 22 
0.0178036339187621 6 15 10 14 
0.9233342451021119 6 15 10 18 
0.1001159377866791 6 15 10 21 
0.3206294064426384 6 15 11 13 
0.0807316384963057 6 15 11 20 
-0.0245589771932909 6 15 12 5 
0.2387336275633793 6 15 13 4 
-0.3206294064426384 6 15 13 11 
0.0196471817546327 6 15 14 3 
0.5020228359623832 6 15 14 7 
-0.0178036339187621 6 15 14 10 
-0.3445077457573495 6 15 15 2 
1.0643833405203438 6 15 15 6 
0.1804630873764543 6 15 15 9 
0.3297723594413749 6 15 16 1 
-0.0778032563686964 6 15 16 8 
0.4306346821966868 6 15 17 0 
0.9495738545989637 6 15 18 3 
-0.9233342451021119 6 15 18 10 
1.2294779483955882 6 15 19 2 
-0.9233342451021119 6 15 19 9 
0.2442902988536551 6 15 20 4 
-0.0807316384963057 6 15 20 11 
0.2836690516055855 6 15 21 3 
-0.2010285440889373 6 15 21 7 
-0.1001159377866791 6 15 21 10 
-0.2275311463804097 6 15 22 2 
-0.2010285440889373 6 15 22 6 
0.0419630399155591 6 15 22 9 
-0.3817995218840575 6 15 23 1 
0.0613473392059324 6 15 23 8 
-0.5447145740817170 6 16 1 17 
0.1008623227553118 6 16 2 16 
0.3817995218840574 6 16 2 23 
0.2297111077464075 6 16 3 15 
-1.1591629261731262 6 16 3 19 
-0.0059136346872488 6 16 3 22 
-0.2632926047566703 6 16 4 14 
-0.5397478718004343 6 16 4 18 
-0.2794874804167718 6 16 4 21 
0.0310649219739713 6 16 5 13 
-0.0925154304387824 6 16 5 20 
-0.8970423951995492 6 16 6 16 
0.1641391189174960 6 16 6 23 
-0.4733116688260038 6 16 7 15 
0.2842972934746928 6 16 7 22 
0.1460021423079873 6 16 8 17 
-0.0614357696029788 6 16 9 16 
-0.1001797854213145 6 16 9 23 
-0.1683300470881411 6 16 10 15 
1.3057918120269298 6 16 10 19 
0.0274135389535451 6 16 10 22 
0.3206294064426383 6 16 11 14 
0.7538992541793572 6 16 11 18 
0.1318342136098536 6 16 11 21 
-0.0310649219739713 6 16 13 5 
0.2632926047566703 6 16 14 4 
-0.3206294064426383 6 16 14 11 
-0.2297111077464075 6 16 15 3 
0.4733116688260038 6 16 15 7 
0.1683300470881411 6 16 15 10 
-0.1008623227553118 6 16 16 2 
0.8970423951995492 6 16 16 6 
0.0614357696029788 6 16 16 9 
0.5447145740817170 6 16 17 1 
-0.1460021423079873 6 16 17 8 
0.5397478718004343 6 16 18 4 
-0.7538992541793572 6 16 18 11 
1.1591629261731262 6 16 19 3 
-1.3057918120269298 6 16 19 10 
0.0925154304387824 6 16 20 5 
0.2794874804167718 6 16 21 4 
-0.1318342136098536 6 16 21 11 
0.0059136346872488 6 16 22 3 
-0.2842972934746928 6 16 22 7 
-0.0274135389535451 6 16 22 10 
-0.3817995218840574 6 16 23 2 
-0.1641391189174960 6 16 23 6 
0.1001797854213145 6 16 23 9 
-0.4306346821966868 6 17 2 17 
0.3961544776367372 6 17 3 16 
0.2845765615698904 6 17 3 23 
-0.2145519015569882 6 17 4 15 
-0.9163987564831714 6 17 4 19 
-0.1789419808659589 6 17 4 22 
0.0245589771932909 6 17 5 14 
-0.1299218890019048 6 17 5 18 
-0.1194369071188716 6 17 5 21 
-0.7297014498787547 6 17 6 17 
-0.3741857291563718 6 17 7 16 
0.3670262276664426 6 17 7 23 
0.1884879552231468 6 17 9 17 
-0.2794232189505844 6 17 10 16 
-0.1120044050867008 6 17 10 23 
0.2389830494637161 6 17 11 15 
1.6857699805314355 6 17 11 19 
0.1473951316959303 6 17 11 22 
-0.0245589771932909 6 17 14 5 
0.2145519015569882 6 17 15 4 
-0.2389830494637161 6 17 15 11 
-0.3961544776367372 6 17 16 3 
0.3741857291563718 6 17 16 7 
0.2794232189505844 6 17 16 10 
0.4306346821966868 6 17 17 2 
0.7297014498787547 6 17 17 6 
-0.1884879552231468 6 17 17 9 
0.1299218890019048 6 17 18 5 
0.9163987564831714 6 17 19 4 
-1.6857699805314355 6 17 19 11 
0.1194369071188716 6 17 21 5 
0.1789419808659589 6 17 22 4 
-0.1473951316959303 6 17 22 11 
-0.2845765615698904 6 17 23 3 
-0.3670262276664426 6 17 23 7 
0.1120044050867008 6 17 23 10 
-0.1808869252477176 6 18 0 16 
0.9056695250568760 6 18 0 23 
0.2288058730909619 6 18 1 15 
-0.7015285975425725 6 18 1 22 
-0.2426852766568917 6 18 2 14 
0.4960556285186413 6 18 2 21 
0.2288058730909619 6 18 3 13 
-0.2863978506582666 6 18 3 20 
-0.1808869252477176 6 18 4 12 
-3.3218629183164934 6 18 6 18 
0.2913263612051061 6 18 6 21 
-0.5045920591914066 6 18 7 20 
-0.2863978506582666 6 18 8 15 
-0.5045920591914066 6 18 8 19 
0.0772067199929142 6 18 8 22 
0.4960556285186413 6 18 9 14 
0.2913263612051061 6 18 9 18 
-0.0891506411423141 6 18 9 21 
-0.7015285975425725 6 18 10 13 
0.0772067199929142 6 18 10 20 
0.9056695250568760 6 18 11 12 
0.1808869252477176 6 18 12 4 
-0.9056695250568760 6 18 12 11 
-0.2288058730909619 6 18 13 3 
0.7015285975425725 6 18 13 10 
0.2426852766568917 6 18 14 2 
-0.4960556285186413 6 18 14 9 
-0.2288058730909619 6 18 15 1 
0.2863978506582666 6 18 15 8 
0.1808869252477176 6 18 16 0 
3.3218629183164934 6 18 18 6 
-0.2913263612051061 6 18 18 9 
0.5045920591914066 6 18 19 8 
0.2863978506582666 6 18 20 3 
0.5045920591914066 6 18 20 7 
-0.0772067199929142 6 18 20 10 
-0.4960556285186413 6 18 21 2 
-0.2913263612051061 6 18 21 6 
0.0891506411423141 6 18 21 9 
0.7015285975425725 6 18 22 1 
-0.0772067199929142 6 18 22 8 
-0.9056695250568760 6 18 23 0 
-0.6055852567447623 6 19 0 17 
0.5246901645257984 6 19 1 16 
0.4050277246354249 6 19 1 23 
-0.4437950723068345 6 19 2 15 
-0.4960556285186414 6 19 2 22 
0.3628999800878705 6 19 3 14 
0.4960556285186414 6 19 3 21 
-0.2820048878689067 6 19 4 13 
-0.4050277246354249 6 19 4 20 
0.2011097956499428 6 19 5 12 
-2.4182531578276305 6 19 6 19 
0.2913263612051062 6 19 6 22 
-0.9036097604888638 6 19 7 18 
-0.2913263612051062 6 19 7 21 
-0.4050277246354249 6 19 8 16 
-0.2545110617725250 6 19 8 23 
0.4960556285186414 6 19 9 15 
-0.2913263612051062 6 19 9 19 
0.2990863823436821 6 19 9 22 
-0.4960556285186414 6 19 10 14 
0.2913263612051062 6 19 10 18 
-0.3436617029148392 6 19 10 21 
0.4050277246354249 6 19 11 13 
0.3882370234859963 6 19 11 20 
-0.2011097956499428 6 19 12 5 
0.2820048878689067 6 19 13 4 
-0.4050277246354249 6 19 13 11 
-0.3628999800878705 6 19 14 3 
0.4960556285186414 6 19 14 10 
0.4437950723068345 6 19 15 2 
-0.4960556285186414 6 19 15 9 
-0.5246901645257984 6 19 16 1 
0.4050277246354249 6 19 16 8 
0.6055852567447623 6 19 17 0 
0.9036097604888638 6 19 18 7 
-0.2913263612051062 6 19 18 10 
2.4182531578276305 6 19 19 6 
0.2913263612051062 6 19 19 9 
0.4050277246354249 6 19 20 4 
-0.3882370234859963 6 19 20 11 
-0.4960556285186414 6 19 21 3 
0.2913263612051062 6 19 21 7 
0.3436617029148392 6 19 21 10 
0.4960556285186414 6 19 22 2 
-0.2913263612051062 6 19 22 6 
-0.2990863823436821 6 19 22 9 
-0.4050277246354249 6 19 23 1 
0.2545110617725250 6 19 23 8 
-0.2372512246005414 6 20 0 15 
-1.6857699805314355 6 20 0 19 
-0.2515829482067949 6 20 0 22 
0.3183059195711286 6 20 1 14 
0.7538992541793572 6 20 1 18 
0.2250226296680809 6 20 1 21 
-0.3183059195711286 6 20 2 13 
-0.1377976558165154 6 20 2 20 
0.2372512246005414 6 20 3 12 
0.1641391189174960 6 20 6 13 
-0.9644175927358349 6 20 6 20 
-0.3670262276664426 6 20 7 12 
-0.0121177992587356 6 20 8 14 
-0.6927077797206503 6 20 8 18 
-0.1564525521877151 6 20 8 21 
0.0197882833262523 6 20 9 13 
0.1564525521877151 6 20 9 20 
-0.0221239733377629 6 20 10 12 
-0.2372512246005414 6 20 12 3 
0.3670262276664426 6 20 12 7 
0.0221239733377629 6 20 12 10 
0.3183059195711286 6 20 13 2 
-0.1641391189174960 6 20 13 6 
-0.0197882833262523 6 20 13 9 
-0.3183059195711286 6 20 14 1 
0.0121177992587356 6 20 14 8 
0.2372512246005414 6 20 15 0 
-0.7538992541793572 6 20 18 1 
0.6927077797206503 6 20 18 8 
1.6857699805314355 6 20 19 0 
0.1377976558165154 6 20 20 2 
0.9644175927358349 6 20 20 6 
-0.1564525521877151 6 20 20 9 
-0.2250226296680809 6 20 21 1 
0.1564525521877151 6 20 21 8 
0.2515829482067949 6 20 22 0 
-0.2938273228288526 6 21 0 16 
-0.4528630066897992 6 21 0 23 
0.1878914232224627 6 21 1 15 
-1.3057918120269298 6 21 1 19 
0.1559108628856662 6 21 1 22 
-0.0043671779669308 6 21 2 14 
0.9233342451021118 6 21 2 18 
0.0275520274094149 6 21 2 21 
-0.1796565934756221 6 21 3 13 
-0.0954646841209102 6 21 3 20 
0.2873171182929216 6 21 4 12 
0.2010285440889373 6 21 6 14 
0.2913263612051061 6 21 6 18 
-1.1184969379212748 6 21 6 21 
-0.2842972934746928 6 21 7 13 
0.2668732542581253 6 21 7 20 
0.0632325152770467 6 21 8 15 
0.5845462706607063 6 21 8 19 
0.0117958236871889 6 21 8 22 
-0.1216397284089557 6 21 9 14 
-1.0301957264404009 6 21 9 18 
-0.1700731961499388 6 21 9 21 
0.1891617096971435 6 21 10 13 
0.2827795930501327 6 21 10 20 
-0.2663306904701491 6 21 11 12 
-0.2873171182929216 6 21 12 4 
0.2663306904701491 6 21 12 11 
0.1796565934756221 6 21 13 3 
0.2842972934746928 6 21 13 7 
-0.1891617096971435 6 21 13 10 
0.0043671779669308 6 21 14 2 
-0.2010285440889373 6 21 14 6 
0.1216397284089557 6 21 14 9 
-0.1878914232224627 6 21 15 1 
-0.0632325152770467 6 21 15 8 
0.2938273228288526 6 21 16 0 
-0.9233342451021118 6 21 18 2 
-0.2913263612051061 6 21 18 6 
1.0301957264404009 6 21 18 9 
1.3057918120269298 6 21 19 1 
-0.5845462706607063 6 21 19 8 
0.0954646841209102 6 21 20 3 
-0.2668732542581253 6 21 20 7 
-0.2827795930501327 6 21 20 10 
-0.0275520274094149 6 21 21 2 
1.1184969379212748 6 21 21 6 
0.1700731961499388 6 21 21 9 
-0.1559108628856662 6 21 22 1 
-0.0117958236871889 6 21 22 8 
0.4528630066897992 6 21 23 0 
-0.2238583757939532 6 22 0 17 
-0.0389487712028829 6 22 1 16 
-0.4050529869813333 6 22 1 23 
0.1718080706902779 6 22 2 15 
-0.9233342451021119 6 22 2 19 
0.3582889126307167 6 22 2 22 
-0.1747195226682318 6 22 3 14 
0.9233342451021119 6 22 3 18 
-0.2204912568142013 6 22 3 21 
0.0476831271367445 6 22 4 13 
0.0675190424792119 6 22 4 20 
0.2093011159041839 6 22 5 12 
0.2010285440889373 6 22 6 15 
0.2913263612051062 6 22 6 19 
-1.2725762831067151 6 22 6 22 
-0.2010285440889373 6 22 7 14 
0.2913263612051062 6 22 7 18 
0.3081586903708802 6 22 7 21 
0.2085309863649051 6 22 8 16 
0.1768835181310507 6 22 8 23 
-0.2675150553353826 6 22 9 15 
0.6749758934395013 6 22 9 19 
-0.1632628741688270 6 22 9 22 
0.2796328545941182 6 22 10 14 
-1.3676836731601518 6 22 10 18 
-0.0068103219811119 6 22 10 21 
-0.2382134113542835 6 22 11 13 
0.3333360703187658 6 22 11 20 
-0.2093011159041839 6 22 12 5 
-0.0476831271367445 6 22 13 4 
0.2382134113542835 6 22 13 11 
0.1747195226682318 6 22 14 3 
0.2010285440889373 6 22 14 7 
-0.2796328545941182 6 22 14 10 
-0.1718080706902779 6 22 15 2 
-0.2010285440889373 6 22 15 6 
0.2675150553353826 6 22 15 9 
0.0389487712028829 6 22 16 1 
-0.2085309863649051 6 22 16 8 
0.2238583757939532 6 22 17 0 
-0.9233342451021119 6 22 18 3 
-0.2913263612051062 6 22 18 7 
1.3676836731601518 6 22 18 10 
0.9233342451021119 6 22 19 2 
-0.2913263612051062 6 22 19 6 
-0.6749758934395013 6 22 19 9 
-0.0675190424792119 6 22 20 4 
-0.3333360703187658 6 22 20 11 
0.2204912568142013 6 22 21 3 
-0.3081586903708802 6 22 21 7 
0.0068103219811119 6 22 21 10 
-0.3582889126307167 6 22 22 2 
1.2725762831067151 6 22 22 6 
0.1632628741688270 6 22 22 9 
0.4050529869813333 6 22 23 1 
-0.1768835181310507 6 22 23 8 
-0.1733999522718044 6 23 1 17 
0.1132335449469799 6 23 2 16 
-0.2480432842236160 6 23 2 23 
-0.0075641741244195 6 23 3 15 
-0.5330872749617042 6 23 3 19 
0.3500660570721861 6 23 3 22 
-0.0989704014337724 6 23 4 14 
0.7538992541793572 6 23 4 18 
-0.3825568508039190 6 23 4 21 
0.1621239472479065 6 23 5 13 
0.3486272878429985 6 23 5 20 
0.1641391189174960 6 23 6 16 
-1.4266556282921552 6 23 6 23 
-0.1160638840445465 6 23 7 15 
0.5045920591914066 6 23 7 19 
0.2668732542581253 6 23 7 22 
0.4229784416228939 6 23 8 17 
-0.3375318337051730 6 23 9 16 
0.1768835181310507 6 23 9 23 
0.2456672631432748 6 23 10 15 
0.5845462706607063 6 23 10 19 
-0.2945754167373216 6 23 10 22 
-0.1458753269264268 6 23 11 14 
-1.7051716198799021 6 23 11 18 
0.3333360703187658 6 23 11 21 
-0.1621239472479065 6 23 13 5 
0.0989704014337724 6 23 14 4 
0.1458753269264268 6 23 14 11 
0.0075641741244195 6 23 15 3 
0.1160638840445465 6 23 15 7 
-0.2456672631432748 6 23 15 10 
-0.1132335449469799 6 23 16 2 
-0.1641391189174960 6 23 16 6 
0.3375318337051730 6 23 16 9 
0.1733999522718044 6 23 17 1 
-0.4229784416228939 6 23 17 8 
-0.7538992541793572 6 23 18 4 
1.7051716198799021 6 23 18 11 
0.5330872749617042 6 23 19 3 
-0.5045920591914066 6 23 19 7 
-0.5845462706607063 6 23 19 10 
-0.3486272878429985 6 23 20 5 
0.3825568508039190 6 23 21 4 
-0.3333360703187658 6 23 21 11 
-0.3500660570721861 6 23 22 3 
-0.2668732542581253 6 23 22 7 
0.2945754167373216 6 23 22 10 
0.2480432842236160 6 23 23 2 
1.4266556282921552 6 23 23 6 
-0.1768835181310507 6 23 23 9 
0.4551936593899776 7 0 0 3 
0.5997795608768500 7 0 0 7 
0.3079248623420184 7 0 0 10 
-0.6107063791937254 7 0 1 2 
-0.5422130273267997 7 0 1 6 
-0.1004812380846255 7 0 1 9 
0.6107063791937254 7 0 2 1 
-0.0455935121061742 7 0 2 8 
-0.4551936593899776 7 0 3 0 
0.5422130273267997 7 0 6 1 
1.3187437528649926 7 0 6 8 
-0.5997795608768500 7 0 7 0 
0.0455935121061742 7 0 8 2 
-1.3187437528649926 7 0 8 6 
0.2593995367826311 7 0 8 9 
0.1004812380846255 7 0 9 1 
-0.2593995367826311 7 0 9 8 
-0.3079248623420184 7 0 10 0 
0.5757794960556882 7 1 0 4 
0.2385175727467696 7 1 0 11 
-0.3641549275119820 7 1 1 3 
0.3572945233991149 7 1 1 7 
0.2180517108137930 7 1 1 10 
-0.6858512573471222 7 1 2 6 
-0.1624164124008923 7 1 2 9 
0.3641549275119820 7 1 3 1 
-0.0611701154414191 7 1 3 8 
-0.5757794960556882 7 1 4 0 
0.6858512573471222 7 1 6 2 
1.0214945185522371 7 1 6 9 
-0.3572945233991149 7 1 7 1 
0.5897601352618611 7 1 7 8 
0.0611701154414191 7 1 8 3 
-0.5897601352618611 7 1 8 7 
0.2320139990311680 7 1 8 10 
0.1624164124008923 7 1 9 2 
-1.0214945185522371 7 1 9 6 
-0.2180517108137930 7 1 10 1 
-0.2320139990311680 7 1 10 8 
-0.2385175727467696 7 1 11 0 
0.4551936593899776 7 2 0 5 
0.0910387318779955 7 2 1 4 
0.3220935552223515 7 2 1 11 
-0.3641549275119821 7 2 2 3 
0.1148094859213800 7 2 2 7 
0.1032059642291312 7 2 2 10 
0.3641549275119822 7 2 3 2 
-0.7274551124332052 7 2 3 6 
-0.2097275124616475 7 2 3 9 
-0.0910387318779955 7 2 4 1 
-0.0611701154414191 7 2 4 8 
-0.4551936593899776 7 2 5 0 
0.7274551124332052 7 2 6 3 
0.7223057010131746 7 2 6 10 
-0.1148094859213800 7 2 7 2 
0.7223057010131746 7 2 7 9 
0.0611701154414191 7 2 8 4 
0.1420789777022381 7 2 8 11 
0.2097275124616475 7 2 9 3 
-0.7223057010131746 7 2 9 7 
0.1420789777022381 7 2 9 10 
-0.1032059642291312 7 2 10 2 
-0.7223057010131746 7 2 10 6 
-0.1420789777022381 7 2 10 9 
-0.3220935552223515 7 2 11 1 
-0.1420789777022381 7 2 11 8 
0.4071375861291502 7 3 1 5 
-0.2574964186462183 7 3 2 4 
0.3632587073286083 7 3 2 11 
-0.1276755515563551 7 3 3 7 
-0.0366123774119671 7 3 3 10 
0.2574964186462183 7 3 4 2 
-0.6858512573471222 7 3 4 6 
-0.2330495776338199 7 3 4 9 
-0.4071375861291502 7 3 5 1 
-0.0455935121061742 7 3 5 8 
0.6858512573471222 7 3 6 4 
0.4170233909171576 7 3 6 11 
0.1276755515563551 7 3 7 3 
0.7223057010131744 7 3 7 10 
0.0455935121061742 7 3 8 5 
0.2330495776338199 7 3 9 4 
0.1640586720451480 7 3 9 11 
0.0366123774119671 7 3 10 3 
-0.7223057010131744 7 3 10 7 
-0.3632587073286083 7 3 11 2 
-0.4170233909171576 7 3 11 6 
-0.1640586720451480 7 3 11 9 
0.2035687930645751 7 4 2 5 
-0.2731161956339865 7 4 3 4 
0.3628736321832975 7 4 3 11 
0.2731161956339865 7 4 4 3 
-0.3701605890340903 7 4 4 7 
-0.2014033141095020 7 4 4 10 
-0.2035687930645751 7 4 5 2 
-0.5422130273267997 7 4 5 6 
-0.2121620783261599 7 4 5 9 
0.5422130273267997 7 4 6 5 
0.3701605890340903 7 4 7 4 
0.5897601352618611 7 4 7 11 
0.2121620783261599 7 4 9 5 
0.2014033141095020 7 4 10 4 
0.1160069995155840 7 4 10 11 
-0.3628736321832975 7 4 11 3 
-0.5897601352618611 7 4 11 7 
-0.1160069995155840 7 4 11 10 
0.3029965359235433 7 5 4 11 
-0.6126456265118255 7 5 5 7 
-0.3911668458634735 7 5 5 10 
0.6126456265118255 7 5 7 5 
0.3911668458634735 7 5 10 5 
-0.3029965359235433 7 5 11 4 
0.8066950523947050 7 6 0 5 
-0.8066950523947048 7 6 1 4 
0.8066950523947048 7 6 2 3 
-0.8066950523947048 7 6 3 2 
0.8066950523947048 7 6 4 1 
-0.8066950523947050 7 6 5 0 
1.5146433973387663 7 6 6 7 
-1.5146433973387663 7 6 7 6 
0.6427480852585211 7 6 8 11 
-0.6427480852585211 7 6 9 10 
0.6427480852585211 7 6 10 9 
-0.6427480852585211 7 6 11 8 
-0.3355238995197108 7 8 0 4 
-0.0743511537798954 7 8 0 11 
0.2122039463807523 7 8 1 3 
-0.5897601352618611 7 8 1 7 
-0.0450250170987460 7 8 1 10 
0.4170233909171576 7 8 2 6 
0.1043987939289113 7 8 2 9 
-0.2122039463807523 7 8 3 1 
-0.1021679572971892 7 8 3 8 
0.3355238995197108 7 8 4 0 
-0.4170233909171576 7 8 6 2 
-0.3176730164025809 7 8 6 9 
0.5897601352618611 7 8 7 1 
0.2785159915877468 7 8 7 8 
0.1021679572971892 7 8 8 3 
-0.2785159915877468 7 8 8 7 
-0.1564525521877151 7 8 8 10 
-0.1043987939289113 7 8 9 2 
0.3176730164025809 7 8 9 6 
0.0450250170987460 7 8 10 1 
0.1564525521877151 7 8 10 8 
0.0743511537798954 7 8 11 0 
-0.4331594916981370 7 9 0 5 
-0.0866318983396274 7 9 1 4 
-0.1410119438856932 7 9 1 11 
0.3465275933585096 7 9 2 3 
-0.7223057010131746 7 9 2 7 
0.0470237985211814 7 9 2 10 
-0.3465275933585096 7 9 3 2 
0.7223057010131746 7 9 3 6 
0.0786560580365985 7 9 3 9 
0.0866318983396274 7 9 4 1 
-0.1668395756270498 7 9 4 8 
0.4331594916981370 7 9 5 0 
-0.7223057010131746 7 9 6 3 
-0.3668172030686210 7 9 6 10 
0.7223057010131746 7 9 7 2 
0.0951073900534364 7 9 7 9 
0.1668395756270498 7 9 8 4 
-0.1564525521877151 7 9 8 11 
-0.0786560580365985 7 9 9 3 
-0.0951073900534364 7 9 9 7 
-0.1564525521877151 7 9 9 10 
-0.0470237985211814 7 9 10 2 
0.3668172030686210 7 9 10 6 
0.1564525521877151 7 9 10 9 
0.1410119438856932 7 9 11 1 
0.1564525521877151 7 9 11 8 
-0.5811444411217741 7 10 1 5 
0.3675480166980848 7 10 2 4 
-0.1586971993979569 7 10 2 11 
-0.7223057010131744 7 10 3 7 
0.1491917558183705 7 10 3 10 
-0.3675480166980848 7 10 4 2 
1.0214945185522371 7 10 4 6 
-0.0332508468114773 7 10 4 9 
0.5811444411217741 7 10 5 1 
-0.1865323162196501 7 10 5 8 
-1.0214945185522371 7 10 6 4 
-0.3176730164025809 7 10 6 11 
0.7223057010131744 7 10 7 3 
-0.0883012114808741 7 10 7 10 
0.1865323162196501 7 10 8 5 
0.0332508468114773 7 10 9 4 
-0.2709837693629437 7 10 9 11 
-0.1491917558183705 7 10 10 3 
0.0883012114808741 7 10 10 7 
0.1586971993979569 7 10 11 2 
0.3176730164025809 7 10 11 6 
0.2709837693629437 7 10 11 9 
-0.4745024492010828 7 11 2 5 
0.6366118391422571 7 11 3 4 
-0.1256798565577799 7 11 3 11 
-0.6366118391422571 7 11 4 3 
-0.5897601352618611 7 11 4 7 
0.2052343463418286 7 11 4 10 
0.4745024492010828 7 11 5 2 
1.3187437528649926 7 11 5 6 
-0.2294589748690320 7 11 5 9 
-1.3187437528649926 7 11 6 5 
0.5897601352618611 7 11 7 4 
-0.2717098130151846 7 11 7 11 
0.2294589748690320 7 11 9 5 
-0.2052343463418286 7 11 10 4 
-0.3129051043754301 7 11 10 11 
0.1256798565577799 7 11 11 3 
0.2717098130151846 7 11 11 7 
0.3129051043754301 7 11 11 10 
0.0245589771932909 7 12 0 15 
-0.1299218890019048 7 12 0 19 
0.1194369071188716 7 12 0 22 
-0.2145519015569882 7 12 1 14 
-0.9163987564831714 7 12 1 18 
0.1789419808659589 7 12 1 21 
0.3961544776367372 7 12 2 13 
-0.2845765615698904 7 12 2 20 
-0.4306346821966868 7 12 3 12 
-0.3741857291563718 7 12 6 13 
-0.3670262276664426 7 12 6 20 
-0.7297014498787547 7 12 7 12 
-0.2389830494637161 7 12 8 14 
-1.6857699805314355 7 12 8 18 
0.1473951316959303 7 12 8 21 
0.2794232189505844 7 12 9 13 
-0.1120044050867008 7 12 9 20 
-0.1884879552231468 7 12 10 12 
0.4306346821966868 7 12 12 3 
0.7297014498787547 7 12 12 7 
0.1884879552231468 7 12 12 10 
-0.3961544776367372 7 12 13 2 
0.3741857291563718 7 12 13 6 
-0.2794232189505844 7 12 13 9 
0.2145519015569882 7 12 14 1 
0.2389830494637161 7 12 14 8 
-0.0245589771932909 7 12 15 0 
0.9163987564831714 7 12 18 1 
1.6857699805314355 7 12 18 8 
0.1299218890019048 7 12 19 0 
0.2845765615698904 7 12 20 2 
0.3670262276664426 7 12 20 6 
0.1120044050867008 7 12 20 9 
-0.1789419808659589 7 12 21 1 
-0.1473951316959303 7 12 21 8 
-0.1194369071188716 7 12 22 0 
0.0310649219739713 7 13 0 16 
0.0925154304387824 7 13 0 23 
-0.2632926047566703 7 13 1 15 
-0.5397478718004343 7 13 1 19 
0.2794874804167718 7 13 1 22 
0.2297111077464075 7 13 2 14 
-1.1591629261731262 7 13 2 18 
0.0059136346872488 7 13 2 21 
0.1008623227553118 7 13 3 13 
-0.3817995218840574 7 13 3 20 
-0.5447145740817170 7 13 4 12 
-0.4733116688260038 7 13 6 14 
-0.2842972934746928 7 13 6 21 
-0.8970423951995492 7 13 7 13 
-0.1641391189174960 7 13 7 20 
-0.3206294064426383 7 13 8 15 
-0.7538992541793572 7 13 8 19 
0.1318342136098536 7 13 8 22 
0.1683300470881411 7 13 9 14 
-1.3057918120269298 7 13 9 18 
0.0274135389535451 7 13 9 21 
0.0614357696029788 7 13 10 13 
-0.1001797854213145 7 13 10 20 
-0.1460021423079873 7 13 11 12 
0.5447145740817170 7 13 12 4 
0.1460021423079873 7 13 12 11 
-0.1008623227553118 7 13 13 3 
0.8970423951995492 7 13 13 7 
-0.0614357696029788 7 13 13 10 
-0.2297111077464075 7 13 14 2 
0.4733116688260038 7 13 14 6 
-0.1683300470881411 7 13 14 9 
0.2632926047566703 7 13 15 1 
0.3206294064426383 7 13 15 8 
-0.0310649219739713 7 13 16 0 
1.1591629261731262 7 13 18 2 
1.3057918120269298 7 13 18 9 
0.5397478718004343 7 13 19 1 
0.7538992541793572 7 13 19 8 
0.3817995218840574 7 13 20 3 
0.1641391189174960 7 13 20 7 
0.1001797854213145 7 13 20 10 
-0.0059136346872488 7 13 21 2 
0.2842972934746928 7 13 21 6 
-0.0274135389535451 7 13 21 9 
-0.2794874804167718 7 13 22 1 
-0.1318342136098536 7 13 22 8 
-0.0925154304387824 7 13 23 0 
0.0245589771932909 7 14 0 17 
-0.2387336275633793 7 14 1 16 
0.2442902988536551 7 14 1 23 
-0.0196471817546327 7 14 2 15 
-0.9495738545989637 7 14 2 19 
0.2836690516055855 7 14 2 22 
0.3445077457573495 7 14 3 14 
-1.2294779483955882 7 14 3 18 
-0.2275311463804097 7 14 3 21 
-0.3297723594413749 7 14 4 13 
-0.3817995218840575 7 14 4 20 
-0.4306346821966868 7 14 5 12 
-0.5020228359623832 7 14 6 15 
-0.2010285440889373 7 14 6 22 
-1.0643833405203438 7 14 7 14 
-0.2010285440889373 7 14 7 21 
-0.3206294064426384 7 14 8 16 
0.0807316384963057 7 14 8 23 
-0.0178036339187621 7 14 9 15 
-0.9233342451021119 7 14 9 19 
0.1001159377866791 7 14 9 22 
0.1804630873764543 7 14 10 14 
-0.9233342451021119 7 14 10 18 
-0.0419630399155591 7 14 10 21 
-0.0778032563686964 7 14 11 13 
-0.0613473392059324 7 14 11 20 
0.4306346821966868 7 14 12 5 
0.3297723594413749 7 14 13 4 
0.0778032563686964 7 14 13 11 
-0.3445077457573495 7 14 14 3 
1.0643833405203438 7 14 14 7 
-0.1804630873764543 7 14 14 10 
0.0196471817546327 7 14 15 2 
0.5020228359623832 7 14 15 6 
0.0178036339187621 7 14 15 9 
0.2387336275633793 7 14 16 1 
0.3206294064426384 7 14 16 8 
-0.0245589771932909 7 14 17 0 
1.2294779483955882 7 14 18 3 
0.9233342451021119 7 14 18 10 
0.9495738545989637 7 14 19 2 
0.9233342451021119 7 14 19 9 
0.3817995218840575 7 14 20 4 
0.0613473392059324 7 14 20 11 
0.2275311463804097 7 14 21 3 
0.2010285440889373 7 14 21 7 
0.0419630399155591 7 14 21 10 
-0.2836690516055855 7 14 22 2 
0.2010285440889373 7 14 22 6 
-0.1001159377866791 7 14 22 9 
-0.2442902988536551 7 14 23 1 
-0.0807316384963057 7 14 23 8 
-0.1596363590949228 7 15 1 17 
-0.2436037631963129 7 15 2 16 
0.3940955058352610 7 15 2 23 
0.3248605640027167 7 15 3 15 
-1.3593998373974931 7 15 3 19 
0.1319816206853124 7 15 3 22 
0.0138926554499054 7 15 4 14 
-1.1591629261731262 7 15 4 18 
-0.4349504787852131 7 15 4 21 
-0.5667739452240730 7 15 5 13 
-0.2845765615698903 7 15 5 20 
-0.4733116688260038 7 15 6 16 
-0.1160638840445465 7 15 6 23 
-1.2317242858411379 7 15 7 15 
-0.2010285440889373 7 15 7 22 
-0.2389830494637161 7 15 8 17 
-0.2019009011513932 7 15 9 16 
0.1044123968492727 7 15 9 23 
0.1685939980972796 7 15 10 15 
-0.9233342451021118 7 15 10 19 
0.0387685985807467 7 15 10 22 
0.0308367985066526 7 15 11 14 
-0.5330872749617042 7 15 11 18 
-0.0596462751958754 7 15 11 21 
0.5667739452240730 7 15 13 5 
-0.0138926554499054 7 15 14 4 
-0.0308367985066526 7 15 14 11 
-0.3248605640027167 7 15 15 3 
1.2317242858411379 7 15 15 7 
-0.1685939980972796 7 15 15 10 
0.2436037631963129 7 15 16 2 
0.4733116688260038 7 15 16 6 
0.2019009011513932 7 15 16 9 
0.1596363590949228 7 15 17 1 
0.2389830494637161 7 15 17 8 
1.1591629261731262 7 15 18 4 
0.5330872749617042 7 15 18 11 
1.3593998373974931 7 15 19 3 
0.9233342451021118 7 15 19 10 
0.2845765615698903 7 15 20 5 
0.4349504787852131 7 15 21 4 
0.0596462751958754 7 15 21 11 
-0.1319816206853124 7 15 22 3 
0.2010285440889373 7 15 22 7 
-0.0387685985807467 7 15 22 10 
-0.3940955058352610 7 15 23 2 
0.1160638840445465 7 15 23 6 
-0.1044123968492727 7 15 23 9 
-0.3522220436670849 7 16 2 17 
0.0664797546847047 7 16 3 16 
0.4988233134430267 7 16 3 23 
0.3395959503186913 7 16 4 15 
-1.7692258201960225 7 16 4 19 
-0.1755748123440475 7 16 4 22 
-0.5557908367316601 7 16 5 14 
-0.9163987564831714 7 16 5 18 
-0.5181253877359930 7 16 5 21 
-0.3741857291563718 7 16 6 17 
-1.3990652311619325 7 16 7 16 
-0.1641391189174960 7 16 7 23 
-0.3059633094098332 7 16 9 17 
0.0258285017654546 7 16 10 16 
0.0975715349934660 7 16 10 23 
0.1359496812597291 7 16 11 15 
-0.7538992541793572 7 16 11 19 
-0.0184354645221181 7 16 11 22 
0.5557908367316601 7 16 14 5 
-0.3395959503186913 7 16 15 4 
-0.1359496812597291 7 16 15 11 
-0.0664797546847047 7 16 16 3 
1.3990652311619325 7 16 16 7 
-0.0258285017654546 7 16 16 10 
0.3522220436670849 7 16 17 2 
0.3741857291563718 7 16 17 6 
0.3059633094098332 7 16 17 9 
0.9163987564831714 7 16 18 5 
1.7692258201960225 7 16 19 4 
0.7538992541793572 7 16 19 11 
0.5181253877359930 7 16 21 5 
0.1755748123440475 7 16 22 4 
0.0184354645221181 7 16 22 11 
-0.4988233134430267 7 16 23 3 
0.1641391189174960 7 16 23 7 
-0.0975715349934660 7 16 23 10 
-0.4060757050033961 7 17 3 17 
0.5136496521077457 7 17 4 16 
0.4949674633444236 7 17 4 23 
-0.4060757050033961 7 17 5 15 
-2.1790518029945538 7 17 5 19 
-0.6390002474824942 7 17 5 22 
-1.5664061764827280 7 17 7 17 
-0.2478334016190206 7 17 10 17 
0.1919709274208803 7 17 11 16 
0.0612985366039654 7 17 11 23 
0.4060757050033961 7 17 15 5 
-0.5136496521077457 7 17 16 4 
-0.1919709274208803 7 17 16 11 
0.4060757050033961 7 17 17 3 
1.5664061764827280 7 17 17 7 
0.2478334016190206 7 17 17 10 
2.1790518029945538 7 17 19 5 
0.6390002474824942 7 17 22 5 
-0.4949674633444236 7 17 23 4 
-0.0612985366039654 7 17 23 11 
0.2011097956499428 7 18 0 17 
-0.2820048878689067 7 18 1 16 
0.4050277246354249 7 18 1 23 
0.3628999800878705 7 18 2 15 
-0.4960556285186414 7 18 2 22 
-0.4437950723068345 7 18 3 14 
0.4960556285186414 7 18 3 21 
0.5246901645257984 7 18 4 13 
-0.4050277246354249 7 18 4 20 
-0.6055852567447623 7 18 5 12 
-0.9036097604888638 7 18 6 19 
0.2913263612051062 7 18 6 22 
-2.4182531578276305 7 18 7 18 
-0.2913263612051062 7 18 7 21 
-0.4050277246354249 7 18 8 16 
0.3882370234859963 7 18 8 23 
0.4960556285186414 7 18 9 15 
-0.2913263612051062 7 18 9 19 
-0.3436617029148392 7 18 9 22 
-0.4960556285186414 7 18 10 14 
0.2913263612051062 7 18 10 18 
0.2990863823436821 7 18 10 21 
0.4050277246354249 7 18 11 13 
-0.2545110617725250 7 18 11 20 
0.6055852567447623 7 18 12 5 
-0.5246901645257984 7 18 13 4 
-0.4050277246354249 7 18 13 11 
0.4437950723068345 7 18 14 3 
0.4960556285186414 7 18 14 10 
-0.3628999800878705 7 18 15 2 
-0.4960556285186414 7 18 15 9 
0.2820048878689067 7 18 16 1 
0.4050277246354249 7 18 16 8 
-0.2011097956499428 7 18 17 0 
2.4182531578276305 7 18 18 7 
-0.2913263612051062 7 18 18 10 
0.9036097604888638 7 18 19 6 
0.2913263612051062 7 18 19 9 
0.4050277246354249 7 18 20 4 
0.2545110617725250 7 18 20 11 
-0.4960556285186414 7 18 21 3 
0.2913263612051062 7 18 21 7 
-0.2990863823436821 7 18 21 10 
0.4960556285186414 7 18 22 2 
-0.2913263612051062 7 18 22 6 
0.3436617029148392 7 18 22 9 
-0.4050277246354249 7 18 23 1 
-0.3882370234859963 7 18 23 8 
-0.1808869252477176 7 19 1 17 
0.2288058730909619 7 19 2 16 
0.2863978506582666 7 19 2 23 
-0.2426852766568917 7 19 3 15 
-0.4960556285186413 7 19 3 22 
0.2288058730909619 7 19 4 14 
0.7015285975425725 7 19 4 21 
-0.1808869252477176 7 19 5 13 
-0.9056695250568760 7 19 5 20 
0.5045920591914066 7 19 6 23 
-3.3218629183164934 7 19 7 19 
-0.2913263612051061 7 19 7 22 
-0.9056695250568760 7 19 8 17 
0.7015285975425725 7 19 9 16 
0.0772067199929142 7 19 9 23 
-0.4960556285186413 7 19 10 15 
-0.2913263612051061 7 19 10 19 
-0.0891506411423141 7 19 10 22 
0.2863978506582666 7 19 11 14 
0.5045920591914066 7 19 11 18 
0.0772067199929142 7 19 11 21 
0.1808869252477176 7 19 13 5 
-0.2288058730909619 7 19 14 4 
-0.2863978506582666 7 19 14 11 
0.2426852766568917 7 19 15 3 
0.4960556285186413 7 19 15 10 
-0.2288058730909619 7 19 16 2 
-0.7015285975425725 7 19 16 9 
0.1808869252477176 7 19 17 1 
0.9056695250568760 7 19 17 8 
-0.5045920591914066 7 19 18 11 
3.3218629183164934 7 19 19 7 
0.2913263612051061 7 19 19 10 
0.9056695250568760 7 19 20 5 
-0.7015285975425725 7 19 21 4 
-0.0772067199929142 7 19 21 11 
0.4960556285186413 7 19 22 3 
0.2913263612051061 7 19 22 7 
0.0891506411423141 7 19 22 10 
-0.2863978506582666 7 19 23 2 
-0.5045920591914066 7 19 23 6 
-0.0772067199929142 7 19 23 9 
-0.1621239472479065 7 20 0 16 
0.3486272878429985 7 20 0 23 
0.0989704014337724 7 20 1 15 
-0.7538992541793572 7 20 1 19 
-0.3825568508039190 7 20 1 22 
0.0075641741244195 7 20 2 14 
0.5330872749617042 7 20 2 18 
0.3500660570721861 7 20 2 21 
-0.1132335449469799 7 20 3 13 
-0.2480432842236160 7 20 3 20 
0.1733999522718044 7 20 4 12 
0.1160638840445465 7 20 6 14 
-0.5045920591914066 7 20 6 18 
0.2668732542581253 7 20 6 21 
-0.1641391189174960 7 20 7 13 
-1.4266556282921552 7 20 7 20 
-0.1458753269264268 7 20 8 15 
-1.7051716198799021 7 20 8 19 
-0.3333360703187658 7 20 8 22 
0.2456672631432748 7 20 9 14 
0.5845462706607063 7 20 9 18 
0.2945754167373216 7 20 9 21 
-0.3375318337051730 7 20 10 13 
-0.1768835181310507 7 20 10 20 
0.4229784416228939 7 20 11 12 
-0.1733999522718044 7 20 12 4 
-0.4229784416228939 7 20 12 11 
0.1132335449469799 7 20 13 3 
0.1641391189174960 7 20 13 7 
0.3375318337051730 7 20 13 10 
-0.0075641741244195 7 20 14 2 
-0.1160638840445465 7 20 14 6 
-0.2456672631432748 7 20 14 9 
-0.0989704014337724 7 20 15 1 
0.1458753269264268 7 20 15 8 
0.1621239472479065 7 20 16 0 
-0.5330872749617042 7 20 18 2 
0.5045920591914066 7 20 18 6 
-0.5845462706607063 7 20 18 9 
0.7538992541793572 7 20 19 1 
1.7051716198799021 7 20 19 8 
0.2480432842236160 7 20 20 3 
1.4266556282921552 7 20 20 7 
0.1768835181310507 7 20 20 10 
-0.3500660570721861 7 20 21 2 
-0.2668732542581253 7 20 21 6 
-0.2945754167373216 7 20 21 9 
0.3825568508039190 7 20 22 1 
0.3333360703187658 7 20 22 8 
-0.3486272878429985 7 20 23 0 
-0.2093011159041839 7 21 0 17 
-0.0476831271367445 7 21 1 16 
0.0675190424792119 7 21 1 23 
0.1747195226682318 7 21 2 15 
-0.9233342451021119 7 21 2 19 
-0.2204912568142013 7 21 2 22 
-0.1718080706902779 7 21 3 14 
0.9233342451021119 7 21 3 18 
0.3582889126307167 7 21 3 21 
0.0389487712028829 7 21 4 13 
-0.4050529869813333 7 21 4 20 
0.2238583757939532 7 21 5 12 
0.2010285440889373 7 21 6 15 
-0.2913263612051062 7 21 6 19 
0.3081586903708802 7 21 6 22 
-0.2010285440889373 7 21 7 14 
-0.2913263612051062 7 21 7 18 
-1.2725762831067151 7 21 7 21 
-0.2382134113542835 7 21 8 16 
-0.3333360703187658 7 21 8 23 
0.2796328545941182 7 21 9 15 
-1.3676836731601518 7 21 9 19 
0.0068103219811119 7 21 9 22 
-0.2675150553353826 7 21 10 14 
0.6749758934395013 7 21 10 18 
0.1632628741688270 7 21 10 21 
0.2085309863649051 7 21 11 13 
-0.1768835181310507 7 21 11 20 
-0.2238583757939532 7 21 12 5 
-0.0389487712028829 7 21 13 4 
-0.2085309863649051 7 21 13 11 
0.1718080706902779 7 21 14 3 
0.2010285440889373 7 21 14 7 
0.2675150553353826 7 21 14 10 
-0.1747195226682318 7 21 15 2 
-0.2010285440889373 7 21 15 6 
-0.2796328545941182 7 21 15 9 
0.0476831271367445 7 21 16 1 
0.2382134113542835 7 21 16 8 
0.2093011159041839 7 21 17 0 
-0.9233342451021119 7 21 18 3 
0.2913263612051062 7 21 18 7 
-0.6749758934395013 7 21 18 10 
0.9233342451021119 7 21 19 2 
0.2913263612051062 7 21 19 6 
1.3676836731601518 7 21 19 9 
0.4050529869813333 7 21 20 4 
0.1768835181310507 7 21 20 11 
-0.3582889126307167 7 21 21 3 
1.2725762831067151 7 21 21 7 
-0.1632628741688270 7 21 21 10 
0.2204912568142013 7 21 22 2 
-0.3081586903708802 7 21 22 6 
-0.0068103219811119 7 21 22 9 
-0.0675190424792119 7 21 23 1 
0.3333360703187658 7 21 23 8 
-0.2873171182929216 7 22 1 17 
0.1796565934756221 7 22 2 16 
-0.0954646841209102 7 22 2 23 
0.0043671779669308 7 22 3 15 
-0.9233342451021118 7 22 3 19 
0.0275520274094149 7 22 3 22 
-0.1878914232224627 7 22 4 14 
1.3057918120269298 7 22 4 18 
0.1559108628856662 7 22 4 21 
0.2938273228288526 7 22 5 13 
-0.4528630066897992 7 22 5 20 
0.2842972934746928 7 22 6 16 
0.2668732542581253 7 22 6 23 
-0.2010285440889373 7 22 7 15 
-0.2913263612051061 7 22 7 19 
-1.1184969379212748 7 22 7 22 
-0.2663306904701491 7 22 8 17 
0.1891617096971435 7 22 9 16 
-0.2827795930501327 7 22 9 23 
-0.1216397284089557 7 22 10 15 
-1.0301957264404009 7 22 10 19 
0.1700731961499388 7 22 10 22 
0.0632325152770467 7 22 11 14 
0.5845462706607063 7 22 11 18 
-0.0117958236871889 7 22 11 21 
-0.2938273228288526 7 22 13 5 
0.1878914232224627 7 22 14 4 
-0.0632325152770467 7 22 14 11 
-0.0043671779669308 7 22 15 3 
0.2010285440889373 7 22 15 7 
0.1216397284089557 7 22 15 10 
-0.1796565934756221 7 22 16 2 
-0.2842972934746928 7 22 16 6 
-0.1891617096971435 7 22 16 9 
0.2873171182929216 7 22 17 1 
0.2663306904701491 7 22 17 8 
-1.3057918120269298 7 22 18 4 
-0.5845462706607063 7 22 18 11 
0.9233342451021118 7 22 19 3 
0.2913263612051061 7 22 19 7 
1.0301957264404009 7 22 19 10 
0.4528630066897992 7 22 20 5 
-0.1559108628856662 7 22 21 4 
0.0117958236871889 7 22 21 11 
-0.0275520274094149 7 22 22 3 
1.1184969379212748 7 22 22 7 
-0.1700731961499388 7 22 22 10 
0.0954646841209102 7 22 23 2 
-0.2668732542581253 7 22 23 6 
0.2827795930501327 7 22 23 9 
-0.2372512246005414 7 23 2 17 
0.3183059195711286 7 23 3 16 
-0.1377976558165154 7 23 3 23 
-0.3183059195711286 7 23 4 15 
-0.7538992541793572 7 23 4 19 
0.2250226296680809 7 23 4 22 
0.2372512246005414 7 23 5 14 
1.6857699805314355 7 23 5 18 
-0.2515829482067949 7 23 5 21 
0.3670262276664426 7 23 6 17 
-0.1641391189174960 7 23 7 16 
-0.9644175927358349 7 23 7 23 
-0.0221239733377629 7 23 9 17 
0.0197882833262523 7 23 10 16 
-0.1564525521877151 7 23 10 23 
-0.0121177992587356 7 23 11 15 
-0.6927077797206503 7 23 11 19 
0.1564525521877151 7 23 11 22 
-0.2372512246005414 7 23 14 5 
0.3183059195711286 7 23 15 4 
0.0121177992587356 7 23 15 11 
-0.3183059195711286 7 23 16 3 
0.1641391189174960 7 23 16 7 
-0.0197882833262523 7 23 16 10 
0.2372512246005414 7 23 17 2 
-0.3670262276664426 7 23 17 6 
0.0221239733377629 7 23 17 9 
-1.6857699805314355 7 23 18 5 
0.7538992541793572 7 23 19 4 
0.6927077797206503 7 23 19 11 
0.2515829482067949 7 23 21 5 
-0.2250226296680809 7 23 22 4 
-0.1564525521877151 7 23 22 11 
0.1377976558165154 7 23 23 3 
0.9644175927358349 7 23 23 7 
0.1564525521877151 7 23 23 10 
1.1954694442780811 8 0 0 1 
1.2938008136553631 8 0 0 8 
-1.1954694442780811 8 0 1 0 
-1.2938008136553631 8 0 8 0 
0.9451015792636208 8 1 0 2 
-0.3029965359235433 8 1 0 6 
0.9590262890364940 8 1 0 9 
0.5509422444526750 8 1 1 8 
-0.9451015792636208 8 1 2 0 
0.3029965359235433 8 1 6 0 
-0.5509422444526750 8 1 8 1 
-0.9590262890364940 8 1 9 0 
0.6160461676692053 8 2 0 3 
-0.0455935121061742 8 2 0 7 
0.6028169146176346 8 2 0 10 
0.3689567793661355 8 2 1 2 
-0.3628736321832975 8 2 1 6 
0.6739071241050278 8 2 1 9 
-0.3689567793661355 8 2 2 1 
0.1382600974317309 8 2 2 8 
-0.6160461676692053 8 2 3 0 
0.3628736321832975 8 2 6 1 
0.1256798565577799 8 2 6 8 
0.0455935121061742 8 2 7 0 
-0.1382600974317309 8 2 8 2 
-0.1256798565577799 8 2 8 6 
0.1703261616479257 8 2 8 9 
-0.6739071241050278 8 2 9 1 
-0.1703261616479257 8 2 9 8 
-0.6028169146176346 8 2 10 0 
0.3617296887850188 8 3 0 4 
0.3757447073612723 8 3 0 11 
0.3689567793661356 8 3 1 3 
-0.0611701154414191 8 3 1 7 
0.5177131606358732 8 3 1 10 
-0.3632587073286083 8 3 2 6 
0.3487079594217378 8 3 2 9 
-0.3689567793661356 8 3 3 1 
-0.0630665368089746 8 3 3 8 
-0.3617296887850188 8 3 4 0 
0.3632587073286083 8 3 6 2 
0.1586971993979569 8 3 6 9 
0.0611701154414191 8 3 7 1 
0.1021679572971892 8 3 7 8 
0.0630665368089746 8 3 8 3 
-0.1021679572971892 8 3 8 7 
0.2554892424718886 8 3 8 10 
-0.3487079594217378 8 3 9 2 
-0.1586971993979569 8 3 9 6 
-0.5177131606358732 8 3 10 1 
-0.2554892424718886 8 3 10 8 
-0.3757447073612723 8 3 11 0 
0.1820516639084949 8 4 0 5 
0.2755042216373152 8 4 1 4 
0.4752836376060228 8 4 1 11 
0.0934525577288204 8 4 2 3 
-0.0611701154414191 8 4 2 7 
0.2266625618287158 8 4 2 10 
-0.0934525577288204 8 4 3 2 
-0.3220935552223515 8 4 3 6 
0.1776566424619686 8 4 3 9 
-0.2755042216373152 8 4 4 1 
-0.1718585676709473 8 4 4 8 
-0.1820516639084949 8 4 5 0 
0.3220935552223515 8 4 6 3 
0.1410119438856932 8 4 6 10 
0.0611701154414191 8 4 7 2 
0.1668395756270498 8 4 7 9 
0.1718585676709473 8 4 8 4 
0.2086060929421117 8 4 8 11 
-0.1776566424619686 8 4 9 3 
-0.1668395756270498 8 4 9 7 
0.2086060929421117 8 4 9 10 
-0.2266625618287158 8 4 10 2 
-0.1410119438856932 8 4 10 6 
-0.2086060929421117 8 4 10 9 
-0.4752836376060228 8 4 11 1 
-0.2086060929421117 8 4 11 8 
0.1820516639084949 8 5 1 5 
0.0738807338978611 8 5 2 4 
0.3757447073612723 8 5 2 11 
-0.0455935121061742 8 5 3 7 
-0.0479920092071885 8 5 3 10 
-0.0738807338978611 8 5 4 2 
-0.2385175727467696 8 5 4 6 
0.1743853830626714 8 5 4 9 
-0.1820516639084949 8 5 5 1 
-0.3069369045556926 8 5 5 8 
0.2385175727467696 8 5 6 4 
0.0743511537798954 8 5 6 11 
0.0455935121061742 8 5 7 3 
0.1865323162196501 8 5 7 10 
0.3069369045556926 8 5 8 5 
-0.1743853830626714 8 5 9 4 
0.2693093079607318 8 5 9 11 
0.0479920092071885 8 5 10 3 
-0.1865323162196501 8 5 10 7 
-0.3757447073612723 8 5 11 2 
-0.0743511537798954 8 5 11 6 
-0.2693093079607318 8 5 11 9 
0.4745024492010828 8 6 0 3 
1.3187437528649926 8 6 0 7 
0.2294589748690320 8 6 0 10 
-0.6366118391422571 8 6 1 2 
-0.5897601352618611 8 6 1 6 
-0.2052343463418286 8 6 1 9 
0.6366118391422571 8 6 2 1 
0.1256798565577799 8 6 2 8 
-0.4745024492010828 8 6 3 0 
0.5897601352618611 8 6 6 1 
0.2717098130151846 8 6 6 8 
-1.3187437528649926 8 6 7 0 
-0.1256798565577799 8 6 8 2 
-0.2717098130151846 8 6 8 6 
0.3129051043754301 8 6 8 9 
0.2052343463418286 8 6 9 1 
-0.3129051043754301 8 6 9 8 
-0.2294589748690320 8 6 10 0 
0.3355238995197108 8 7 0 4 
0.0743511537798954 8 7 0 11 
-0.2122039463807523 8 7 1 3 
0.5897601352618611 8 7 1 7 
0.0450250170987460 8 7 1 10 
-0.4170233909171576 8 7 2 6 
-0.1043987939289113 8 7 2 9 
0.2122039463807523 8 7 3 1 
0.1021679572971892 8 7 3 8 
-0.3355238995197108 8 7 4 0 
0.4170233909171576 8 7 6 2 
0.3176730164025809 8 7 6 9 
-0.5897601352618611 8 7 7 1 
-0.2785159915877468 8 7 7 8 
-0.1021679572971892 8 7 8 3 
0.2785159915877468 8 7 8 7 
0.1564525521877151 8 7 8 10 
0.1043987939289113 8 7 9 2 
-0.3176730164025809 8 7 9 6 
-0.0450250170987460 8 7 10 1 
-0.1564525521877151 8 7 10 8 
-0.0743511537798954 8 7 11 0 
-0.6522401701346261 8 9 0 3 
-0.2593995367826311 8 9 0 7 
-0.3109716028928007 8 9 0 10 
0.8750720148462312 8 9 1 2 
0.1160069995155840 8 9 1 6 
0.2781414572561490 8 9 1 9 
-0.8750720148462312 8 9 2 1 
-0.1703261616479257 8 9 2 8 
0.6522401701346261 8 9 3 0 
-0.1160069995155840 8 9 6 1 
-0.3129051043754301 8 9 6 8 
0.2593995367826311 8 9 7 0 
0.1703261616479257 8 9 8 2 
0.3129051043754301 8 9 8 6 
-0.0872265517062590 8 9 8 9 
-0.2781414572561490 8 9 9 1 
0.0872265517062590 8 9 9 8 
0.3109716028928007 8 9 10 0 
-0.9224068945289231 8 10 0 4 
-0.2693093079607318 8 10 0 11 
0.5833813432308207 8 10 1 3 
-0.2320139990311680 8 10 1 7 
-0.0695353643140373 8 10 1 10 
0.1640586720451480 8 10 2 6 
0.2458446381936641 8 10 2 9 
-0.5833813432308207 8 10 3 1 
-0.2554892424718886 8 10 3 8 
0.9224068945289231 8 10 4 0 
-0.1640586720451480 8 10 6 2 
-0.2709837693629437 8 10 6 9 
0.2320139990311680 8 10 7 1 
-0.1564525521877151 8 10 7 8 
0.2554892424718886 8 10 8 3 
0.1564525521877151 8 10 8 7 
-0.0872265517062590 8 10 8 10 
-0.2458446381936641 8 10 9 2 
0.2709837693629437 8 10 9 6 
0.0695353643140373 8 10 10 1 
0.0872265517062590 8 10 10 8 
0.2693093079607318 8 10 11 0 
-1.7297058143828339 8 11 0 5 
1.0152125061953499 8 11 1 4 
-0.2086060929421117 8 11 1 11 
-0.6579658521016079 8 11 2 3 
-0.1420789777022381 8 11 2 7 
0.0851630808239628 8 11 2 10 
0.6579658521016079 8 11 3 2 
0.1420789777022381 8 11 3 6 
0.0851630808239628 8 11 3 9 
-1.0152125061953499 8 11 4 1 
-0.2086060929421117 8 11 4 8 
1.7297058143828339 8 11 5 0 
-0.1420789777022381 8 11 6 3 
-0.6427480852585211 8 11 6 7 
-0.1564525521877151 8 11 6 10 
0.1420789777022381 8 11 7 2 
0.6427480852585211 8 11 7 6 
-0.1564525521877151 8 11 7 9 
0.2086060929421117 8 11 8 4 
-0.8940273774985454 8 11 8 11 
-0.0851630808239628 8 11 9 3 
0.1564525521877151 8 11 9 7 
0.8068008257922865 8 11 9 10 
-0.0851630808239628 8 11 10 2 
0.1564525521877151 8 11 10 6 
-0.8068008257922865 8 11 10 9 
0.2086060929421117 8 11 11 1 
0.8940273774985454 8 11 11 8 
0.5977347221390407 8 12 0 13 
-1.4213271069096887 8 12 0 20 
-0.5977347221390407 8 12 1 12 
-2.7151279205650520 8 12 8 12 
0.5977347221390407 8 12 12 1 
2.7151279205650520 8 12 12 8 
-0.5977347221390407 8 12 13 0 
1.4213271069096887 8 12 20 0 
0.0003913113185153 8 13 0 14 
-0.4949674633444236 8 13 0 18 
-0.2589414336017387 8 13 0 21 
0.5972397481227559 8 13 1 13 
-1.2207519349131672 8 13 1 20 
-0.9447102679451058 8 13 2 12 
-0.1919709274208803 8 13 6 12 
-1.7716941793658423 8 13 8 13 
-0.5545317547066538 8 13 8 20 
-1.2179677226382328 8 13 9 12 
0.9447102679451058 8 13 12 2 
0.1919709274208803 8 13 12 6 
1.2179677226382328 8 13 12 9 
-0.5972397481227559 8 13 13 1 
1.7716941793658423 8 13 13 8 
-0.0003913113185153 8 13 14 0 
0.4949674633444236 8 13 18 0 
1.2207519349131672 8 13 20 1 
0.5545317547066538 8 13 20 8 
0.2589414336017387 8 13 21 0 
-0.3597112539990645 8 14 0 15 
-0.2845765615698904 8 14 0 19 
-0.3472568086448409 8 14 0 22 
0.4830982637444456 8 14 1 14 
-0.4988233134430267 8 14 1 18 
-0.0169419523965004 8 14 1 21 
0.1141414843783102 8 14 2 13 
-1.2103771502586795 8 14 2 20 
-0.9757574216682700 8 14 3 12 
-0.1359496812597291 8 14 6 13 
-0.0121177992587356 8 14 6 20 
-0.2389830494637161 8 14 7 12 
-1.3486372476904103 8 14 8 14 
-0.1377976558165154 8 14 8 18 
-0.3676102009098723 8 14 8 21 
-0.6908490765015284 8 14 9 13 
-0.5379363625577981 8 14 9 20 
-0.9500737232624755 8 14 10 12 
0.9757574216682700 8 14 12 3 
0.2389830494637161 8 14 12 7 
0.9500737232624755 8 14 12 10 
-0.1141414843783102 8 14 13 2 
0.1359496812597291 8 14 13 6 
0.6908490765015284 8 14 13 9 
-0.4830982637444456 8 14 14 1 
1.3486372476904103 8 14 14 8 
0.3597112539990645 8 14 15 0 
0.4988233134430267 8 14 18 1 
0.1377976558165154 8 14 18 8 
0.2845765615698904 8 14 19 0 
1.2103771502586795 8 14 20 2 
0.0121177992587356 8 14 20 6 
0.5379363625577981 8 14 20 9 
0.0169419523965004 8 14 21 1 
0.3676102009098723 8 14 21 8 
0.3472568086448409 8 14 22 0 
-0.5729746368493853 8 15 0 16 
-0.0136354643374492 8 15 0 23 
0.2421586678525993 8 15 1 15 
-0.3817995218840574 8 15 1 19 
-0.4553319126083512 8 15 1 22 
0.2555550331672065 8 15 2 14 
-0.3940955058352610 8 15 2 18 
0.3039986289568479 8 15 2 21 
-0.1267981115135362 8 15 3 13 
-1.3858908405201931 8 15 3 20 
-0.9347043256344042 8 15 4 12 
-0.0308367985066526 8 15 6 14 
-0.2863978506582666 8 15 6 18 
0.0632325152770467 8 15 6 21 
-0.3206294064426383 8 15 7 13 
-0.1458753269264268 8 15 7 20 
-1.3228243037112184 8 15 8 15 
-0.2480432842236160 8 15 8 19 
-0.1588257818259819 8 15 8 22 
-0.0447093304648900 8 15 9 14 
-0.0954646841209102 8 15 9 18 
-0.4533233295735349 8 15 9 21 
-0.9730450732442246 8 15 10 13 
-0.4143150242978705 8 15 10 20 
-0.3893801716987215 8 15 11 12 
0.9347043256344042 8 15 12 4 
0.3893801716987215 8 15 12 11 
0.1267981115135362 8 15 13 3 
0.3206294064426383 8 15 13 7 
0.9730450732442246 8 15 13 10 
-0.2555550331672065 8 15 14 2 
0.0308367985066526 8 15 14 6 
0.0447093304648900 8 15 14 9 
-0.2421586678525993 8 15 15 1 
1.3228243037112184 8 15 15 8 
0.5729746368493853 8 15 16 0 
0.3940955058352610 8 15 18 2 
0.2863978506582666 8 15 18 6 
0.0954646841209102 8 15 18 9 
0.3817995218840574 8 15 19 1 
0.2480432842236160 8 15 19 8 
1.3858908405201931 8 15 20 3 
0.1458753269264268 8 15 20 7 
0.4143150242978705 8 15 20 10 
-0.3039986289568479 8 15 21 2 
-0.0632325152770467 8 15 21 6 
0.4533233295735349 8 15 21 9 
0.4553319126083512 8 15 22 1 
0.1588257818259819 8 15 22 8 
0.0136354643374492 8 15 23 0 
-0.7997245486230264 8 16 0 17 
0.0749625910422659 8 16 1 16 
-0.0172476497041354 8 16 1 23 
0.1671960768103334 8 16 2 15 
-0.3817995218840575 8 16 2 19 
-0.4447699273490021 8 16 2 22 
0.0737435190815130 8 16 3 14 
-0.2442902988536551 8 16 3 18 
0.5831259409084016 8 16 3 21 
-0.2005416305950493 8 16 4 13 
-1.7429810932716732 8 16 4 20 
-0.9817762125315213 8 16 5 12 
0.0778032563686964 8 16 6 15 
-0.4050277246354249 8 16 6 19 
0.2085309863649051 8 16 6 22 
-0.3206294064426384 8 16 7 14 
-0.4050277246354249 8 16 7 18 
-0.2382134113542835 8 16 7 21 
-1.5711225256007257 8 16 8 16 
-0.0431164617077196 8 16 8 23 
0.4054692984464331 8 16 9 15 
-0.4050529869813333 8 16 9 19 
-0.2162449539404549 8 16 9 22 
-0.6714324891777179 8 16 10 14 
0.0675190424792119 8 16 10 18 
-0.4248510468825667 8 16 10 21 
-0.4925312873101582 8 16 11 13 
-0.2517225546498314 8 16 11 20 
0.9817762125315213 8 16 12 5 
0.2005416305950493 8 16 13 4 
0.4925312873101582 8 16 13 11 
-0.0737435190815130 8 16 14 3 
0.3206294064426384 8 16 14 7 
0.6714324891777179 8 16 14 10 
-0.1671960768103334 8 16 15 2 
-0.0778032563686964 8 16 15 6 
-0.4054692984464331 8 16 15 9 
-0.0749625910422659 8 16 16 1 
1.5711225256007257 8 16 16 8 
0.7997245486230264 8 16 17 0 
0.2442902988536551 8 16 18 3 
0.4050277246354249 8 16 18 7 
-0.0675190424792119 8 16 18 10 
0.3817995218840575 8 16 19 2 
0.4050277246354249 8 16 19 6 
0.4050529869813333 8 16 19 9 
1.7429810932716732 8 16 20 4 
0.2517225546498314 8 16 20 11 
-0.5831259409084016 8 16 21 3 
0.2382134113542835 8 16 21 7 
0.4248510468825667 8 16 21 10 
0.4447699273490021 8 16 22 2 
-0.2085309863649051 8 16 22 6 
0.2162449539404549 8 16 22 9 
0.0172476497041354 8 16 23 1 
0.0431164617077196 8 16 23 8 
-0.7997245486230263 8 17 1 17 
0.6915009003500333 8 17 2 16 
-0.0136354643374492 8 17 2 23 
-0.5273327033390883 8 17 3 15 
-0.2845765615698903 8 17 3 19 
-0.3236394916275853 8 17 3 22 
0.6176201664521721 8 17 4 14 
-0.0925154304387824 8 17 4 18 
0.6898492131894587 8 17 4 21 
-0.9817762125315213 8 17 5 13 
-2.2773359960870847 8 17 5 20 
0.1460021423079873 8 17 6 16 
0.4229784416228939 8 17 6 23 
-0.2389830494637161 8 17 7 15 
-0.9056695250568760 8 17 7 19 
-0.2663306904701491 8 17 7 22 
-1.9703990915313929 8 17 8 17 
0.5154638301267874 8 17 9 16 
-0.0556631127137958 8 17 9 23 
-0.2756474824203968 8 17 10 15 
-0.4528630066897992 8 17 10 19 
-0.1935635387372201 8 17 10 22 
-0.3893801716987215 8 17 11 14 
0.3486272878429985 8 17 11 18 
-0.3249724206745277 8 17 11 21 
0.9817762125315213 8 17 13 5 
-0.6176201664521721 8 17 14 4 
0.3893801716987215 8 17 14 11 
0.5273327033390883 8 17 15 3 
0.2389830494637161 8 17 15 7 
0.2756474824203968 8 17 15 10 
-0.6915009003500333 8 17 16 2 
-0.1460021423079873 8 17 16 6 
-0.5154638301267874 8 17 16 9 
0.7997245486230263 8 17 17 1 
1.9703990915313929 8 17 17 8 
0.0925154304387824 8 17 18 4 
-0.3486272878429985 8 17 18 11 
0.2845765615698903 8 17 19 3 
0.9056695250568760 8 17 19 7 
0.4528630066897992 8 17 19 10 
2.2773359960870847 8 17 20 5 
-0.6898492131894587 8 17 21 4 
0.3249724206745277 8 17 21 11 
0.3236394916275853 8 17 22 3 
0.2663306904701491 8 17 22 7 
0.1935635387372201 8 17 22 10 
0.0136354643374492 8 17 23 2 
-0.4229784416228939 8 17 23 6 
0.0556631127137958 8 17 23 9 
0.2372512246005414 8 18 0 15 
-0.3670262276664426 8 18 0 19 
-0.0221239733377629 8 18 0 22 
-0.3183059195711286 8 18 1 14 
0.1641391189174960 8 18 1 18 
0.0197882833262523 8 18 1 21 
0.3183059195711286 8 18 2 13 
-0.0121177992587356 8 18 2 20 
-0.2372512246005414 8 18 3 12 
0.7538992541793572 8 18 6 13 
-0.6927077797206503 8 18 6 20 
-1.6857699805314355 8 18 7 12 
-0.1377976558165154 8 18 8 14 
-0.9644175927358349 8 18 8 18 
0.1564525521877151 8 18 8 21 
0.2250226296680809 8 18 9 13 
-0.1564525521877151 8 18 9 20 
-0.2515829482067949 8 18 10 12 
0.2372512246005414 8 18 12 3 
1.6857699805314355 8 18 12 7 
0.2515829482067949 8 18 12 10 
-0.3183059195711286 8 18 13 2 
-0.7538992541793572 8 18 13 6 
-0.2250226296680809 8 18 13 9 
0.3183059195711286 8 18 14 1 
0.1377976558165154 8 18 14 8 
-0.2372512246005414 8 18 15 0 
-0.1641391189174960 8 18 18 1 
0.9644175927358349 8 18 18 8 
0.3670262276664426 8 18 19 0 
0.0121177992587356 8 18 20 2 
0.6927077797206503 8 18 20 6 
0.1564525521877151 8 18 20 9 
-0.0197882833262523 8 18 21 1 
-0.1564525521877151 8 18 21 8 
0.0221239733377629 8 18 22 0 
0.1733999522718044 8 19 0 16 
0.4229784416228939 8 19 0 23 
-0.1132335449469799 8 19 1 15 
-0.1641391189174960 8 19 1 19 
-0.3375318337051730 8 19 1 22 
0.0075641741244195 8 19 2 14 
0.1160638840445465 8 19 2 18 
0.2456672631432748 8 19 2 21 
0.0989704014337724 8 19 3 13 
-0.1458753269264268 8 19 3 20 
-0.1621239472479065 8 19 4 12 
0.5330872749617042 8 19 6 14 
-0.5045920591914066 8 19 6 18 
0.5845462706607063 8 19 6 21 
-0.7538992541793572 8 19 7 13 
-1.7051716198799021 8 19 7 20 
-0.2480432842236160 8 19 8 15 
-1.4266556282921552 8 19 8 19 
-0.1768835181310507 8 19 8 22 
0.3500660570721861 8 19 9 14 
0.2668732542581253 8 19 9 18 
0.2945754167373216 8 19 9 21 
-0.3825568508039190 8 19 10 13 
-0.3333360703187658 8 19 10 20 
0.3486272878429985 8 19 11 12 
0.1621239472479065 8 19 12 4 
-0.3486272878429985 8 19 12 11 
-0.0989704014337724 8 19 13 3 
0.7538992541793572 8 19 13 7 
0.3825568508039190 8 19 13 10 
-0.0075641741244195 8 19 14 2 
-0.5330872749617042 8 19 14 6 
-0.3500660570721861 8 19 14 9 
0.1132335449469799 8 19 15 1 
0.2480432842236160 8 19 15 8 
-0.1733999522718044 8 19 16 0 
-0.1160638840445465 8 19 18 2 
0.5045920591914066 8 19 18 6 
-0.2668732542581253 8 19 18 9 
0.1641391189174960 8 19 19 1 
1.4266556282921552 8 19 19 8 
0.1458753269264268 8 19 20 3 
1.7051716198799021 8 19 20 7 
0.3333360703187658 8 19 20 10 
-0.2456672631432748 8 19 21 2 
-0.5845462706607063 8 19 21 6 
-0.2945754167373216 8 19 21 9 
0.3375318337051730 8 19 22 1 
0.1768835181310507 8 19 22 8 
-0.4229784416228939 8 19 23 0 
0.5565779120871285 8 20 0 14 
0.0612985366039654 8 20 0 18 
0.7158974169740153 8 20 0 21 
-0.7040215590145148 8 20 1 13 
-0.5545317547066538 8 20 1 20 
0.5565779120871285 8 20 2 12 
0.0612985366039654 8 20 6 12 
-0.5545317547066538 8 20 8 13 
-2.6562007429236569 8 20 8 20 
0.7158974169740153 8 20 9 12 
-0.5565779120871285 8 20 12 2 
-0.0612985366039654 8 20 12 6 
-0.7158974169740153 8 20 12 9 
0.7040215590145148 8 20 13 1 
0.5545317547066538 8 20 13 8 
-0.5565779120871285 8 20 14 0 
-0.0612985366039654 8 20 18 0 
0.5545317547066538 8 20 20 1 
2.6562007429236569 8 20 20 8 
-0.7158974169740153 8 20 21 0 
0.1558905259854422 8 21 0 15 
-0.1120044050867008 8 21 0 19 
0.2578377649557052 8 21 0 22 
0.2219743089850812 8 21 1 14 
0.0975715349934660 8 21 1 18 
0.3239146468636258 8 21 1 21 
-0.6530977058611501 8 21 2 13 
-0.5379363625577981 8 21 2 20 
0.8081306961200683 8 21 3 12 
-0.0184354645221181 8 21 6 13 
-0.1564525521877151 8 21 6 20 
0.1473951316959303 8 21 7 12 
-0.3676102009098723 8 21 8 14 
0.1564525521877151 8 21 8 18 
-1.3717136473149578 8 21 8 21 
0.0457731896074767 8 21 9 13 
-1.2844870956086989 8 21 9 20 
0.5688093678485058 8 21 10 12 
-0.8081306961200683 8 21 12 3 
-0.1473951316959303 8 21 12 7 
-0.5688093678485058 8 21 12 10 
0.6530977058611501 8 21 13 2 
0.0184354645221181 8 21 13 6 
-0.0457731896074767 8 21 13 9 
-0.2219743089850812 8 21 14 1 
0.3676102009098723 8 21 14 8 
-0.1558905259854422 8 21 15 0 
-0.0975715349934660 8 21 18 1 
-0.1564525521877151 8 21 18 8 
0.1120044050867008 8 21 19 0 
0.5379363625577981 8 21 20 2 
0.1564525521877151 8 21 20 6 
1.2844870956086989 8 21 20 9 
-0.3239146468636258 8 21 21 1 
1.3717136473149578 8 21 21 8 
-0.2578377649557052 8 21 22 0 
0.1200923581407499 8 22 0 16 
0.0556631127137958 8 22 0 23 
-0.0124734272615149 8 22 1 15 
-0.1001797854213145 8 22 1 19 
0.1875006461353084 8 22 1 22 
0.1701896066344306 8 22 2 14 
0.1044123968492727 8 22 2 18 
0.0964592649637798 8 22 2 21 
-0.5958547704923358 8 22 3 13 
-0.4143150242978704 8 22 3 20 
1.0424992526696730 8 22 4 12 
-0.0596462751958754 8 22 6 14 
0.0772067199929142 8 22 6 18 
0.0117958236871889 8 22 6 21 
0.1318342136098536 8 22 7 13 
-0.3333360703187658 8 22 7 20 
-0.1588257818259819 8 22 8 15 
-0.1768835181310507 8 22 8 19 
-1.0203536340045507 8 22 8 22 
-0.1493853732298843 8 22 9 14 
0.2827795930501327 8 22 9 18 
-0.4057155965344679 8 22 9 21 
0.2570360104493457 8 22 10 13 
-0.9331270822982918 8 22 10 20 
0.3249724206745277 8 22 11 12 
-1.0424992526696730 8 22 12 4 
-0.3249724206745277 8 22 12 11 
0.5958547704923358 8 22 13 3 
-0.1318342136098536 8 22 13 7 
-0.2570360104493457 8 22 13 10 
-0.1701896066344306 8 22 14 2 
0.0596462751958754 8 22 14 6 
0.1493853732298843 8 22 14 9 
0.0124734272615149 8 22 15 1 
0.1588257818259819 8 22 15 8 
-0.1200923581407499 8 22 16 0 
-0.1044123968492727 8 22 18 2 
-0.0772067199929142 8 22 18 6 
-0.2827795930501327 8 22 18 9 
0.1001797854213145 8 22 19 1 
0.1768835181310507 8 22 19 8 
0.4143150242978704 8 22 20 3 
0.3333360703187658 8 22 20 7 
0.9331270822982918 8 22 20 10 
-0.0964592649637798 8 22 21 2 
-0.0117958236871889 8 22 21 6 
0.4057155965344679 8 22 21 9 
-0.1875006461353084 8 22 22 1 
1.0203536340045507 8 22 22 8 
-0.0556631127137958 8 22 23 0 
-0.1791918947981832 8 23 0 17 
0.2722150354153634 8 23 1 16 
0.0431164617077196 8 23 1 23 
-0.2798534184489717 8 23 2 15 
-0.0613473392059324 8 23 2 19 
0.0884168946938735 8 23 2 22 
0.3781124336526365 8 23 3 14 
0.0807316384963057 8 23 3 18 
-0.0032538138699106 8 23 3 21 
-0.7429974707799867 8 23 4 13 
-0.2517225546498314 8 23 4 20 
1.5505139195846513 8 23 5 12 
-0.0613473392059324 8 23 6 15 
-0.2545110617725250 8 23 6 19 
0.1768835181310507 8 23 6 22 
0.0807316384963057 8 23 7 14 
0.3882370234859963 8 23 7 18 
-0.3333360703187658 8 23 7 21 
-0.0431164617077196 8 23 8 16 
-1.2480740402454908 8 23 8 23 
-0.0884168946938735 8 23 9 15 
-0.1768835181310507 8 23 9 19 
0.2277204062409398 8 23 9 22 
0.0032538138699106 8 23 10 14 
0.3333360703187658 8 23 10 18 
-0.5790804195513470 8 23 10 21 
0.2517225546498314 8 23 11 13 
-0.3540466627469449 8 23 11 20 
-1.5505139195846513 8 23 12 5 
0.7429974707799867 8 23 13 4 
-0.2517225546498314 8 23 13 11 
-0.3781124336526365 8 23 14 3 
-0.0807316384963057 8 23 14 7 
-0.0032538138699106 8 23 14 10 
0.2798534184489717 8 23 15 2 
0.0613473392059324 8 23 15 6 
0.0884168946938735 8 23 15 9 
-0.2722150354153634 8 23 16 1 
0.0431164617077196 8 23 16 8 
0.1791918947981832 8 23 17 0 
-0.0807316384963057 8 23 18 3 
-0.3882370234859963 8 23 18 7 
-0.3333360703187658 8 23 18 10 
0.0613473392059324 8 23 19 2 
0.2545110617725250 8 23 19 6 
0.1768835181310507 8 23 19 9 
0.2517225546498314 8 23 20 4 
0.3540466627469449 8 23 20 11 
0.0032538138699106 8 23 21 3 
0.3333360703187658 8 23 21 7 
0.5790804195513470 8 23 21 10 
-0.0884168946938735 8 23 22 2 
-0.1768835181310507 8 23 22 6 
-0.2277204062409398 8 23 22 9 
-0.0431164617077196 8 23 23 1 
1.2480740402454908 8 23 23 8 
0.7320725353924665 9 0 0 2 
0.3911668458634735 9 0 0 6 
0.0557031983175495 9 0 0 9 
0.9590262890364940 9 0 1 8 
-0.7320725353924665 9 0 2 0 
-0.3911668458634735 9 0 6 0 
-0.9590262890364940 9 0 8 1 
-0.0557031983175495 9 0 9 0 
0.6309647744071064 9 1 0 3 
-0.1004812380846255 9 1 0 7 
0.1229922728488958 9 1 0 10 
0.6176169945956672 9 1 1 2 
0.2014033141095020 9 1 1 6 
0.6885541344013044 9 1 1 9 
-0.6176169945956672 9 1 2 1 
0.6739071241050278 9 1 2 8 
-0.6309647744071064 9 1 3 0 
-0.2014033141095020 9 1 6 1 
-0.2052343463418286 9 1 6 8 
0.1004812380846255 9 1 7 0 
-0.6739071241050278 9 1 8 2 
0.2052343463418286 9 1 8 6 
-0.2781414572561490 9 1 8 9 
-0.6885541344013044 9 1 9 1 
0.2781414572561490 9 1 9 8 
-0.1229922728488958 9 1 10 0 
0.3794649796093389 9 2 0 4 
-0.0479920092071885 9 2 0 11 
0.7953121826259112 9 2 1 3 
-0.1624164124008923 9 2 1 7 
0.6596887114287011 9 2 1 10 
0.0366123774119671 9 2 2 6 
0.6347659200987984 9 2 2 9 
-0.7953121826259112 9 2 3 1 
0.3487079594217378 9 2 3 8 
-0.3794649796093389 9 2 4 0 
-0.0366123774119671 9 2 6 2 
-0.1491917558183705 9 2 6 9 
0.1624164124008923 9 2 7 1 
-0.1043987939289113 9 2 7 8 
-0.3487079594217378 9 2 8 3 
0.1043987939289113 9 2 8 7 
-0.2458446381936641 9 2 8 10 
-0.6347659200987984 9 2 9 2 
0.1491917558183705 9 2 9 6 
-0.6596887114287011 9 2 10 1 
0.2458446381936641 9 2 10 8 
0.0479920092071885 9 2 11 0 
0.1697018978974107 9 3 0 5 
0.6195984078934554 9 3 1 4 
0.2266625618287158 9 3 1 11 
0.4498965099960446 9 3 2 3 
-0.2097275124616475 9 3 2 7 
0.8779369060874337 9 3 2 10 
-0.4498965099960446 9 3 3 2 
-0.1032059642291312 9 3 3 6 
0.2508012836145480 9 3 3 9 
-0.6195984078934554 9 3 4 1 
0.1776566424619686 9 3 4 8 
-0.1697018978974107 9 3 5 0 
0.1032059642291312 9 3 6 3 
-0.0470237985211814 9 3 6 10 
0.2097275124616475 9 3 7 2 
-0.0786560580365985 9 3 7 9 
-0.1776566424619686 9 3 8 4 
-0.0851630808239628 9 3 8 11 
-0.2508012836145480 9 3 9 3 
0.0786560580365985 9 3 9 7 
-0.0851630808239628 9 3 9 10 
-0.8779369060874337 9 3 10 2 
0.0470237985211814 9 3 10 6 
0.0851630808239628 9 3 10 9 
-0.2266625618287158 9 3 11 1 
0.0851630808239628 9 3 11 8 
0.3556744207370530 9 4 1 5 
0.5071242803944442 9 4 2 4 
0.5177131606358732 9 4 2 11 
-0.2330495776338199 9 4 3 7 
0.6596887114287011 9 4 3 10 
-0.5071242803944442 9 4 4 2 
-0.2180517108137930 9 4 4 6 
-0.1068770468469293 9 4 4 9 
-0.3556744207370530 9 4 5 1 
0.1743853830626714 9 4 5 8 
0.2180517108137930 9 4 6 4 
0.0450250170987460 9 4 6 11 
0.2330495776338199 9 4 7 3 
0.0332508468114773 9 4 7 10 
-0.1743853830626714 9 4 8 5 
0.1068770468469293 9 4 9 4 
0.0695353643140373 9 4 9 11 
-0.6596887114287011 9 4 10 3 
-0.0332508468114773 9 4 10 7 
-0.5177131606358732 9 4 11 2 
-0.0450250170987460 9 4 11 6 
-0.0695353643140373 9 4 11 9 
0.3926687395976451 9 5 2 5 
0.1279651848115716 9 5 3 4 
0.6028169146176346 9 5 3 11 
-0.1279651848115716 9 5 4 3 
-0.2121620783261599 9 5 4 7 
0.1229922728488958 9 5 4 10 
-0.3926687395976451 9 5 5 2 
-0.3079248623420184 9 5 5 6 
-0.0818063430811169 9 5 5 9 
0.3079248623420184 9 5 6 5 
0.2121620783261599 9 5 7 4 
0.2294589748690320 9 5 7 11 
0.0818063430811169 9 5 9 5 
-0.1229922728488958 9 5 10 4 
0.3109716028928007 9 5 10 11 
-0.6028169146176346 9 5 11 3 
-0.2294589748690320 9 5 11 7 
-0.3109716028928007 9 5 11 10 
0.5811444411217741 9 6 0 4 
0.1865323162196501 9 6 0 11 
-0.3675480166980848 9 6 1 3 
1.0214945185522371 9 6 1 7 
0.0332508468114773 9 6 1 10 
-0.7223057010131744 9 6 2 6 
-0.1491917558183705 9 6 2 9 
0.3675480166980848 9 6 3 1 
0.1586971993979569 9 6 3 8 
-0.5811444411217741 9 6 4 0 
0.7223057010131744 9 6 6 2 
0.0883012114808741 9 6 6 9 
-1.0214945185522371 9 6 7 1 
0.3176730164025809 9 6 7 8 
-0.1586971993979569 9 6 8 3 
-0.3176730164025809 9 6 8 7 
0.2709837693629437 9 6 8 10 
0.1491917558183705 9 6 9 2 
-0.0883012114808741 9 6 9 6 
-0.0332508468114773 9 6 10 1 
-0.2709837693629437 9 6 10 8 
-0.1865323162196501 9 6 11 0 
0.4331594916981370 9 7 0 5 
0.0866318983396274 9 7 1 4 
0.1410119438856932 9 7 1 11 
-0.3465275933585096 9 7 2 3 
0.7223057010131746 9 7 2 7 
-0.0470237985211814 9 7 2 10 
0.3465275933585096 9 7 3 2 
-0.7223057010131746 9 7 3 6 
-0.0786560580365985 9 7 3 9 
-0.0866318983396274 9 7 4 1 
0.1668395756270498 9 7 4 8 
-0.4331594916981370 9 7 5 0 
0.7223057010131746 9 7 6 3 
0.3668172030686210 9 7 6 10 
-0.7223057010131746 9 7 7 2 
-0.0951073900534364 9 7 7 9 
-0.1668395756270498 9 7 8 4 
0.1564525521877151 9 7 8 11 
0.0786560580365985 9 7 9 3 
0.0951073900534364 9 7 9 7 
0.1564525521877151 9 7 9 10 
0.0470237985211814 9 7 10 2 
-0.3668172030686210 9 7 10 6 
-0.1564525521877151 9 7 10 9 
-0.1410119438856932 9 7 11 1 
-0.1564525521877151 9 7 11 8 
0.6522401701346261 9 8 0 3 
0.2593995367826311 9 8 0 7 
0.3109716028928007 9 8 0 10 
-0.8750720148462312 9 8 1 2 
-0.1160069995155840 9 8 1 6 
-0.2781414572561490 9 8 1 9 
0.8750720148462312 9 8 2 1 
0.1703261616479257 9 8 2 8 
-0.6522401701346261 9 8 3 0 
0.1160069995155840 9 8 6 1 
0.3129051043754301 9 8 6 8 
-0.2593995367826311 9 8 7 0 
-0.1703261616479257 9 8 8 2 
-0.3129051043754301 9 8 8 6 
0.0872265517062590 9 8 8 9 
0.2781414572561490 9 8 9 1 
-0.0872265517062590 9 8 9 8 
-0.3109716028928007 9 8 10 0 
0.5388836340703608 9 10 0 5 
-1.2533769422578445 9 10 1 4 
-0.2086060929421117 9 10 1 11 
1.6106235963515865 9 10 2 3 
-0.1420789777022381 9 10 2 7 
0.0851630808239628 9 10 2 10 
-1.6106235963515865 9 10 3 2 
0.1420789777022381 9 10 3 6 
0.0851630808239628 9 10 3 9 
1.2533769422578445 9 10 4 1 
-0.2086060929421117 9 10 4 8 
-0.5388836340703608 9 10 5 0 
-0.1420789777022381 9 10 6 3 
0.6427480852585211 9 10 6 7 
-0.1564525521877151 9 10 6 10 
0.1420789777022381 9 10 7 2 
-0.6427480852585211 9 10 7 6 
-0.1564525521877151 9 10 7 9 
0.2086060929421117 9 10 8 4 
0.8068008257922865 9 10 8 11 
-0.0851630808239628 9 10 9 3 
0.1564525521877151 9 10 9 7 
-0.8940273774985454 9 10 9 10 
-0.0851630808239628 9 10 10 2 
0.1564525521877151 9 10 10 6 
0.8940273774985454 9 10 10 9 
0.2086060929421117 9 10 11 1 
-0.8068008257922865 9 10 11 8 
-0.9224068945289231 9 11 1 5 
0.5833813432308207 9 11 2 4 
-0.2554892424718886 9 11 2 11 
-0.1640586720451480 9 11 3 7 
0.2458446381936641 9 11 3 10 
-0.5833813432308207 9 11 4 2 
0.2320139990311680 9 11 4 6 
-0.0695353643140373 9 11 4 9 
0.9224068945289231 9 11 5 1 
-0.2693093079607318 9 11 5 8 
-0.2320139990311680 9 11 6 4 
-0.1564525521877151 9 11 6 11 
0.1640586720451480 9 11 7 3 
-0.2709837693629437 9 11 7 10 
0.2693093079607318 9 11 8 5 
0.0695353643140373 9 11 9 4 
-0.0872265517062590 9 11 9 11 
-0.2458446381936641 9 11 10 3 
0.2709837693629437 9 11 10 7 
0.2554892424718886 9 11 11 2 
0.1564525521877151 9 11 11 6 
0.0872265517062590 9 11 11 9 
0.9755915331166914 9 12 0 14 
0.6390002474824942 9 12 0 18 
-1.0870351535821527 9 12 0 21 
-0.7710331993908488 9 12 1 13 
-0.2589414336017387 9 12 1 20 
0.2435189977242247 9 12 2 12 
0.2478334016190206 9 12 6 12 
-1.2179677226382328 9 12 8 13 
0.7158974169740153 9 12 8 20 
-1.1427383518997023 9 12 9 12 
-0.2435189977242247 9 12 12 2 
-0.2478334016190206 9 12 12 6 
1.1427383518997023 9 12 12 9 
0.7710331993908488 9 12 13 1 
1.2179677226382328 9 12 13 8 
-0.9755915331166914 9 12 14 0 
-0.6390002474824942 9 12 18 0 
0.2589414336017387 9 12 20 1 
-0.7158974169740153 9 12 20 8 
1.0870351535821527 9 12 21 0 
0.5880837891081675 9 13 0 15 
0.1789419808659589 9 13 0 19 
0.2680681811361496 9 13 0 22 
0.1868974442137420 9 13 1 14 
0.1755748123440475 9 13 1 18 
-1.5273777958287367 9 13 1 21 
-0.4307195503819253 9 13 2 13 
-0.0169419523965004 9 13 2 20 
-0.0428809852989391 9 13 3 12 
-0.0258285017654546 9 13 6 13 
0.0197882833262523 9 13 6 20 
0.2794232189505844 9 13 7 12 
-0.6908490765015284 9 13 8 14 
0.2250226296680809 9 13 8 18 
0.0457731896074767 9 13 8 21 
-2.2159319302300413 9 13 9 13 
0.3239146468636258 9 13 9 20 
0.1450759082872537 9 13 10 12 
0.0428809852989391 9 13 12 3 
-0.2794232189505844 9 13 12 7 
-0.1450759082872537 9 13 12 10 
0.4307195503819253 9 13 13 2 
0.0258285017654546 9 13 13 6 
2.2159319302300413 9 13 13 9 
-0.1868974442137420 9 13 14 1 
0.6908490765015284 9 13 14 8 
-0.5880837891081675 9 13 15 0 
-0.1755748123440475 9 13 18 1 
-0.2250226296680809 9 13 18 8 
-0.1789419808659589 9 13 19 0 
0.0169419523965004 9 13 20 2 
-0.0197882833262523 9 13 20 6 
-0.3239146468636258 9 13 20 9 
1.5273777958287367 9 13 21 1 
-0.0457731896074767 9 13 21 8 
-0.2680681811361496 9 13 22 0 
0.4050151644485397 9 14 0 16 
-0.3236394916275853 9 14 0 23 
-0.0470656104207964 9 14 1 15 
0.0059136346872488 9 14 1 19 
0.3207885131455403 9 14 1 22 
0.5326541230971820 9 14 2 14 
-0.1319816206853124 9 14 2 18 
-1.7645843134551855 9 14 2 21 
-0.8423777930467079 9 14 3 13 
0.3039986289568479 9 14 3 20 
0.0255501848392007 9 14 4 12 
-0.1685939980972796 9 14 6 14 
0.4960556285186413 9 14 6 18 
-0.1216397284089557 9 14 6 21 
0.1683300470881411 9 14 7 13 
0.2456672631432748 9 14 7 20 
-0.0447093304648900 9 14 8 15 
0.3500660570721861 9 14 8 19 
-0.1493853732298843 9 14 8 22 
-2.3993502335539842 9 14 9 14 
0.0275520274094149 9 14 9 18 
-0.1203675243900171 9 14 9 21 
-0.3389001982831610 9 14 10 13 
0.0964592649637798 9 14 10 20 
-0.2756474824203968 9 14 11 12 
-0.0255501848392007 9 14 12 4 
0.2756474824203968 9 14 12 11 
0.8423777930467079 9 14 13 3 
-0.1683300470881411 9 14 13 7 
0.3389001982831610 9 14 13 10 
-0.5326541230971820 9 14 14 2 
0.1685939980972796 9 14 14 6 
2.3993502335539842 9 14 14 9 
0.0470656104207964 9 14 15 1 
0.0447093304648900 9 14 15 8 
-0.4050151644485397 9 14 16 0 
0.1319816206853124 9 14 18 2 
-0.4960556285186413 9 14 18 6 
-0.0275520274094149 9 14 18 9 
-0.0059136346872488 9 14 19 1 
-0.3500660570721861 9 14 19 8 
-0.3039986289568479 9 14 20 3 
-0.2456672631432748 9 14 20 7 
-0.0964592649637798 9 14 20 10 
1.7645843134551855 9 14 21 2 
0.1216397284089557 9 14 21 6 
0.1203675243900171 9 14 21 9 
-0.3207885131455403 9 14 22 1 
0.1493853732298843 9 14 22 8 
0.3236394916275853 9 14 23 0 
0.5662376438303697 9 15 0 17 
-0.4666770253186375 9 15 1 16 
-0.4447699273490021 9 15 1 23 
0.5650477001425384 9 15 2 15 
-0.2275311463804097 9 15 2 19 
0.3337797308188916 9 15 2 22 
0.1151511901464937 9 15 3 14 
-0.2836690516055855 9 15 3 18 
-1.8115904437396000 9 15 3 21 
-1.0862754332120930 9 15 4 13 
0.5831259409084016 9 15 4 20 
0.3965357459329589 9 15 5 12 
-0.1804630873764543 9 15 6 15 
0.4960556285186414 9 15 6 19 
-0.2675150553353826 9 15 6 22 
-0.0178036339187621 9 15 7 14 
0.4960556285186414 9 15 7 18 
0.2796328545941182 9 15 7 21 
0.4054692984464331 9 15 8 16 
-0.0884168946938734 9 15 8 23 
-2.0623917273541479 9 15 9 15 
0.3582889126307167 9 15 9 19 
-0.3291519434739076 9 15 9 22 
-0.5441571752685420 9 15 10 14 
-0.2204912568142013 9 15 10 18 
-0.2439888626499448 9 15 10 21 
-0.6714324891777179 9 15 11 13 
-0.0032538138699106 9 15 11 20 
-0.3965357459329589 9 15 12 5 
1.0862754332120930 9 15 13 4 
0.6714324891777179 9 15 13 11 
-0.1151511901464937 9 15 14 3 
0.0178036339187621 9 15 14 7 
0.5441571752685420 9 15 14 10 
-0.5650477001425384 9 15 15 2 
0.1804630873764543 9 15 15 6 
2.0623917273541479 9 15 15 9 
0.4666770253186375 9 15 16 1 
-0.4054692984464331 9 15 16 8 
-0.5662376438303697 9 15 17 0 
0.2836690516055855 9 15 18 3 
-0.4960556285186414 9 15 18 7 
0.2204912568142013 9 15 18 10 
0.2275311463804097 9 15 19 2 
-0.4960556285186414 9 15 19 6 
-0.3582889126307167 9 15 19 9 
-0.5831259409084016 9 15 20 4 
0.0032538138699106 9 15 20 11 
1.8115904437396000 9 15 21 3 
-0.2796328545941182 9 15 21 7 
0.2439888626499448 9 15 21 10 
-0.3337797308188916 9 15 22 2 
0.2675150553353826 9 15 22 6 
0.3291519434739076 9 15 22 9 
0.4447699273490021 9 15 23 1 
0.0884168946938734 9 15 23 8 
0.0967762888984181 9 16 1 17 
-0.4972803749603841 9 16 2 16 
-0.4553319126083512 9 16 2 23 
1.0981032142873999 9 16 3 15 
-0.4349504787852131 9 16 3 19 
0.3207885131455403 9 16 3 22 
-1.0044046553548283 9 16 4 14 
-0.2794874804167718 9 16 4 18 
-1.6813319239600812 9 16 4 21 
-0.2588981318386350 9 16 5 13 
0.6898492131894587 9 16 5 20 
-0.0614357696029788 9 16 6 16 
-0.3375318337051730 9 16 6 23 
-0.2019009011513932 9 16 7 15 
0.7015285975425725 9 16 7 19 
0.1891617096971435 9 16 7 22 
0.5154638301267874 9 16 8 17 
-1.5744548771131521 9 16 9 16 
-0.1875006461353084 9 16 9 23 
-0.3389001982831610 9 16 10 15 
0.1559108628856662 9 16 10 19 
-0.4903844433157185 9 16 10 22 
-0.9730450732442246 9 16 11 14 
-0.3825568508039190 9 16 11 18 
-0.2570360104493457 9 16 11 21 
0.2588981318386350 9 16 13 5 
1.0044046553548283 9 16 14 4 
0.9730450732442246 9 16 14 11 
-1.0981032142873999 9 16 15 3 
0.2019009011513932 9 16 15 7 
0.3389001982831610 9 16 15 10 
0.4972803749603841 9 16 16 2 
0.0614357696029788 9 16 16 6 
1.5744548771131521 9 16 16 9 
-0.0967762888984181 9 16 17 1 
-0.5154638301267874 9 16 17 8 
0.2794874804167718 9 16 18 4 
0.3825568508039190 9 16 18 11 
0.4349504787852131 9 16 19 3 
-0.7015285975425725 9 16 19 7 
-0.1559108628856662 9 16 19 10 
-0.6898492131894587 9 16 20 5 
1.6813319239600812 9 16 21 4 
0.2570360104493457 9 16 21 11 
-0.3207885131455403 9 16 22 3 
-0.1891617096971435 9 16 22 7 
0.4903844433157185 9 16 22 10 
0.4553319126083512 9 16 23 2 
0.3375318337051730 9 16 23 6 
0.1875006461353084 9 16 23 9 
-0.4132208956216356 9 17 2 17 
0.3365839943104000 9 17 3 16 
-0.3472568086448409 9 17 3 23 
0.2086188094988284 9 17 4 15 
-0.5181253877359930 9 17 4 19 
0.2680681811361496 9 17 4 22 
-0.8058896352192806 9 17 5 14 
-0.1194369071188716 9 17 5 18 
-1.3867444913947311 9 17 5 21 
0.1884879552231468 9 17 6 17 
-0.3059633094098332 9 17 7 16 
-0.0221239733377629 9 17 7 23 
-1.3049381483136142 9 17 9 17 
0.1450759082872537 9 17 10 16 
-0.2578377649557052 9 17 10 23 
-0.9500737232624755 9 17 11 15 
-0.2515829482067949 9 17 11 19 
-0.5688093678485058 9 17 11 22 
0.8058896352192806 9 17 14 5 
-0.2086188094988284 9 17 15 4 
0.9500737232624755 9 17 15 11 
-0.3365839943104000 9 17 16 3 
0.3059633094098332 9 17 16 7 
-0.1450759082872537 9 17 16 10 
0.4132208956216356 9 17 17 2 
-0.1884879552231468 9 17 17 6 
1.3049381483136142 9 17 17 9 
0.1194369071188716 9 17 18 5 
0.5181253877359930 9 17 19 4 
0.2515829482067949 9 17 19 11 
1.3867444913947311 9 17 21 5 
-0.2680681811361496 9 17 22 4 
0.5688093678485058 9 17 22 11 
0.3472568086448409 9 17 23 3 
0.0221239733377629 9 17 23 7 
0.2578377649557052 9 17 23 10 
0.2873171182929216 9 18 0 16 
-0.2663306904701491 9 18 0 23 
-0.1796565934756221 9 18 1 15 
-0.2842972934746928 9 18 1 19 
0.1891617096971435 9 18 1 22 
-0.0043671779669308 9 18 2 14 
0.2010285440889373 9 18 2 18 
-0.1216397284089557 9 18 2 21 
0.1878914232224627 9 18 3 13 
0.0632325152770467 9 18 3 20 
-0.2938273228288526 9 18 4 12 
0.9233342451021118 9 18 6 14 
0.2913263612051061 9 18 6 18 
-1.0301957264404009 9 18 6 21 
-1.3057918120269298 9 18 7 13 
0.5845462706607063 9 18 7 20 
-0.0954646841209102 9 18 8 15 
0.2668732542581253 9 18 8 19 
0.2827795930501327 9 18 8 22 
0.0275520274094149 9 18 9 14 
-1.1184969379212748 9 18 9 18 
-0.1700731961499388 9 18 9 21 
0.1559108628856662 9 18 10 13 
0.0117958236871889 9 18 10 20 
-0.4528630066897992 9 18 11 12 
0.2938273228288526 9 18 12 4 
0.4528630066897992 9 18 12 11 
-0.1878914232224627 9 18 13 3 
1.3057918120269298 9 18 13 7 
-0.1559108628856662 9 18 13 10 
0.0043671779669308 9 18 14 2 
-0.9233342451021118 9 18 14 6 
-0.0275520274094149 9 18 14 9 
0.1796565934756221 9 18 15 1 
0.0954646841209102 9 18 15 8 
-0.2873171182929216 9 18 16 0 
-0.2010285440889373 9 18 18 2 
-0.2913263612051061 9 18 18 6 
1.1184969379212748 9 18 18 9 
0.2842972934746928 9 18 19 1 
-0.2668732542581253 9 18 19 8 
-0.0632325152770467 9 18 20 3 
-0.5845462706607063 9 18 20 7 
-0.0117958236871889 9 18 20 10 
0.1216397284089557 9 18 21 2 
1.0301957264404009 9 18 21 6 
0.1700731961499388 9 18 21 9 
-0.1891617096971435 9 18 22 1 
-0.2827795930501327 9 18 22 8 
0.2663306904701491 9 18 23 0 
0.2238583757939532 9 19 0 17 
0.0389487712028829 9 19 1 16 
0.2085309863649051 9 19 1 23 
-0.1718080706902779 9 19 2 15 
-0.2010285440889373 9 19 2 19 
-0.2675150553353826 9 19 2 22 
0.1747195226682318 9 19 3 14 
0.2010285440889373 9 19 3 18 
0.2796328545941182 9 19 3 21 
-0.0476831271367445 9 19 4 13 
-0.2382134113542835 9 19 4 20 
-0.2093011159041839 9 19 5 12 
0.9233342451021119 9 19 6 15 
-0.2913263612051062 9 19 6 19 
0.6749758934395013 9 19 6 22 
-0.9233342451021119 9 19 7 14 
-0.2913263612051062 9 19 7 18 
-1.3676836731601518 9 19 7 21 
-0.4050529869813333 9 19 8 16 
-0.1768835181310507 9 19 8 23 
0.3582889126307167 9 19 9 15 
-1.2725762831067151 9 19 9 19 
0.1632628741688270 9 19 9 22 
-0.2204912568142013 9 19 10 14 
0.3081586903708802 9 19 10 18 
0.0068103219811119 9 19 10 21 
0.0675190424792119 9 19 11 13 
-0.3333360703187658 9 19 11 20 
0.2093011159041839 9 19 12 5 
0.0476831271367445 9 19 13 4 
-0.0675190424792119 9 19 13 11 
-0.1747195226682318 9 19 14 3 
0.9233342451021119 9 19 14 7 
0.2204912568142013 9 19 14 10 
0.1718080706902779 9 19 15 2 
-0.9233342451021119 9 19 15 6 
-0.3582889126307167 9 19 15 9 
-0.0389487712028829 9 19 16 1 
0.4050529869813333 9 19 16 8 
-0.2238583757939532 9 19 17 0 
-0.2010285440889373 9 19 18 3 
0.2913263612051062 9 19 18 7 
-0.3081586903708802 9 19 18 10 
0.2010285440889373 9 19 19 2 
0.2913263612051062 9 19 19 6 
1.2725762831067151 9 19 19 9 
0.2382134113542835 9 19 20 4 
0.3333360703187658 9 19 20 11 
-0.2796328545941182 9 19 21 3 
1.3676836731601518 9 19 21 7 
-0.0068103219811119 9 19 21 10 
0.2675150553353826 9 19 22 2 
-0.6749758934395013 9 19 22 6 
-0.1632628741688270 9 19 22 9 
-0.2085309863649051 9 19 23 1 
0.1768835181310507 9 19 23 8 
0.8081306961200683 9 20 0 15 
0.1473951316959303 9 20 0 19 
0.5688093678485058 9 20 0 22 
-0.6530977058611501 9 20 1 14 
-0.0184354645221181 9 20 1 18 
0.0457731896074767 9 20 1 21 
0.2219743089850812 9 20 2 13 
-0.3676102009098723 9 20 2 20 
0.1558905259854422 9 20 3 12 
0.0975715349934660 9 20 6 13 
0.1564525521877151 9 20 6 20 
-0.1120044050867008 9 20 7 12 
-0.5379363625577981 9 20 8 14 
-0.1564525521877151 9 20 8 18 
-1.2844870956086989 9 20 8 21 
0.3239146468636258 9 20 9 13 
-1.3717136473149578 9 20 9 20 
0.2578377649557052 9 20 10 12 
-0.1558905259854422 9 20 12 3 
0.1120044050867008 9 20 12 7 
-0.2578377649557052 9 20 12 10 
-0.2219743089850812 9 20 13 2 
-0.0975715349934660 9 20 13 6 
-0.3239146468636258 9 20 13 9 
0.6530977058611501 9 20 14 1 
0.5379363625577981 9 20 14 8 
-0.8081306961200683 9 20 15 0 
0.0184354645221181 9 20 18 1 
0.1564525521877151 9 20 18 8 
-0.1473951316959303 9 20 19 0 
0.3676102009098723 9 20 20 2 
-0.1564525521877151 9 20 20 6 
1.3717136473149578 9 20 20 9 
-0.0457731896074767 9 20 21 1 
1.2844870956086989 9 20 21 8 
-0.5688093678485058 9 20 22 0 
0.1158974523319191 9 21 0 16 
0.1935635387372202 9 21 0 23 
0.6001276579691699 9 21 1 15 
0.0274135389535451 9 21 1 19 
0.4903844433157185 9 21 1 22 
-0.9005395894218445 9 21 2 14 
0.0387685985807467 9 21 2 18 
-0.1203675243900171 9 21 2 21 
0.6001276579691699 9 21 3 13 
-0.4533233295735348 9 21 3 20 
0.1158974523319191 9 21 4 12 
0.0387685985807467 9 21 6 14 
-0.0891506411423141 9 21 6 18 
-0.1700731961499388 9 21 6 21 
0.0274135389535451 9 21 7 13 
0.2945754167373216 9 21 7 20 
-0.4533233295735348 9 21 8 15 
0.2945754167373216 9 21 8 19 
-0.4057155965344679 9 21 8 22 
-0.1203675243900171 9 21 9 14 
-0.1700731961499388 9 21 9 18 
-2.1877207251764474 9 21 9 21 
0.4903844433157185 9 21 10 13 
-0.4057155965344679 9 21 10 20 
0.1935635387372202 9 21 11 12 
-0.1158974523319191 9 21 12 4 
-0.1935635387372202 9 21 12 11 
-0.6001276579691699 9 21 13 3 
-0.0274135389535451 9 21 13 7 
-0.4903844433157185 9 21 13 10 
0.9005395894218445 9 21 14 2 
-0.0387685985807467 9 21 14 6 
0.1203675243900171 9 21 14 9 
-0.6001276579691699 9 21 15 1 
0.4533233295735348 9 21 15 8 
-0.1158974523319191 9 21 16 0 
-0.0387685985807467 9 21 18 2 
0.0891506411423141 9 21 18 6 
0.1700731961499388 9 21 18 9 
-0.0274135389535451 9 21 19 1 
-0.2945754167373216 9 21 19 8 
0.4533233295735348 9 21 20 3 
-0.2945754167373216 9 21 20 7 
0.4057155965344679 9 21 20 10 
0.1203675243900171 9 21 21 2 
0.1700731961499388 9 21 21 6 
2.1877207251764474 9 21 21 9 
-0.4903844433157185 9 21 22 1 
0.4057155965344679 9 21 22 8 
-0.1935635387372202 9 21 23 0 
0.3342304624934836 9 22 0 17 
-0.1375454891430182 9 22 1 16 
0.2162449539404549 9 22 1 23 
0.5542614426370110 9 22 2 15 
-0.0419630399155591 9 22 2 19 
0.3291519434739076 9 22 2 22 
-1.0563621537145760 9 22 3 14 
0.1001159377866791 9 22 3 18 
-0.2439888626499448 9 22 3 21 
1.1158314531148266 9 22 4 13 
-0.4248510468825667 9 22 4 20 
-0.2046531715768772 9 22 5 12 
-0.0419630399155591 9 22 6 15 
0.2990863823436821 9 22 6 19 
-0.1632628741688270 9 22 6 22 
0.1001159377866791 9 22 7 14 
-0.3436617029148392 9 22 7 18 
0.0068103219811119 9 22 7 21 
-0.2162449539404549 9 22 8 16 
0.2277204062409397 9 22 8 23 
-0.3291519434739076 9 22 9 15 
0.1632628741688270 9 22 9 19 
-1.7165540579927001 9 22 9 22 
0.2439888626499448 9 22 10 14 
-0.0068103219811119 9 22 10 18 
-0.8225266804941546 9 22 10 21 
0.4248510468825667 9 22 11 13 
-0.5790804195513471 9 22 11 20 
0.2046531715768772 9 22 12 5 
-1.1158314531148266 9 22 13 4 
-0.4248510468825667 9 22 13 11 
1.0563621537145760 9 22 14 3 
-0.1001159377866791 9 22 14 7 
-0.2439888626499448 9 22 14 10 
-0.5542614426370110 9 22 15 2 
0.0419630399155591 9 22 15 6 
0.3291519434739076 9 22 15 9 
0.1375454891430182 9 22 16 1 
0.2162449539404549 9 22 16 8 
-0.3342304624934836 9 22 17 0 
-0.1001159377866791 9 22 18 3 
0.3436617029148392 9 22 18 7 
0.0068103219811119 9 22 18 10 
0.0419630399155591 9 22 19 2 
-0.2990863823436821 9 22 19 6 
-0.1632628741688270 9 22 19 9 
0.4248510468825667 9 22 20 4 
0.5790804195513471 9 22 20 11 
0.2439888626499448 9 22 21 3 
-0.0068103219811119 9 22 21 7 
0.8225266804941546 9 22 21 10 
-0.3291519434739076 9 22 22 2 
0.1632628741688270 9 22 22 6 
1.7165540579927001 9 22 22 9 
-0.2162449539404549 9 22 23 1 
-0.2277204062409397 9 22 23 8 
0.1200923581407499 9 23 1 17 
-0.0124734272615149 9 23 2 16 
0.1588257818259819 9 23 2 23 
0.1701896066344306 9 23 3 15 
-0.0596462751958754 9 23 3 19 
0.1493853732298843 9 23 3 22 
-0.5958547704923358 9 23 4 14 
0.1318342136098536 9 23 4 18 
-0.2570360104493457 9 23 4 21 
1.0424992526696730 9 23 5 13 
-0.3249724206745277 9 23 5 20 
-0.1001797854213145 9 23 6 16 
0.1768835181310507 9 23 6 23 
0.1044123968492727 9 23 7 15 
0.0772067199929142 9 23 7 19 
-0.2827795930501327 9 23 7 22 
-0.0556631127137958 9 23 8 17 
-0.1875006461353084 9 23 9 16 
-1.0203536340045507 9 23 9 23 
-0.0964592649637798 9 23 10 15 
-0.0117958236871889 9 23 10 19 
-0.4057155965344679 9 23 10 22 
0.4143150242978704 9 23 11 14 
0.3333360703187658 9 23 11 18 
-0.9331270822982918 9 23 11 21 
-1.0424992526696730 9 23 13 5 
0.5958547704923358 9 23 14 4 
-0.4143150242978704 9 23 14 11 
-0.1701896066344306 9 23 15 3 
-0.1044123968492727 9 23 15 7 
0.0964592649637798 9 23 15 10 
0.0124734272615149 9 23 16 2 
0.1001797854213145 9 23 16 6 
0.1875006461353084 9 23 16 9 
-0.1200923581407499 9 23 17 1 
0.0556631127137958 9 23 17 8 
-0.1318342136098536 9 23 18 4 
-0.3333360703187658 9 23 18 11 
0.0596462751958754 9 23 19 3 
-0.0772067199929142 9 23 19 7 
0.0117958236871889 9 23 19 10 
0.3249724206745277 9 23 20 5 
0.2570360104493457 9 23 21 4 
0.9331270822982918 9 23 21 11 
-0.1493853732298843 9 23 22 3 
0.2827795930501327 9 23 22 7 
0.4057155965344679 9 23 22 10 
-0.1588257818259819 9 23 23 2 
-0.1768835181310507 9 23 23 6 
1.0203536340045507 9 23 23 9 
0.3926687395976451 10 0 0 3 
0.3079248623420184 10 0 0 7 
-0.0818063430811169 10 0 0 10 
0.1279651848115716 10 0 1 2 
0.2121620783261599 10 0 1 6 
0.1229922728488958 10 0 1 9 
-0.1279651848115716 10 0 2 1 
0.6028169146176346 10 0 2 8 
-0.3926687395976451 10 0 3 0 
-0.2121620783261599 10 0 6 1 
0.2294589748690320 10 0 6 8 
-0.3079248623420184 10 0 7 0 
-0.6028169146176346 10 0 8 2 
-0.2294589748690320 10 0 8 6 
0.3109716028928007 10 0 8 9 
-0.1229922728488958 10 0 9 1 
-0.3109716028928007 10 0 9 8 
0.0818063430811169 10 0 10 0 
0.3556744207370530 10 1 0 4 
0.1743853830626714 10 1 0 11 
0.5071242803944442 10 1 1 3 
0.2180517108137930 10 1 1 7 
-0.1068770468469293 10 1 1 10 
0.2330495776338199 10 1 2 6 
0.6596887114287011 10 1 2 9 
-0.5071242803944442 10 1 3 1 
0.5177131606358732 10 1 3 8 
-0.3556744207370530 10 1 4 0 
-0.2330495776338199 10 1 6 2 
0.0332508468114773 10 1 6 9 
-0.2180517108137930 10 1 7 1 
0.0450250170987460 10 1 7 8 
-0.5177131606358732 10 1 8 3 
-0.0450250170987460 10 1 8 7 
0.0695353643140373 10 1 8 10 
-0.6596887114287011 10 1 9 2 
-0.0332508468114773 10 1 9 6 
0.1068770468469293 10 1 10 1 
-0.0695353643140373 10 1 10 8 
-0.1743853830626714 10 1 11 0 
0.1697018978974107 10 2 0 5 
0.6195984078934554 10 2 1 4 
0.1776566424619686 10 2 1 11 
0.4498965099960446 10 2 2 3 
0.1032059642291312 10 2 2 7 
0.2508012836145480 10 2 2 10 
-0.4498965099960446 10 2 3 2 
0.2097275124616475 10 2 3 6 
0.8779369060874337 10 2 3 9 
-0.6195984078934554 10 2 4 1 
0.2266625618287158 10 2 4 8 
-0.1697018978974107 10 2 5 0 
-0.2097275124616475 10 2 6 3 
-0.0786560580365985 10 2 6 10 
-0.1032059642291312 10 2 7 2 
-0.0470237985211814 10 2 7 9 
-0.2266625618287158 10 2 8 4 
-0.0851630808239628 10 2 8 11 
-0.8779369060874337 10 2 9 3 
0.0470237985211814 10 2 9 7 
-0.0851630808239628 10 2 9 10 
-0.2508012836145480 10 2 10 2 
0.0786560580365985 10 2 10 6 
0.0851630808239628 10 2 10 9 
-0.1776566424619686 10 2 11 1 
0.0851630808239628 10 2 11 8 
0.3794649796093389 10 3 1 5 
0.7953121826259112 10 3 2 4 
0.3487079594217378 10 3 2 11 
-0.0366123774119671 10 3 3 7 
0.6347659200987984 10 3 3 10 
-0.7953121826259112 10 3 4 2 
0.1624164124008923 10 3 4 6 
0.6596887114287011 10 3 4 9 
-0.3794649796093389 10 3 5 1 
-0.0479920092071885 10 3 5 8 
-0.1624164124008923 10 3 6 4 
-0.1043987939289113 10 3 6 11 
0.0366123774119671 10 3 7 3 
-0.1491917558183705 10 3 7 10 
0.0479920092071885 10 3 8 5 
-0.6596887114287011 10 3 9 4 
-0.2458446381936641 10 3 9 11 
-0.6347659200987984 10 3 10 3 
0.1491917558183705 10 3 10 7 
-0.3487079594217378 10 3 11 2 
0.1043987939289113 10 3 11 6 
0.2458446381936641 10 3 11 9 
0.6309647744071064 10 4 2 5 
0.6176169945956672 10 4 3 4 
0.6739071241050278 10 4 3 11 
-0.6176169945956672 10 4 4 3 
-0.2014033141095020 10 4 4 7 
0.6885541344013044 10 4 4 10 
-0.6309647744071064 10 4 5 2 
0.1004812380846255 10 4 5 6 
0.1229922728488958 10 4 5 9 
-0.1004812380846255 10 4 6 5 
0.2014033141095020 10 4 7 4 
-0.2052343463418286 10 4 7 11 
-0.1229922728488958 10 4 9 5 
-0.6885541344013044 10 4 10 4 
-0.2781414572561490 10 4 10 11 
-0.6739071241050278 10 4 11 3 
0.2052343463418286 10 4 11 7 
0.2781414572561490 10 4 11 10 
0.7320725353924665 10 5 3 5 
0.9590262890364940 10 5 4 11 
-0.7320725353924665 10 5 5 3 
-0.3911668458634735 10 5 5 7 
0.0557031983175495 10 5 5 10 
0.3911668458634735 10 5 7 5 
-0.0557031983175495 10 5 10 5 
-0.9590262890364940 10 5 11 4 
0.4331594916981370 10 6 0 5 
0.0866318983396274 10 6 1 4 
0.1668395756270498 10 6 1 11 
-0.3465275933585096 10 6 2 3 
0.7223057010131746 10 6 2 7 
-0.0786560580365985 10 6 2 10 
0.3465275933585096 10 6 3 2 
-0.7223057010131746 10 6 3 6 
-0.0470237985211814 10 6 3 9 
-0.0866318983396274 10 6 4 1 
0.1410119438856932 10 6 4 8 
-0.4331594916981370 10 6 5 0 
0.7223057010131746 10 6 6 3 
-0.0951073900534364 10 6 6 10 
-0.7223057010131746 10 6 7 2 
0.3668172030686210 10 6 7 9 
-0.1410119438856932 10 6 8 4 
0.1564525521877151 10 6 8 11 
0.0470237985211814 10 6 9 3 
-0.3668172030686210 10 6 9 7 
0.1564525521877151 10 6 9 10 
0.0786560580365985 10 6 10 2 
0.0951073900534364 10 6 10 6 
-0.1564525521877151 10 6 10 9 
-0.1668395756270498 10 6 11 1 
-0.1564525521877151 10 6 11 8 
0.5811444411217741 10 7 1 5 
-0.3675480166980848 10 7 2 4 
0.1586971993979569 10 7 2 11 
0.7223057010131744 10 7 3 7 
-0.1491917558183705 10 7 3 10 
0.3675480166980848 10 7 4 2 
-1.0214945185522371 10 7 4 6 
0.0332508468114773 10 7 4 9 
-0.5811444411217741 10 7 5 1 
0.1865323162196501 10 7 5 8 
1.0214945185522371 10 7 6 4 
0.3176730164025809 10 7 6 11 
-0.7223057010131744 10 7 7 3 
0.0883012114808741 10 7 7 10 
-0.1865323162196501 10 7 8 5 
-0.0332508468114773 10 7 9 4 
0.2709837693629437 10 7 9 11 
0.1491917558183705 10 7 10 3 
-0.0883012114808741 10 7 10 7 
-0.1586971993979569 10 7 11 2 
-0.3176730164025809 10 7 11 6 
-0.2709837693629437 10 7 11 9 
0.9224068945289231 10 8 0 4 
0.2693093079607318 10 8 0 11 
-0.5833813432308207 10 8 1 3 
0.2320139990311680 10 8 1 7 
0.0695353643140373 10 8 1 10 
-0.1640586720451480 10 8 2 6 
-0.2458446381936641 10 8 2 9 
0.5833813432308207 10 8 3 1 
0.2554892424718886 10 8 3 8 
-0.9224068945289231 10 8 4 0 
0.1640586720451480 10 8 6 2 
0.2709837693629437 10 8 6 9 
-0.2320139990311680 10 8 7 1 
0.1564525521877151 10 8 7 8 
-0.2554892424718886 10 8 8 3 
-0.1564525521877151 10 8 8 7 
0.0872265517062590 10 8 8 10 
0.2458446381936641 10 8 9 2 
-0.2709837693629437 10 8 9 6 
-0.0695353643140373 10 8 10 1 
-0.0872265517062590 10 8 10 8 
-0.2693093079607318 10 8 11 0 
-0.5388836340703608 10 9 0 5 
1.2533769422578445 10 9 1 4 
0.2086060929421117 10 9 1 11 
-1.6106235963515865 10 9 2 3 
0.1420789777022381 10 9 2 7 
-0.0851630808239628 10 9 2 10 
1.6106235963515865 10 9 3 2 
-0.1420789777022381 10 9 3 6 
-0.0851630808239628 10 9 3 9 
-1.2533769422578445 10 9 4 1 
0.2086060929421117 10 9 4 8 
0.5388836340703608 10 9 5 0 
0.1420789777022381 10 9 6 3 
-0.6427480852585211 10 9 6 7 
0.1564525521877151 10 9 6 10 
-0.1420789777022381 10 9 7 2 
0.6427480852585211 10 9 7 6 
0.1564525521877151 10 9 7 9 
-0.2086060929421117 10 9 8 4 
-0.8068008257922865 10 9 8 11 
0.0851630808239628 10 9 9 3 
-0.1564525521877151 10 9 9 7 
0.8940273774985454 10 9 9 10 
0.0851630808239628 10 9 10 2 
-0.1564525521877151 10 9 10 6 
-0.8940273774985454 10 9 10 9 
-0.2086060929421117 10 9 11 1 
0.8068008257922865 10 9 11 8 
-0.6522401701346261 10 11 2 5 
0.8750720148462312 10 11 3 4 
-0.1703261616479257 10 11 3 11 
-0.8750720148462312 10 11 4 3 
-0.1160069995155840 10 11 4 7 
0.2781414572561490 10 11 4 10 
0.6522401701346261 10 11 5 2 
0.2593995367826311 10 11 5 6 
-0.3109716028928007 10 11 5 9 
-0.2593995367826311 10 11 6 5 
0.1160069995155840 10 11 7 4 
-0.3129051043754301 10 11 7 11 
0.3109716028928007 10 11 9 5 
-0.2781414572561490 10 11 10 4 
-0.0872265517062590 10 11 10 11 
0.1703261616479257 10 11 11 3 
0.3129051043754301 10 11 11 7 
0.0872265517062590 10 11 11 10 
0.8058896352192806 10 12 0 15 
0.1194369071188716 10 12 0 19 
-1.3867444913947311 10 12 0 22 
-0.2086188094988284 10 12 1 14 
0.5181253877359930 10 12 1 18 
0.2680681811361496 10 12 1 21 
-0.3365839943104000 10 12 2 13 
-0.3472568086448409 10 12 2 20 
0.4132208956216356 10 12 3 12 
0.3059633094098332 10 12 6 13 
-0.0221239733377629 10 12 6 20 
-0.1884879552231468 10 12 7 12 
-0.9500737232624755 10 12 8 14 
-0.2515829482067949 10 12 8 18 
0.5688093678485058 10 12 8 21 
0.1450759082872537 10 12 9 13 
0.2578377649557052 10 12 9 20 
-1.3049381483136142 10 12 10 12 
-0.4132208956216356 10 12 12 3 
0.1884879552231468 10 12 12 7 
1.3049381483136142 10 12 12 10 
0.3365839943104000 10 12 13 2 
-0.3059633094098332 10 12 13 6 
-0.1450759082872537 10 12 13 9 
0.2086188094988284 10 12 14 1 
0.9500737232624755 10 12 14 8 
-0.8058896352192806 10 12 15 0 
-0.5181253877359930 10 12 18 1 
0.2515829482067949 10 12 18 8 
-0.1194369071188716 10 12 19 0 
0.3472568086448409 10 12 20 2 
0.0221239733377629 10 12 20 6 
-0.2578377649557052 10 12 20 9 
-0.2680681811361496 10 12 21 1 
-0.5688093678485058 10 12 21 8 
1.3867444913947311 10 12 22 0 
0.2588981318386350 10 13 0 16 
0.6898492131894587 10 13 0 23 
1.0044046553548283 10 13 1 15 
0.2794874804167718 10 13 1 19 
-1.6813319239600812 10 13 1 22 
-1.0981032142873999 10 13 2 14 
0.4349504787852131 10 13 2 18 
0.3207885131455403 10 13 2 21 
0.4972803749603841 10 13 3 13 
-0.4553319126083512 10 13 3 20 
-0.0967762888984181 10 13 4 12 
0.2019009011513932 10 13 6 14 
-0.7015285975425725 10 13 6 18 
0.1891617096971435 10 13 6 21 
0.0614357696029788 10 13 7 13 
-0.3375318337051730 10 13 7 20 
-0.9730450732442246 10 13 8 15 
-0.3825568508039190 10 13 8 19 
0.2570360104493457 10 13 8 22 
-0.3389001982831610 10 13 9 14 
0.1559108628856662 10 13 9 18 
0.4903844433157185 10 13 9 21 
-1.5744548771131521 10 13 10 13 
0.1875006461353084 10 13 10 20 
0.5154638301267874 10 13 11 12 
0.0967762888984181 10 13 12 4 
-0.5154638301267874 10 13 12 11 
-0.4972803749603841 10 13 13 3 
-0.0614357696029788 10 13 13 7 
1.5744548771131521 10 13 13 10 
1.0981032142873999 10 13 14 2 
-0.2019009011513932 10 13 14 6 
0.3389001982831610 10 13 14 9 
-1.0044046553548283 10 13 15 1 
0.9730450732442246 10 13 15 8 
-0.2588981318386350 10 13 16 0 
-0.4349504787852131 10 13 18 2 
0.7015285975425725 10 13 18 6 
-0.1559108628856662 10 13 18 9 
-0.2794874804167718 10 13 19 1 
0.3825568508039190 10 13 19 8 
0.4553319126083512 10 13 20 3 
0.3375318337051730 10 13 20 7 
-0.1875006461353084 10 13 20 10 
-0.3207885131455403 10 13 21 2 
-0.1891617096971435 10 13 21 6 
-0.4903844433157185 10 13 21 9 
1.6813319239600812 10 13 22 1 
-0.2570360104493457 10 13 22 8 
-0.6898492131894587 10 13 23 0 
-0.3965357459329589 10 14 0 17 
1.0862754332120930 10 14 1 16 
0.5831259409084016 10 14 1 23 
-0.1151511901464937 10 14 2 15 
0.2836690516055855 10 14 2 19 
-1.8115904437396000 10 14 2 22 
-0.5650477001425384 10 14 3 14 
0.2275311463804097 10 14 3 18 
0.3337797308188916 10 14 3 21 
0.4666770253186375 10 14 4 13 
-0.4447699273490021 10 14 4 20 
-0.5662376438303697 10 14 5 12 
0.0178036339187621 10 14 6 15 
-0.4960556285186414 10 14 6 19 
0.2796328545941182 10 14 6 22 
0.1804630873764543 10 14 7 14 
-0.4960556285186414 10 14 7 18 
-0.2675150553353826 10 14 7 21 
-0.6714324891777179 10 14 8 16 
0.0032538138699106 10 14 8 23 
-0.5441571752685420 10 14 9 15 
-0.2204912568142013 10 14 9 19 
0.2439888626499448 10 14 9 22 
-2.0623917273541479 10 14 10 14 
0.3582889126307167 10 14 10 18 
0.3291519434739076 10 14 10 21 
0.4054692984464331 10 14 11 13 
0.0884168946938734 10 14 11 20 
0.5662376438303697 10 14 12 5 
-0.4666770253186375 10 14 13 4 
-0.4054692984464331 10 14 13 11 
0.5650477001425384 10 14 14 3 
-0.1804630873764543 10 14 14 7 
2.0623917273541479 10 14 14 10 
0.1151511901464937 10 14 15 2 
-0.0178036339187621 10 14 15 6 
0.5441571752685420 10 14 15 9 
-1.0862754332120930 10 14 16 1 
0.6714324891777179 10 14 16 8 
0.3965357459329589 10 14 17 0 
-0.2275311463804097 10 14 18 3 
0.4960556285186414 10 14 18 7 
-0.3582889126307167 10 14 18 10 
-0.2836690516055855 10 14 19 2 
0.4960556285186414 10 14 19 6 
0.2204912568142013 10 14 19 9 
0.4447699273490021 10 14 20 4 
-0.0884168946938734 10 14 20 11 
-0.3337797308188916 10 14 21 3 
0.2675150553353826 10 14 21 7 
-0.3291519434739076 10 14 21 10 
1.8115904437396000 10 14 22 2 
-0.2796328545941182 10 14 22 6 
-0.2439888626499448 10 14 22 9 
-0.5831259409084016 10 14 23 1 
-0.0032538138699106 10 14 23 8 
-0.0255501848392007 10 15 1 17 
0.8423777930467079 10 15 2 16 
0.3039986289568479 10 15 2 23 
-0.5326541230971820 10 15 3 15 
0.1319816206853124 10 15 3 19 
-1.7645843134551855 10 15 3 22 
0.0470656104207964 10 15 4 14 
-0.0059136346872488 10 15 4 18 
0.3207885131455403 10 15 4 21 
-0.4050151644485397 10 15 5 13 
-0.3236394916275853 10 15 5 20 
-0.1683300470881411 10 15 6 16 
0.2456672631432748 10 15 6 23 
0.1685939980972796 10 15 7 15 
-0.4960556285186413 10 15 7 19 
-0.1216397284089557 10 15 7 22 
-0.2756474824203968 10 15 8 17 
-0.3389001982831610 10 15 9 16 
-0.0964592649637798 10 15 9 23 
-2.3993502335539842 10 15 10 15 
0.0275520274094149 10 15 10 19 
0.1203675243900171 10 15 10 22 
-0.0447093304648900 10 15 11 14 
0.3500660570721861 10 15 11 18 
0.1493853732298843 10 15 11 21 
0.4050151644485397 10 15 13 5 
-0.0470656104207964 10 15 14 4 
0.0447093304648900 10 15 14 11 
0.5326541230971820 10 15 15 3 
-0.1685939980972796 10 15 15 7 
2.3993502335539842 10 15 15 10 
-0.8423777930467079 10 15 16 2 
0.1683300470881411 10 15 16 6 
0.3389001982831610 10 15 16 9 
0.0255501848392007 10 15 17 1 
0.2756474824203968 10 15 17 8 
0.0059136346872488 10 15 18 4 
-0.3500660570721861 10 15 18 11 
-0.1319816206853124 10 15 19 3 
0.4960556285186413 10 15 19 7 
-0.0275520274094149 10 15 19 10 
0.3236394916275853 10 15 20 5 
-0.3207885131455403 10 15 21 4 
-0.1493853732298843 10 15 21 11 
1.7645843134551855 10 15 22 3 
0.1216397284089557 10 15 22 7 
-0.1203675243900171 10 15 22 10 
-0.3039986289568479 10 15 23 2 
-0.2456672631432748 10 15 23 6 
0.0964592649637798 10 15 23 9 
0.0428809852989391 10 16 2 17 
0.4307195503819253 10 16 3 16 
-0.0169419523965004 10 16 3 23 
-0.1868974442137420 10 16 4 15 
-0.1755748123440475 10 16 4 19 
-1.5273777958287367 10 16 4 22 
-0.5880837891081675 10 16 5 14 
-0.1789419808659589 10 16 5 18 
0.2680681811361496 10 16 5 21 
-0.2794232189505844 10 16 6 17 
0.0258285017654546 10 16 7 16 
0.0197882833262523 10 16 7 23 
0.1450759082872537 10 16 9 17 
-2.2159319302300413 10 16 10 16 
-0.3239146468636258 10 16 10 23 
-0.6908490765015284 10 16 11 15 
0.2250226296680809 10 16 11 19 
-0.0457731896074767 10 16 11 22 
0.5880837891081675 10 16 14 5 
0.1868974442137420 10 16 15 4 
0.6908490765015284 10 16 15 11 
-0.4307195503819253 10 16 16 3 
-0.0258285017654546 10 16 16 7 
2.2159319302300413 10 16 16 10 
-0.0428809852989391 10 16 17 2 
0.2794232189505844 10 16 17 6 
-0.1450759082872537 10 16 17 9 
0.1789419808659589 10 16 18 5 
0.1755748123440475 10 16 19 4 
-0.2250226296680809 10 16 19 11 
-0.2680681811361496 10 16 21 5 
1.5273777958287367 10 16 22 4 
0.0457731896074767 10 16 22 11 
0.0169419523965004 10 16 23 3 
-0.0197882833262523 10 16 23 7 
0.3239146468636258 10 16 23 10 
-0.2435189977242247 10 17 3 17 
0.7710331993908488 10 17 4 16 
-0.2589414336017387 10 17 4 23 
-0.9755915331166914 10 17 5 15 
-0.6390002474824942 10 17 5 19 
-1.0870351535821527 10 17 5 22 
-0.2478334016190206 10 17 7 17 
-1.1427383518997023 10 17 10 17 
-1.2179677226382328 10 17 11 16 
-0.7158974169740153 10 17 11 23 
0.9755915331166914 10 17 15 5 
-0.7710331993908488 10 17 16 4 
1.2179677226382328 10 17 16 11 
0.2435189977242247 10 17 17 3 
0.2478334016190206 10 17 17 7 
1.1427383518997023 10 17 17 10 
0.6390002474824942 10 17 19 5 
1.0870351535821527 10 17 22 5 
0.2589414336017387 10 17 23 4 
0.7158974169740153 10 17 23 11 
0.2093011159041839 10 18 0 17 
0.0476831271367445 10 18 1 16 
-0.2382134113542835 10 18 1 23 
-0.1747195226682318 10 18 2 15 
-0.2010285440889373 10 18 2 19 
0.2796328545941182 10 18 2 22 
0.1718080706902779 10 18 3 14 
0.2010285440889373 10 18 3 18 
-0.2675150553353826 10 18 3 21 
-0.0389487712028829 10 18 4 13 
0.2085309863649051 10 18 4 20 
-0.2238583757939532 10 18 5 12 
0.9233342451021119 10 18 6 15 
0.2913263612051062 10 18 6 19 
-1.3676836731601518 10 18 6 22 
-0.9233342451021119 10 18 7 14 
0.2913263612051062 10 18 7 18 
0.6749758934395013 10 18 7 21 
0.0675190424792119 10 18 8 16 
0.3333360703187658 10 18 8 23 
-0.2204912568142013 10 18 9 15 
0.3081586903708802 10 18 9 19 
-0.0068103219811119 10 18 9 22 
0.3582889126307167 10 18 10 14 
-1.2725762831067151 10 18 10 18 
-0.1632628741688270 10 18 10 21 
-0.4050529869813333 10 18 11 13 
0.1768835181310507 10 18 11 20 
0.2238583757939532 10 18 12 5 
0.0389487712028829 10 18 13 4 
0.4050529869813333 10 18 13 11 
-0.1718080706902779 10 18 14 3 
0.9233342451021119 10 18 14 7 
-0.3582889126307167 10 18 14 10 
0.1747195226682318 10 18 15 2 
-0.9233342451021119 10 18 15 6 
0.2204912568142013 10 18 15 9 
-0.0476831271367445 10 18 16 1 
-0.0675190424792119 10 18 16 8 
-0.2093011159041839 10 18 17 0 
-0.2010285440889373 10 18 18 3 
-0.2913263612051062 10 18 18 7 
1.2725762831067151 10 18 18 10 
0.2010285440889373 10 18 19 2 
-0.2913263612051062 10 18 19 6 
-0.3081586903708802 10 18 19 9 
-0.2085309863649051 10 18 20 4 
-0.1768835181310507 10 18 20 11 
0.2675150553353826 10 18 21 3 
-0.6749758934395013 10 18 21 7 
0.1632628741688270 10 18 21 10 
-0.2796328545941182 10 18 22 2 
1.3676836731601518 10 18 22 6 
0.0068103219811119 10 18 22 9 
0.2382134113542835 10 18 23 1 
-0.3333360703187658 10 18 23 8 
0.2938273228288526 10 19 1 17 
-0.1878914232224627 10 19 2 16 
0.0632325152770467 10 19 2 23 
0.0043671779669308 10 19 3 15 
-0.2010285440889373 10 19 3 19 
-0.1216397284089557 10 19 3 22 
0.1796565934756221 10 19 4 14 
0.2842972934746928 10 19 4 18 
0.1891617096971435 10 19 4 21 
-0.2873171182929216 10 19 5 13 
-0.2663306904701491 10 19 5 20 
1.3057918120269298 10 19 6 16 
0.5845462706607063 10 19 6 23 
-0.9233342451021118 10 19 7 15 
-0.2913263612051061 10 19 7 19 
-1.0301957264404009 10 19 7 22 
-0.4528630066897992 10 19 8 17 
0.1559108628856662 10 19 9 16 
-0.0117958236871889 10 19 9 23 
0.0275520274094149 10 19 10 15 
-1.1184969379212748 10 19 10 19 
0.1700731961499388 10 19 10 22 
-0.0954646841209102 10 19 11 14 
0.2668732542581253 10 19 11 18 
-0.2827795930501327 10 19 11 21 
0.2873171182929216 10 19 13 5 
-0.1796565934756221 10 19 14 4 
0.0954646841209102 10 19 14 11 
-0.0043671779669308 10 19 15 3 
0.9233342451021118 10 19 15 7 
-0.0275520274094149 10 19 15 10 
0.1878914232224627 10 19 16 2 
-1.3057918120269298 10 19 16 6 
-0.1559108628856662 10 19 16 9 
-0.2938273228288526 10 19 17 1 
0.4528630066897992 10 19 17 8 
-0.2842972934746928 10 19 18 4 
-0.2668732542581253 10 19 18 11 
0.2010285440889373 10 19 19 3 
0.2913263612051061 10 19 19 7 
1.1184969379212748 10 19 19 10 
0.2663306904701491 10 19 20 5 
-0.1891617096971435 10 19 21 4 
0.2827795930501327 10 19 21 11 
0.1216397284089557 10 19 22 3 
1.0301957264404009 10 19 22 7 
-0.1700731961499388 10 19 22 10 
-0.0632325152770467 10 19 23 2 
-0.5845462706607063 10 19 23 6 
0.0117958236871889 10 19 23 9 
1.0424992526696730 10 20 0 16 
0.3249724206745277 10 20 0 23 
-0.5958547704923358 10 20 1 15 
0.1318342136098536 10 20 1 19 
0.2570360104493457 10 20 1 22 
0.1701896066344306 10 20 2 14 
-0.0596462751958754 10 20 2 18 
-0.1493853732298843 10 20 2 21 
-0.0124734272615149 10 20 3 13 
-0.1588257818259819 10 20 3 20 
0.1200923581407499 10 20 4 12 
0.1044123968492727 10 20 6 14 
0.0772067199929142 10 20 6 18 
0.2827795930501327 10 20 6 21 
-0.1001797854213145 10 20 7 13 
-0.1768835181310507 10 20 7 20 
-0.4143150242978704 10 20 8 15 
-0.3333360703187658 10 20 8 19 
-0.9331270822982918 10 20 8 22 
0.0964592649637798 10 20 9 14 
0.0117958236871889 10 20 9 18 
-0.4057155965344679 10 20 9 21 
0.1875006461353084 10 20 10 13 
-1.0203536340045507 10 20 10 20 
0.0556631127137958 10 20 11 12 
-0.1200923581407499 10 20 12 4 
-0.0556631127137958 10 20 12 11 
0.0124734272615149 10 20 13 3 
0.1001797854213145 10 20 13 7 
-0.1875006461353084 10 20 13 10 
-0.1701896066344306 10 20 14 2 
-0.1044123968492727 10 20 14 6 
-0.0964592649637798 10 20 14 9 
0.5958547704923358 10 20 15 1 
0.4143150242978704 10 20 15 8 
-1.0424992526696730 10 20 16 0 
0.0596462751958754 10 20 18 2 
-0.0772067199929142 10 20 18 6 
-0.0117958236871889 10 20 18 9 
-0.1318342136098536 10 20 19 1 
0.3333360703187658 10 20 19 8 
0.1588257818259819 10 20 20 3 
0.1768835181310507 10 20 20 7 
1.0203536340045507 10 20 20 10 
0.1493853732298843 10 20 21 2 
-0.2827795930501327 10 20 21 6 
0.4057155965344679 10 20 21 9 
-0.2570360104493457 10 20 22 1 
0.9331270822982918 10 20 22 8 
-0.3249724206745277 10 20 23 0 
-0.2046531715768772 10 21 0 17 
1.1158314531148266 10 21 1 16 
0.4248510468825667 10 21 1 23 
-1.0563621537145760 10 21 2 15 
0.1001159377866791 10 21 2 19 
0.2439888626499448 10 21 2 22 
0.5542614426370110 10 21 3 14 
-0.0419630399155591 10 21 3 18 
-0.3291519434739076 10 21 3 21 
-0.1375454891430182 10 21 4 13 
-0.2162449539404549 10 21 4 20 
0.3342304624934836 10 21 5 12 
0.1001159377866791 10 21 6 15 
-0.3436617029148392 10 21 6 19 
-0.0068103219811119 10 21 6 22 
-0.0419630399155591 10 21 7 14 
0.2990863823436821 10 21 7 18 
0.1632628741688270 10 21 7 21 
-0.4248510468825667 10 21 8 16 
-0.5790804195513471 10 21 8 23 
-0.2439888626499448 10 21 9 15 
0.0068103219811119 10 21 9 19 
-0.8225266804941546 10 21 9 22 
0.3291519434739076 10 21 10 14 
-0.1632628741688270 10 21 10 18 
-1.7165540579927001 10 21 10 21 
0.2162449539404549 10 21 11 13 
0.2277204062409397 10 21 11 20 
-0.3342304624934836 10 21 12 5 
0.1375454891430182 10 21 13 4 
-0.2162449539404549 10 21 13 11 
-0.5542614426370110 10 21 14 3 
0.0419630399155591 10 21 14 7 
-0.3291519434739076 10 21 14 10 
1.0563621537145760 10 21 15 2 
-0.1001159377866791 10 21 15 6 
0.2439888626499448 10 21 15 9 
-1.1158314531148266 10 21 16 1 
0.4248510468825667 10 21 16 8 
0.2046531715768772 10 21 17 0 
0.0419630399155591 10 21 18 3 
-0.2990863823436821 10 21 18 7 
0.1632628741688270 10 21 18 10 
-0.1001159377866791 10 21 19 2 
0.3436617029148392 10 21 19 6 
-0.0068103219811119 10 21 19 9 
0.2162449539404549 10 21 20 4 
-0.2277204062409397 10 21 20 11 
0.3291519434739076 10 21 21 3 
-0.1632628741688270 10 21 21 7 
1.7165540579927001 10 21 21 10 
-0.2439888626499448 10 21 22 2 
0.0068103219811119 10 21 22 6 
0.8225266804941546 10 21 22 9 
-0.4248510468825667 10 21 23 1 
0.5790804195513471 10 21 23 8 
0.1158974523319191 10 22 1 17 
0.6001276579691699 10 22 2 16 
0.4533233295735348 10 22 2 23 
-0.9005395894218445 10 22 3 15 
0.0387685985807467 10 22 3 19 
0.1203675243900171 10 22 3 22 
0.6001276579691699 10 22 4 14 
0.0274135389535451 10 22 4 18 
-0.4903844433157185 10 22 4 21 
0.1158974523319191 10 22 5 13 
-0.1935635387372202 10 22 5 20 
0.0274135389535451 10 22 6 16 
-0.2945754167373216 10 22 6 23 
0.0387685985807467 10 22 7 15 
-0.0891506411423141 10 22 7 19 
0.1700731961499388 10 22 7 22 
-0.1935635387372202 10 22 8 17 
-0.4903844433157185 10 22 9 16 
-0.4057155965344679 10 22 9 23 
0.1203675243900171 10 22 10 15 
0.1700731961499388 10 22 10 19 
-2.1877207251764474 10 22 10 22 
0.4533233295735348 10 22 11 14 
-0.2945754167373216 10 22 11 18 
-0.4057155965344679 10 22 11 21 
-0.1158974523319191 10 22 13 5 
-0.6001276579691699 10 22 14 4 
-0.4533233295735348 10 22 14 11 
0.9005395894218445 10 22 15 3 
-0.0387685985807467 10 22 15 7 
-0.1203675243900171 10 22 15 10 
-0.6001276579691699 10 22 16 2 
-0.0274135389535451 10 22 16 6 
0.4903844433157185 10 22 16 9 
-0.1158974523319191 10 22 17 1 
0.1935635387372202 10 22 17 8 
-0.0274135389535451 10 22 18 4 
0.2945754167373216 10 22 18 11 
-0.0387685985807467 10 22 19 3 
0.0891506411423141 10 22 19 7 
-0.1700731961499388 10 22 19 10 
0.1935635387372202 10 22 20 5 
0.4903844433157185 10 22 21 4 
0.4057155965344679 10 22 21 11 
-0.1203675243900171 10 22 22 3 
-0.1700731961499388 10 22 22 7 
2.1877207251764474 10 22 22 10 
-0.4533233295735348 10 22 23 2 
0.2945754167373216 10 22 23 6 
0.4057155965344679 10 22 23 9 
0.1558905259854422 10 23 2 17 
0.2219743089850812 10 23 3 16 
0.3676102009098723 10 23 3 23 
-0.6530977058611501 10 23 4 15 
-0.0184354645221181 10 23 4 19 
-0.0457731896074767 10 23 4 22 
0.8081306961200683 10 23 5 14 
0.1473951316959303 10 23 5 18 
-0.5688093678485058 10 23 5 21 
-0.1120044050867008 10 23 6 17 
0.0975715349934660 10 23 7 16 
-0.1564525521877151 10 23 7 23 
-0.2578377649557052 10 23 9 17 
-0.3239146468636258 10 23 10 16 
-1.3717136473149578 10 23 10 23 
0.5379363625577981 10 23 11 15 
0.1564525521877151 10 23 11 19 
-1.2844870956086989 10 23 11 22 
-0.8081306961200683 10 23 14 5 
0.6530977058611501 10 23 15 4 
-0.5379363625577981 10 23 15 11 
-0.2219743089850812 10 23 16 3 
-0.0975715349934660 10 23 16 7 
0.3239146468636258 10 23 16 10 
-0.1558905259854422 10 23 17 2 
0.1120044050867008 10 23 17 6 
0.2578377649557052 10 23 17 9 
-0.1473951316959303 10 23 18 5 
0.0184354645221181 10 23 19 4 
-0.1564525521877151 10 23 19 11 
0.5688093678485058 10 23 21 5 
0.0457731896074767 10 23 22 4 
1.2844870956086989 10 23 22 11 
-0.3676102009098723 10 23 23 3 
0.1564525521877151 10 23 23 7 
1.3717136473149578 10 23 23 10 
0.1820516639084949 11 0 0 4 
-0.3069369045556926 11 0 0 11 
0.0738807338978611 11 0 1 3 
0.2385175727467696 11 0 1 7 
0.1743853830626714 11 0 1 10 
0.0455935121061742 11 0 2 6 
-0.0479920092071885 11 0 2 9 
-0.0738807338978611 11 0 3 1 
0.3757447073612723 11 0 3 8 
-0.1820516639084949 11 0 4 0 
-0.0455935121061742 11 0 6 2 
0.1865323162196501 11 0 6 9 
-0.2385175727467696 11 0 7 1 
0.0743511537798954 11 0 7 8 
-0.3757447073612723 11 0 8 3 
-0.0743511537798954 11 0 8 7 
0.2693093079607318 11 0 8 10 
0.0479920092071885 11 0 9 2 
-0.1865323162196501 11 0 9 6 
-0.1743853830626714 11 0 10 1 
-0.2693093079607318 11 0 10 8 
0.3069369045556926 11 0 11 0 
0.1820516639084949 11 1 0 5 
0.2755042216373152 11 1 1 4 
-0.1718585676709473 11 1 1 11 
0.0934525577288204 11 1 2 3 
0.3220935552223515 11 1 2 7 
0.1776566424619686 11 1 2 10 
-0.0934525577288204 11 1 3 2 
0.0611701154414191 11 1 3 6 
0.2266625618287158 11 1 3 9 
-0.2755042216373152 11 1 4 1 
0.4752836376060228 11 1 4 8 
-0.1820516639084949 11 1 5 0 
-0.0611701154414191 11 1 6 3 
0.1668395756270498 11 1 6 10 
-0.3220935552223515 11 1 7 2 
0.1410119438856932 11 1 7 9 
-0.4752836376060228 11 1 8 4 
0.2086060929421117 11 1 8 11 
-0.2266625618287158 11 1 9 3 
-0.1410119438856932 11 1 9 7 
0.2086060929421117 11 1 9 10 
-0.1776566424619686 11 1 10 2 
-0.1668395756270498 11 1 10 6 
-0.2086060929421117 11 1 10 9 
0.1718585676709473 11 1 11 1 
-0.2086060929421117 11 1 11 8 
0.3617296887850188 11 2 1 5 
0.3689567793661356 11 2 2 4 
-0.0630665368089746 11 2 2 11 
0.3632587073286083 11 2 3 7 
0.3487079594217378 11 2 3 10 
-0.3689567793661356 11 2 4 2 
0.0611701154414191 11 2 4 6 
0.5177131606358732 11 2 4 9 
-0.3617296887850188 11 2 5 1 
0.3757447073612723 11 2 5 8 
-0.0611701154414191 11 2 6 4 
0.1021679572971892 11 2 6 11 
-0.3632587073286083 11 2 7 3 
0.1586971993979569 11 2 7 10 
-0.3757447073612723 11 2 8 5 
-0.5177131606358732 11 2 9 4 
0.2554892424718886 11 2 9 11 
-0.3487079594217378 11 2 10 3 
-0.1586971993979569 11 2 10 7 
0.0630665368089746 11 2 11 2 
-0.1021679572971892 11 2 11 6 
-0.2554892424718886 11 2 11 9 
0.6160461676692053 11 3 2 5 
0.3689567793661355 11 3 3 4 
0.1382600974317309 11 3 3 11 
-0.3689567793661355 11 3 4 3 
0.3628736321832975 11 3 4 7 
0.6739071241050278 11 3 4 10 
-0.6160461676692053 11 3 5 2 
0.0455935121061742 11 3 5 6 
0.6028169146176346 11 3 5 9 
-0.0455935121061742 11 3 6 5 
-0.3628736321832975 11 3 7 4 
0.1256798565577799 11 3 7 11 
-0.6028169146176346 11 3 9 5 
-0.6739071241050278 11 3 10 4 
0.1703261616479257 11 3 10 11 
-0.1382600974317309 11 3 11 3 
-0.1256798565577799 11 3 11 7 
-0.1703261616479257 11 3 11 10 
0.9451015792636208 11 4 3 5 
0.5509422444526750 11 4 4 11 
-0.9451015792636208 11 4 5 3 
0.3029965359235433 11 4 5 7 
0.9590262890364940 11 4 5 10 
-0.3029965359235433 11 4 7 5 
-0.9590262890364940 11 4 10 5 
-0.5509422444526750 11 4 11 4 
1.1954694442780811 11 5 4 5 
-1.1954694442780811 11 5 5 4 
1.2938008136553631 11 5 5 11 
-1.2938008136553631 11 5 11 5 
0.3355238995197108 11 6 1 5 
-0.2122039463807523 11 6 2 4 
0.1021679572971892 11 6 2 11 
0.4170233909171576 11 6 3 7 
-0.1043987939289113 11 6 3 10 
0.2122039463807523 11 6 4 2 
-0.5897601352618611 11 6 4 6 
0.0450250170987460 11 6 4 9 
-0.3355238995197108 11 6 5 1 
0.0743511537798954 11 6 5 8 
0.5897601352618611 11 6 6 4 
-0.2785159915877468 11 6 6 11 
-0.4170233909171576 11 6 7 3 
0.3176730164025809 11 6 7 10 
-0.0743511537798954 11 6 8 5 
-0.0450250170987460 11 6 9 4 
0.1564525521877151 11 6 9 11 
0.1043987939289113 11 6 10 3 
-0.3176730164025809 11 6 10 7 
-0.1021679572971892 11 6 11 2 
0.2785159915877468 11 6 11 6 
-0.1564525521877151 11 6 11 9 
0.4745024492010828 11 7 2 5 
-0.6366118391422571 11 7 3 4 
0.1256798565577799 11 7 3 11 
0.6366118391422571 11 7 4 3 
0.5897601352618611 11 7 4 7 
-0.2052343463418286 11 7 4 10 
-0.4745024492010828 11 7 5 2 
-1.3187437528649926 11 7 5 6 
0.2294589748690320 11 7 5 9 
1.3187437528649926 11 7 6 5 
-0.5897601352618611 11 7 7 4 
0.2717098130151846 11 7 7 11 
-0.2294589748690320 11 7 9 5 
0.2052343463418286 11 7 10 4 
0.3129051043754301 11 7 10 11 
-0.1256798565577799 11 7 11 3 
-0.2717098130151846 11 7 11 7 
-0.3129051043754301 11 7 11 10 
1.7297058143828339 11 8 0 5 
-1.0152125061953499 11 8 1 4 
0.2086060929421117 11 8 1 11 
0.6579658521016079 11 8 2 3 
0.1420789777022381 11 8 2 7 
-0.0851630808239628 11 8 2 10 
-0.6579658521016079 11 8 3 2 
-0.1420789777022381 11 8 3 6 
-0.0851630808239628 11 8 3 9 
1.0152125061953499 11 8 4 1 
0.2086060929421117 11 8 4 8 
-1.7297058143828339 11 8 5 0 
0.1420789777022381 11 8 6 3 
0.6427480852585211 11 8 6 7 
0.1564525521877151 11 8 6 10 
-0.1420789777022381 11 8 7 2 
-0.6427480852585211 11 8 7 6 
0.1564525521877151 11 8 7 9 
-0.2086060929421117 11 8 8 4 
0.8940273774985454 11 8 8 11 
0.0851630808239628 11 8 9 3 
-0.1564525521877151 11 8 9 7 
-0.8068008257922865 11 8 9 10 
0.0851630808239628 11 8 10 2 
-0.1564525521877151 11 8 10 6 
0.8068008257922865 11 8 10 9 
-0.2086060929421117 11 8 11 1 
-0.8940273774985454 11 8 11 8 
0.9224068945289231 11 9 1 5 
-0.5833813432308207 11 9 2 4 
0.2554892424718886 11 9 2 11 
0.1640586720451480 11 9 3 7 
-0.2458446381936641 11 9 3 10 
0.5833813432308207 11 9 4 2 
-0.2320139990311680 11 9 4 6 
0.0695353643140373 11 9 4 9 
-0.9224068945289231 11 9 5 1 
0.2693093079607318 11 9 5 8 
0.2320139990311680 11 9 6 4 
0.1564525521877151 11 9 6 11 
-0.1640586720451480 11 9 7 3 
0.2709837693629437 11 9 7 10 
-0.2693093079607318 11 9 8 5 
-0.0695353643140373 11 9 9 4 
0.0872265517062590 11 9 9 11 
0.2458446381936641 11 9 10 3 
-0.2709837693629437 11 9 10 7 
-0.2554892424718886 11 9 11 2 
-0.1564525521877151 11 9 11 6 
-0.0872265517062590 11 9 11 9 
0.6522401701346261 11 10 2 5 
-0.8750720148462312 11 10 3 4 
0.1703261616479257 11 10 3 11 
0.8750720148462312 11 10 4 3 
0.1160069995155840 11 10 4 7 
-0.2781414572561490 11 10 4 10 
-0.6522401701346261 11 10 5 2 
-0.2593995367826311 11 10 5 6 
0.3109716028928007 11 10 5 9 
0.2593995367826311 11 10 6 5 
-0.1160069995155840 11 10 7 4 
0.3129051043754301 11 10 7 11 
-0.3109716028928007 11 10 9 5 
0.2781414572561490 11 10 10 4 
0.0872265517062590 11 10 10 11 
-0.1703261616479257 11 10 11 3 
-0.3129051043754301 11 10 11 7 
-0.0872265517062590 11 10 11 10 
0.9817762125315213 11 12 0 16 
-2.2773359960870847 11 12 0 23 
-0.6176201664521721 11 12 1 15 
0.0925154304387824 11 12 1 19 
0.6898492131894587 11 12 1 22 
0.5273327033390883 11 12 2 14 
0.2845765615698903 11 12 2 18 
-0.3236394916275853 11 12 2 21 
-0.6915009003500333 11 12 3 13 
-0.0136354643374492 11 12 3 20 
0.7997245486230263 11 12 4 12 
0.2389830494637161 11 12 6 14 
0.9056695250568760 11 12 6 18 
-0.2663306904701491 11 12 6 21 
-0.1460021423079873 11 12 7 13 
0.4229784416228939 11 12 7 20 
-0.3893801716987215 11 12 8 15 
0.3486272878429985 11 12 8 19 
0.3249724206745277 11 12 8 22 
-0.2756474824203968 11 12 9 14 
-0.4528630066897992 11 12 9 18 
0.1935635387372201 11 12 9 21 
0.5154638301267874 11 12 10 13 
0.0556631127137958 11 12 10 20 
-1.9703990915313929 11 12 11 12 
-0.7997245486230263 11 12 12 4 
1.9703990915313929 11 12 12 11 
0.6915009003500333 11 12 13 3 
0.1460021423079873 11 12 13 7 
-0.5154638301267874 11 12 13 10 
-0.5273327033390883 11 12 14 2 
-0.2389830494637161 11 12 14 6 
0.2756474824203968 11 12 14 9 
0.6176201664521721 11 12 15 1 
0.3893801716987215 11 12 15 8 
-0.9817762125315213 11 12 16 0 
-0.2845765615698903 11 12 18 2 
-0.9056695250568760 11 12 18 6 
0.4528630066897992 11 12 18 9 
-0.0925154304387824 11 12 19 1 
-0.3486272878429985 11 12 19 8 
0.0136354643374492 11 12 20 3 
-0.4229784416228939 11 12 20 7 
-0.0556631127137958 11 12 20 10 
0.3236394916275853 11 12 21 2 
0.2663306904701491 11 12 21 6 
-0.1935635387372201 11 12 21 9 
-0.6898492131894587 11 12 22 1 
-0.3249724206745277 11 12 22 8 
2.2773359960870847 11 12 23 0 
0.9817762125315213 11 13 0 17 
0.2005416305950493 11 13 1 16 
-1.7429810932716732 11 13 1 23 
-0.0737435190815130 11 13 2 15 
0.2442902988536551 11 13 2 19 
0.5831259409084016 11 13 2 22 
-0.1671960768103334 11 13 3 14 
0.3817995218840575 11 13 3 18 
-0.4447699273490021 11 13 3 21 
-0.0749625910422659 11 13 4 13 
-0.0172476497041354 11 13 4 20 
0.7997245486230264 11 13 5 12 
0.3206294064426384 11 13 6 15 
0.4050277246354249 11 13 6 19 
-0.2382134113542835 11 13 6 22 
-0.0778032563686964 11 13 7 14 
0.4050277246354249 11 13 7 18 
0.2085309863649051 11 13 7 21 
-0.4925312873101582 11 13 8 16 
0.2517225546498314 11 13 8 23 
-0.6714324891777179 11 13 9 15 
0.0675190424792119 11 13 9 19 
0.4248510468825667 11 13 9 22 
0.4054692984464331 11 13 10 14 
-0.4050529869813333 11 13 10 18 
0.2162449539404549 11 13 10 21 
-1.5711225256007257 11 13 11 13 
0.0431164617077196 11 13 11 20 
-0.7997245486230264 11 13 12 5 
0.0749625910422659 11 13 13 4 
1.5711225256007257 11 13 13 11 
0.1671960768103334 11 13 14 3 
0.0778032563686964 11 13 14 7 
-0.4054692984464331 11 13 14 10 
0.0737435190815130 11 13 15 2 
-0.3206294064426384 11 13 15 6 
0.6714324891777179 11 13 15 9 
-0.2005416305950493 11 13 16 1 
0.4925312873101582 11 13 16 8 
-0.9817762125315213 11 13 17 0 
-0.3817995218840575 11 13 18 3 
-0.4050277246354249 11 13 18 7 
0.4050529869813333 11 13 18 10 
-0.2442902988536551 11 13 19 2 
-0.4050277246354249 11 13 19 6 
-0.0675190424792119 11 13 19 9 
0.0172476497041354 11 13 20 4 
-0.0431164617077196 11 13 20 11 
0.4447699273490021 11 13 21 3 
-0.2085309863649051 11 13 21 7 
-0.2162449539404549 11 13 21 10 
-0.5831259409084016 11 13 22 2 
0.2382134113542835 11 13 22 6 
-0.4248510468825667 11 13 22 9 
1.7429810932716732 11 13 23 1 
-0.2517225546498314 11 13 23 8 
0.9347043256344042 11 14 1 17 
0.1267981115135362 11 14 2 16 
-1.3858908405201931 11 14 2 23 
-0.2555550331672065 11 14 3 15 
0.3940955058352610 11 14 3 19 
0.3039986289568479 11 14 3 22 
-0.2421586678525993 11 14 4 14 
0.3817995218840574 11 14 4 18 
-0.4553319126083512 11 14 4 21 
0.5729746368493853 11 14 5 13 
-0.0136354643374492 11 14 5 20 
0.3206294064426383 11 14 6 16 
-0.1458753269264268 11 14 6 23 
0.0308367985066526 11 14 7 15 
0.2863978506582666 11 14 7 19 
0.0632325152770467 11 14 7 22 
-0.3893801716987215 11 14 8 17 
-0.9730450732442246 11 14 9 16 
0.4143150242978705 11 14 9 23 
-0.0447093304648900 11 14 10 15 
-0.0954646841209102 11 14 10 19 
0.4533233295735349 11 14 10 22 
-1.3228243037112184 11 14 11 14 
-0.2480432842236160 11 14 11 18 
0.1588257818259819 11 14 11 21 
-0.5729746368493853 11 14 13 5 
0.2421586678525993 11 14 14 4 
1.3228243037112184 11 14 14 11 
0.2555550331672065 11 14 15 3 
-0.0308367985066526 11 14 15 7 
0.0447093304648900 11 14 15 10 
-0.1267981115135362 11 14 16 2 
-0.3206294064426383 11 14 16 6 
0.9730450732442246 11 14 16 9 
-0.9347043256344042 11 14 17 1 
0.3893801716987215 11 14 17 8 
-0.3817995218840574 11 14 18 4 
0.2480432842236160 11 14 18 11 
-0.3940955058352610 11 14 19 3 
-0.2863978506582666 11 14 19 7 
0.0954646841209102 11 14 19 10 
0.0136354643374492 11 14 20 5 
0.4553319126083512 11 14 21 4 
-0.1588257818259819 11 14 21 11 
-0.3039986289568479 11 14 22 3 
-0.0632325152770467 11 14 22 7 
-0.4533233295735349 11 14 22 10 
1.3858908405201931 11 14 23 2 
0.1458753269264268 11 14 23 6 
-0.4143150242978705 11 14 23 9 
0.9757574216682700 11 15 2 17 
-0.1141414843783102 11 15 3 16 
-1.2103771502586795 11 15 3 23 
-0.4830982637444456 11 15 4 15 
0.4988233134430267 11 15 4 19 
-0.0169419523965004 11 15 4 22 
0.3597112539990645 11 15 5 14 
0.2845765615698904 11 15 5 18 
-0.3472568086448409 11 15 5 21 
0.2389830494637161 11 15 6 17 
0.1359496812597291 11 15 7 16 
-0.0121177992587356 11 15 7 23 
-0.9500737232624755 11 15 9 17 
-0.6908490765015284 11 15 10 16 
0.5379363625577981 11 15 10 23 
-1.3486372476904103 11 15 11 15 
-0.1377976558165154 11 15 11 19 
0.3676102009098723 11 15 11 22 
-0.3597112539990645 11 15 14 5 
0.4830982637444456 11 15 15 4 
1.3486372476904103 11 15 15 11 
0.1141414843783102 11 15 16 3 
-0.1359496812597291 11 15 16 7 
0.6908490765015284 11 15 16 10 
-0.9757574216682700 11 15 17 2 
-0.2389830494637161 11 15 17 6 
0.9500737232624755 11 15 17 9 
-0.2845765615698904 11 15 18 5 
-0.4988233134430267 11 15 19 4 
0.1377976558165154 11 15 19 11 
0.3472568086448409 11 15 21 5 
0.0169419523965004 11 15 22 4 
-0.3676102009098723 11 15 22 11 
1.2103771502586795 11 15 23 3 
0.0121177992587356 11 15 23 7 
-0.5379363625577981 11 15 23 10 
0.9447102679451058 11 16 3 17 
-0.5972397481227559 11 16 4 16 
-1.2207519349131672 11 16 4 23 
-0.0003913113185153 11 16 5 15 
0.4949674633444236 11 16 5 19 
-0.2589414336017387 11 16 5 22 
0.1919709274208803 11 16 7 17 
-1.2179677226382328 11 16 10 17 
-1.7716941793658423 11 16 11 16 
0.5545317547066538 11 16 11 23 
0.0003913113185153 11 16 15 5 
0.5972397481227559 11 16 16 4 
1.7716941793658423 11 16 16 11 
-0.9447102679451058 11 16 17 3 
-0.1919709274208803 11 16 17 7 
1.2179677226382328 11 16 17 10 
-0.4949674633444236 11 16 19 5 
0.2589414336017387 11 16 22 5 
1.2207519349131672 11 16 23 4 
-0.5545317547066538 11 16 23 11 
0.5977347221390407 11 17 4 17 
-0.5977347221390407 11 17 5 16 
-1.4213271069096887 11 17 5 23 
-2.7151279205650520 11 17 11 17 
0.5977347221390407 11 17 16 5 
-0.5977347221390407 11 17 17 4 
2.7151279205650520 11 17 17 11 
1.4213271069096887 11 17 23 5 
0.1621239472479065 11 18 1 17 
-0.0989704014337724 11 18 2 16 
-0.1458753269264268 11 18 2 23 
-0.0075641741244195 11 18 3 15 
-0.1160638840445465 11 18 3 19 
0.2456672631432748 11 18 3 22 
0.1132335449469799 11 18 4 14 
0.1641391189174960 11 18 4 18 
-0.3375318337051730 11 18 4 21 
-0.1733999522718044 11 18 5 13 
0.4229784416228939 11 18 5 20 
0.7538992541793572 11 18 6 16 
-1.7051716198799021 11 18 6 23 
-0.5330872749617042 11 18 7 15 
0.5045920591914066 11 18 7 19 
0.5845462706607063 11 18 7 22 
0.3486272878429985 11 18 8 17 
-0.3825568508039190 11 18 9 16 
0.3333360703187658 11 18 9 23 
0.3500660570721861 11 18 10 15 
0.2668732542581253 11 18 10 19 
-0.2945754167373216 11 18 10 22 
-0.2480432842236160 11 18 11 14 
-1.4266556282921552 11 18 11 18 
0.1768835181310507 11 18 11 21 
0.1733999522718044 11 18 13 5 
-0.1132335449469799 11 18 14 4 
0.2480432842236160 11 18 14 11 
0.0075641741244195 11 18 15 3 
0.5330872749617042 11 18 15 7 
-0.3500660570721861 11 18 15 10 
0.0989704014337724 11 18 16 2 
-0.7538992541793572 11 18 16 6 
0.3825568508039190 11 18 16 9 
-0.1621239472479065 11 18 17 1 
-0.3486272878429985 11 18 17 8 
-0.1641391189174960 11 18 18 4 
1.4266556282921552 11 18 18 11 
0.1160638840445465 11 18 19 3 
-0.5045920591914066 11 18 19 7 
-0.2668732542581253 11 18 19 10 
-0.4229784416228939 11 18 20 5 
0.3375318337051730 11 18 21 4 
-0.1768835181310507 11 18 21 11 
-0.2456672631432748 11 18 22 3 
-0.5845462706607063 11 18 22 7 
0.2945754167373216 11 18 22 10 
0.1458753269264268 11 18 23 2 
1.7051716198799021 11 18 23 6 
-0.3333360703187658 11 18 23 9 
0.2372512246005414 11 19 2 17 
-0.3183059195711286 11 19 3 16 
-0.0121177992587356 11 19 3 23 
0.3183059195711286 11 19 4 15 
-0.1641391189174960 11 19 4 19 
0.0197882833262523 11 19 4 22 
-0.2372512246005414 11 19 5 14 
0.3670262276664426 11 19 5 18 
-0.0221239733377629 11 19 5 21 
1.6857699805314355 11 19 6 17 
-0.7538992541793572 11 19 7 16 
-0.6927077797206503 11 19 7 23 
-0.2515829482067949 11 19 9 17 
0.2250226296680809 11 19 10 16 
0.1564525521877151 11 19 10 23 
-0.1377976558165154 11 19 11 15 
-0.9644175927358349 11 19 11 19 
-0.1564525521877151 11 19 11 22 
0.2372512246005414 11 19 14 5 
-0.3183059195711286 11 19 15 4 
0.1377976558165154 11 19 15 11 
0.3183059195711286 11 19 16 3 
0.7538992541793572 11 19 16 7 
-0.2250226296680809 11 19 16 10 
-0.2372512246005414 11 19 17 2 
-1.6857699805314355 11 19 17 6 
0.2515829482067949 11 19 17 9 
-0.3670262276664426 11 19 18 5 
0.1641391189174960 11 19 19 4 
0.9644175927358349 11 19 19 11 
0.0221239733377629 11 19 21 5 
-0.0197882833262523 11 19 22 4 
0.1564525521877151 11 19 22 11 
0.0121177992587356 11 19 23 3 
0.6927077797206503 11 19 23 7 
-0.1564525521877151 11 19 23 10 
1.5505139195846513 11 20 0 17 
-0.7429974707799867 11 20 1 16 
0.2517225546498314 11 20 1 23 
0.3781124336526365 11 20 2 15 
0.0807316384963057 11 20 2 19 
0.0032538138699106 11 20 2 22 
-0.2798534184489717 11 20 3 14 
-0.0613473392059324 11 20 3 18 
-0.0884168946938735 11 20 3 21 
0.2722150354153634 11 20 4 13 
-0.0431164617077196 11 20 4 20 
-0.1791918947981832 11 20 5 12 
0.0807316384963057 11 20 6 15 
0.3882370234859963 11 20 6 19 
0.3333360703187658 11 20 6 22 
-0.0613473392059324 11 20 7 14 
-0.2545110617725250 11 20 7 18 
-0.1768835181310507 11 20 7 21 
-0.2517225546498314 11 20 8 16 
-0.3540466627469449 11 20 8 23 
-0.0032538138699106 11 20 9 15 
-0.3333360703187658 11 20 9 19 
-0.5790804195513470 11 20 9 22 
0.0884168946938735 11 20 10 14 
0.1768835181310507 11 20 10 18 
0.2277204062409398 11 20 10 21 
0.0431164617077196 11 20 11 13 
-1.2480740402454908 11 20 11 20 
0.1791918947981832 11 20 12 5 
-0.2722150354153634 11 20 13 4 
-0.0431164617077196 11 20 13 11 
0.2798534184489717 11 20 14 3 
0.0613473392059324 11 20 14 7 
-0.0884168946938735 11 20 14 10 
-0.3781124336526365 11 20 15 2 
-0.0807316384963057 11 20 15 6 
0.0032538138699106 11 20 15 9 
0.7429974707799867 11 20 16 1 
0.2517225546498314 11 20 16 8 
-1.5505139195846513 11 20 17 0 
0.0613473392059324 11 20 18 3 
0.2545110617725250 11 20 18 7 
-0.1768835181310507 11 20 18 10 
-0.0807316384963057 11 20 19 2 
-0.3882370234859963 11 20 19 6 
0.3333360703187658 11 20 19 9 
0.0431164617077196 11 20 20 4 
1.2480740402454908 11 20 20 11 
0.0884168946938735 11 20 21 3 
0.1768835181310507 11 20 21 7 
-0.2277204062409398 11 20 21 10 
-0.0032538138699106 11 20 22 2 
-0.3333360703187658 11 20 22 6 
0.5790804195513470 11 20 22 9 
-0.2517225546498314 11 20 23 1 
0.3540466627469449 11 20 23 8 
1.0424992526696730 11 21 1 17 
-0.5958547704923358 11 21 2 16 
0.4143150242978704 11 21 2 23 
0.1701896066344306 11 21 3 15 
0.1044123968492727 11 21 3 19 
-0.0964592649637798 11 21 3 22 
-0.0124734272615149 11 21 4 14 
-0.1001797854213145 11 21 4 18 
-0.1875006461353084 11 21 4 21 
0.1200923581407499 11 21 5 13 
-0.0556631127137958 11 21 5 20 
0.1318342136098536 11 21 6 16 
0.3333360703187658 11 21 6 23 
-0.0596462751958754 11 21 7 15 
0.0772067199929142 11 21 7 19 
-0.0117958236871889 11 21 7 22 
-0.3249724206745277 11 21 8 17 
-0.2570360104493457 11 21 9 16 
-0.9331270822982918 11 21 9 23 
0.1493853732298843 11 21 10 15 
-0.2827795930501327 11 21 10 19 
-0.4057155965344679 11 21 10 22 
0.1588257818259819 11 21 11 14 
0.1768835181310507 11 21 11 18 
-1.0203536340045507 11 21 11 21 
-0.1200923581407499 11 21 13 5 
0.0124734272615149 11 21 14 4 
-0.1588257818259819 11 21 14 11 
-0.1701896066344306 11 21 15 3 
0.0596462751958754 11 21 15 7 
-0.1493853732298843 11 21 15 10 
0.5958547704923358 11 21 16 2 
-0.1318342136098536 11 21 16 6 
0.2570360104493457 11 21 16 9 
-1.0424992526696730 11 21 17 1 
0.3249724206745277 11 21 17 8 
0.1001797854213145 11 21 18 4 
-0.1768835181310507 11 21 18 11 
-0.1044123968492727 11 21 19 3 
-0.0772067199929142 11 21 19 7 
0.2827795930501327 11 21 19 10 
0.0556631127137958 11 21 20 5 
0.1875006461353084 11 21 21 4 
1.0203536340045507 11 21 21 11 
0.0964592649637798 11 21 22 3 
0.0117958236871889 11 21 22 7 
0.4057155965344679 11 21 22 10 
-0.4143150242978704 11 21 23 2 
-0.3333360703187658 11 21 23 6 
0.9331270822982918 11 21 23 9 
0.8081306961200683 11 22 2 17 
-0.6530977058611501 11 22 3 16 
0.5379363625577981 11 22 3 23 
0.2219743089850812 11 22 4 15 
0.0975715349934660 11 22 4 19 
-0.3239146468636258 11 22 4 22 
0.1558905259854422 11 22 5 14 
-0.1120044050867008 11 22 5 18 
-0.2578377649557052 11 22 5 21 
0.1473951316959303 11 22 6 17 
-0.0184354645221181 11 22 7 16 
0.1564525521877151 11 22 7 23 
-0.5688093678485058 11 22 9 17 
-0.0457731896074767 11 22 10 16 
-1.2844870956086989 11 22 10 23 
0.3676102009098723 11 22 11 15 
-0.1564525521877151 11 22 11 19 
-1.3717136473149578 11 22 11 22 
-0.1558905259854422 11 22 14 5 
-0.2219743089850812 11 22 15 4 
-0.3676102009098723 11 22 15 11 
0.6530977058611501 11 22 16 3 
0.0184354645221181 11 22 16 7 
0.0457731896074767 11 22 16 10 
-0.8081306961200683 11 22 17 2 
-0.1473951316959303 11 22 17 6 
0.5688093678485058 11 22 17 9 
0.1120044050867008 11 22 18 5 
-0.0975715349934660 11 22 19 4 
0.1564525521877151 11 22 19 11 
0.2578377649557052 11 22 21 5 
0.3239146468636258 11 22 22 4 
1.3717136473149578 11 22 22 11 
-0.5379363625577981 11 22 23 3 
-0.1564525521877151 11 22 23 7 
1.2844870956086989 11 22 23 10 
0.5565779120871285 11 23 3 17 
-0.7040215590145148 11 23 4 16 
0.5545317547066538 11 23 4 23 
0.5565779120871285 11 23 5 15 
0.0612985366039654 11 23 5 19 
-0.7158974169740153 11 23 5 22 
0.0612985366039654 11 23 7 17 
-0.7158974169740153 11 23 10 17 
0.5545317547066538 11 23 11 16 
-2.6562007429236569 11 23 11 23 
-0.5565779120871285 11 23 15 5 
0.7040215590145148 11 23 16 4 
-0.5545317547066538 11 23 16 11 
-0.5565779120871285 11 23 17 3 
-0.0612985366039654 11 23 17 7 
0.7158974169740153 11 23 17 10 
-0.0612985366039654 11 23 19 5 
0.7158974169740153 11 23 22 5 
-0.5545317547066538 11 23 23 4 
2.6562007429236569 11 23 23 11 
3.8692229635204516 12 0 0 12 
-3.8692229635204516 12 0 12 0 
1.8419668536902827 12 1 0 13 
-0.5977347221390407 12 1 0 20 
2.0272561098301698 12 1 1 12 
0.5977347221390407 12 1 8 12 
-2.0272561098301698 12 1 12 1 
-0.5977347221390407 12 1 12 8 
-1.8419668536902827 12 1 13 0 
0.5977347221390407 12 1 20 0 
1.1813993616733984 12 2 0 14 
0.4060757050033961 12 2 0 18 
-0.9755915331166914 12 2 0 21 
0.8355591292153781 12 2 1 13 
-0.0003913113185152 12 2 1 20 
1.3666886178132853 12 2 2 12 
0.4060757050033961 12 2 6 12 
0.9447102679451057 12 2 8 13 
-0.5565779120871285 12 2 8 20 
-0.2435189977242247 12 2 9 12 
-1.3666886178132853 12 2 12 2 
-0.4060757050033961 12 2 12 6 
0.2435189977242247 12 2 12 9 
-0.8355591292153781 12 2 13 1 
-0.9447102679451057 12 2 13 8 
-1.1813993616733984 12 2 14 0 
-0.4060757050033961 12 2 18 0 
0.0003913113185152 12 2 20 1 
0.5565779120871285 12 2 20 8 
0.9755915331166914 12 2 21 0 
0.7241714297885479 12 3 0 15 
-0.0245589771932908 12 3 0 19 
-0.8058896352192806 12 3 0 22 
0.6134356421437017 12 3 1 14 
0.5557908367316601 12 3 1 18 
-0.5880837891081674 12 3 1 21 
0.2728086473820793 12 3 2 13 
0.3597112539990646 12 3 2 20 
1.1633490576812522 12 3 3 12 
0.3522220436670849 12 3 6 13 
-0.2372512246005414 12 3 6 20 
0.4306346821966869 12 3 7 12 
0.9757574216682700 12 3 8 14 
0.2372512246005414 12 3 8 18 
-0.8081306961200683 12 3 8 21 
0.0428809852989389 12 3 9 13 
-0.1558905259854422 12 3 9 20 
-0.4132208956216356 12 3 10 12 
-1.1633490576812522 12 3 12 3 
-0.4306346821966869 12 3 12 7 
0.4132208956216356 12 3 12 10 
-0.2728086473820793 12 3 13 2 
-0.3522220436670849 12 3 13 6 
-0.0428809852989389 12 3 13 9 
-0.6134356421437017 12 3 14 1 
-0.9757574216682700 12 3 14 8 
-0.7241714297885479 12 3 15 0 
-0.5557908367316601 12 3 18 1 
-0.2372512246005414 12 3 18 8 
0.0245589771932908 12 3 19 0 
-0.3597112539990646 12 3 20 2 
0.2372512246005414 12 3 20 6 
0.1558905259854422 12 3 20 9 
0.5880837891081674 12 3 21 1 
0.8081306961200683 12 3 21 8 
0.8058896352192806 12 3 22 0 
0.4191514282832103 12 4 0 16 
-0.9817762125315213 12 4 0 23 
0.3858231746659416 12 4 1 15 
-0.0310649219739713 12 4 1 19 
-0.2588981318386347 12 4 1 22 
0.2042083674258880 12 4 2 14 
0.5667739452240731 12 4 2 18 
-0.4050151644485397 12 4 2 21 
0.0646769641977580 12 4 3 13 
0.5729746368493853 12 4 3 20 
1.1122174279287322 12 4 4 12 
0.1596363590949229 12 4 6 14 
0.1808869252477176 12 4 6 18 
-0.2873171182929216 12 4 6 21 
0.5447145740817170 12 4 7 13 
-0.1733999522718044 12 4 7 20 
0.9347043256344042 12 4 8 15 
0.1621239472479065 12 4 8 19 
-1.0424992526696730 12 4 8 22 
-0.0255501848392007 12 4 9 14 
0.2938273228288526 12 4 9 18 
-0.1158974523319191 12 4 9 21 
0.0967762888984183 12 4 10 13 
-0.1200923581407499 12 4 10 20 
-0.7997245486230264 12 4 11 12 
-1.1122174279287322 12 4 12 4 
0.7997245486230264 12 4 12 11 
-0.0646769641977580 12 4 13 3 
-0.5447145740817170 12 4 13 7 
-0.0967762888984183 12 4 13 10 
-0.2042083674258880 12 4 14 2 
-0.1596363590949229 12 4 14 6 
0.0255501848392007 12 4 14 9 
-0.3858231746659416 12 4 15 1 
-0.9347043256344042 12 4 15 8 
-0.4191514282832103 12 4 16 0 
-0.5667739452240731 12 4 18 2 
-0.1808869252477176 12 4 18 6 
-0.2938273228288526 12 4 18 9 
0.0310649219739713 12 4 19 1 
-0.1621239472479065 12 4 19 8 
-0.5729746368493853 12 4 20 3 
0.1733999522718044 12 4 20 7 
0.1200923581407499 12 4 20 10 
0.4050151644485397 12 4 21 2 
0.2873171182929216 12 4 21 6 
0.1158974523319191 12 4 21 9 
0.2588981318386347 12 4 22 1 
1.0424992526696730 12 4 22 8 
0.9817762125315213 12 4 23 0 
0.0083044476234146 12 5 0 17 
0.4108469806597957 12 5 1 16 
-0.9817762125315213 12 5 1 23 
-0.1058269791544583 12 5 2 15 
-0.0245589771932909 12 5 2 19 
0.3965357459329589 12 5 2 22 
0.2580349095339712 12 5 3 14 
0.4306346821966868 12 5 3 18 
-0.5662376438303697 12 5 3 21 
-0.2069032797814511 12 5 4 13 
0.7997245486230264 12 5 4 20 
1.3191207077101830 12 5 5 12 
-0.0245589771932909 12 5 6 15 
-0.2011097956499427 12 5 6 19 
-0.2093011159041839 12 5 6 22 
0.4306346821966868 12 5 7 14 
0.6055852567447623 12 5 7 18 
-0.2238583757939532 12 5 7 21 
0.9817762125315213 12 5 8 16 
-1.5505139195846513 12 5 8 23 
-0.3965357459329589 12 5 9 15 
0.2093011159041839 12 5 9 19 
0.2046531715768772 12 5 9 22 
0.5662376438303697 12 5 10 14 
0.2238583757939532 12 5 10 18 
-0.3342304624934836 12 5 10 21 
-0.7997245486230264 12 5 11 13 
0.1791918947981832 12 5 11 20 
-1.3191207077101830 12 5 12 5 
0.2069032797814511 12 5 13 4 
0.7997245486230264 12 5 13 11 
-0.2580349095339712 12 5 14 3 
-0.4306346821966868 12 5 14 7 
-0.5662376438303697 12 5 14 10 
0.1058269791544582 12 5 15 2 
0.0245589771932909 12 5 15 6 
0.3965357459329589 12 5 15 9 
-0.4108469806597957 12 5 16 1 
-0.9817762125315213 12 5 16 8 
-0.0083044476234146 12 5 17 0 
-0.4306346821966868 12 5 18 3 
-0.6055852567447623 12 5 18 7 
-0.2238583757939532 12 5 18 10 
0.0245589771932909 12 5 19 2 
0.2011097956499427 12 5 19 6 
-0.2093011159041839 12 5 19 9 
-0.7997245486230264 12 5 20 4 
-0.1791918947981832 12 5 20 11 
0.5662376438303697 12 5 21 3 
0.2238583757939532 12 5 21 7 
0.3342304624934836 12 5 21 10 
-0.3965357459329589 12 5 22 2 
0.2093011159041839 12 5 22 6 
-0.2046531715768772 12 5 22 9 
0.9817762125315213 12 5 23 1 
1.5505139195846513 12 5 23 8 
0.4060757050033961 12 6 0 14 
2.1790518029945538 12 6 0 18 
-0.6390002474824942 12 6 0 21 
-0.5136496521077457 12 6 1 13 
0.4949674633444236 12 6 1 20 
0.4060757050033961 12 6 2 12 
1.5664061764827280 12 6 6 12 
0.1919709274208803 12 6 8 13 
-0.0612985366039654 12 6 8 20 
-0.2478334016190206 12 6 9 12 
-0.4060757050033961 12 6 12 2 
-1.5664061764827280 12 6 12 6 
0.2478334016190206 12 6 12 9 
0.5136496521077457 12 6 13 1 
-0.1919709274208803 12 6 13 8 
-0.4060757050033961 12 6 14 0 
-2.1790518029945538 12 6 18 0 
-0.4949674633444236 12 6 20 1 
0.0612985366039654 12 6 20 8 
0.6390002474824942 12 6 21 0 
-0.0245589771932909 12 7 0 15 
0.1299218890019048 12 7 0 19 
-0.1194369071188716 12 7 0 22 
0.2145519015569882 12 7 1 14 
0.9163987564831714 12 7 1 18 
-0.1789419808659589 12 7 1 21 
-0.3961544776367372 12 7 2 13 
0.2845765615698904 12 7 2 20 
0.4306346821966868 12 7 3 12 
0.3741857291563718 12 7 6 13 
0.3670262276664426 12 7 6 20 
0.7297014498787547 12 7 7 12 
0.2389830494637161 12 7 8 14 
1.6857699805314355 12 7 8 18 
-0.1473951316959303 12 7 8 21 
-0.2794232189505844 12 7 9 13 
0.1120044050867008 12 7 9 20 
0.1884879552231468 12 7 10 12 
-0.4306346821966868 12 7 12 3 
-0.7297014498787547 12 7 12 7 
-0.1884879552231468 12 7 12 10 
0.3961544776367372 12 7 13 2 
-0.3741857291563718 12 7 13 6 
0.2794232189505844 12 7 13 9 
-0.2145519015569882 12 7 14 1 
-0.2389830494637161 12 7 14 8 
0.0245589771932909 12 7 15 0 
-0.9163987564831714 12 7 18 1 
-1.6857699805314355 12 7 18 8 
-0.1299218890019048 12 7 19 0 
-0.2845765615698904 12 7 20 2 
-0.3670262276664426 12 7 20 6 
-0.1120044050867008 12 7 20 9 
0.1789419808659589 12 7 21 1 
0.1473951316959303 12 7 21 8 
0.1194369071188716 12 7 22 0 
-0.5977347221390407 12 8 0 13 
1.4213271069096887 12 8 0 20 
0.5977347221390407 12 8 1 12 
2.7151279205650520 12 8 8 12 
-0.5977347221390407 12 8 12 1 
-2.7151279205650520 12 8 12 8 
0.5977347221390407 12 8 13 0 
-1.4213271069096887 12 8 20 0 
-0.9755915331166914 12 9 0 14 
-0.6390002474824942 12 9 0 18 
1.0870351535821527 12 9 0 21 
0.7710331993908488 12 9 1 13 
0.2589414336017387 12 9 1 20 
-0.2435189977242247 12 9 2 12 
-0.2478334016190206 12 9 6 12 
1.2179677226382328 12 9 8 13 
-0.7158974169740153 12 9 8 20 
1.1427383518997023 12 9 9 12 
0.2435189977242247 12 9 12 2 
0.2478334016190206 12 9 12 6 
-1.1427383518997023 12 9 12 9 
-0.7710331993908488 12 9 13 1 
-1.2179677226382328 12 9 13 8 
0.9755915331166914 12 9 14 0 
0.6390002474824942 12 9 18 0 
-0.2589414336017387 12 9 20 1 
0.7158974169740153 12 9 20 8 
-1.0870351535821527 12 9 21 0 
-0.8058896352192806 12 10 0 15 
-0.1194369071188716 12 10 0 19 
1.3867444913947311 12 10 0 22 
0.2086188094988284 12 10 1 14 
-0.5181253877359930 12 10 1 18 
-0.2680681811361496 12 10 1 21 
0.3365839943104000 12 10 2 13 
0.3472568086448409 12 10 2 20 
-0.4132208956216356 12 10 3 12 
-0.3059633094098332 12 10 6 13 
0.0221239733377629 12 10 6 20 
0.1884879552231468 12 10 7 12 
0.9500737232624755 12 10 8 14 
0.2515829482067949 12 10 8 18 
-0.5688093678485058 12 10 8 21 
-0.1450759082872537 12 10 9 13 
-0.2578377649557052 12 10 9 20 
1.3049381483136142 12 10 10 12 
0.4132208956216356 12 10 12 3 
-0.1884879552231468 12 10 12 7 
-1.3049381483136142 12 10 12 10 
-0.3365839943104000 12 10 13 2 
0.3059633094098332 12 10 13 6 
0.1450759082872537 12 10 13 9 
-0.2086188094988284 12 10 14 1 
-0.9500737232624755 12 10 14 8 
0.8058896352192806 12 10 15 0 
0.5181253877359930 12 10 18 1 
-0.2515829482067949 12 10 18 8 
0.1194369071188716 12 10 19 0 
-0.3472568086448409 12 10 20 2 
-0.0221239733377629 12 10 20 6 
0.2578377649557052 12 10 20 9 
0.2680681811361496 12 10 21 1 
0.5688093678485058 12 10 21 8 
-1.3867444913947311 12 10 22 0 
-0.9817762125315213 12 11 0 16 
2.2773359960870847 12 11 0 23 
0.6176201664521721 12 11 1 15 
-0.0925154304387824 12 11 1 19 
-0.6898492131894587 12 11 1 22 
-0.5273327033390883 12 11 2 14 
-0.2845765615698903 12 11 2 18 
0.3236394916275853 12 11 2 21 
0.6915009003500333 12 11 3 13 
0.0136354643374492 12 11 3 20 
-0.7997245486230263 12 11 4 12 
-0.2389830494637161 12 11 6 14 
-0.9056695250568760 12 11 6 18 
0.2663306904701491 12 11 6 21 
0.1460021423079873 12 11 7 13 
-0.4229784416228939 12 11 7 20 
0.3893801716987215 12 11 8 15 
-0.3486272878429985 12 11 8 19 
-0.3249724206745277 12 11 8 22 
0.2756474824203968 12 11 9 14 
0.4528630066897992 12 11 9 18 
-0.1935635387372201 12 11 9 21 
-0.5154638301267874 12 11 10 13 
-0.0556631127137958 12 11 10 20 
1.9703990915313929 12 11 11 12 
0.7997245486230263 12 11 12 4 
-1.9703990915313929 12 11 12 11 
-0.6915009003500333 12 11 13 3 
-0.1460021423079873 12 11 13 7 
0.5154638301267874 12 11 13 10 
0.5273327033390883 12 11 14 2 
0.2389830494637161 12 11 14 6 
-0.2756474824203968 12 11 14 9 
-0.6176201664521721 12 11 15 1 
-0.3893801716987215 12 11 15 8 
0.9817762125315213 12 11 16 0 
0.2845765615698903 12 11 18 2 
0.9056695250568760 12 11 18 6 
-0.4528630066897992 12 11 18 9 
0.0925154304387824 12 11 19 1 
0.3486272878429985 12 11 19 8 
-0.0136354643374492 12 11 20 3 
0.4229784416228939 12 11 20 7 
0.0556631127137958 12 11 20 10 
-0.3236394916275853 12 11 21 2 
-0.2663306904701491 12 11 21 6 
0.1935635387372201 12 11 21 9 
0.6898492131894587 12 11 22 1 
0.3249724206745277 12 11 22 8 
-2.2773359960870847 12 11 23 0 
-0.1852892561398869 12 13 12 13 
-1.1954694442780811 12 13 12 20 
0.1852892561398869 12 13 13 12 
1.1954694442780811 12 13 20 12 
-0.1852892561398869 12 14 12 14 
-0.7320725353924665 12 14 12 21 
-0.9451015792636208 12 14 13 20 
0.1852892561398869 12 14 14 12 
0.9451015792636208 12 14 20 13 
0.7320725353924665 12 14 21 12 
-0.4391776278927043 12 15 12 15 
-0.4551936593899776 12 15 12 19 
-0.3926687395976451 12 15 12 22 
0.3406269947616223 12 15 13 14 
0.2035687930645751 12 15 13 18 
-0.6309647744071063 12 15 13 21 
-0.3406269947616223 12 15 14 13 
-0.6160461676692053 12 15 14 20 
0.4391776278927043 12 15 15 12 
-0.2035687930645751 12 15 18 13 
-0.4745024492010828 12 15 18 20 
0.4551936593899776 12 15 19 12 
0.6160461676692053 12 15 20 14 
0.4745024492010828 12 15 20 18 
-0.6522401701346260 12 15 20 21 
0.6309647744071063 12 15 21 13 
0.6522401701346260 12 15 21 20 
0.3926687395976451 12 15 22 12 
-0.6930659996455216 12 16 12 16 
-0.1820516639084949 12 16 12 23 
0.3211462104681836 12 16 13 15 
-0.5757794960556882 12 16 13 19 
-0.3556744207370531 12 16 13 22 
0.4071375861291502 12 16 14 18 
-0.3794649796093391 12 16 14 21 
-0.3211462104681836 12 16 15 13 
-0.3617296887850188 12 16 15 20 
0.6930659996455216 12 16 16 12 
-0.4071375861291502 12 16 18 14 
-0.5811444411217741 12 16 18 21 
0.5757794960556882 12 16 19 13 
-0.3355238995197108 12 16 19 20 
0.3617296887850188 12 16 20 15 
0.3355238995197108 12 16 20 19 
-0.9224068945289231 12 16 20 22 
0.3794649796093391 12 16 21 14 
0.5811444411217741 12 16 21 18 
0.3556744207370531 12 16 22 13 
0.9224068945289231 12 16 22 20 
0.1820516639084949 12 16 23 12 
-1.3108162600867685 12 17 12 17 
0.6177502604412468 12 17 13 16 
-0.1820516639084949 12 17 13 23 
-0.3638618886884294 12 17 14 15 
-0.4551936593899776 12 17 14 19 
-0.1697018978974107 12 17 14 22 
0.3638618886884293 12 17 15 14 
0.4551936593899776 12 17 15 18 
-0.1697018978974107 12 17 15 21 
-0.6177502604412468 12 17 16 13 
-0.1820516639084949 12 17 16 20 
1.3108162600867685 12 17 17 12 
-0.4551936593899776 12 17 18 15 
-0.8066950523947048 12 17 18 19 
-0.4331594916981370 12 17 18 22 
0.4551936593899776 12 17 19 14 
0.8066950523947048 12 17 19 18 
-0.4331594916981370 12 17 19 21 
0.1820516639084949 12 17 20 16 
-1.7297058143828339 12 17 20 23 
0.1697018978974107 12 17 21 15 
0.4331594916981370 12 17 21 19 
0.5388836340703608 12 17 21 22 
0.1697018978974107 12 17 22 14 
0.4331594916981370 12 17 22 18 
-0.5388836340703608 12 17 22 21 
0.1820516639084949 12 17 23 13 
1.7297058143828339 12 17 23 20 
0.6126456265118255 12 18 12 18 
-0.3911668458634735 12 18 12 21 
0.3029965359235433 12 18 13 20 
-0.6126456265118255 12 18 18 12 
-0.3029965359235433 12 18 20 13 
0.3911668458634735 12 18 21 12 
-0.4551936593899776 12 19 12 15 
-0.5997795608768500 12 19 12 19 
-0.3079248623420184 12 19 12 22 
0.6107063791937254 12 19 13 14 
0.5422130273267997 12 19 13 18 
0.1004812380846255 12 19 13 21 
-0.6107063791937254 12 19 14 13 
0.0455935121061742 12 19 14 20 
0.4551936593899776 12 19 15 12 
-0.5422130273267997 12 19 18 13 
-1.3187437528649926 12 19 18 20 
0.5997795608768500 12 19 19 12 
-0.0455935121061742 12 19 20 14 
1.3187437528649926 12 19 20 18 
-0.2593995367826311 12 19 20 21 
-0.1004812380846255 12 19 21 13 
0.2593995367826311 12 19 21 20 
0.3079248623420184 12 19 22 12 
-1.1954694442780811 12 20 12 13 
-1.2938008136553631 12 20 12 20 
1.1954694442780811 12 20 13 12 
1.2938008136553631 12 20 20 12 
-0.7320725353924665 12 21 12 14 
-0.3911668458634735 12 21 12 18 
-0.0557031983175495 12 21 12 21 
-0.9590262890364940 12 21 13 20 
0.7320725353924665 12 21 14 12 
0.3911668458634735 12 21 18 12 
0.9590262890364940 12 21 20 13 
0.0557031983175495 12 21 21 12 
-0.3926687395976451 12 22 12 15 
-0.3079248623420184 12 22 12 19 
0.0818063430811169 12 22 12 22 
-0.1279651848115716 12 22 13 14 
-0.2121620783261599 12 22 13 18 
-0.1229922728488958 12 22 13 21 
0.1279651848115716 12 22 14 13 
-0.6028169146176346 12 22 14 20 
0.3926687395976451 12 22 15 12 
0.2121620783261599 12 22 18 13 
-0.2294589748690320 12 22 18 20 
0.3079248623420184 12 22 19 12 
0.6028169146176346 12 22 20 14 
0.2294589748690320 12 22 20 18 
-0.3109716028928007 12 22 20 21 
0.1229922728488958 12 22 21 13 
0.3109716028928007 12 22 21 20 
-0.0818063430811169 12 22 22 12 
-0.1820516639084949 12 23 12 16 
0.3069369045556926 12 23 12 23 
-0.0738807338978611 12 23 13 15 
-0.2385175727467696 12 23 13 19 
-0.1743853830626714 12 23 13 22 
-0.0455935121061742 12 23 14 18 
0.0479920092071885 12 23 14 21 
0.0738807338978611 12 23 15 13 
-0.3757447073612723 12 23 15 20 
0.1820516639084949 12 23 16 12 
0.0455935121061742 12 23 18 14 
-0.1865323162196501 12 23 18 21 
0.2385175727467696 12 23 19 13 
-0.0743511537798954 12 23 19 20 
0.3757447073612723 12 23 20 15 
0.0743511537798954 12 23 20 19 
-0.2693093079607318 12 23 20 22 
-0.0479920092071885 12 23 21 14 
0.1865323162196501 12 23 21 18 
0.1743853830626714 12 23 22 13 
0.2693093079607318 12 23 22 20 
-0.3069369045556926 12 23 23 12 
2.0272561098301698 13 0 0 13 
0.5977347221390407 13 0 0 20 
1.8419668536902827 13 0 1 12 
-0.5977347221390407 13 0 8 12 
-1.8419668536902827 13 0 12 1 
0.5977347221390407 13 0 12 8 
-2.0272561098301698 13 0 13 0 
-0.5977347221390407 13 0 20 0 
0.8355591292153783 13 1 0 14 
-0.5136496521077457 13 1 0 18 
0.7710331993908488 13 1 0 21 
2.8123149762934374 13 1 1 13 
-0.5972397481227559 13 1 1 20 
0.8355591292153786 13 1 2 12 
-0.5136496521077457 13 1 6 12 
-0.5972397481227559 13 1 8 13 
0.7040215590145148 13 1 8 20 
0.7710331993908488 13 1 9 12 
-0.8355591292153783 13 1 12 2 
0.5136496521077457 13 1 12 6 
-0.7710331993908488 13 1 12 9 
-2.8123149762934374 13 1 13 1 
0.5972397481227559 13 1 13 8 
-0.8355591292153786 13 1 14 0 
0.5136496521077457 13 1 18 0 
0.5972397481227559 13 1 20 1 
-0.7040215590145148 13 1 20 8 
-0.7710331993908488 13 1 21 0 
0.6134356421437018 13 2 0 15 
0.2145519015569882 13 2 0 19 
0.2086188094988284 13 2 0 22 
1.4152970715076814 13 2 1 14 
-0.3395959503186913 13 2 1 18 
-0.1868974442137420 13 2 1 21 
2.0575853968026396 13 2 2 13 
-0.4830982637444456 13 2 2 20 
0.2728086473820794 13 2 3 12 
-0.0664797546847047 13 2 6 13 
0.3183059195711286 13 2 6 20 
-0.3961544776367372 13 2 7 12 
-0.1141414843783102 13 2 8 14 
-0.3183059195711286 13 2 8 18 
0.6530977058611501 13 2 8 21 
0.4307195503819253 13 2 9 13 
-0.2219743089850812 13 2 9 20 
0.3365839943104000 13 2 10 12 
-0.2728086473820794 13 2 12 3 
0.3961544776367372 13 2 12 7 
-0.3365839943104000 13 2 12 10 
-2.0575853968026396 13 2 13 2 
0.0664797546847047 13 2 13 6 
-0.4307195503819253 13 2 13 9 
-1.4152970715076814 13 2 14 1 
0.1141414843783102 13 2 14 8 
-0.6134356421437018 13 2 15 0 
0.3395959503186913 13 2 18 1 
0.3183059195711286 13 2 18 8 
-0.2145519015569882 13 2 19 0 
0.4830982637444456 13 2 20 2 
-0.3183059195711286 13 2 20 6 
0.2219743089850812 13 2 20 9 
0.1868974442137420 13 2 21 1 
-0.6530977058611501 13 2 21 8 
-0.2086188094988284 13 2 22 0 
0.3858231746659416 13 3 0 16 
0.6176201664521721 13 3 0 23 
1.0591497047727385 13 3 1 15 
0.2632926047566703 13 3 1 19 
-1.0044046553548283 13 3 1 22 
0.8627147839555331 13 3 2 14 
-0.0138926554499054 13 3 2 18 
0.0470656104207964 13 3 2 21 
1.4475496583148793 13 3 3 13 
-0.2421586678525993 13 3 3 20 
0.0646769641977580 13 3 4 12 
0.2436037631963129 13 3 6 14 
-0.2288058730909619 13 3 6 18 
0.1796565934756221 13 3 6 21 
-0.1008623227553118 13 3 7 13 
0.1132335449469799 13 3 7 20 
0.1267981115135362 13 3 8 15 
-0.0989704014337724 13 3 8 19 
0.5958547704923356 13 3 8 22 
0.8423777930467079 13 3 9 14 
-0.1878914232224627 13 3 9 18 
-0.6001276579691698 13 3 9 21 
-0.4972803749603841 13 3 10 13 
0.0124734272615150 13 3 10 20 
0.6915009003500333 13 3 11 12 
-0.0646769641977580 13 3 12 4 
-0.6915009003500333 13 3 12 11 
-1.4475496583148793 13 3 13 3 
0.1008623227553118 13 3 13 7 
0.4972803749603841 13 3 13 10 
-0.8627147839555331 13 3 14 2 
-0.2436037631963129 13 3 14 6 
-0.8423777930467079 13 3 14 9 
-1.0591497047727385 13 3 15 1 
-0.1267981115135362 13 3 15 8 
-0.3858231746659416 13 3 16 0 
0.0138926554499054 13 3 18 2 
0.2288058730909619 13 3 18 6 
0.1878914232224627 13 3 18 9 
-0.2632926047566703 13 3 19 1 
0.0989704014337724 13 3 19 8 
0.2421586678525993 13 3 20 3 
-0.1132335449469799 13 3 20 7 
-0.0124734272615150 13 3 20 10 
-0.0470656104207964 13 3 21 2 
-0.1796565934756221 13 3 21 6 
0.6001276579691698 13 3 21 9 
1.0044046553548283 13 3 22 1 
-0.5958547704923356 13 3 22 8 
-0.6176201664521721 13 3 23 0 
0.4108469806597957 13 4 0 17 
0.4963364500319548 13 4 1 16 
-0.2005416305950494 13 4 1 23 
0.8678332562461216 13 4 2 15 
0.2387336275633793 13 4 2 19 
-1.0862754332120927 13 4 2 22 
0.0977499727531843 13 4 3 14 
0.3297723594413749 13 4 3 18 
0.4666770253186376 13 4 3 21 
1.4009313153142156 13 4 4 13 
-0.0749625910422659 13 4 4 20 
-0.2069032797814511 13 4 5 12 
0.2387336275633793 13 4 6 15 
0.2820048878689067 13 4 6 19 
-0.0476831271367445 13 4 6 22 
0.3297723594413749 13 4 7 14 
-0.5246901645257984 13 4 7 18 
-0.0389487712028829 13 4 7 21 
0.2005416305950494 13 4 8 16 
0.7429974707799867 13 4 8 23 
1.0862754332120927 13 4 9 15 
0.0476831271367445 13 4 9 19 
-1.1158314531148266 13 4 9 22 
-0.4666770253186376 13 4 10 14 
0.0389487712028829 13 4 10 18 
0.1375454891430182 13 4 10 21 
0.0749625910422659 13 4 11 13 
-0.2722150354153634 13 4 11 20 
0.2069032797814511 13 4 12 5 
-1.4009313153142156 13 4 13 4 
-0.0749625910422659 13 4 13 11 
-0.0977499727531843 13 4 14 3 
-0.3297723594413749 13 4 14 7 
0.4666770253186376 13 4 14 10 
-0.8678332562461216 13 4 15 2 
-0.2387336275633793 13 4 15 6 
-1.0862754332120927 13 4 15 9 
-0.4963364500319548 13 4 16 1 
-0.2005416305950494 13 4 16 8 
-0.4108469806597957 13 4 17 0 
-0.3297723594413749 13 4 18 3 
0.5246901645257984 13 4 18 7 
-0.0389487712028829 13 4 18 10 
-0.2387336275633793 13 4 19 2 
-0.2820048878689067 13 4 19 6 
-0.0476831271367445 13 4 19 9 
0.0749625910422659 13 4 20 4 
0.2722150354153634 13 4 20 11 
-0.4666770253186376 13 4 21 3 
0.0389487712028829 13 4 21 7 
-0.1375454891430182 13 4 21 10 
1.0862754332120927 13 4 22 2 
0.0476831271367445 13 4 22 6 
1.1158314531148266 13 4 22 9 
0.2005416305950494 13 4 23 1 
-0.7429974707799867 13 4 23 8 
0.4191514282832103 13 5 1 17 
0.3858231746659416 13 5 2 16 
-0.9347043256344042 13 5 2 23 
0.2042083674258880 13 5 3 15 
0.1596363590949229 13 5 3 19 
0.0255501848392007 13 5 3 22 
0.0646769641977580 13 5 4 14 
0.5447145740817170 13 5 4 18 
-0.0967762888984183 13 5 4 21 
1.1122174279287322 13 5 5 13 
0.7997245486230264 13 5 5 20 
-0.0310649219739713 13 5 6 16 
-0.1621239472479065 13 5 6 23 
0.5667739452240731 13 5 7 15 
0.1808869252477176 13 5 7 19 
-0.2938273228288526 13 5 7 22 
0.9817762125315213 13 5 8 17 
0.2588981318386347 13 5 9 16 
-1.0424992526696730 13 5 9 23 
0.4050151644485397 13 5 10 15 
0.2873171182929216 13 5 10 19 
-0.1158974523319191 13 5 10 22 
-0.5729746368493853 13 5 11 14 
0.1733999522718044 13 5 11 18 
-0.1200923581407499 13 5 11 21 
-1.1122174279287322 13 5 13 5 
-0.0646769641977580 13 5 14 4 
0.5729746368493853 13 5 14 11 
-0.2042083674258880 13 5 15 3 
-0.5667739452240731 13 5 15 7 
-0.4050151644485397 13 5 15 10 
-0.3858231746659416 13 5 16 2 
0.0310649219739713 13 5 16 6 
-0.2588981318386347 13 5 16 9 
-0.4191514282832103 13 5 17 1 
-0.9817762125315213 13 5 17 8 
-0.5447145740817170 13 5 18 4 
-0.1733999522718044 13 5 18 11 
-0.1596363590949229 13 5 19 3 
-0.1808869252477176 13 5 19 7 
-0.2873171182929216 13 5 19 10 
-0.7997245486230264 13 5 20 5 
0.0967762888984183 13 5 21 4 
0.1200923581407499 13 5 21 11 
-0.0255501848392007 13 5 22 3 
0.2938273228288526 13 5 22 7 
0.1158974523319191 13 5 22 10 
0.9347043256344042 13 5 23 2 
0.1621239472479065 13 5 23 6 
1.0424992526696730 13 5 23 9 
0.5557908367316601 13 6 0 15 
0.9163987564831714 13 6 0 19 
-0.5181253877359930 13 6 0 22 
-0.3395959503186913 13 6 1 14 
1.7692258201960225 13 6 1 18 
-0.1755748123440475 13 6 1 21 
-0.0664797546847047 13 6 2 13 
0.4988233134430267 13 6 2 20 
0.3522220436670849 13 6 3 12 
1.3990652311619325 13 6 6 13 
-0.1641391189174960 13 6 6 20 
0.3741857291563718 13 6 7 12 
0.1359496812597291 13 6 8 14 
-0.7538992541793572 13 6 8 18 
0.0184354645221181 13 6 8 21 
0.0258285017654546 13 6 9 13 
-0.0975715349934660 13 6 9 20 
-0.3059633094098332 13 6 10 12 
-0.3522220436670849 13 6 12 3 
-0.3741857291563718 13 6 12 7 
0.3059633094098332 13 6 12 10 
0.0664797546847047 13 6 13 2 
-1.3990652311619325 13 6 13 6 
-0.0258285017654546 13 6 13 9 
0.3395959503186913 13 6 14 1 
-0.1359496812597291 13 6 14 8 
-0.5557908367316601 13 6 15 0 
-1.7692258201960225 13 6 18 1 
0.7538992541793572 13 6 18 8 
-0.9163987564831714 13 6 19 0 
-0.4988233134430267 13 6 20 2 
0.1641391189174960 13 6 20 6 
0.0975715349934660 13 6 20 9 
0.1755748123440475 13 6 21 1 
-0.0184354645221181 13 6 21 8 
0.5181253877359930 13 6 22 0 
-0.0310649219739713 13 7 0 16 
-0.0925154304387824 13 7 0 23 
0.2632926047566703 13 7 1 15 
0.5397478718004343 13 7 1 19 
-0.2794874804167718 13 7 1 22 
-0.2297111077464075 13 7 2 14 
1.1591629261731262 13 7 2 18 
-0.0059136346872488 13 7 2 21 
-0.1008623227553118 13 7 3 13 
0.3817995218840574 13 7 3 20 
0.5447145740817170 13 7 4 12 
0.4733116688260038 13 7 6 14 
0.2842972934746928 13 7 6 21 
0.8970423951995492 13 7 7 13 
0.1641391189174960 13 7 7 20 
0.3206294064426383 13 7 8 15 
0.7538992541793572 13 7 8 19 
-0.1318342136098536 13 7 8 22 
-0.1683300470881411 13 7 9 14 
1.3057918120269298 13 7 9 18 
-0.0274135389535451 13 7 9 21 
-0.0614357696029788 13 7 10 13 
0.1001797854213145 13 7 10 20 
0.1460021423079873 13 7 11 12 
-0.5447145740817170 13 7 12 4 
-0.1460021423079873 13 7 12 11 
0.1008623227553118 13 7 13 3 
-0.8970423951995492 13 7 13 7 
0.0614357696029788 13 7 13 10 
0.2297111077464075 13 7 14 2 
-0.4733116688260038 13 7 14 6 
0.1683300470881411 13 7 14 9 
-0.2632926047566703 13 7 15 1 
-0.3206294064426383 13 7 15 8 
0.0310649219739713 13 7 16 0 
-1.1591629261731262 13 7 18 2 
-1.3057918120269298 13 7 18 9 
-0.5397478718004343 13 7 19 1 
-0.7538992541793572 13 7 19 8 
-0.3817995218840574 13 7 20 3 
-0.1641391189174960 13 7 20 7 
-0.1001797854213145 13 7 20 10 
0.0059136346872488 13 7 21 2 
-0.2842972934746928 13 7 21 6 
0.0274135389535451 13 7 21 9 
0.2794874804167718 13 7 22 1 
0.1318342136098536 13 7 22 8 
0.0925154304387824 13 7 23 0 
-0.0003913113185153 13 8 0 14 
0.4949674633444236 13 8 0 18 
0.2589414336017387 13 8 0 21 
-0.5972397481227559 13 8 1 13 
1.2207519349131672 13 8 1 20 
0.9447102679451058 13 8 2 12 
0.1919709274208803 13 8 6 12 
1.7716941793658423 13 8 8 13 
0.5545317547066538 13 8 8 20 
1.2179677226382328 13 8 9 12 
-0.9447102679451058 13 8 12 2 
-0.1919709274208803 13 8 12 6 
-1.2179677226382328 13 8 12 9 
0.5972397481227559 13 8 13 1 
-1.7716941793658423 13 8 13 8 
0.0003913113185153 13 8 14 0 
-0.4949674633444236 13 8 18 0 
-1.2207519349131672 13 8 20 1 
-0.5545317547066538 13 8 20 8 
-0.2589414336017387 13 8 21 0 
-0.5880837891081675 13 9 0 15 
-0.1789419808659589 13 9 0 19 
-0.2680681811361496 13 9 0 22 
-0.1868974442137420 13 9 1 14 
-0.1755748123440475 13 9 1 18 
1.5273777958287367 13 9 1 21 
0.4307195503819253 13 9 2 13 
0.0169419523965004 13 9 2 20 
0.0428809852989391 13 9 3 12 
0.0258285017654546 13 9 6 13 
-0.0197882833262523 13 9 6 20 
-0.2794232189505844 13 9 7 12 
0.6908490765015284 13 9 8 14 
-0.2250226296680809 13 9 8 18 
-0.0457731896074767 13 9 8 21 
2.2159319302300413 13 9 9 13 
-0.3239146468636258 13 9 9 20 
-0.1450759082872537 13 9 10 12 
-0.0428809852989391 13 9 12 3 
0.2794232189505844 13 9 12 7 
0.1450759082872537 13 9 12 10 
-0.4307195503819253 13 9 13 2 
-0.0258285017654546 13 9 13 6 
-2.2159319302300413 13 9 13 9 
0.1868974442137420 13 9 14 1 
-0.6908490765015284 13 9 14 8 
0.5880837891081675 13 9 15 0 
0.1755748123440475 13 9 18 1 
0.2250226296680809 13 9 18 8 
0.1789419808659589 13 9 19 0 
-0.0169419523965004 13 9 20 2 
0.0197882833262523 13 9 20 6 
0.3239146468636258 13 9 20 9 
-1.5273777958287367 13 9 21 1 
0.0457731896074767 13 9 21 8 
0.2680681811361496 13 9 22 0 
-0.2588981318386350 13 10 0 16 
-0.6898492131894587 13 10 0 23 
-1.0044046553548283 13 10 1 15 
-0.2794874804167718 13 10 1 19 
1.6813319239600812 13 10 1 22 
1.0981032142873999 13 10 2 14 
-0.4349504787852131 13 10 2 18 
-0.3207885131455403 13 10 2 21 
-0.4972803749603841 13 10 3 13 
0.4553319126083512 13 10 3 20 
0.0967762888984181 13 10 4 12 
-0.2019009011513932 13 10 6 14 
0.7015285975425725 13 10 6 18 
-0.1891617096971435 13 10 6 21 
-0.0614357696029788 13 10 7 13 
0.3375318337051730 13 10 7 20 
0.9730450732442246 13 10 8 15 
0.3825568508039190 13 10 8 19 
-0.2570360104493457 13 10 8 22 
0.3389001982831610 13 10 9 14 
-0.1559108628856662 13 10 9 18 
-0.4903844433157185 13 10 9 21 
1.5744548771131521 13 10 10 13 
-0.1875006461353084 13 10 10 20 
-0.5154638301267874 13 10 11 12 
-0.0967762888984181 13 10 12 4 
0.5154638301267874 13 10 12 11 
0.4972803749603841 13 10 13 3 
0.0614357696029788 13 10 13 7 
-1.5744548771131521 13 10 13 10 
-1.0981032142873999 13 10 14 2 
0.2019009011513932 13 10 14 6 
-0.3389001982831610 13 10 14 9 
1.0044046553548283 13 10 15 1 
-0.9730450732442246 13 10 15 8 
0.2588981318386350 13 10 16 0 
0.4349504787852131 13 10 18 2 
-0.7015285975425725 13 10 18 6 
0.1559108628856662 13 10 18 9 
0.2794874804167718 13 10 19 1 
-0.3825568508039190 13 10 19 8 
-0.4553319126083512 13 10 20 3 
-0.3375318337051730 13 10 20 7 
0.1875006461353084 13 10 20 10 
0.3207885131455403 13 10 21 2 
0.1891617096971435 13 10 21 6 
0.4903844433157185 13 10 21 9 
-1.6813319239600812 13 10 22 1 
0.2570360104493457 13 10 22 8 
0.6898492131894587 13 10 23 0 
-0.9817762125315213 13 11 0 17 
-0.2005416305950493 13 11 1 16 
1.7429810932716732 13 11 1 23 
0.0737435190815130 13 11 2 15 
-0.2442902988536551 13 11 2 19 
-0.5831259409084016 13 11 2 22 
0.1671960768103334 13 11 3 14 
-0.3817995218840575 13 11 3 18 
0.4447699273490021 13 11 3 21 
0.0749625910422659 13 11 4 13 
0.0172476497041354 13 11 4 20 
-0.7997245486230264 13 11 5 12 
-0.3206294064426384 13 11 6 15 
-0.4050277246354249 13 11 6 19 
0.2382134113542835 13 11 6 22 
0.0778032563686964 13 11 7 14 
-0.4050277246354249 13 11 7 18 
-0.2085309863649051 13 11 7 21 
0.4925312873101582 13 11 8 16 
-0.2517225546498314 13 11 8 23 
0.6714324891777179 13 11 9 15 
-0.0675190424792119 13 11 9 19 
-0.4248510468825667 13 11 9 22 
-0.4054692984464331 13 11 10 14 
0.4050529869813333 13 11 10 18 
-0.2162449539404549 13 11 10 21 
1.5711225256007257 13 11 11 13 
-0.0431164617077196 13 11 11 20 
0.7997245486230264 13 11 12 5 
-0.0749625910422659 13 11 13 4 
-1.5711225256007257 13 11 13 11 
-0.1671960768103334 13 11 14 3 
-0.0778032563686964 13 11 14 7 
0.4054692984464331 13 11 14 10 
-0.0737435190815130 13 11 15 2 
0.3206294064426384 13 11 15 6 
-0.6714324891777179 13 11 15 9 
0.2005416305950493 13 11 16 1 
-0.4925312873101582 13 11 16 8 
0.9817762125315213 13 11 17 0 
0.3817995218840575 13 11 18 3 
0.4050277246354249 13 11 18 7 
-0.4050529869813333 13 11 18 10 
0.2442902988536551 13 11 19 2 
0.4050277246354249 13 11 19 6 
0.0675190424792119 13 11 19 9 
-0.0172476497041354 13 11 20 4 
0.0431164617077196 13 11 20 11 
-0.4447699273490021 13 11 21 3 
0.2085309863649051 13 11 21 7 
0.2162449539404549 13 11 21 10 
0.5831259409084016 13 11 22 2 
-0.2382134113542835 13 11 22 6 
0.4248510468825667 13 11 22 9 
-1.7429810932716732 13 11 23 1 
0.2517225546498314 13 11 23 8 
0.1852892561398869 13 12 12 13 
1.1954694442780811 13 12 12 20 
-0.1852892561398869 13 12 13 12 
-1.1954694442780811 13 12 20 12 
0.3406269947616223 13 14 12 15 
0.6107063791937254 13 14 12 19 
-0.1279651848115716 13 14 12 22 
-0.6422883252949583 13 14 13 14 
-0.2731161956339865 13 14 13 18 
-0.6176169945956672 13 14 13 21 
0.6422883252949583 13 14 14 13 
-0.3689567793661355 13 14 14 20 
-0.3406269947616223 13 14 15 12 
0.2731161956339865 13 14 18 13 
0.6366118391422571 13 14 18 20 
-0.6107063791937254 13 14 19 12 
0.3689567793661355 13 14 20 14 
-0.6366118391422571 13 14 20 18 
0.8750720148462312 13 14 20 21 
0.6176169945956672 13 14 21 13 
-0.8750720148462312 13 14 21 20 
0.1279651848115716 13 14 22 12 
0.3211462104681836 13 15 12 16 
-0.0738807338978611 13 15 12 23 
-0.3883999535421407 13 15 13 15 
0.3641549275119820 13 15 13 19 
-0.5071242803944442 13 15 13 22 
-0.2574964186462183 13 15 14 18 
-0.7953121826259112 13 15 14 21 
0.3883999535421407 13 15 15 13 
-0.3689567793661356 13 15 15 20 
-0.3211462104681836 13 15 16 12 
0.2574964186462183 13 15 18 14 
0.3675480166980848 13 15 18 21 
-0.3641549275119820 13 15 19 13 
0.2122039463807523 13 15 19 20 
0.3689567793661356 13 15 20 15 
-0.2122039463807523 13 15 20 19 
0.5833813432308207 13 15 20 22 
0.7953121826259112 13 15 21 14 
-0.3675480166980848 13 15 21 18 
0.5071242803944442 13 15 22 13 
-0.5833813432308207 13 15 22 20 
0.0738807338978611 13 15 23 12 
0.6177502604412468 13 16 12 17 
-0.9045948652822605 13 16 13 16 
-0.2755042216373152 13 16 13 23 
0.7700832834929370 13 16 14 15 
-0.0910387318779955 13 16 14 19 
-0.6195984078934553 13 16 14 22 
-0.7700832834929370 13 16 15 14 
0.0910387318779955 13 16 15 18 
-0.6195984078934553 13 16 15 21 
0.9045948652822605 13 16 16 13 
-0.2755042216373152 13 16 16 20 
-0.6177502604412468 13 16 17 12 
-0.0910387318779955 13 16 18 15 
0.8066950523947048 13 16 18 19 
-0.0866318983396274 13 16 18 22 
0.0910387318779955 13 16 19 14 
-0.8066950523947048 13 16 19 18 
-0.0866318983396274 13 16 19 21 
0.2755042216373152 13 16 20 16 
1.0152125061953499 13 16 20 23 
0.6195984078934553 13 16 21 15 
0.0866318983396274 13 16 21 19 
-1.2533769422578445 13 16 21 22 
0.6195984078934553 13 16 22 14 
0.0866318983396274 13 16 22 18 
1.2533769422578445 13 16 22 21 
0.2755042216373152 13 16 23 13 
-1.0152125061953499 13 16 23 20 
-0.6930659996455216 13 17 13 17 
0.3211462104681836 13 17 14 16 
-0.3617296887850188 13 17 14 23 
-0.4071375861291502 13 17 15 19 
-0.3794649796093391 13 17 15 22 
-0.3211462104681836 13 17 16 14 
0.5757794960556882 13 17 16 18 
-0.3556744207370531 13 17 16 21 
0.6930659996455216 13 17 17 13 
-0.1820516639084949 13 17 17 20 
-0.5757794960556882 13 17 18 16 
-0.3355238995197108 13 17 18 23 
0.4071375861291502 13 17 19 15 
-0.5811444411217741 13 17 19 22 
0.1820516639084949 13 17 20 17 
0.3556744207370531 13 17 21 16 
-0.9224068945289231 13 17 21 23 
0.3794649796093391 13 17 22 15 
0.5811444411217741 13 17 22 19 
0.3617296887850188 13 17 23 14 
0.3355238995197108 13 17 23 18 
0.9224068945289231 13 17 23 21 
0.2035687930645751 13 18 12 15 
0.5422130273267997 13 18 12 19 
-0.2121620783261599 13 18 12 22 
-0.2731161956339865 13 18 13 14 
0.3701605890340903 13 18 13 18 
-0.2014033141095020 13 18 13 21 
0.2731161956339865 13 18 14 13 
0.3628736321832975 13 18 14 20 
-0.2035687930645751 13 18 15 12 
-0.3701605890340903 13 18 18 13 
0.5897601352618611 13 18 18 20 
-0.5422130273267997 13 18 19 12 
-0.3628736321832975 13 18 20 14 
-0.5897601352618611 13 18 20 18 
0.1160069995155840 13 18 20 21 
0.2014033141095020 13 18 21 13 
-0.1160069995155840 13 18 21 20 
0.2121620783261599 13 18 22 12 
-0.5757794960556882 13 19 12 16 
-0.2385175727467696 13 19 12 23 
0.3641549275119820 13 19 13 15 
-0.3572945233991149 13 19 13 19 
-0.2180517108137930 13 19 13 22 
0.6858512573471222 13 19 14 18 
0.1624164124008923 13 19 14 21 
-0.3641549275119820 13 19 15 13 
0.0611701154414191 13 19 15 20 
0.5757794960556882 13 19 16 12 
-0.6858512573471222 13 19 18 14 
-1.0214945185522371 13 19 18 21 
0.3572945233991149 13 19 19 13 
-0.5897601352618611 13 19 19 20 
-0.0611701154414191 13 19 20 15 
0.5897601352618611 13 19 20 19 
-0.2320139990311680 13 19 20 22 
-0.1624164124008923 13 19 21 14 
1.0214945185522371 13 19 21 18 
0.2180517108137930 13 19 22 13 
0.2320139990311680 13 19 22 20 
0.2385175727467696 13 19 23 12 
-0.9451015792636208 13 20 12 14 
0.3029965359235433 13 20 12 18 
-0.9590262890364940 13 20 12 21 
-0.5509422444526750 13 20 13 20 
0.9451015792636208 13 20 14 12 
-0.3029965359235433 13 20 18 12 
0.5509422444526750 13 20 20 13 
0.9590262890364940 13 20 21 12 
-0.6309647744071064 13 21 12 15 
0.1004812380846255 13 21 12 19 
-0.1229922728488958 13 21 12 22 
-0.6176169945956672 13 21 13 14 
-0.2014033141095020 13 21 13 18 
-0.6885541344013044 13 21 13 21 
0.6176169945956672 13 21 14 13 
-0.6739071241050278 13 21 14 20 
0.6309647744071064 13 21 15 12 
0.2014033141095020 13 21 18 13 
0.2052343463418286 13 21 18 20 
-0.1004812380846255 13 21 19 12 
0.6739071241050278 13 21 20 14 
-0.2052343463418286 13 21 20 18 
0.2781414572561490 13 21 20 21 
0.6885541344013044 13 21 21 13 
-0.2781414572561490 13 21 21 20 
0.1229922728488958 13 21 22 12 
-0.3556744207370530 13 22 12 16 
-0.1743853830626714 13 22 12 23 
-0.5071242803944442 13 22 13 15 
-0.2180517108137930 13 22 13 19 
0.1068770468469293 13 22 13 22 
-0.2330495776338199 13 22 14 18 
-0.6596887114287011 13 22 14 21 
0.5071242803944442 13 22 15 13 
-0.5177131606358732 13 22 15 20 
0.3556744207370530 13 22 16 12 
0.2330495776338199 13 22 18 14 
-0.0332508468114773 13 22 18 21 
0.2180517108137930 13 22 19 13 
-0.0450250170987460 13 22 19 20 
0.5177131606358732 13 22 20 15 
0.0450250170987460 13 22 20 19 
-0.0695353643140373 13 22 20 22 
0.6596887114287011 13 22 21 14 
0.0332508468114773 13 22 21 18 
-0.1068770468469293 13 22 22 13 
0.0695353643140373 13 22 22 20 
0.1743853830626714 13 22 23 12 
-0.1820516639084949 13 23 12 17 
-0.2755042216373152 13 23 13 16 
0.1718585676709473 13 23 13 23 
-0.0934525577288204 13 23 14 15 
-0.3220935552223515 13 23 14 19 
-0.1776566424619686 13 23 14 22 
0.0934525577288204 13 23 15 14 
-0.0611701154414191 13 23 15 18 
-0.2266625618287158 13 23 15 21 
0.2755042216373152 13 23 16 13 
-0.4752836376060228 13 23 16 20 
0.1820516639084949 13 23 17 12 
0.0611701154414191 13 23 18 15 
-0.1668395756270498 13 23 18 22 
0.3220935552223515 13 23 19 14 
-0.1410119438856932 13 23 19 21 
0.4752836376060228 13 23 20 16 
-0.2086060929421117 13 23 20 23 
0.2266625618287158 13 23 21 15 
0.1410119438856932 13 23 21 19 
-0.2086060929421117 13 23 21 22 
0.1776566424619686 13 23 22 14 
0.1668395756270498 13 23 22 18 
0.2086060929421117 13 23 22 21 
-0.1718585676709473 13 23 23 13 
0.2086060929421117 13 23 23 20 
1.3666886178132853 14 0 0 14 
0.4060757050033961 14 0 0 18 
-0.2435189977242247 14 0 0 21 
0.8355591292153783 14 0 1 13 
0.9447102679451057 14 0 1 20 
1.1813993616733984 14 0 2 12 
0.4060757050033961 14 0 6 12 
-0.0003913113185152 14 0 8 13 
-0.5565779120871285 14 0 8 20 
-0.9755915331166914 14 0 9 12 
-1.1813993616733984 14 0 12 2 
-0.4060757050033961 14 0 12 6 
0.9755915331166914 14 0 12 9 
-0.8355591292153783 14 0 13 1 
0.0003913113185152 14 0 13 8 
-1.3666886178132853 14 0 14 0 
-0.4060757050033961 14 0 18 0 
-0.9447102679451057 14 0 20 1 
0.5565779120871285 14 0 20 8 
0.2435189977242247 14 0 21 0 
0.2728086473820794 14 1 0 15 
-0.3961544776367372 14 1 0 19 
0.3365839943104000 14 1 0 22 
2.0575853968026396 14 1 1 14 
-0.0664797546847047 14 1 1 18 
0.4307195503819253 14 1 1 21 
1.4152970715076814 14 1 2 13 
-0.1141414843783102 14 1 2 20 
0.6134356421437018 14 1 3 12 
-0.3395959503186913 14 1 6 13 
-0.3183059195711286 14 1 6 20 
0.2145519015569882 14 1 7 12 
-0.4830982637444456 14 1 8 14 
0.3183059195711286 14 1 8 18 
-0.2219743089850812 14 1 8 21 
-0.1868974442137420 14 1 9 13 
0.6530977058611501 14 1 9 20 
0.2086188094988284 14 1 10 12 
-0.6134356421437018 14 1 12 3 
-0.2145519015569882 14 1 12 7 
-0.2086188094988284 14 1 12 10 
-1.4152970715076814 14 1 13 2 
0.3395959503186913 14 1 13 6 
0.1868974442137420 14 1 13 9 
-2.0575853968026396 14 1 14 1 
0.4830982637444456 14 1 14 8 
-0.2728086473820794 14 1 15 0 
0.0664797546847047 14 1 18 1 
-0.3183059195711286 14 1 18 8 
0.3961544776367372 14 1 19 0 
0.1141414843783102 14 1 20 2 
0.3183059195711286 14 1 20 6 
-0.6530977058611501 14 1 20 9 
-0.4307195503819253 14 1 21 1 
0.2219743089850812 14 1 21 8 
-0.3365839943104000 14 1 22 0 
0.2042083674258881 14 2 0 16 
-0.5273327033390883 14 2 0 23 
0.8627147839555334 14 2 1 15 
-0.2297111077464075 14 2 1 19 
1.0981032142873999 14 2 1 22 
2.5578352573630538 14 2 2 14 
-0.3248605640027167 14 2 2 18 
-0.5326541230971820 14 2 2 21 
0.8627147839555334 14 2 3 13 
-0.2555550331672065 14 2 3 20 
0.2042083674258881 14 2 4 12 
-0.3248605640027167 14 2 6 14 
0.2426852766568917 14 2 6 18 
0.0043671779669308 14 2 6 21 
-0.2297111077464075 14 2 7 13 
-0.0075641741244195 14 2 7 20 
-0.2555550331672065 14 2 8 15 
-0.0075641741244195 14 2 8 19 
-0.1701896066344306 14 2 8 22 
-0.5326541230971820 14 2 9 14 
0.0043671779669308 14 2 9 18 
0.9005395894218445 14 2 9 21 
1.0981032142873999 14 2 10 13 
-0.1701896066344306 14 2 10 20 
-0.5273327033390883 14 2 11 12 
-0.2042083674258881 14 2 12 4 
0.5273327033390883 14 2 12 11 
-0.8627147839555334 14 2 13 3 
0.2297111077464075 14 2 13 7 
-1.0981032142873999 14 2 13 10 
-2.5578352573630538 14 2 14 2 
0.3248605640027167 14 2 14 6 
0.5326541230971820 14 2 14 9 
-0.8627147839555334 14 2 15 1 
0.2555550331672065 14 2 15 8 
-0.2042083674258881 14 2 16 0 
0.3248605640027167 14 2 18 2 
-0.2426852766568917 14 2 18 6 
-0.0043671779669308 14 2 18 9 
0.2297111077464075 14 2 19 1 
0.0075641741244195 14 2 19 8 
0.2555550331672065 14 2 20 3 
0.0075641741244195 14 2 20 7 
0.1701896066344306 14 2 20 10 
0.5326541230971820 14 2 21 2 
-0.0043671779669308 14 2 21 6 
-0.9005395894218445 14 2 21 9 
-1.0981032142873999 14 2 22 1 
0.1701896066344306 14 2 22 8 
0.5273327033390883 14 2 23 0 
-0.1058269791544582 14 3 0 17 
0.8678332562461216 14 3 1 16 
0.0737435190815130 14 3 1 23 
1.1063636594738842 14 3 2 15 
0.0196471817546327 14 3 2 19 
0.1151511901464938 14 3 2 22 
2.2648468965089625 14 3 3 14 
-0.3445077457573495 14 3 3 18 
-0.5650477001425385 14 3 3 21 
0.0977499727531843 14 3 4 13 
-0.1671960768103334 14 3 4 20 
0.2580349095339713 14 3 5 12 
0.0196471817546327 14 3 6 15 
-0.3628999800878705 14 3 6 19 
0.1747195226682318 14 3 6 22 
-0.3445077457573495 14 3 7 14 
0.4437950723068345 14 3 7 18 
0.1718080706902779 14 3 7 21 
-0.0737435190815130 14 3 8 16 
-0.3781124336526365 14 3 8 23 
-0.1151511901464938 14 3 9 15 
-0.1747195226682318 14 3 9 19 
1.0563621537145760 14 3 9 22 
0.5650477001425385 14 3 10 14 
-0.1718080706902779 14 3 10 18 
-0.5542614426370110 14 3 10 21 
0.1671960768103334 14 3 11 13 
0.2798534184489717 14 3 11 20 
-0.2580349095339713 14 3 12 5 
-0.0977499727531843 14 3 13 4 
-0.1671960768103334 14 3 13 11 
-2.2648468965089625 14 3 14 3 
0.3445077457573495 14 3 14 7 
-0.5650477001425385 14 3 14 10 
-1.1063636594738842 14 3 15 2 
-0.0196471817546327 14 3 15 6 
0.1151511901464938 14 3 15 9 
-0.8678332562461216 14 3 16 1 
0.0737435190815130 14 3 16 8 
0.1058269791544582 14 3 17 0 
0.3445077457573495 14 3 18 3 
-0.4437950723068345 14 3 18 7 
0.1718080706902779 14 3 18 10 
-0.0196471817546327 14 3 19 2 
0.3628999800878705 14 3 19 6 
0.1747195226682318 14 3 19 9 
0.1671960768103334 14 3 20 4 
-0.2798534184489717 14 3 20 11 
0.5650477001425385 14 3 21 3 
-0.1718080706902779 14 3 21 7 
0.5542614426370110 14 3 21 10 
-0.1151511901464938 14 3 22 2 
-0.1747195226682318 14 3 22 6 
-1.0563621537145760 14 3 22 9 
-0.0737435190815130 14 3 23 1 
0.3781124336526365 14 3 23 8 
0.3858231746659416 14 4 1 17 
1.0591497047727385 14 4 2 16 
-0.1267981115135362 14 4 2 23 
0.8627147839555331 14 4 3 15 
0.2436037631963129 14 4 3 19 
-0.8423777930467079 14 4 3 22 
1.4475496583148793 14 4 4 14 
-0.1008623227553118 14 4 4 18 
0.4972803749603841 14 4 4 21 
0.0646769641977580 14 4 5 13 
-0.6915009003500333 14 4 5 20 
0.2632926047566703 14 4 6 16 
0.0989704014337724 14 4 6 23 
-0.0138926554499054 14 4 7 15 
-0.2288058730909619 14 4 7 19 
0.1878914232224627 14 4 7 22 
-0.6176201664521721 14 4 8 17 
1.0044046553548283 14 4 9 16 
0.5958547704923356 14 4 9 23 
-0.0470656104207964 14 4 10 15 
-0.1796565934756221 14 4 10 19 
-0.6001276579691698 14 4 10 22 
0.2421586678525993 14 4 11 14 
-0.1132335449469799 14 4 11 18 
0.0124734272615150 14 4 11 21 
-0.0646769641977580 14 4 13 5 
-1.4475496583148793 14 4 14 4 
-0.2421586678525993 14 4 14 11 
-0.8627147839555331 14 4 15 3 
0.0138926554499054 14 4 15 7 
0.0470656104207964 14 4 15 10 
-1.0591497047727385 14 4 16 2 
-0.2632926047566703 14 4 16 6 
-1.0044046553548283 14 4 16 9 
-0.3858231746659416 14 4 17 1 
0.6176201664521721 14 4 17 8 
0.1008623227553118 14 4 18 4 
0.1132335449469799 14 4 18 11 
-0.2436037631963129 14 4 19 3 
0.2288058730909619 14 4 19 7 
0.1796565934756221 14 4 19 10 
0.6915009003500333 14 4 20 5 
-0.4972803749603841 14 4 21 4 
-0.0124734272615150 14 4 21 11 
0.8423777930467079 14 4 22 3 
-0.1878914232224627 14 4 22 7 
0.6001276579691698 14 4 22 10 
0.1267981115135362 14 4 23 2 
-0.0989704014337724 14 4 23 6 
-0.5958547704923356 14 4 23 9 
0.7241714297885479 14 5 2 17 
0.6134356421437017 14 5 3 16 
-0.9757574216682700 14 5 3 23 
0.2728086473820793 14 5 4 15 
0.3522220436670849 14 5 4 19 
-0.0428809852989389 14 5 4 22 
1.1633490576812522 14 5 5 14 
0.4306346821966869 14 5 5 18 
0.4132208956216356 14 5 5 21 
-0.0245589771932908 14 5 6 17 
0.5557908367316601 14 5 7 16 
-0.2372512246005414 14 5 7 23 
0.8058896352192806 14 5 9 17 
0.5880837891081674 14 5 10 16 
-0.8081306961200683 14 5 10 23 
-0.3597112539990646 14 5 11 15 
0.2372512246005414 14 5 11 19 
-0.1558905259854422 14 5 11 22 
-1.1633490576812522 14 5 14 5 
-0.2728086473820793 14 5 15 4 
0.3597112539990646 14 5 15 11 
-0.6134356421437017 14 5 16 3 
-0.5557908367316601 14 5 16 7 
-0.5880837891081674 14 5 16 10 
-0.7241714297885479 14 5 17 2 
0.0245589771932908 14 5 17 6 
-0.8058896352192806 14 5 17 9 
-0.4306346821966869 14 5 18 5 
-0.3522220436670849 14 5 19 4 
-0.2372512246005414 14 5 19 11 
-0.4132208956216356 14 5 21 5 
0.0428809852989389 14 5 22 4 
0.1558905259854422 14 5 22 11 
0.9757574216682700 14 5 23 3 
0.2372512246005414 14 5 23 7 
0.8081306961200683 14 5 23 10 
0.5667739452240730 14 6 0 16 
-0.2845765615698903 14 6 0 23 
-0.0138926554499054 14 6 1 15 
1.1591629261731262 14 6 1 19 
-0.4349504787852131 14 6 1 22 
-0.3248605640027167 14 6 2 14 
1.3593998373974931 14 6 2 18 
0.1319816206853124 14 6 2 21 
0.2436037631963129 14 6 3 13 
0.3940955058352610 14 6 3 20 
0.1596363590949228 14 6 4 12 
1.2317242858411379 14 6 6 14 
-0.2010285440889373 14 6 6 21 
0.4733116688260038 14 6 7 13 
-0.1160638840445465 14 6 7 20 
0.0308367985066526 14 6 8 15 
-0.5330872749617042 14 6 8 19 
0.0596462751958754 14 6 8 22 
0.1685939980972796 14 6 9 14 
-0.9233342451021118 14 6 9 18 
-0.0387685985807467 14 6 9 21 
-0.2019009011513932 14 6 10 13 
-0.1044123968492727 14 6 10 20 
-0.2389830494637161 14 6 11 12 
-0.1596363590949228 14 6 12 4 
0.2389830494637161 14 6 12 11 
-0.2436037631963129 14 6 13 3 
-0.4733116688260038 14 6 13 7 
0.2019009011513932 14 6 13 10 
0.3248605640027167 14 6 14 2 
-1.2317242858411379 14 6 14 6 
-0.1685939980972796 14 6 14 9 
0.0138926554499054 14 6 15 1 
-0.0308367985066526 14 6 15 8 
-0.5667739452240730 14 6 16 0 
-1.3593998373974931 14 6 18 2 
0.9233342451021118 14 6 18 9 
-1.1591629261731262 14 6 19 1 
0.5330872749617042 14 6 19 8 
-0.3940955058352610 14 6 20 3 
0.1160638840445465 14 6 20 7 
0.1044123968492727 14 6 20 10 
-0.1319816206853124 14 6 21 2 
0.2010285440889373 14 6 21 6 
0.0387685985807467 14 6 21 9 
0.4349504787852131 14 6 22 1 
-0.0596462751958754 14 6 22 8 
0.2845765615698903 14 6 23 0 
-0.0245589771932909 14 7 0 17 
0.2387336275633793 14 7 1 16 
-0.2442902988536551 14 7 1 23 
0.0196471817546327 14 7 2 15 
0.9495738545989637 14 7 2 19 
-0.2836690516055855 14 7 2 22 
-0.3445077457573495 14 7 3 14 
1.2294779483955882 14 7 3 18 
0.2275311463804097 14 7 3 21 
0.3297723594413749 14 7 4 13 
0.3817995218840575 14 7 4 20 
0.4306346821966868 14 7 5 12 
0.5020228359623832 14 7 6 15 
0.2010285440889373 14 7 6 22 
1.0643833405203438 14 7 7 14 
0.2010285440889373 14 7 7 21 
0.3206294064426384 14 7 8 16 
-0.0807316384963057 14 7 8 23 
0.0178036339187621 14 7 9 15 
0.9233342451021119 14 7 9 19 
-0.1001159377866791 14 7 9 22 
-0.1804630873764543 14 7 10 14 
0.9233342451021119 14 7 10 18 
0.0419630399155591 14 7 10 21 
0.0778032563686964 14 7 11 13 
0.0613473392059324 14 7 11 20 
-0.4306346821966868 14 7 12 5 
-0.3297723594413749 14 7 13 4 
-0.0778032563686964 14 7 13 11 
0.3445077457573495 14 7 14 3 
-1.0643833405203438 14 7 14 7 
0.1804630873764543 14 7 14 10 
-0.0196471817546327 14 7 15 2 
-0.5020228359623832 14 7 15 6 
-0.0178036339187621 14 7 15 9 
-0.2387336275633793 14 7 16 1 
-0.3206294064426384 14 7 16 8 
0.0245589771932909 14 7 17 0 
-1.2294779483955882 14 7 18 3 
-0.9233342451021119 14 7 18 10 
-0.9495738545989637 14 7 19 2 
-0.9233342451021119 14 7 19 9 
-0.3817995218840575 14 7 20 4 
-0.0613473392059324 14 7 20 11 
-0.2275311463804097 14 7 21 3 
-0.2010285440889373 14 7 21 7 
-0.0419630399155591 14 7 21 10 
0.2836690516055855 14 7 22 2 
-0.2010285440889373 14 7 22 6 
0.1001159377866791 14 7 22 9 
0.2442902988536551 14 7 23 1 
0.0807316384963057 14 7 23 8 
0.3597112539990645 14 8 0 15 
0.2845765615698904 14 8 0 19 
0.3472568086448409 14 8 0 22 
-0.4830982637444456 14 8 1 14 
0.4988233134430267 14 8 1 18 
0.0169419523965004 14 8 1 21 
-0.1141414843783102 14 8 2 13 
1.2103771502586795 14 8 2 20 
0.9757574216682700 14 8 3 12 
0.1359496812597291 14 8 6 13 
0.0121177992587356 14 8 6 20 
0.2389830494637161 14 8 7 12 
1.3486372476904103 14 8 8 14 
0.1377976558165154 14 8 8 18 
0.3676102009098723 14 8 8 21 
0.6908490765015284 14 8 9 13 
0.5379363625577981 14 8 9 20 
0.9500737232624755 14 8 10 12 
-0.9757574216682700 14 8 12 3 
-0.2389830494637161 14 8 12 7 
-0.9500737232624755 14 8 12 10 
0.1141414843783102 14 8 13 2 
-0.1359496812597291 14 8 13 6 
-0.6908490765015284 14 8 13 9 
0.4830982637444456 14 8 14 1 
-1.3486372476904103 14 8 14 8 
-0.3597112539990645 14 8 15 0 
-0.4988233134430267 14 8 18 1 
-0.1377976558165154 14 8 18 8 
-0.2845765615698904 14 8 19 0 
-1.2103771502586795 14 8 20 2 
-0.0121177992587356 14 8 20 6 
-0.5379363625577981 14 8 20 9 
-0.0169419523965004 14 8 21 1 
-0.3676102009098723 14 8 21 8 
-0.3472568086448409 14 8 22 0 
-0.4050151644485397 14 9 0 16 
0.3236394916275853 14 9 0 23 
0.0470656104207964 14 9 1 15 
-0.0059136346872488 14 9 1 19 
-0.3207885131455403 14 9 1 22 
-0.5326541230971820 14 9 2 14 
0.1319816206853124 14 9 2 18 
1.7645843134551855 14 9 2 21 
0.8423777930467079 14 9 3 13 
-0.3039986289568479 14 9 3 20 
-0.0255501848392007 14 9 4 12 
0.1685939980972796 14 9 6 14 
-0.4960556285186413 14 9 6 18 
0.1216397284089557 14 9 6 21 
-0.1683300470881411 14 9 7 13 
-0.2456672631432748 14 9 7 20 
0.0447093304648900 14 9 8 15 
-0.3500660570721861 14 9 8 19 
0.1493853732298843 14 9 8 22 
2.3993502335539842 14 9 9 14 
-0.0275520274094149 14 9 9 18 
0.1203675243900171 14 9 9 21 
0.3389001982831610 14 9 10 13 
-0.0964592649637798 14 9 10 20 
0.2756474824203968 14 9 11 12 
0.0255501848392007 14 9 12 4 
-0.2756474824203968 14 9 12 11 
-0.8423777930467079 14 9 13 3 
0.1683300470881411 14 9 13 7 
-0.3389001982831610 14 9 13 10 
0.5326541230971820 14 9 14 2 
-0.1685939980972796 14 9 14 6 
-2.3993502335539842 14 9 14 9 
-0.0470656104207964 14 9 15 1 
-0.0447093304648900 14 9 15 8 
0.4050151644485397 14 9 16 0 
-0.1319816206853124 14 9 18 2 
0.4960556285186413 14 9 18 6 
0.0275520274094149 14 9 18 9 
0.0059136346872488 14 9 19 1 
0.3500660570721861 14 9 19 8 
0.3039986289568479 14 9 20 3 
0.2456672631432748 14 9 20 7 
0.0964592649637798 14 9 20 10 
-1.7645843134551855 14 9 21 2 
-0.1216397284089557 14 9 21 6 
-0.1203675243900171 14 9 21 9 
0.3207885131455403 14 9 22 1 
-0.1493853732298843 14 9 22 8 
-0.3236394916275853 14 9 23 0 
0.3965357459329589 14 10 0 17 
-1.0862754332120930 14 10 1 16 
-0.5831259409084016 14 10 1 23 
0.1151511901464937 14 10 2 15 
-0.2836690516055855 14 10 2 19 
1.8115904437396000 14 10 2 22 
0.5650477001425384 14 10 3 14 
-0.2275311463804097 14 10 3 18 
-0.3337797308188916 14 10 3 21 
-0.4666770253186375 14 10 4 13 
0.4447699273490021 14 10 4 20 
0.5662376438303697 14 10 5 12 
-0.0178036339187621 14 10 6 15 
0.4960556285186414 14 10 6 19 
-0.2796328545941182 14 10 6 22 
-0.1804630873764543 14 10 7 14 
0.4960556285186414 14 10 7 18 
0.2675150553353826 14 10 7 21 
0.6714324891777179 14 10 8 16 
-0.0032538138699106 14 10 8 23 
0.5441571752685420 14 10 9 15 
0.2204912568142013 14 10 9 19 
-0.2439888626499448 14 10 9 22 
2.0623917273541479 14 10 10 14 
-0.3582889126307167 14 10 10 18 
-0.3291519434739076 14 10 10 21 
-0.4054692984464331 14 10 11 13 
-0.0884168946938734 14 10 11 20 
-0.5662376438303697 14 10 12 5 
0.4666770253186375 14 10 13 4 
0.4054692984464331 14 10 13 11 
-0.5650477001425384 14 10 14 3 
0.1804630873764543 14 10 14 7 
-2.0623917273541479 14 10 14 10 
-0.1151511901464937 14 10 15 2 
0.0178036339187621 14 10 15 6 
-0.5441571752685420 14 10 15 9 
1.0862754332120930 14 10 16 1 
-0.6714324891777179 14 10 16 8 
-0.3965357459329589 14 10 17 0 
0.2275311463804097 14 10 18 3 
-0.4960556285186414 14 10 18 7 
0.3582889126307167 14 10 18 10 
0.2836690516055855 14 10 19 2 
-0.4960556285186414 14 10 19 6 
-0.2204912568142013 14 10 19 9 
-0.4447699273490021 14 10 20 4 
0.0884168946938734 14 10 20 11 
0.3337797308188916 14 10 21 3 
-0.2675150553353826 14 10 21 7 
0.3291519434739076 14 10 21 10 
-1.8115904437396000 14 10 22 2 
0.2796328545941182 14 10 22 6 
0.2439888626499448 14 10 22 9 
0.5831259409084016 14 10 23 1 
0.0032538138699106 14 10 23 8 
-0.9347043256344042 14 11 1 17 
-0.1267981115135362 14 11 2 16 
1.3858908405201931 14 11 2 23 
0.2555550331672065 14 11 3 15 
-0.3940955058352610 14 11 3 19 
-0.3039986289568479 14 11 3 22 
0.2421586678525993 14 11 4 14 
-0.3817995218840574 14 11 4 18 
0.4553319126083512 14 11 4 21 
-0.5729746368493853 14 11 5 13 
0.0136354643374492 14 11 5 20 
-0.3206294064426383 14 11 6 16 
0.1458753269264268 14 11 6 23 
-0.0308367985066526 14 11 7 15 
-0.2863978506582666 14 11 7 19 
-0.0632325152770467 14 11 7 22 
0.3893801716987215 14 11 8 17 
0.9730450732442246 14 11 9 16 
-0.4143150242978705 14 11 9 23 
0.0447093304648900 14 11 10 15 
0.0954646841209102 14 11 10 19 
-0.4533233295735349 14 11 10 22 
1.3228243037112184 14 11 11 14 
0.2480432842236160 14 11 11 18 
-0.1588257818259819 14 11 11 21 
0.5729746368493853 14 11 13 5 
-0.2421586678525993 14 11 14 4 
-1.3228243037112184 14 11 14 11 
-0.2555550331672065 14 11 15 3 
0.0308367985066526 14 11 15 7 
-0.0447093304648900 14 11 15 10 
0.1267981115135362 14 11 16 2 
0.3206294064426383 14 11 16 6 
-0.9730450732442246 14 11 16 9 
0.9347043256344042 14 11 17 1 
-0.3893801716987215 14 11 17 8 
0.3817995218840574 14 11 18 4 
-0.2480432842236160 14 11 18 11 
0.3940955058352610 14 11 19 3 
0.2863978506582666 14 11 19 7 
-0.0954646841209102 14 11 19 10 
-0.0136354643374492 14 11 20 5 
-0.4553319126083512 14 11 21 4 
0.1588257818259819 14 11 21 11 
0.3039986289568479 14 11 22 3 
0.0632325152770467 14 11 22 7 
0.4533233295735349 14 11 22 10 
-1.3858908405201931 14 11 23 2 
-0.1458753269264268 14 11 23 6 
0.4143150242978705 14 11 23 9 
0.1852892561398869 14 12 12 14 
0.7320725353924665 14 12 12 21 
0.9451015792636208 14 12 13 20 
-0.1852892561398869 14 12 14 12 
-0.9451015792636208 14 12 20 13 
-0.7320725353924665 14 12 21 12 
-0.3406269947616223 14 13 12 15 
-0.6107063791937254 14 13 12 19 
0.1279651848115716 14 13 12 22 
0.6422883252949583 14 13 13 14 
0.2731161956339865 14 13 13 18 
0.6176169945956672 14 13 13 21 
-0.6422883252949583 14 13 14 13 
0.3689567793661355 14 13 14 20 
0.3406269947616223 14 13 15 12 
-0.2731161956339865 14 13 18 13 
-0.6366118391422571 14 13 18 20 
0.6107063791937254 14 13 19 12 
-0.3689567793661355 14 13 20 14 
0.6366118391422571 14 13 20 18 
-0.8750720148462312 14 13 20 21 
-0.6176169945956672 14 13 21 13 
0.8750720148462312 14 13 21 20 
-0.1279651848115716 14 13 22 12 
-0.3638618886884294 14 15 12 17 
0.7700832834929371 14 15 13 16 
-0.0934525577288204 14 15 13 23 
-1.1584832370350777 14 15 14 15 
0.3641549275119821 14 15 14 19 
-0.4498965099960446 14 15 14 22 
1.1584832370350777 14 15 15 14 
-0.3641549275119821 14 15 15 18 
-0.4498965099960446 14 15 15 21 
-0.7700832834929371 14 15 16 13 
-0.0934525577288204 14 15 16 20 
0.3638618886884294 14 15 17 12 
0.3641549275119821 14 15 18 15 
-0.8066950523947048 14 15 18 19 
0.3465275933585096 14 15 18 22 
-0.3641549275119821 14 15 19 14 
0.8066950523947048 14 15 19 18 
0.3465275933585096 14 15 19 21 
0.0934525577288204 14 15 20 16 
-0.6579658521016079 14 15 20 23 
0.4498965099960446 14 15 21 15 
-0.3465275933585096 14 15 21 19 
1.6106235963515865 14 15 21 22 
0.4498965099960446 14 15 22 14 
-0.3465275933585096 14 15 22 18 
-1.6106235963515865 14 15 22 21 
0.0934525577288204 14 15 23 13 
0.6579658521016079 14 15 23 20 
0.3211462104681836 14 16 13 17 
-0.3883999535421407 14 16 14 16 
-0.3689567793661356 14 16 14 23 
0.2574964186462183 14 16 15 19 
-0.7953121826259112 14 16 15 22 
0.3883999535421407 14 16 16 14 
-0.3641549275119820 14 16 16 18 
-0.5071242803944442 14 16 16 21 
-0.3211462104681836 14 16 17 13 
-0.0738807338978611 14 16 17 20 
0.3641549275119820 14 16 18 16 
0.2122039463807523 14 16 18 23 
-0.2574964186462183 14 16 19 15 
0.3675480166980848 14 16 19 22 
0.0738807338978611 14 16 20 17 
0.5071242803944442 14 16 21 16 
0.5833813432308207 14 16 21 23 
0.7953121826259112 14 16 22 15 
-0.3675480166980848 14 16 22 19 
0.3689567793661356 14 16 23 14 
-0.2122039463807523 14 16 23 18 
-0.5833813432308207 14 16 23 21 
-0.4391776278927043 14 17 14 17 
0.3406269947616223 14 17 15 16 
-0.6160461676692053 14 17 15 23 
-0.3406269947616223 14 17 16 15 
-0.2035687930645751 14 17 16 19 
-0.6309647744071063 14 17 16 22 
0.4391776278927043 14 17 17 14 
0.4551936593899776 14 17 17 18 
-0.3926687395976451 14 17 17 21 
-0.4551936593899776 14 17 18 17 
0.2035687930645751 14 17 19 16 
-0.4745024492010828 14 17 19 23 
0.3926687395976451 14 17 21 17 
0.6309647744071063 14 17 22 16 
-0.6522401701346260 14 17 22 23 
0.6160461676692053 14 17 23 15 
0.4745024492010828 14 17 23 19 
0.6522401701346260 14 17 23 22 
0.4071375861291502 14 18 12 16 
-0.0455935121061742 14 18 12 23 
-0.2574964186462183 14 18 13 15 
0.6858512573471222 14 18 13 19 
-0.2330495776338199 14 18 13 22 
0.1276755515563551 14 18 14 18 
-0.0366123774119671 14 18 14 21 
0.2574964186462183 14 18 15 13 
0.3632587073286083 14 18 15 20 
-0.4071375861291502 14 18 16 12 
-0.1276755515563551 14 18 18 14 
0.7223057010131744 14 18 18 21 
-0.6858512573471222 14 18 19 13 
0.4170233909171576 14 18 19 20 
-0.3632587073286083 14 18 20 15 
-0.4170233909171576 14 18 20 19 
0.1640586720451480 14 18 20 22 
0.0366123774119671 14 18 21 14 
-0.7223057010131744 14 18 21 18 
0.2330495776338199 14 18 22 13 
-0.1640586720451480 14 18 22 20 
0.0455935121061742 14 18 23 12 
-0.4551936593899776 14 19 12 17 
-0.0910387318779955 14 19 13 16 
-0.3220935552223515 14 19 13 23 
0.3641549275119821 14 19 14 15 
-0.1148094859213800 14 19 14 19 
-0.1032059642291312 14 19 14 22 
-0.3641549275119822 14 19 15 14 
0.7274551124332052 14 19 15 18 
0.2097275124616475 14 19 15 21 
0.0910387318779955 14 19 16 13 
0.0611701154414191 14 19 16 20 
0.4551936593899776 14 19 17 12 
-0.7274551124332052 14 19 18 15 
-0.7223057010131746 14 19 18 22 
0.1148094859213800 14 19 19 14 
-0.7223057010131746 14 19 19 21 
-0.0611701154414191 14 19 20 16 
-0.1420789777022381 14 19 20 23 
-0.2097275124616475 14 19 21 15 
0.7223057010131746 14 19 21 19 
-0.1420789777022381 14 19 21 22 
0.1032059642291312 14 19 22 14 
0.7223057010131746 14 19 22 18 
0.1420789777022381 14 19 22 21 
0.3220935552223515 14 19 23 13 
0.1420789777022381 14 19 23 20 
-0.6160461676692053 14 20 12 15 
0.0455935121061742 14 20 12 19 
-0.6028169146176346 14 20 12 22 
-0.3689567793661355 14 20 13 14 
0.3628736321832975 14 20 13 18 
-0.6739071241050278 14 20 13 21 
0.3689567793661355 14 20 14 13 
-0.1382600974317309 14 20 14 20 
0.6160461676692053 14 20 15 12 
-0.3628736321832975 14 20 18 13 
-0.1256798565577799 14 20 18 20 
-0.0455935121061742 14 20 19 12 
0.1382600974317309 14 20 20 14 
0.1256798565577799 14 20 20 18 
-0.1703261616479257 14 20 20 21 
0.6739071241050278 14 20 21 13 
0.1703261616479257 14 20 21 20 
0.6028169146176346 14 20 22 12 
-0.3794649796093389 14 21 12 16 
0.0479920092071885 14 21 12 23 
-0.7953121826259112 14 21 13 15 
0.1624164124008923 14 21 13 19 
-0.6596887114287011 14 21 13 22 
-0.0366123774119671 14 21 14 18 
-0.6347659200987984 14 21 14 21 
0.7953121826259112 14 21 15 13 
-0.3487079594217378 14 21 15 20 
0.3794649796093389 14 21 16 12 
0.0366123774119671 14 21 18 14 
0.1491917558183705 14 21 18 21 
-0.1624164124008923 14 21 19 13 
0.1043987939289113 14 21 19 20 
0.3487079594217378 14 21 20 15 
-0.1043987939289113 14 21 20 19 
0.2458446381936641 14 21 20 22 
0.6347659200987984 14 21 21 14 
-0.1491917558183705 14 21 21 18 
0.6596887114287011 14 21 22 13 
-0.2458446381936641 14 21 22 20 
-0.0479920092071885 14 21 23 12 
-0.1697018978974107 14 22 12 17 
-0.6195984078934554 14 22 13 16 
-0.1776566424619686 14 22 13 23 
-0.4498965099960446 14 22 14 15 
-0.1032059642291312 14 22 14 19 
-0.2508012836145480 14 22 14 22 
0.4498965099960446 14 22 15 14 
-0.2097275124616475 14 22 15 18 
-0.8779369060874337 14 22 15 21 
0.6195984078934554 14 22 16 13 
-0.2266625618287158 14 22 16 20 
0.1697018978974107 14 22 17 12 
0.2097275124616475 14 22 18 15 
0.0786560580365985 14 22 18 22 
0.1032059642291312 14 22 19 14 
0.0470237985211814 14 22 19 21 
0.2266625618287158 14 22 20 16 
0.0851630808239628 14 22 20 23 
0.8779369060874337 14 22 21 15 
-0.0470237985211814 14 22 21 19 
0.0851630808239628 14 22 21 22 
0.2508012836145480 14 22 22 14 
-0.0786560580365985 14 22 22 18 
-0.0851630808239628 14 22 22 21 
0.1776566424619686 14 22 23 13 
-0.0851630808239628 14 22 23 20 
-0.3617296887850188 14 23 13 17 
-0.3689567793661356 14 23 14 16 
0.0630665368089746 14 23 14 23 
-0.3632587073286083 14 23 15 19 
-0.3487079594217378 14 23 15 22 
0.3689567793661356 14 23 16 14 
-0.0611701154414191 14 23 16 18 
-0.5177131606358732 14 23 16 21 
0.3617296887850188 14 23 17 13 
-0.3757447073612723 14 23 17 20 
0.0611701154414191 14 23 18 16 
-0.1021679572971892 14 23 18 23 
0.3632587073286083 14 23 19 15 
-0.1586971993979569 14 23 19 22 
0.3757447073612723 14 23 20 17 
0.5177131606358732 14 23 21 16 
-0.2554892424718886 14 23 21 23 
0.3487079594217378 14 23 22 15 
0.1586971993979569 14 23 22 19 
-0.0630665368089746 14 23 23 14 
0.1021679572971892 14 23 23 18 
0.2554892424718886 14 23 23 21 
1.1633490576812522 15 0 0 15 
0.4306346821966869 15 0 0 19 
-0.4132208956216356 15 0 0 22 
0.2728086473820793 15 0 1 14 
0.3522220436670849 15 0 1 18 
0.0428809852989389 15 0 1 21 
0.6134356421437017 15 0 2 13 
0.9757574216682700 15 0 2 20 
0.7241714297885479 15 0 3 12 
0.5557908367316601 15 0 6 13 
0.2372512246005414 15 0 6 20 
-0.0245589771932908 15 0 7 12 
0.3597112539990646 15 0 8 14 
-0.2372512246005414 15 0 8 18 
-0.1558905259854422 15 0 8 21 
-0.5880837891081674 15 0 9 13 
-0.8081306961200683 15 0 9 20 
-0.8058896352192806 15 0 10 12 
-0.7241714297885479 15 0 12 3 
0.0245589771932908 15 0 12 7 
0.8058896352192806 15 0 12 10 
-0.6134356421437017 15 0 13 2 
-0.5557908367316601 15 0 13 6 
0.5880837891081674 15 0 13 9 
-0.2728086473820793 15 0 14 1 
-0.3597112539990646 15 0 14 8 
-1.1633490576812522 15 0 15 0 
-0.3522220436670849 15 0 18 1 
0.2372512246005414 15 0 18 8 
-0.4306346821966869 15 0 19 0 
-0.9757574216682700 15 0 20 2 
-0.2372512246005414 15 0 20 6 
0.8081306961200683 15 0 20 9 
-0.0428809852989389 15 0 21 1 
0.1558905259854422 15 0 21 8 
0.4132208956216356 15 0 22 0 
0.0646769641977580 15 1 0 16 
0.6915009003500333 15 1 0 23 
1.4475496583148793 15 1 1 15 
-0.1008623227553118 15 1 1 19 
-0.4972803749603841 15 1 1 22 
0.8627147839555331 15 1 2 14 
0.2436037631963129 15 1 2 18 
0.8423777930467079 15 1 2 21 
1.0591497047727385 15 1 3 13 
0.1267981115135362 15 1 3 20 
0.3858231746659416 15 1 4 12 
-0.0138926554499054 15 1 6 14 
-0.2288058730909619 15 1 6 18 
-0.1878914232224627 15 1 6 21 
0.2632926047566703 15 1 7 13 
-0.0989704014337724 15 1 7 20 
-0.2421586678525993 15 1 8 15 
0.1132335449469799 15 1 8 19 
0.0124734272615150 15 1 8 22 
0.0470656104207964 15 1 9 14 
0.1796565934756221 15 1 9 18 
-0.6001276579691698 15 1 9 21 
-1.0044046553548283 15 1 10 13 
0.5958547704923356 15 1 10 20 
0.6176201664521721 15 1 11 12 
-0.3858231746659416 15 1 12 4 
-0.6176201664521721 15 1 12 11 
-1.0591497047727385 15 1 13 3 
-0.2632926047566703 15 1 13 7 
1.0044046553548283 15 1 13 10 
-0.8627147839555331 15 1 14 2 
0.0138926554499054 15 1 14 6 
-0.0470656104207964 15 1 14 9 
-1.4475496583148793 15 1 15 1 
0.2421586678525993 15 1 15 8 
-0.0646769641977580 15 1 16 0 
-0.2436037631963129 15 1 18 2 
0.2288058730909619 15 1 18 6 
-0.1796565934756221 15 1 18 9 
0.1008623227553118 15 1 19 1 
-0.1132335449469799 15 1 19 8 
-0.1267981115135362 15 1 20 3 
0.0989704014337724 15 1 20 7 
-0.5958547704923356 15 1 20 10 
-0.8423777930467079 15 1 21 2 
0.1878914232224627 15 1 21 6 
0.6001276579691698 15 1 21 9 
0.4972803749603841 15 1 22 1 
-0.0124734272615150 15 1 22 8 
-0.6915009003500333 15 1 23 0 
0.2580349095339712 15 2 0 17 
0.0977499727531843 15 2 1 16 
0.1671960768103334 15 2 1 23 
2.2648468965089625 15 2 2 15 
-0.3445077457573495 15 2 2 19 
0.5650477001425385 15 2 2 22 
1.1063636594738842 15 2 3 14 
0.0196471817546327 15 2 3 18 
-0.1151511901464938 15 2 3 21 
0.8678332562461216 15 2 4 13 
-0.0737435190815130 15 2 4 20 
-0.1058269791544581 15 2 5 12 
-0.3445077457573495 15 2 6 15 
0.4437950723068345 15 2 6 19 
-0.1718080706902779 15 2 6 22 
0.0196471817546327 15 2 7 14 
-0.3628999800878705 15 2 7 18 
-0.1747195226682318 15 2 7 21 
-0.1671960768103334 15 2 8 16 
0.2798534184489717 15 2 8 23 
-0.5650477001425385 15 2 9 15 
0.1718080706902779 15 2 9 19 
-0.5542614426370110 15 2 9 22 
0.1151511901464938 15 2 10 14 
0.1747195226682318 15 2 10 18 
1.0563621537145760 15 2 10 21 
0.0737435190815130 15 2 11 13 
-0.3781124336526365 15 2 11 20 
0.1058269791544581 15 2 12 5 
-0.8678332562461216 15 2 13 4 
-0.0737435190815130 15 2 13 11 
-1.1063636594738842 15 2 14 3 
-0.0196471817546327 15 2 14 7 
-0.1151511901464938 15 2 14 10 
-2.2648468965089625 15 2 15 2 
0.3445077457573495 15 2 15 6 
0.5650477001425385 15 2 15 9 
-0.0977499727531843 15 2 16 1 
0.1671960768103334 15 2 16 8 
-0.2580349095339712 15 2 17 0 
-0.0196471817546327 15 2 18 3 
0.3628999800878705 15 2 18 7 
-0.1747195226682318 15 2 18 10 
0.3445077457573495 15 2 19 2 
-0.4437950723068345 15 2 19 6 
-0.1718080706902779 15 2 19 9 
0.0737435190815130 15 2 20 4 
0.3781124336526365 15 2 20 11 
0.1151511901464938 15 2 21 3 
0.1747195226682318 15 2 21 7 
-1.0563621537145760 15 2 21 10 
-0.5650477001425385 15 2 22 2 
0.1718080706902779 15 2 22 6 
0.5542614426370110 15 2 22 9 
-0.1671960768103334 15 2 23 1 
-0.2798534184489717 15 2 23 8 
0.2042083674258881 15 3 1 17 
0.8627147839555334 15 3 2 16 
0.2555550331672065 15 3 2 23 
2.5578352573630538 15 3 3 15 
-0.3248605640027167 15 3 3 19 
0.5326541230971820 15 3 3 22 
0.8627147839555334 15 3 4 14 
-0.2297111077464075 15 3 4 18 
-1.0981032142873999 15 3 4 21 
0.2042083674258881 15 3 5 13 
0.5273327033390883 15 3 5 20 
-0.2297111077464075 15 3 6 16 
0.0075641741244195 15 3 6 23 
-0.3248605640027167 15 3 7 15 
0.2426852766568917 15 3 7 19 
-0.0043671779669308 15 3 7 22 
0.5273327033390883 15 3 8 17 
-1.0981032142873999 15 3 9 16 
-0.1701896066344306 15 3 9 23 
0.5326541230971820 15 3 10 15 
-0.0043671779669308 15 3 10 19 
0.9005395894218445 15 3 10 22 
0.2555550331672065 15 3 11 14 
0.0075641741244195 15 3 11 18 
-0.1701896066344306 15 3 11 21 
-0.2042083674258881 15 3 13 5 
-0.8627147839555334 15 3 14 4 
-0.2555550331672065 15 3 14 11 
-2.5578352573630538 15 3 15 3 
0.3248605640027167 15 3 15 7 
-0.5326541230971820 15 3 15 10 
-0.8627147839555334 15 3 16 2 
0.2297111077464075 15 3 16 6 
1.0981032142873999 15 3 16 9 
-0.2042083674258881 15 3 17 1 
-0.5273327033390883 15 3 17 8 
0.2297111077464075 15 3 18 4 
-0.0075641741244195 15 3 18 11 
0.3248605640027167 15 3 19 3 
-0.2426852766568917 15 3 19 7 
0.0043671779669308 15 3 19 10 
-0.5273327033390883 15 3 20 5 
1.0981032142873999 15 3 21 4 
0.1701896066344306 15 3 21 11 
-0.5326541230971820 15 3 22 3 
0.0043671779669308 15 3 22 7 
-0.9005395894218445 15 3 22 10 
-0.2555550331672065 15 3 23 2 
-0.0075641741244195 15 3 23 6 
0.1701896066344306 15 3 23 9 
0.6134356421437018 15 4 2 17 
1.4152970715076814 15 4 3 16 
0.1141414843783102 15 4 3 23 
2.0575853968026396 15 4 4 15 
-0.0664797546847047 15 4 4 19 
-0.4307195503819253 15 4 4 22 
0.2728086473820794 15 4 5 14 
-0.3961544776367372 15 4 5 18 
-0.3365839943104000 15 4 5 21 
0.2145519015569882 15 4 6 17 
-0.3395959503186913 15 4 7 16 
0.3183059195711286 15 4 7 23 
-0.2086188094988284 15 4 9 17 
0.1868974442137420 15 4 10 16 
0.6530977058611501 15 4 10 23 
0.4830982637444456 15 4 11 15 
-0.3183059195711286 15 4 11 19 
-0.2219743089850812 15 4 11 22 
-0.2728086473820794 15 4 14 5 
-2.0575853968026396 15 4 15 4 
-0.4830982637444456 15 4 15 11 
-1.4152970715076814 15 4 16 3 
0.3395959503186913 15 4 16 7 
-0.1868974442137420 15 4 16 10 
-0.6134356421437018 15 4 17 2 
-0.2145519015569882 15 4 17 6 
0.2086188094988284 15 4 17 9 
0.3961544776367372 15 4 18 5 
0.0664797546847047 15 4 19 4 
0.3183059195711286 15 4 19 11 
0.3365839943104000 15 4 21 5 
0.4307195503819253 15 4 22 4 
0.2219743089850812 15 4 22 11 
-0.1141414843783102 15 4 23 3 
-0.3183059195711286 15 4 23 7 
-0.6530977058611501 15 4 23 10 
1.1813993616733984 15 5 3 17 
0.8355591292153781 15 5 4 16 
-0.9447102679451057 15 5 4 23 
1.3666886178132853 15 5 5 15 
0.4060757050033961 15 5 5 19 
0.2435189977242247 15 5 5 22 
0.4060757050033961 15 5 7 17 
0.9755915331166914 15 5 10 17 
0.0003913113185152 15 5 11 16 
-0.5565779120871285 15 5 11 23 
-1.3666886178132853 15 5 15 5 
-0.8355591292153781 15 5 16 4 
-0.0003913113185152 15 5 16 11 
-1.1813993616733984 15 5 17 3 
-0.4060757050033961 15 5 17 7 
-0.9755915331166914 15 5 17 10 
-0.4060757050033961 15 5 19 5 
-0.2435189977242247 15 5 22 5 
0.9447102679451057 15 5 23 4 
0.5565779120871285 15 5 23 11 
0.4306346821966868 15 6 0 17 
0.3297723594413749 15 6 1 16 
-0.3817995218840575 15 6 1 23 
-0.3445077457573495 15 6 2 15 
1.2294779483955882 15 6 2 19 
-0.2275311463804097 15 6 2 22 
0.0196471817546327 15 6 3 14 
0.9495738545989637 15 6 3 18 
0.2836690516055855 15 6 3 21 
0.2387336275633793 15 6 4 13 
0.2442902988536551 15 6 4 20 
-0.0245589771932909 15 6 5 12 
1.0643833405203438 15 6 6 15 
-0.2010285440889373 15 6 6 22 
0.5020228359623832 15 6 7 14 
-0.2010285440889373 15 6 7 21 
-0.0778032563686964 15 6 8 16 
0.0613473392059324 15 6 8 23 
0.1804630873764543 15 6 9 15 
-0.9233342451021119 15 6 9 19 
0.0419630399155591 15 6 9 22 
-0.0178036339187621 15 6 10 14 
-0.9233342451021119 15 6 10 18 
-0.1001159377866791 15 6 10 21 
-0.3206294064426384 15 6 11 13 
-0.0807316384963057 15 6 11 20 
0.0245589771932909 15 6 12 5 
-0.2387336275633793 15 6 13 4 
0.3206294064426384 15 6 13 11 
-0.0196471817546327 15 6 14 3 
-0.5020228359623832 15 6 14 7 
0.0178036339187621 15 6 14 10 
0.3445077457573495 15 6 15 2 
-1.0643833405203438 15 6 15 6 
-0.1804630873764543 15 6 15 9 
-0.3297723594413749 15 6 16 1 
0.0778032563686964 15 6 16 8 
-0.4306346821966868 15 6 17 0 
-0.9495738545989637 15 6 18 3 
0.9233342451021119 15 6 18 10 
-1.2294779483955882 15 6 19 2 
0.9233342451021119 15 6 19 9 
-0.2442902988536551 15 6 20 4 
0.0807316384963057 15 6 20 11 
-0.2836690516055855 15 6 21 3 
0.2010285440889373 15 6 21 7 
0.1001159377866791 15 6 21 10 
0.2275311463804097 15 6 22 2 
0.2010285440889373 15 6 22 6 
-0.0419630399155591 15 6 22 9 
0.3817995218840575 15 6 23 1 
-0.0613473392059324 15 6 23 8 
0.1596363590949228 15 7 1 17 
0.2436037631963129 15 7 2 16 
-0.3940955058352610 15 7 2 23 
-0.3248605640027167 15 7 3 15 
1.3593998373974931 15 7 3 19 
-0.1319816206853124 15 7 3 22 
-0.0138926554499054 15 7 4 14 
1.1591629261731262 15 7 4 18 
0.4349504787852131 15 7 4 21 
0.5667739452240730 15 7 5 13 
0.2845765615698903 15 7 5 20 
0.4733116688260038 15 7 6 16 
0.1160638840445465 15 7 6 23 
1.2317242858411379 15 7 7 15 
0.2010285440889373 15 7 7 22 
0.2389830494637161 15 7 8 17 
0.2019009011513932 15 7 9 16 
-0.1044123968492727 15 7 9 23 
-0.1685939980972796 15 7 10 15 
0.9233342451021118 15 7 10 19 
-0.0387685985807467 15 7 10 22 
-0.0308367985066526 15 7 11 14 
0.5330872749617042 15 7 11 18 
0.0596462751958754 15 7 11 21 
-0.5667739452240730 15 7 13 5 
0.0138926554499054 15 7 14 4 
0.0308367985066526 15 7 14 11 
0.3248605640027167 15 7 15 3 
-1.2317242858411379 15 7 15 7 
0.1685939980972796 15 7 15 10 
-0.2436037631963129 15 7 16 2 
-0.4733116688260038 15 7 16 6 
-0.2019009011513932 15 7 16 9 
-0.1596363590949228 15 7 17 1 
-0.2389830494637161 15 7 17 8 
-1.1591629261731262 15 7 18 4 
-0.5330872749617042 15 7 18 11 
-1.3593998373974931 15 7 19 3 
-0.9233342451021118 15 7 19 10 
-0.2845765615698903 15 7 20 5 
-0.4349504787852131 15 7 21 4 
-0.0596462751958754 15 7 21 11 
0.1319816206853124 15 7 22 3 
-0.2010285440889373 15 7 22 7 
0.0387685985807467 15 7 22 10 
0.3940955058352610 15 7 23 2 
-0.1160638840445465 15 7 23 6 
0.1044123968492727 15 7 23 9 
0.5729746368493853 15 8 0 16 
0.0136354643374492 15 8 0 23 
-0.2421586678525993 15 8 1 15 
0.3817995218840574 15 8 1 19 
0.4553319126083512 15 8 1 22 
-0.2555550331672065 15 8 2 14 
0.3940955058352610 15 8 2 18 
-0.3039986289568479 15 8 2 21 
0.1267981115135362 15 8 3 13 
1.3858908405201931 15 8 3 20 
0.9347043256344042 15 8 4 12 
0.0308367985066526 15 8 6 14 
0.2863978506582666 15 8 6 18 
-0.0632325152770467 15 8 6 21 
0.3206294064426383 15 8 7 13 
0.1458753269264268 15 8 7 20 
1.3228243037112184 15 8 8 15 
0.2480432842236160 15 8 8 19 
0.1588257818259819 15 8 8 22 
0.0447093304648900 15 8 9 14 
0.0954646841209102 15 8 9 18 
0.4533233295735349 15 8 9 21 
0.9730450732442246 15 8 10 13 
0.4143150242978705 15 8 10 20 
0.3893801716987215 15 8 11 12 
-0.9347043256344042 15 8 12 4 
-0.3893801716987215 15 8 12 11 
-0.1267981115135362 15 8 13 3 
-0.3206294064426383 15 8 13 7 
-0.9730450732442246 15 8 13 10 
0.2555550331672065 15 8 14 2 
-0.0308367985066526 15 8 14 6 
-0.0447093304648900 15 8 14 9 
0.2421586678525993 15 8 15 1 
-1.3228243037112184 15 8 15 8 
-0.5729746368493853 15 8 16 0 
-0.3940955058352610 15 8 18 2 
-0.2863978506582666 15 8 18 6 
-0.0954646841209102 15 8 18 9 
-0.3817995218840574 15 8 19 1 
-0.2480432842236160 15 8 19 8 
-1.3858908405201931 15 8 20 3 
-0.1458753269264268 15 8 20 7 
-0.4143150242978705 15 8 20 10 
0.3039986289568479 15 8 21 2 
0.0632325152770467 15 8 21 6 
-0.4533233295735349 15 8 21 9 
-0.4553319126083512 15 8 22 1 
-0.1588257818259819 15 8 22 8 
-0.0136354643374492 15 8 23 0 
-0.5662376438303697 15 9 0 17 
0.4666770253186375 15 9 1 16 
0.4447699273490021 15 9 1 23 
-0.5650477001425384 15 9 2 15 
0.2275311463804097 15 9 2 19 
-0.3337797308188916 15 9 2 22 
-0.1151511901464937 15 9 3 14 
0.2836690516055855 15 9 3 18 
1.8115904437396000 15 9 3 21 
1.0862754332120930 15 9 4 13 
-0.5831259409084016 15 9 4 20 
-0.3965357459329589 15 9 5 12 
0.1804630873764543 15 9 6 15 
-0.4960556285186414 15 9 6 19 
0.2675150553353826 15 9 6 22 
0.0178036339187621 15 9 7 14 
-0.4960556285186414 15 9 7 18 
-0.2796328545941182 15 9 7 21 
-0.4054692984464331 15 9 8 16 
0.0884168946938734 15 9 8 23 
2.0623917273541479 15 9 9 15 
-0.3582889126307167 15 9 9 19 
0.3291519434739076 15 9 9 22 
0.5441571752685420 15 9 10 14 
0.2204912568142013 15 9 10 18 
0.2439888626499448 15 9 10 21 
0.6714324891777179 15 9 11 13 
0.0032538138699106 15 9 11 20 
0.3965357459329589 15 9 12 5 
-1.0862754332120930 15 9 13 4 
-0.6714324891777179 15 9 13 11 
0.1151511901464937 15 9 14 3 
-0.0178036339187621 15 9 14 7 
-0.5441571752685420 15 9 14 10 
0.5650477001425384 15 9 15 2 
-0.1804630873764543 15 9 15 6 
-2.0623917273541479 15 9 15 9 
-0.4666770253186375 15 9 16 1 
0.4054692984464331 15 9 16 8 
0.5662376438303697 15 9 17 0 
-0.2836690516055855 15 9 18 3 
0.4960556285186414 15 9 18 7 
-0.2204912568142013 15 9 18 10 
-0.2275311463804097 15 9 19 2 
0.4960556285186414 15 9 19 6 
0.3582889126307167 15 9 19 9 
0.5831259409084016 15 9 20 4 
-0.0032538138699106 15 9 20 11 
-1.8115904437396000 15 9 21 3 
0.2796328545941182 15 9 21 7 
-0.2439888626499448 15 9 21 10 
0.3337797308188916 15 9 22 2 
-0.2675150553353826 15 9 22 6 
-0.3291519434739076 15 9 22 9 
-0.4447699273490021 15 9 23 1 
-0.0884168946938734 15 9 23 8 
0.0255501848392007 15 10 1 17 
-0.8423777930467079 15 10 2 16 
-0.3039986289568479 15 10 2 23 
0.5326541230971820 15 10 3 15 
-0.1319816206853124 15 10 3 19 
1.7645843134551855 15 10 3 22 
-0.0470656104207964 15 10 4 14 
0.0059136346872488 15 10 4 18 
-0.3207885131455403 15 10 4 21 
0.4050151644485397 15 10 5 13 
0.3236394916275853 15 10 5 20 
0.1683300470881411 15 10 6 16 
-0.2456672631432748 15 10 6 23 
-0.1685939980972796 15 10 7 15 
0.4960556285186413 15 10 7 19 
0.1216397284089557 15 10 7 22 
0.2756474824203968 15 10 8 17 
0.3389001982831610 15 10 9 16 
0.0964592649637798 15 10 9 23 
2.3993502335539842 15 10 10 15 
-0.0275520274094149 15 10 10 19 
-0.1203675243900171 15 10 10 22 
0.0447093304648900 15 10 11 14 
-0.3500660570721861 15 10 11 18 
-0.1493853732298843 15 10 11 21 
-0.4050151644485397 15 10 13 5 
0.0470656104207964 15 10 14 4 
-0.0447093304648900 15 10 14 11 
-0.5326541230971820 15 10 15 3 
0.1685939980972796 15 10 15 7 
-2.3993502335539842 15 10 15 10 
0.8423777930467079 15 10 16 2 
-0.1683300470881411 15 10 16 6 
-0.3389001982831610 15 10 16 9 
-0.0255501848392007 15 10 17 1 
-0.2756474824203968 15 10 17 8 
-0.0059136346872488 15 10 18 4 
0.3500660570721861 15 10 18 11 
0.1319816206853124 15 10 19 3 
-0.4960556285186413 15 10 19 7 
0.0275520274094149 15 10 19 10 
-0.3236394916275853 15 10 20 5 
0.3207885131455403 15 10 21 4 
0.1493853732298843 15 10 21 11 
-1.7645843134551855 15 10 22 3 
-0.1216397284089557 15 10 22 7 
0.1203675243900171 15 10 22 10 
0.3039986289568479 15 10 23 2 
0.2456672631432748 15 10 23 6 
-0.0964592649637798 15 10 23 9 
-0.9757574216682700 15 11 2 17 
0.1141414843783102 15 11 3 16 
1.2103771502586795 15 11 3 23 
0.4830982637444456 15 11 4 15 
-0.4988233134430267 15 11 4 19 
0.0169419523965004 15 11 4 22 
-0.3597112539990645 15 11 5 14 
-0.2845765615698904 15 11 5 18 
0.3472568086448409 15 11 5 21 
-0.2389830494637161 15 11 6 17 
-0.1359496812597291 15 11 7 16 
0.0121177992587356 15 11 7 23 
0.9500737232624755 15 11 9 17 
0.6908490765015284 15 11 10 16 
-0.5379363625577981 15 11 10 23 
1.3486372476904103 15 11 11 15 
0.1377976558165154 15 11 11 19 
-0.3676102009098723 15 11 11 22 
0.3597112539990645 15 11 14 5 
-0.4830982637444456 15 11 15 4 
-1.3486372476904103 15 11 15 11 
-0.1141414843783102 15 11 16 3 
0.1359496812597291 15 11 16 7 
-0.6908490765015284 15 11 16 10 
0.9757574216682700 15 11 17 2 
0.2389830494637161 15 11 17 6 
-0.9500737232624755 15 11 17 9 
0.2845765615698904 15 11 18 5 
0.4988233134430267 15 11 19 4 
-0.1377976558165154 15 11 19 11 
-0.3472568086448409 15 11 21 5 
-0.0169419523965004 15 11 22 4 
0.3676102009098723 15 11 22 11 
-1.2103771502586795 15 11 23 3 
-0.0121177992587356 15 11 23 7 
0.5379363625577981 15 11 23 10 
0.4391776278927043 15 12 12 15 
0.4551936593899776 15 12 12 19 
0.3926687395976451 15 12 12 22 
-0.3406269947616223 15 12 13 14 
-0.2035687930645751 15 12 13 18 
0.6309647744071063 15 12 13 21 
0.3406269947616223 15 12 14 13 
0.6160461676692053 15 12 14 20 
-0.4391776278927043 15 12 15 12 
0.2035687930645751 15 12 18 13 
0.4745024492010828 15 12 18 20 
-0.4551936593899776 15 12 19 12 
-0.6160461676692053 15 12 20 14 
-0.4745024492010828 15 12 20 18 
0.6522401701346260 15 12 20 21 
-0.6309647744071063 15 12 21 13 
-0.6522401701346260 15 12 21 20 
-0.3926687395976451 15 12 22 12 
-0.3211462104681836 15 13 12 16 
0.0738807338978611 15 13 12 23 
0.3883999535421407 15 13 13 15 
-0.3641549275119820 15 13 13 19 
0.5071242803944442 15 13 13 22 
0.2574964186462183 15 13 14 18 
0.7953121826259112 15 13 14 21 
-0.3883999535421407 15 13 15 13 
0.3689567793661356 15 13 15 20 
0.3211462104681836 15 13 16 12 
-0.2574964186462183 15 13 18 14 
-0.3675480166980848 15 13 18 21 
0.3641549275119820 15 13 19 13 
-0.2122039463807523 15 13 19 20 
-0.3689567793661356 15 13 20 15 
0.2122039463807523 15 13 20 19 
-0.5833813432308207 15 13 20 22 
-0.7953121826259112 15 13 21 14 
0.3675480166980848 15 13 21 18 
-0.5071242803944442 15 13 22 13 
0.5833813432308207 15 13 22 20 
-0.0738807338978611 15 13 23 12 
0.3638618886884293 15 14 12 17 
-0.7700832834929371 15 14 13 16 
0.0934525577288204 15 14 13 23 
1.1584832370350777 15 14 14 15 
-0.3641549275119822 15 14 14 19 
0.4498965099960446 15 14 14 22 
-1.1584832370350779 15 14 15 14 
0.3641549275119822 15 14 15 18 
0.4498965099960446 15 14 15 21 
0.7700832834929371 15 14 16 13 
0.0934525577288204 15 14 16 20 
-0.3638618886884293 15 14 17 12 
-0.3641549275119822 15 14 18 15 
0.8066950523947048 15 14 18 19 
-0.3465275933585096 15 14 18 22 
0.3641549275119822 15 14 19 14 
-0.8066950523947048 15 14 19 18 
-0.3465275933585096 15 14 19 21 
-0.0934525577288204 15 14 20 16 
0.6579658521016079 15 14 20 23 
-0.4498965099960446 15 14 21 15 
0.3465275933585096 15 14 21 19 
-1.6106235963515865 15 14 21 22 
-0.4498965099960446 15 14 22 14 
0.3465275933585096 15 14 22 18 
1.6106235963515865 15 14 22 21 
-0.0934525577288204 15 14 23 13 
-0.6579658521016079 15 14 23 20 
0.3406269947616223 15 16 14 17 
-0.6422883252949583 15 16 15 16 
-0.3689567793661355 15 16 15 23 
0.6422883252949583 15 16 16 15 
0.2731161956339865 15 16 16 19 
-0.6176169945956672 15 16 16 22 
-0.3406269947616223 15 16 17 14 
-0.6107063791937254 15 16 17 18 
-0.1279651848115716 15 16 17 21 
0.6107063791937254 15 16 18 17 
-0.2731161956339865 15 16 19 16 
0.6366118391422571 15 16 19 23 
0.1279651848115716 15 16 21 17 
0.6176169945956672 15 16 22 16 
0.8750720148462312 15 16 22 23 
0.3689567793661355 15 16 23 15 
-0.6366118391422571 15 16 23 19 
-0.8750720148462312 15 16 23 22 
-0.1852892561398869 15 17 15 17 
-0.9451015792636208 15 17 16 23 
0.1852892561398869 15 17 17 15 
-0.7320725353924665 15 17 17 22 
0.7320725353924665 15 17 22 17 
0.9451015792636208 15 17 23 16 
0.4551936593899776 15 18 12 17 
0.0910387318779955 15 18 13 16 
-0.0611701154414191 15 18 13 23 
-0.3641549275119821 15 18 14 15 
0.7274551124332052 15 18 14 19 
-0.2097275124616475 15 18 14 22 
0.3641549275119822 15 18 15 14 
-0.1148094859213800 15 18 15 18 
0.1032059642291312 15 18 15 21 
-0.0910387318779955 15 18 16 13 
0.3220935552223515 15 18 16 20 
-0.4551936593899776 15 18 17 12 
0.1148094859213800 15 18 18 15 
0.7223057010131746 15 18 18 22 
-0.7274551124332052 15 18 19 14 
0.7223057010131746 15 18 19 21 
-0.3220935552223515 15 18 20 16 
0.1420789777022381 15 18 20 23 
-0.1032059642291312 15 18 21 15 
-0.7223057010131746 15 18 21 19 
0.1420789777022381 15 18 21 22 
0.2097275124616475 15 18 22 14 
-0.7223057010131746 15 18 22 18 
-0.1420789777022381 15 18 22 21 
0.0611701154414191 15 18 23 13 
-0.1420789777022381 15 18 23 20 
-0.4071375861291502 15 19 13 17 
0.2574964186462183 15 19 14 16 
-0.3632587073286083 15 19 14 23 
0.1276755515563551 15 19 15 19 
0.0366123774119671 15 19 15 22 
-0.2574964186462183 15 19 16 14 
0.6858512573471222 15 19 16 18 
0.2330495776338199 15 19 16 21 
0.4071375861291502 15 19 17 13 
0.0455935121061742 15 19 17 20 
-0.6858512573471222 15 19 18 16 
-0.4170233909171576 15 19 18 23 
-0.1276755515563551 15 19 19 15 
-0.7223057010131744 15 19 19 22 
-0.0455935121061742 15 19 20 17 
-0.2330495776338199 15 19 21 16 
-0.1640586720451480 15 19 21 23 
-0.0366123774119671 15 19 22 15 
0.7223057010131744 15 19 22 19 
0.3632587073286083 15 19 23 14 
0.4170233909171576 15 19 23 18 
0.1640586720451480 15 19 23 21 
-0.3617296887850188 15 20 12 16 
-0.3757447073612723 15 20 12 23 
-0.3689567793661356 15 20 13 15 
0.0611701154414191 15 20 13 19 
-0.5177131606358732 15 20 13 22 
0.3632587073286083 15 20 14 18 
-0.3487079594217378 15 20 14 21 
0.3689567793661356 15 20 15 13 
0.0630665368089746 15 20 15 20 
0.3617296887850188 15 20 16 12 
-0.3632587073286083 15 20 18 14 
-0.1586971993979569 15 20 18 21 
-0.0611701154414191 15 20 19 13 
-0.1021679572971892 15 20 19 20 
-0.0630665368089746 15 20 20 15 
0.1021679572971892 15 20 20 19 
-0.2554892424718886 15 20 20 22 
0.3487079594217378 15 20 21 14 
0.1586971993979569 15 20 21 18 
0.5177131606358732 15 20 22 13 
0.2554892424718886 15 20 22 20 
0.3757447073612723 15 20 23 12 
-0.1697018978974107 15 21 12 17 
-0.6195984078934554 15 21 13 16 
-0.2266625618287158 15 21 13 23 
-0.4498965099960446 15 21 14 15 
0.2097275124616475 15 21 14 19 
-0.8779369060874337 15 21 14 22 
0.4498965099960446 15 21 15 14 
0.1032059642291312 15 21 15 18 
-0.2508012836145480 15 21 15 21 
0.6195984078934554 15 21 16 13 
-0.1776566424619686 15 21 16 20 
0.1697018978974107 15 21 17 12 
-0.1032059642291312 15 21 18 15 
0.0470237985211814 15 21 18 22 
-0.2097275124616475 15 21 19 14 
0.0786560580365985 15 21 19 21 
0.1776566424619686 15 21 20 16 
0.0851630808239628 15 21 20 23 
0.2508012836145480 15 21 21 15 
-0.0786560580365985 15 21 21 19 
0.0851630808239628 15 21 21 22 
0.8779369060874337 15 21 22 14 
-0.0470237985211814 15 21 22 18 
-0.0851630808239628 15 21 22 21 
0.2266625618287158 15 21 23 13 
-0.0851630808239628 15 21 23 20 
-0.3794649796093389 15 22 13 17 
-0.7953121826259112 15 22 14 16 
-0.3487079594217378 15 22 14 23 
0.0366123774119671 15 22 15 19 
-0.6347659200987984 15 22 15 22 
0.7953121826259112 15 22 16 14 
-0.1624164124008923 15 22 16 18 
-0.6596887114287011 15 22 16 21 
0.3794649796093389 15 22 17 13 
0.0479920092071885 15 22 17 20 
0.1624164124008923 15 22 18 16 
0.1043987939289113 15 22 18 23 
-0.0366123774119671 15 22 19 15 
0.1491917558183705 15 22 19 22 
-0.0479920092071885 15 22 20 17 
0.6596887114287011 15 22 21 16 
0.2458446381936641 15 22 21 23 
0.6347659200987984 15 22 22 15 
-0.1491917558183705 15 22 22 19 
0.3487079594217378 15 22 23 14 
-0.1043987939289113 15 22 23 18 
-0.2458446381936641 15 22 23 21 
-0.6160461676692053 15 23 14 17 
-0.3689567793661355 15 23 15 16 
-0.1382600974317309 15 23 15 23 
0.3689567793661355 15 23 16 15 
-0.3628736321832975 15 23 16 19 
-0.6739071241050278 15 23 16 22 
0.6160461676692053 15 23 17 14 
-0.0455935121061742 15 23 17 18 
-0.6028169146176346 15 23 17 21 
0.0455935121061742 15 23 18 17 
0.3628736321832975 15 23 19 16 
-0.1256798565577799 15 23 19 23 
0.6028169146176346 15 23 21 17 
0.6739071241050278 15 23 22 16 
-0.1703261616479257 15 23 22 23 
0.1382600974317309 15 23 23 15 
0.1256798565577799 15 23 23 19 
0.1703261616479257 15 23 23 22 
1.1122174279287322 16 0 0 16 
-0.7997245486230264 16 0 0 23 
0.0646769641977580 16 0 1 15 
0.5447145740817170 16 0 1 19 
0.0967762888984183 16 0 1 22 
0.2042083674258880 16 0 2 14 
0.1596363590949229 16 0 2 18 
-0.0255501848392007 16 0 2 21 
0.3858231746659416 16 0 3 13 
0.9347043256344042 16 0 3 20 
0.4191514282832103 16 0 4 12 
0.5667739452240731 16 0 6 14 
0.1808869252477176 16 0 6 18 
0.2938273228288526 16 0 6 21 
-0.0310649219739713 16 0 7 13 
0.1621239472479065 16 0 7 20 
0.5729746368493853 16 0 8 15 
-0.1733999522718044 16 0 8 19 
-0.1200923581407499 16 0 8 22 
-0.4050151644485397 16 0 9 14 
-0.2873171182929216 16 0 9 18 
-0.1158974523319191 16 0 9 21 
-0.2588981318386347 16 0 10 13 
-1.0424992526696730 16 0 10 20 
-0.9817762125315213 16 0 11 12 
-0.4191514282832103 16 0 12 4 
0.9817762125315213 16 0 12 11 
-0.3858231746659416 16 0 13 3 
0.0310649219739713 16 0 13 7 
0.2588981318386347 16 0 13 10 
-0.2042083674258880 16 0 14 2 
-0.5667739452240731 16 0 14 6 
0.4050151644485397 16 0 14 9 
-0.0646769641977580 16 0 15 1 
-0.5729746368493853 16 0 15 8 
-1.1122174279287322 16 0 16 0 
-0.1596363590949229 16 0 18 2 
-0.1808869252477176 16 0 18 6 
0.2873171182929216 16 0 18 9 
-0.5447145740817170 16 0 19 1 
0.1733999522718044 16 0 19 8 
-0.9347043256344042 16 0 20 3 
-0.1621239472479065 16 0 20 7 
1.0424992526696730 16 0 20 10 
0.0255501848392007 16 0 21 2 
-0.2938273228288526 16 0 21 6 
0.1158974523319191 16 0 21 9 
-0.0967762888984183 16 0 22 1 
0.1200923581407499 16 0 22 8 
0.7997245486230264 16 0 23 0 
-0.2069032797814511 16 1 0 17 
1.4009313153142156 16 1 1 16 
0.0749625910422659 16 1 1 23 
0.0977499727531843 16 1 2 15 
0.3297723594413749 16 1 2 19 
-0.4666770253186376 16 1 2 22 
0.8678332562461216 16 1 3 14 
0.2387336275633793 16 1 3 18 
1.0862754332120927 16 1 3 21 
0.4963364500319548 16 1 4 13 
0.2005416305950494 16 1 4 20 
0.4108469806597957 16 1 5 12 
0.3297723594413749 16 1 6 15 
-0.5246901645257984 16 1 6 19 
0.0389487712028829 16 1 6 22 
0.2387336275633793 16 1 7 14 
0.2820048878689067 16 1 7 18 
0.0476831271367445 16 1 7 21 
-0.0749625910422659 16 1 8 16 
-0.2722150354153634 16 1 8 23 
0.4666770253186376 16 1 9 15 
-0.0389487712028829 16 1 9 19 
0.1375454891430182 16 1 9 22 
-1.0862754332120927 16 1 10 14 
-0.0476831271367445 16 1 10 18 
-1.1158314531148266 16 1 10 21 
-0.2005416305950494 16 1 11 13 
0.7429974707799867 16 1 11 20 
-0.4108469806597957 16 1 12 5 
-0.4963364500319548 16 1 13 4 
0.2005416305950494 16 1 13 11 
-0.8678332562461216 16 1 14 3 
-0.2387336275633793 16 1 14 7 
1.0862754332120927 16 1 14 10 
-0.0977499727531843 16 1 15 2 
-0.3297723594413749 16 1 15 6 
-0.4666770253186376 16 1 15 9 
-1.4009313153142156 16 1 16 1 
0.0749625910422659 16 1 16 8 
0.2069032797814511 16 1 17 0 
-0.2387336275633793 16 1 18 3 
-0.2820048878689067 16 1 18 7 
0.0476831271367445 16 1 18 10 
-0.3297723594413749 16 1 19 2 
0.5246901645257984 16 1 19 6 
0.0389487712028829 16 1 19 9 
-0.2005416305950494 16 1 20 4 
-0.7429974707799867 16 1 20 11 
-1.0862754332120927 16 1 21 3 
-0.0476831271367445 16 1 21 7 
1.1158314531148266 16 1 21 10 
0.4666770253186376 16 1 22 2 
-0.0389487712028829 16 1 22 6 
-0.1375454891430182 16 1 22 9 
-0.0749625910422659 16 1 23 1 
0.2722150354153634 16 1 23 8 
0.0646769641977580 16 2 1 17 
1.4475496583148793 16 2 2 16 
0.2421586678525993 16 2 2 23 
0.8627147839555331 16 2 3 15 
-0.0138926554499054 16 2 3 19 
-0.0470656104207964 16 2 3 22 
1.0591497047727385 16 2 4 14 
0.2632926047566703 16 2 4 18 
1.0044046553548283 16 2 4 21 
0.3858231746659416 16 2 5 13 
-0.6176201664521721 16 2 5 20 
-0.1008623227553118 16 2 6 16 
-0.1132335449469799 16 2 6 23 
0.2436037631963129 16 2 7 15 
-0.2288058730909619 16 2 7 19 
-0.1796565934756221 16 2 7 22 
-0.6915009003500333 16 2 8 17 
0.4972803749603841 16 2 9 16 
0.0124734272615150 16 2 9 23 
-0.8423777930467079 16 2 10 15 
0.1878914232224627 16 2 10 19 
-0.6001276579691698 16 2 10 22 
-0.1267981115135362 16 2 11 14 
0.0989704014337724 16 2 11 18 
0.5958547704923356 16 2 11 21 
-0.3858231746659416 16 2 13 5 
-1.0591497047727385 16 2 14 4 
0.1267981115135362 16 2 14 11 
-0.8627147839555331 16 2 15 3 
-0.2436037631963129 16 2 15 7 
0.8423777930467079 16 2 15 10 
-1.4475496583148793 16 2 16 2 
0.1008623227553118 16 2 16 6 
-0.4972803749603841 16 2 16 9 
-0.0646769641977580 16 2 17 1 
0.6915009003500333 16 2 17 8 
-0.2632926047566703 16 2 18 4 
-0.0989704014337724 16 2 18 11 
0.0138926554499054 16 2 19 3 
0.2288058730909619 16 2 19 7 
-0.1878914232224627 16 2 19 10 
0.6176201664521721 16 2 20 5 
-1.0044046553548283 16 2 21 4 
-0.5958547704923356 16 2 21 11 
0.0470656104207964 16 2 22 3 
0.1796565934756221 16 2 22 7 
0.6001276579691698 16 2 22 10 
-0.2421586678525993 16 2 23 2 
0.1132335449469799 16 2 23 6 
-0.0124734272615150 16 2 23 9 
0.2728086473820794 16 3 2 17 
2.0575853968026396 16 3 3 16 
0.4830982637444456 16 3 3 23 
1.4152970715076814 16 3 4 15 
-0.3395959503186913 16 3 4 19 
0.1868974442137420 16 3 4 22 
0.6134356421437018 16 3 5 14 
0.2145519015569882 16 3 5 18 
-0.2086188094988284 16 3 5 21 
-0.3961544776367372 16 3 6 17 
-0.0664797546847047 16 3 7 16 
-0.3183059195711286 16 3 7 23 
-0.3365839943104000 16 3 9 17 
-0.4307195503819253 16 3 10 16 
-0.2219743089850812 16 3 10 23 
0.1141414843783102 16 3 11 15 
0.3183059195711286 16 3 11 19 
0.6530977058611501 16 3 11 22 
-0.6134356421437018 16 3 14 5 
-1.4152970715076814 16 3 15 4 
-0.1141414843783102 16 3 15 11 
-2.0575853968026396 16 3 16 3 
0.0664797546847047 16 3 16 7 
0.4307195503819253 16 3 16 10 
-0.2728086473820794 16 3 17 2 
0.3961544776367372 16 3 17 6 
0.3365839943104000 16 3 17 9 
-0.2145519015569882 16 3 18 5 
0.3395959503186913 16 3 19 4 
-0.3183059195711286 16 3 19 11 
0.2086188094988284 16 3 21 5 
-0.1868974442137420 16 3 22 4 
-0.6530977058611501 16 3 22 11 
-0.4830982637444456 16 3 23 3 
0.3183059195711286 16 3 23 7 
0.2219743089850812 16 3 23 10 
0.8355591292153783 16 4 3 17 
2.8123149762934374 16 4 4 16 
0.5972397481227559 16 4 4 23 
0.8355591292153786 16 4 5 15 
-0.5136496521077457 16 4 5 19 
-0.7710331993908488 16 4 5 22 
-0.5136496521077457 16 4 7 17 
-0.7710331993908488 16 4 10 17 
0.5972397481227559 16 4 11 16 
0.7040215590145148 16 4 11 23 
-0.8355591292153783 16 4 15 5 
-2.8123149762934374 16 4 16 4 
-0.5972397481227559 16 4 16 11 
-0.8355591292153786 16 4 17 3 
0.5136496521077457 16 4 17 7 
0.7710331993908488 16 4 17 10 
0.5136496521077457 16 4 19 5 
0.7710331993908488 16 4 22 5 
-0.5972397481227559 16 4 23 4 
-0.7040215590145148 16 4 23 11 
1.8419668536902827 16 5 4 17 
2.0272561098301698 16 5 5 16 
-0.5977347221390407 16 5 5 23 
0.5977347221390407 16 5 11 17 
-2.0272561098301698 16 5 16 5 
-1.8419668536902827 16 5 17 4 
-0.5977347221390407 16 5 17 11 
0.5977347221390407 16 5 23 5 
0.5447145740817170 16 6 1 17 
-0.1008623227553118 16 6 2 16 
-0.3817995218840574 16 6 2 23 
-0.2297111077464075 16 6 3 15 
1.1591629261731262 16 6 3 19 
0.0059136346872488 16 6 3 22 
0.2632926047566703 16 6 4 14 
0.5397478718004343 16 6 4 18 
0.2794874804167718 16 6 4 21 
-0.0310649219739713 16 6 5 13 
0.0925154304387824 16 6 5 20 
0.8970423951995492 16 6 6 16 
-0.1641391189174960 16 6 6 23 
0.4733116688260038 16 6 7 15 
-0.2842972934746928 16 6 7 22 
-0.1460021423079873 16 6 8 17 
0.0614357696029788 16 6 9 16 
0.1001797854213145 16 6 9 23 
0.1683300470881411 16 6 10 15 
-1.3057918120269298 16 6 10 19 
-0.0274135389535451 16 6 10 22 
-0.3206294064426383 16 6 11 14 
-0.7538992541793572 16 6 11 18 
-0.1318342136098536 16 6 11 21 
0.0310649219739713 16 6 13 5 
-0.2632926047566703 16 6 14 4 
0.3206294064426383 16 6 14 11 
0.2297111077464075 16 6 15 3 
-0.4733116688260038 16 6 15 7 
-0.1683300470881411 16 6 15 10 
0.1008623227553118 16 6 16 2 
-0.8970423951995492 16 6 16 6 
-0.0614357696029788 16 6 16 9 
-0.5447145740817170 16 6 17 1 
0.1460021423079873 16 6 17 8 
-0.5397478718004343 16 6 18 4 
0.7538992541793572 16 6 18 11 
-1.1591629261731262 16 6 19 3 
1.3057918120269298 16 6 19 10 
-0.0925154304387824 16 6 20 5 
-0.2794874804167718 16 6 21 4 
0.1318342136098536 16 6 21 11 
-0.0059136346872488 16 6 22 3 
0.2842972934746928 16 6 22 7 
0.0274135389535451 16 6 22 10 
0.3817995218840574 16 6 23 2 
0.1641391189174960 16 6 23 6 
-0.1001797854213145 16 6 23 9 
0.3522220436670849 16 7 2 17 
-0.0664797546847047 16 7 3 16 
-0.4988233134430267 16 7 3 23 
-0.3395959503186913 16 7 4 15 
1.7692258201960225 16 7 4 19 
0.1755748123440475 16 7 4 22 
0.5557908367316601 16 7 5 14 
0.9163987564831714 16 7 5 18 
0.5181253877359930 16 7 5 21 
0.3741857291563718 16 7 6 17 
1.3990652311619325 16 7 7 16 
0.1641391189174960 16 7 7 23 
0.3059633094098332 16 7 9 17 
-0.0258285017654546 16 7 10 16 
-0.0975715349934660 16 7 10 23 
-0.1359496812597291 16 7 11 15 
0.7538992541793572 16 7 11 19 
0.0184354645221181 16 7 11 22 
-0.5557908367316601 16 7 14 5 
0.3395959503186913 16 7 15 4 
0.1359496812597291 16 7 15 11 
0.0664797546847047 16 7 16 3 
-1.3990652311619325 16 7 16 7 
0.0258285017654546 16 7 16 10 
-0.3522220436670849 16 7 17 2 
-0.3741857291563718 16 7 17 6 
-0.3059633094098332 16 7 17 9 
-0.9163987564831714 16 7 18 5 
-1.7692258201960225 16 7 19 4 
-0.7538992541793572 16 7 19 11 
-0.5181253877359930 16 7 21 5 
-0.1755748123440475 16 7 22 4 
-0.0184354645221181 16 7 22 11 
0.4988233134430267 16 7 23 3 
-0.1641391189174960 16 7 23 7 
0.0975715349934660 16 7 23 10 
0.7997245486230264 16 8 0 17 
-0.0749625910422659 16 8 1 16 
0.0172476497041354 16 8 1 23 
-0.1671960768103334 16 8 2 15 
0.3817995218840575 16 8 2 19 
0.4447699273490021 16 8 2 22 
-0.0737435190815130 16 8 3 14 
0.2442902988536551 16 8 3 18 
-0.5831259409084016 16 8 3 21 
0.2005416305950493 16 8 4 13 
1.7429810932716732 16 8 4 20 
0.9817762125315213 16 8 5 12 
-0.0778032563686964 16 8 6 15 
0.4050277246354249 16 8 6 19 
-0.2085309863649051 16 8 6 22 
0.3206294064426384 16 8 7 14 
0.4050277246354249 16 8 7 18 
0.2382134113542835 16 8 7 21 
1.5711225256007257 16 8 8 16 
0.0431164617077196 16 8 8 23 
-0.4054692984464331 16 8 9 15 
0.4050529869813333 16 8 9 19 
0.2162449539404549 16 8 9 22 
0.6714324891777179 16 8 10 14 
-0.0675190424792119 16 8 10 18 
0.4248510468825667 16 8 10 21 
0.4925312873101582 16 8 11 13 
0.2517225546498314 16 8 11 20 
-0.9817762125315213 16 8 12 5 
-0.2005416305950493 16 8 13 4 
-0.4925312873101582 16 8 13 11 
0.0737435190815130 16 8 14 3 
-0.3206294064426384 16 8 14 7 
-0.6714324891777179 16 8 14 10 
0.1671960768103334 16 8 15 2 
0.0778032563686964 16 8 15 6 
0.4054692984464331 16 8 15 9 
0.0749625910422659 16 8 16 1 
-1.5711225256007257 16 8 16 8 
-0.7997245486230264 16 8 17 0 
-0.2442902988536551 16 8 18 3 
-0.4050277246354249 16 8 18 7 
0.0675190424792119 16 8 18 10 
-0.3817995218840575 16 8 19 2 
-0.4050277246354249 16 8 19 6 
-0.4050529869813333 16 8 19 9 
-1.7429810932716732 16 8 20 4 
-0.2517225546498314 16 8 20 11 
0.5831259409084016 16 8 21 3 
-0.2382134113542835 16 8 21 7 
-0.4248510468825667 16 8 21 10 
-0.4447699273490021 16 8 22 2 
0.2085309863649051 16 8 22 6 
-0.2162449539404549 16 8 22 9 
-0.0172476497041354 16 8 23 1 
-0.0431164617077196 16 8 23 8 
-0.0967762888984181 16 9 1 17 
0.4972803749603841 16 9 2 16 
0.4553319126083512 16 9 2 23 
-1.0981032142873999 16 9 3 15 
0.4349504787852131 16 9 3 19 
-0.3207885131455403 16 9 3 22 
1.0044046553548283 16 9 4 14 
0.2794874804167718 16 9 4 18 
1.6813319239600812 16 9 4 21 
0.2588981318386350 16 9 5 13 
-0.6898492131894587 16 9 5 20 
0.0614357696029788 16 9 6 16 
0.3375318337051730 16 9 6 23 
0.2019009011513932 16 9 7 15 
-0.7015285975425725 16 9 7 19 
-0.1891617096971435 16 9 7 22 
-0.5154638301267874 16 9 8 17 
1.5744548771131521 16 9 9 16 
0.1875006461353084 16 9 9 23 
0.3389001982831610 16 9 10 15 
-0.1559108628856662 16 9 10 19 
0.4903844433157185 16 9 10 22 
0.9730450732442246 16 9 11 14 
0.3825568508039190 16 9 11 18 
0.2570360104493457 16 9 11 21 
-0.2588981318386350 16 9 13 5 
-1.0044046553548283 16 9 14 4 
-0.9730450732442246 16 9 14 11 
1.0981032142873999 16 9 15 3 
-0.2019009011513932 16 9 15 7 
-0.3389001982831610 16 9 15 10 
-0.4972803749603841 16 9 16 2 
-0.0614357696029788 16 9 16 6 
-1.5744548771131521 16 9 16 9 
0.0967762888984181 16 9 17 1 
0.5154638301267874 16 9 17 8 
-0.2794874804167718 16 9 18 4 
-0.3825568508039190 16 9 18 11 
-0.4349504787852131 16 9 19 3 
0.7015285975425725 16 9 19 7 
0.1559108628856662 16 9 19 10 
0.6898492131894587 16 9 20 5 
-1.6813319239600812 16 9 21 4 
-0.2570360104493457 16 9 21 11 
0.3207885131455403 16 9 22 3 
0.1891617096971435 16 9 22 7 
-0.4903844433157185 16 9 22 10 
-0.4553319126083512 16 9 23 2 
-0.3375318337051730 16 9 23 6 
-0.1875006461353084 16 9 23 9 
-0.0428809852989391 16 10 2 17 
-0.4307195503819253 16 10 3 16 
0.0169419523965004 16 10 3 23 
0.1868974442137420 16 10 4 15 
0.1755748123440475 16 10 4 19 
1.5273777958287367 16 10 4 22 
0.5880837891081675 16 10 5 14 
0.1789419808659589 16 10 5 18 
-0.2680681811361496 16 10 5 21 
0.2794232189505844 16 10 6 17 
-0.0258285017654546 16 10 7 16 
-0.0197882833262523 16 10 7 23 
-0.1450759082872537 16 10 9 17 
2.2159319302300413 16 10 10 16 
0.3239146468636258 16 10 10 23 
0.6908490765015284 16 10 11 15 
-0.2250226296680809 16 10 11 19 
0.0457731896074767 16 10 11 22 
-0.5880837891081675 16 10 14 5 
-0.1868974442137420 16 10 15 4 
-0.6908490765015284 16 10 15 11 
0.4307195503819253 16 10 16 3 
0.0258285017654546 16 10 16 7 
-2.2159319302300413 16 10 16 10 
0.0428809852989391 16 10 17 2 
-0.2794232189505844 16 10 17 6 
0.1450759082872537 16 10 17 9 
-0.1789419808659589 16 10 18 5 
-0.1755748123440475 16 10 19 4 
0.2250226296680809 16 10 19 11 
0.2680681811361496 16 10 21 5 
-1.5273777958287367 16 10 22 4 
-0.0457731896074767 16 10 22 11 
-0.0169419523965004 16 10 23 3 
0.0197882833262523 16 10 23 7 
-0.3239146468636258 16 10 23 10 
-0.9447102679451058 16 11 3 17 
0.5972397481227559 16 11 4 16 
1.2207519349131672 16 11 4 23 
0.0003913113185153 16 11 5 15 
-0.4949674633444236 16 11 5 19 
0.2589414336017387 16 11 5 22 
-0.1919709274208803 16 11 7 17 
1.2179677226382328 16 11 10 17 
1.7716941793658423 16 11 11 16 
-0.5545317547066538 16 11 11 23 
-0.0003913113185153 16 11 15 5 
-0.5972397481227559 16 11 16 4 
-1.7716941793658423 16 11 16 11 
0.9447102679451058 16 11 17 3 
0.1919709274208803 16 11 17 7 
-1.2179677226382328 16 11 17 10 
0.4949674633444236 16 11 19 5 
-0.2589414336017387 16 11 22 5 
-1.2207519349131672 16 11 23 4 
0.5545317547066538 16 11 23 11 
0.6930659996455216 16 12 12 16 
0.1820516639084949 16 12 12 23 
-0.3211462104681836 16 12 13 15 
0.5757794960556882 16 12 13 19 
0.3556744207370531 16 12 13 22 
-0.4071375861291502 16 12 14 18 
0.3794649796093391 16 12 14 21 
0.3211462104681836 16 12 15 13 
0.3617296887850188 16 12 15 20 
-0.6930659996455216 16 12 16 12 
0.4071375861291502 16 12 18 14 
0.5811444411217741 16 12 18 21 
-0.5757794960556882 16 12 19 13 
0.3355238995197108 16 12 19 20 
-0.3617296887850188 16 12 20 15 
-0.3355238995197108 16 12 20 19 
0.9224068945289231 16 12 20 22 
-0.3794649796093391 16 12 21 14 
-0.5811444411217741 16 12 21 18 
-0.3556744207370531 16 12 22 13 
-0.9224068945289231 16 12 22 20 
-0.1820516639084949 16 12 23 12 
-0.6177502604412468 16 13 12 17 
0.9045948652822605 16 13 13 16 
0.2755042216373152 16 13 13 23 
-0.7700832834929370 16 13 14 15 
0.0910387318779955 16 13 14 19 
0.6195984078934553 16 13 14 22 
0.7700832834929370 16 13 15 14 
-0.0910387318779955 16 13 15 18 
0.6195984078934553 16 13 15 21 
-0.9045948652822605 16 13 16 13 
0.2755042216373152 16 13 16 20 
0.6177502604412468 16 13 17 12 
0.0910387318779955 16 13 18 15 
-0.8066950523947048 16 13 18 19 
0.0866318983396274 16 13 18 22 
-0.0910387318779955 16 13 19 14 
0.8066950523947048 16 13 19 18 
0.0866318983396274 16 13 19 21 
-0.2755042216373152 16 13 20 16 
-1.0152125061953499 16 13 20 23 
-0.6195984078934553 16 13 21 15 
-0.0866318983396274 16 13 21 19 
1.2533769422578445 16 13 21 22 
-0.6195984078934553 16 13 22 14 
-0.0866318983396274 16 13 22 18 
-1.2533769422578445 16 13 22 21 
-0.2755042216373152 16 13 23 13 
1.0152125061953499 16 13 23 20 
-0.3211462104681836 16 14 13 17 
0.3883999535421407 16 14 14 16 
0.3689567793661356 16 14 14 23 
-0.2574964186462183 16 14 15 19 
0.7953121826259112 16 14 15 22 
-0.3883999535421407 16 14 16 14 
0.3641549275119820 16 14 16 18 
0.5071242803944442 16 14 16 21 
0.3211462104681836 16 14 17 13 
0.0738807338978611 16 14 17 20 
-0.3641549275119820 16 14 18 16 
-0.2122039463807523 16 14 18 23 
0.2574964186462183 16 14 19 15 
-0.3675480166980848 16 14 19 22 
-0.0738807338978611 16 14 20 17 
-0.5071242803944442 16 14 21 16 
-0.5833813432308207 16 14 21 23 
-0.7953121826259112 16 14 22 15 
0.3675480166980848 16 14 22 19 
-0.3689567793661356 16 14 23 14 
0.2122039463807523 16 14 23 18 
0.5833813432308207 16 14 23 21 
-0.3406269947616223 16 15 14 17 
0.6422883252949583 16 15 15 16 
0.3689567793661355 16 15 15 23 
-0.6422883252949583 16 15 16 15 
-0.2731161956339865 16 15 16 19 
0.6176169945956672 16 15 16 22 
0.3406269947616223 16 15 17 14 
0.6107063791937254 16 15 17 18 
0.1279651848115716 16 15 17 21 
-0.6107063791937254 16 15 18 17 
0.2731161956339865 16 15 19 16 
-0.6366118391422571 16 15 19 23 
-0.1279651848115716 16 15 21 17 
-0.6176169945956672 16 15 22 16 
-0.8750720148462312 16 15 22 23 
-0.3689567793661355 16 15 23 15 
0.6366118391422571 16 15 23 19 
0.8750720148462312 16 15 23 22 
-0.1852892561398869 16 17 16 17 
0.1852892561398869 16 17 17 16 
-1.1954694442780811 16 17 17 23 
1.1954694442780811 16 17 23 17 
0.5757794960556882 16 18 13 17 
-0.3641549275119820 16 18 14 16 
-0.0611701154414191 16 18 14 23 
0.6858512573471222 16 18 15 19 
-0.1624164124008923 16 18 15 22 
0.3641549275119820 16 18 16 14 
-0.3572945233991149 16 18 16 18 
0.2180517108137930 16 18 16 21 
-0.5757794960556882 16 18 17 13 
0.2385175727467696 16 18 17 20 
0.3572945233991149 16 18 18 16 
0.5897601352618611 16 18 18 23 
-0.6858512573471222 16 18 19 15 
1.0214945185522371 16 18 19 22 
-0.2385175727467696 16 18 20 17 
-0.2180517108137930 16 18 21 16 
0.2320139990311680 16 18 21 23 
0.1624164124008923 16 18 22 15 
-1.0214945185522371 16 18 22 19 
0.0611701154414191 16 18 23 14 
-0.5897601352618611 16 18 23 18 
-0.2320139990311680 16 18 23 21 
-0.2035687930645751 16 19 14 17 
0.2731161956339865 16 19 15 16 
-0.3628736321832975 16 19 15 23 
-0.2731161956339865 16 19 16 15 
0.3701605890340903 16 19 16 19 
0.2014033141095020 16 19 16 22 
0.2035687930645751 16 19 17 14 
0.5422130273267997 16 19 17 18 
0.2121620783261599 16 19 17 21 
-0.5422130273267997 16 19 18 17 
-0.3701605890340903 16 19 19 16 
-0.5897601352618611 16 19 19 23 
-0.2121620783261599 16 19 21 17 
-0.2014033141095020 16 19 22 16 
-0.1160069995155840 16 19 22 23 
0.3628736321832975 16 19 23 15 
0.5897601352618611 16 19 23 19 
0.1160069995155840 16 19 23 22 
-0.1820516639084949 16 20 12 17 
-0.2755042216373152 16 20 13 16 
-0.4752836376060228 16 20 13 23 
-0.0934525577288204 16 20 14 15 
0.0611701154414191 16 20 14 19 
-0.2266625618287158 16 20 14 22 
0.0934525577288204 16 20 15 14 
0.3220935552223515 16 20 15 18 
-0.1776566424619686 16 20 15 21 
0.2755042216373152 16 20 16 13 
0.1718585676709473 16 20 16 20 
0.1820516639084949 16 20 17 12 
-0.3220935552223515 16 20 18 15 
-0.1410119438856932 16 20 18 22 
-0.0611701154414191 16 20 19 14 
-0.1668395756270498 16 20 19 21 
-0.1718585676709473 16 20 20 16 
-0.2086060929421117 16 20 20 23 
0.1776566424619686 16 20 21 15 
0.1668395756270498 16 20 21 19 
-0.2086060929421117 16 20 21 22 
0.2266625618287158 16 20 22 14 
0.1410119438856932 16 20 22 18 
0.2086060929421117 16 20 22 21 
0.4752836376060228 16 20 23 13 
0.2086060929421117 16 20 23 20 
-0.3556744207370530 16 21 13 17 
-0.5071242803944442 16 21 14 16 
-0.5177131606358732 16 21 14 23 
0.2330495776338199 16 21 15 19 
-0.6596887114287011 16 21 15 22 
0.5071242803944442 16 21 16 14 
0.2180517108137930 16 21 16 18 
0.1068770468469293 16 21 16 21 
0.3556744207370530 16 21 17 13 
-0.1743853830626714 16 21 17 20 
-0.2180517108137930 16 21 18 16 
-0.0450250170987460 16 21 18 23 
-0.2330495776338199 16 21 19 15 
-0.0332508468114773 16 21 19 22 
0.1743853830626714 16 21 20 17 
-0.1068770468469293 16 21 21 16 
-0.0695353643140373 16 21 21 23 
0.6596887114287011 16 21 22 15 
0.0332508468114773 16 21 22 19 
0.5177131606358732 16 21 23 14 
0.0450250170987460 16 21 23 18 
0.0695353643140373 16 21 23 21 
-0.6309647744071064 16 22 14 17 
-0.6176169945956672 16 22 15 16 
-0.6739071241050278 16 22 15 23 
0.6176169945956672 16 22 16 15 
0.2014033141095020 16 22 16 19 
-0.6885541344013044 16 22 16 22 
0.6309647744071064 16 22 17 14 
-0.1004812380846255 16 22 17 18 
-0.1229922728488958 16 22 17 21 
0.1004812380846255 16 22 18 17 
-0.2014033141095020 16 22 19 16 
0.2052343463418286 16 22 19 23 
0.1229922728488958 16 22 21 17 
0.6885541344013044 16 22 22 16 
0.2781414572561490 16 22 22 23 
0.6739071241050278 16 22 23 15 
-0.2052343463418286 16 22 23 19 
-0.2781414572561490 16 22 23 22 
-0.9451015792636208 16 23 15 17 
-0.5509422444526750 16 23 16 23 
0.9451015792636208 16 23 17 15 
-0.3029965359235433 16 23 17 19 
-0.9590262890364940 16 23 17 22 
0.3029965359235433 16 23 19 17 
0.9590262890364940 16 23 22 17 
0.5509422444526750 16 23 23 16 
1.3191207077101830 17 0 0 17 
-0.2069032797814511 17 0 1 16 
-0.7997245486230264 17 0 1 23 
0.2580349095339712 17 0 2 15 
0.4306346821966868 17 0 2 19 
0.5662376438303697 17 0 2 22 
-0.1058269791544582 17 0 3 14 
-0.0245589771932909 17 0 3 18 
-0.3965357459329589 17 0 3 21 
0.4108469806597957 17 0 4 13 
0.9817762125315213 17 0 4 20 
0.0083044476234146 17 0 5 12 
0.4306346821966868 17 0 6 15 
0.6055852567447623 17 0 6 19 
0.2238583757939532 17 0 6 22 
-0.0245589771932909 17 0 7 14 
-0.2011097956499427 17 0 7 18 
0.2093011159041839 17 0 7 21 
0.7997245486230264 17 0 8 16 
0.1791918947981832 17 0 8 23 
-0.5662376438303697 17 0 9 15 
-0.2238583757939532 17 0 9 19 
-0.3342304624934836 17 0 9 22 
0.3965357459329589 17 0 10 14 
-0.2093011159041839 17 0 10 18 
0.2046531715768772 17 0 10 21 
-0.9817762125315213 17 0 11 13 
-1.5505139195846513 17 0 11 20 
-0.0083044476234146 17 0 12 5 
-0.4108469806597957 17 0 13 4 
0.9817762125315213 17 0 13 11 
0.1058269791544583 17 0 14 3 
0.0245589771932909 17 0 14 7 
-0.3965357459329589 17 0 14 10 
-0.2580349095339712 17 0 15 2 
-0.4306346821966868 17 0 15 6 
0.5662376438303697 17 0 15 9 
0.2069032797814511 17 0 16 1 
-0.7997245486230264 17 0 16 8 
-1.3191207077101830 17 0 17 0 
0.0245589771932909 17 0 18 3 
0.2011097956499427 17 0 18 7 
0.2093011159041839 17 0 18 10 
-0.4306346821966868 17 0 19 2 
-0.6055852567447623 17 0 19 6 
0.2238583757939532 17 0 19 9 
-0.9817762125315213 17 0 20 4 
1.5505139195846513 17 0 20 11 
0.3965357459329589 17 0 21 3 
-0.2093011159041839 17 0 21 7 
-0.2046531715768772 17 0 21 10 
-0.5662376438303697 17 0 22 2 
-0.2238583757939532 17 0 22 6 
0.3342304624934836 17 0 22 9 
0.7997245486230264 17 0 23 1 
-0.1791918947981832 17 0 23 8 
1.1122174279287322 17 1 1 17 
0.0646769641977580 17 1 2 16 
-0.5729746368493853 17 1 2 23 
0.2042083674258880 17 1 3 15 
0.5667739452240731 17 1 3 19 
0.4050151644485397 17 1 3 22 
0.3858231746659416 17 1 4 14 
-0.0310649219739713 17 1 4 18 
0.2588981318386347 17 1 4 21 
0.4191514282832103 17 1 5 13 
0.9817762125315213 17 1 5 20 
0.5447145740817170 17 1 6 16 
0.1733999522718044 17 1 6 23 
0.1596363590949229 17 1 7 15 
0.1808869252477176 17 1 7 19 
0.2873171182929216 17 1 7 22 
0.7997245486230264 17 1 8 17 
-0.0967762888984183 17 1 9 16 
-0.1200923581407499 17 1 9 23 
0.0255501848392007 17 1 10 15 
-0.2938273228288526 17 1 10 19 
-0.1158974523319191 17 1 10 22 
-0.9347043256344042 17 1 11 14 
-0.1621239472479065 17 1 11 18 
-1.0424992526696730 17 1 11 21 
-0.4191514282832103 17 1 13 5 
-0.3858231746659416 17 1 14 4 
0.9347043256344042 17 1 14 11 
-0.2042083674258880 17 1 15 3 
-0.1596363590949229 17 1 15 7 
-0.0255501848392007 17 1 15 10 
-0.0646769641977580 17 1 16 2 
-0.5447145740817170 17 1 16 6 
0.0967762888984183 17 1 16 9 
-1.1122174279287322 17 1 17 1 
-0.7997245486230264 17 1 17 8 
0.0310649219739713 17 1 18 4 
0.1621239472479065 17 1 18 11 
-0.5667739452240731 17 1 19 3 
-0.1808869252477176 17 1 19 7 
0.2938273228288526 17 1 19 10 
-0.9817762125315213 17 1 20 5 
-0.2588981318386347 17 1 21 4 
1.0424992526696730 17 1 21 11 
-0.4050151644485397 17 1 22 3 
-0.2873171182929216 17 1 22 7 
0.1158974523319191 17 1 22 10 
0.5729746368493853 17 1 23 2 
-0.1733999522718044 17 1 23 6 
0.1200923581407499 17 1 23 9 
1.1633490576812522 17 2 2 17 
0.2728086473820793 17 2 3 16 
-0.3597112539990646 17 2 3 23 
0.6134356421437017 17 2 4 15 
0.5557908367316601 17 2 4 19 
0.5880837891081674 17 2 4 22 
0.7241714297885479 17 2 5 14 
-0.0245589771932908 17 2 5 18 
0.8058896352192806 17 2 5 21 
0.4306346821966869 17 2 6 17 
0.3522220436670849 17 2 7 16 
0.2372512246005414 17 2 7 23 
0.4132208956216356 17 2 9 17 
-0.0428809852989389 17 2 10 16 
-0.1558905259854422 17 2 10 23 
-0.9757574216682700 17 2 11 15 
-0.2372512246005414 17 2 11 19 
-0.8081306961200683 17 2 11 22 
-0.7241714297885479 17 2 14 5 
-0.6134356421437017 17 2 15 4 
0.9757574216682700 17 2 15 11 
-0.2728086473820793 17 2 16 3 
-0.3522220436670849 17 2 16 7 
0.0428809852989389 17 2 16 10 
-1.1633490576812522 17 2 17 2 
-0.4306346821966869 17 2 17 6 
-0.4132208956216356 17 2 17 9 
0.0245589771932908 17 2 18 5 
-0.5557908367316601 17 2 19 4 
0.2372512246005414 17 2 19 11 
-0.8058896352192806 17 2 21 5 
-0.5880837891081674 17 2 22 4 
0.8081306961200683 17 2 22 11 
0.3597112539990646 17 2 23 3 
-0.2372512246005414 17 2 23 7 
0.1558905259854422 17 2 23 10 
1.3666886178132853 17 3 3 17 
0.8355591292153783 17 3 4 16 
0.0003913113185152 17 3 4 23 
1.1813993616733984 17 3 5 15 
0.4060757050033961 17 3 5 19 
0.9755915331166914 17 3 5 22 
0.4060757050033961 17 3 7 17 
0.2435189977242247 17 3 10 17 
-0.9447102679451057 17 3 11 16 
-0.5565779120871285 17 3 11 23 
-1.1813993616733984 17 3 15 5 
-0.8355591292153783 17 3 16 4 
0.9447102679451057 17 3 16 11 
-1.3666886178132853 17 3 17 3 
-0.4060757050033961 17 3 17 7 
-0.2435189977242247 17 3 17 10 
-0.4060757050033961 17 3 19 5 
-0.9755915331166914 17 3 22 5 
-0.0003913113185152 17 3 23 4 
0.5565779120871285 17 3 23 11 
2.0272561098301698 17 4 4 17 
1.8419668536902827 17 4 5 16 
0.5977347221390407 17 4 5 23 
-0.5977347221390407 17 4 11 17 
-1.8419668536902827 17 4 16 5 
-2.0272561098301698 17 4 17 4 
0.5977347221390407 17 4 17 11 
-0.5977347221390407 17 4 23 5 
3.8692229635204516 17 5 5 17 
-3.8692229635204516 17 5 17 5 
0.4306346821966868 17 6 2 17 
-0.3961544776367372 17 6 3 16 
-0.2845765615698904 17 6 3 23 
0.2145519015569882 17 6 4 15 
0.9163987564831714 17 6 4 19 
0.1789419808659589 17 6 4 22 
-0.0245589771932909 17 6 5 14 
0.1299218890019048 17 6 5 18 
0.1194369071188716 17 6 5 21 
0.7297014498787547 17 6 6 17 
0.3741857291563718 17 6 7 16 
-0.3670262276664426 17 6 7 23 
-0.1884879552231468 17 6 9 17 
0.2794232189505844 17 6 10 16 
0.1120044050867008 17 6 10 23 
-0.2389830494637161 17 6 11 15 
-1.6857699805314355 17 6 11 19 
-0.1473951316959303 17 6 11 22 
0.0245589771932909 17 6 14 5 
-0.2145519015569882 17 6 15 4 
0.2389830494637161 17 6 15 11 
0.3961544776367372 17 6 16 3 
-0.3741857291563718 17 6 16 7 
-0.2794232189505844 17 6 16 10 
-0.4306346821966868 17 6 17 2 
-0.7297014498787547 17 6 17 6 
0.1884879552231468 17 6 17 9 
-0.1299218890019048 17 6 18 5 
-0.9163987564831714 17 6 19 4 
1.6857699805314355 17 6 19 11 
-0.1194369071188716 17 6 21 5 
-0.1789419808659589 17 6 22 4 
0.1473951316959303 17 6 22 11 
0.2845765615698904 17 6 23 3 
0.3670262276664426 17 6 23 7 
-0.1120044050867008 17 6 23 10 
0.4060757050033961 17 7 3 17 
-0.5136496521077457 17 7 4 16 
-0.4949674633444236 17 7 4 23 
0.4060757050033961 17 7 5 15 
2.1790518029945538 17 7 5 19 
0.6390002474824942 17 7 5 22 
1.5664061764827280 17 7 7 17 
0.2478334016190206 17 7 10 17 
-0.1919709274208803 17 7 11 16 
-0.0612985366039654 17 7 11 23 
-0.4060757050033961 17 7 15 5 
0.5136496521077457 17 7 16 4 
0.1919709274208803 17 7 16 11 
-0.4060757050033961 17 7 17 3 
-1.5664061764827280 17 7 17 7 
-0.2478334016190206 17 7 17 10 
-2.1790518029945538 17 7 19 5 
-0.6390002474824942 17 7 22 5 
0.4949674633444236 17 7 23 4 
0.0612985366039654 17 7 23 11 
0.7997245486230263 17 8 1 17 
-0.6915009003500333 17 8 2 16 
0.0136354643374492 17 8 2 23 
0.5273327033390883 17 8 3 15 
0.2845765615698903 17 8 3 19 
0.3236394916275853 17 8 3 22 
-0.6176201664521721 17 8 4 14 
0.0925154304387824 17 8 4 18 
-0.6898492131894587 17 8 4 21 
0.9817762125315213 17 8 5 13 
2.2773359960870847 17 8 5 20 
-0.1460021423079873 17 8 6 16 
-0.4229784416228939 17 8 6 23 
0.2389830494637161 17 8 7 15 
0.9056695250568760 17 8 7 19 
0.2663306904701491 17 8 7 22 
1.9703990915313929 17 8 8 17 
-0.5154638301267874 17 8 9 16 
0.0556631127137958 17 8 9 23 
0.2756474824203968 17 8 10 15 
0.4528630066897992 17 8 10 19 
0.1935635387372201 17 8 10 22 
0.3893801716987215 17 8 11 14 
-0.3486272878429985 17 8 11 18 
0.3249724206745277 17 8 11 21 
-0.9817762125315213 17 8 13 5 
0.6176201664521721 17 8 14 4 
-0.3893801716987215 17 8 14 11 
-0.5273327033390883 17 8 15 3 
-0.2389830494637161 17 8 15 7 
-0.2756474824203968 17 8 15 10 
0.6915009003500333 17 8 16 2 
0.1460021423079873 17 8 16 6 
0.5154638301267874 17 8 16 9 
-0.7997245486230263 17 8 17 1 
-1.9703990915313929 17 8 17 8 
-0.0925154304387824 17 8 18 4 
0.3486272878429985 17 8 18 11 
-0.2845765615698903 17 8 19 3 
-0.9056695250568760 17 8 19 7 
-0.4528630066897992 17 8 19 10 
-2.2773359960870847 17 8 20 5 
0.6898492131894587 17 8 21 4 
-0.3249724206745277 17 8 21 11 
-0.3236394916275853 17 8 22 3 
-0.2663306904701491 17 8 22 7 
-0.1935635387372201 17 8 22 10 
-0.0136354643374492 17 8 23 2 
0.4229784416228939 17 8 23 6 
-0.0556631127137958 17 8 23 9 
0.4132208956216356 17 9 2 17 
-0.3365839943104000 17 9 3 16 
0.3472568086448409 17 9 3 23 
-0.2086188094988284 17 9 4 15 
0.5181253877359930 17 9 4 19 
-0.2680681811361496 17 9 4 22 
0.8058896352192806 17 9 5 14 
0.1194369071188716 17 9 5 18 
1.3867444913947311 17 9 5 21 
-0.1884879552231468 17 9 6 17 
0.3059633094098332 17 9 7 16 
0.0221239733377629 17 9 7 23 
1.3049381483136142 17 9 9 17 
-0.1450759082872537 17 9 10 16 
0.2578377649557052 17 9 10 23 
0.9500737232624755 17 9 11 15 
0.2515829482067949 17 9 11 19 
0.5688093678485058 17 9 11 22 
-0.8058896352192806 17 9 14 5 
0.2086188094988284 17 9 15 4 
-0.9500737232624755 17 9 15 11 
0.3365839943104000 17 9 16 3 
-0.3059633094098332 17 9 16 7 
0.1450759082872537 17 9 16 10 
-0.4132208956216356 17 9 17 2 
0.1884879552231468 17 9 17 6 
-1.3049381483136142 17 9 17 9 
-0.1194369071188716 17 9 18 5 
-0.5181253877359930 17 9 19 4 
-0.2515829482067949 17 9 19 11 
-1.3867444913947311 17 9 21 5 
0.2680681811361496 17 9 22 4 
-0.5688093678485058 17 9 22 11 
-0.3472568086448409 17 9 23 3 
-0.0221239733377629 17 9 23 7 
-0.2578377649557052 17 9 23 10 
0.2435189977242247 17 10 3 17 
-0.7710331993908488 17 10 4 16 
0.2589414336017387 17 10 4 23 
0.9755915331166914 17 10 5 15 
0.6390002474824942 17 10 5 19 
1.0870351535821527 17 10 5 22 
0.2478334016190206 17 10 7 17 
1.1427383518997023 17 10 10 17 
1.2179677226382328 17 10 11 16 
0.7158974169740153 17 10 11 23 
-0.9755915331166914 17 10 15 5 
0.7710331993908488 17 10 16 4 
-1.2179677226382328 17 10 16 11 
-0.2435189977242247 17 10 17 3 
-0.2478334016190206 17 10 17 7 
-1.1427383518997023 17 10 17 10 
-0.6390002474824942 17 10 19 5 
-1.0870351535821527 17 10 22 5 
-0.2589414336017387 17 10 23 4 
-0.7158974169740153 17 10 23 11 
-0.5977347221390407 17 11 4 17 
0.5977347221390407 17 11 5 16 
1.4213271069096887 17 11 5 23 
2.7151279205650520 17 11 11 17 
-0.5977347221390407 17 11 16 5 
0.5977347221390407 17 11 17 4 
-2.7151279205650520 17 11 17 11 
-1.4213271069096887 17 11 23 5 
1.3108162600867685 17 12 12 17 
-0.6177502604412468 17 12 13 16 
0.1820516639084949 17 12 13 23 
0.3638618886884294 17 12 14 15 
0.4551936593899776 17 12 14 19 
0.1697018978974107 17 12 14 22 
-0.3638618886884293 17 12 15 14 
-0.4551936593899776 17 12 15 18 
0.1697018978974107 17 12 15 21 
0.6177502604412468 17 12 16 13 
0.1820516639084949 17 12 16 20 
-1.3108162600867685 17 12 17 12 
0.4551936593899776 17 12 18 15 
0.8066950523947048 17 12 18 19 
0.4331594916981370 17 12 18 22 
-0.4551936593899776 17 12 19 14 
-0.8066950523947048 17 12 19 18 
0.4331594916981370 17 12 19 21 
-0.1820516639084949 17 12 20 16 
1.7297058143828339 17 12 20 23 
-0.1697018978974107 17 12 21 15 
-0.4331594916981370 17 12 21 19 
-0.5388836340703608 17 12 21 22 
-0.1697018978974107 17 12 22 14 
-0.4331594916981370 17 12 22 18 
0.5388836340703608 17 12 22 21 
-0.1820516639084949 17 12 23 13 
-1.7297058143828339 17 12 23 20 
0.6930659996455216 17 13 13 17 
-0.3211462104681836 17 13 14 16 
0.3617296887850188 17 13 14 23 
0.4071375861291502 17 13 15 19 
0.3794649796093391 17 13 15 22 
0.3211462104681836 17 13 16 14 
-0.5757794960556882 17 13 16 18 
0.3556744207370531 17 13 16 21 
-0.6930659996455216 17 13 17 13 
0.1820516639084949 17 13 17 20 
0.5757794960556882 17 13 18 16 
0.3355238995197108 17 13 18 23 
-0.4071375861291502 17 13 19 15 
0.5811444411217741 17 13 19 22 
-0.1820516639084949 17 13 20 17 
-0.3556744207370531 17 13 21 16 
0.9224068945289231 17 13 21 23 
-0.3794649796093391 17 13 22 15 
-0.5811444411217741 17 13 22 19 
-0.3617296887850188 17 13 23 14 
-0.3355238995197108 17 13 23 18 
-0.9224068945289231 17 13 23 21 
0.4391776278927043 17 14 14 17 
-0.3406269947616223 17 14 15 16 
0.6160461676692053 17 14 15 23 
0.3406269947616223 17 14 16 15 
0.2035687930645751 17 14 16 19 
0.6309647744071063 17 14 16 22 
-0.4391776278927043 17 14 17 14 
-0.4551936593899776 17 14 17 18 
0.3926687395976451 17 14 17 21 
0.4551936593899776 17 14 18 17 
-0.2035687930645751 17 14 19 16 
0.4745024492010828 17 14 19 23 
-0.3926687395976451 17 14 21 17 
-0.6309647744071063 17 14 22 16 
0.6522401701346260 17 14 22 23 
-0.6160461676692053 17 14 23 15 
-0.4745024492010828 17 14 23 19 
-0.6522401701346260 17 14 23 22 
0.1852892561398869 17 15 15 17 
0.9451015792636208 17 15 16 23 
-0.1852892561398869 17 15 17 15 
0.7320725353924665 17 15 17 22 
-0.7320725353924665 17 15 22 17 
-0.9451015792636208 17 15 23 16 
0.1852892561398869 17 16 16 17 
-0.1852892561398869 17 16 17 16 
1.1954694442780811 17 16 17 23 
-1.1954694442780811 17 16 23 17 
0.4551936593899776 17 18 14 17 
-0.6107063791937254 17 18 15 16 
-0.0455935121061742 17 18 15 23 
0.6107063791937254 17 18 16 15 
0.5422130273267997 17 18 16 19 
-0.1004812380846255 17 18 16 22 
-0.4551936593899776 17 18 17 14 
-0.5997795608768500 17 18 17 18 
0.3079248623420184 17 18 17 21 
0.5997795608768500 17 18 18 17 
-0.5422130273267997 17 18 19 16 
1.3187437528649926 17 18 19 23 
-0.3079248623420184 17 18 21 17 
0.1004812380846255 17 18 22 16 
0.2593995367826311 17 18 22 23 
0.0455935121061742 17 18 23 15 
-1.3187437528649926 17 18 23 19 
-0.2593995367826311 17 18 23 22 
-0.3029965359235433 17 19 16 23 
0.6126456265118255 17 19 17 19 
0.3911668458634735 17 19 17 22 
-0.6126456265118255 17 19 19 17 
-0.3911668458634735 17 19 22 17 
0.3029965359235433 17 19 23 16 
-0.1820516639084949 17 20 13 17 
-0.0738807338978611 17 20 14 16 
-0.3757447073612723 17 20 14 23 
0.0455935121061742 17 20 15 19 
0.0479920092071885 17 20 15 22 
0.0738807338978611 17 20 16 14 
0.2385175727467696 17 20 16 18 
-0.1743853830626714 17 20 16 21 
0.1820516639084949 17 20 17 13 
0.3069369045556926 17 20 17 20 
-0.2385175727467696 17 20 18 16 
-0.0743511537798954 17 20 18 23 
-0.0455935121061742 17 20 19 15 
-0.1865323162196501 17 20 19 22 
-0.3069369045556926 17 20 20 17 
0.1743853830626714 17 20 21 16 
-0.2693093079607318 17 20 21 23 
-0.0479920092071885 17 20 22 15 
0.1865323162196501 17 20 22 19 
0.3757447073612723 17 20 23 14 
0.0743511537798954 17 20 23 18 
0.2693093079607318 17 20 23 21 
-0.3926687395976451 17 21 14 17 
-0.1279651848115716 17 21 15 16 
-0.6028169146176346 17 21 15 23 
0.1279651848115716 17 21 16 15 
0.2121620783261599 17 21 16 19 
-0.1229922728488958 17 21 16 22 
0.3926687395976451 17 21 17 14 
0.3079248623420184 17 21 17 18 
0.0818063430811169 17 21 17 21 
-0.3079248623420184 17 21 18 17 
-0.2121620783261599 17 21 19 16 
-0.2294589748690320 17 21 19 23 
-0.0818063430811169 17 21 21 17 
0.1229922728488958 17 21 22 16 
-0.3109716028928007 17 21 22 23 
0.6028169146176346 17 21 23 15 
0.2294589748690320 17 21 23 19 
0.3109716028928007 17 21 23 22 
-0.7320725353924665 17 22 15 17 
-0.9590262890364940 17 22 16 23 
0.7320725353924665 17 22 17 15 
0.3911668458634735 17 22 17 19 
-0.0557031983175495 17 22 17 22 
-0.3911668458634735 17 22 19 17 
0.0557031983175495 17 22 22 17 
0.9590262890364940 17 22 23 16 
-1.1954694442780811 17 23 16 17 
1.1954694442780811 17 23 17 16 
-1.2938008136553631 17 23 17 23 
1.2938008136553631 17 23 23 17 
0.4060757050033961 18 0 0 14 
1.5664061764827280 18 0 0 18 
-0.2478334016190206 18 0 0 21 
-0.5136496521077457 18 0 1 13 
0.1919709274208803 18 0 1 20 
0.4060757050033961 18 0 2 12 
2.1790518029945538 18 0 6 12 
0.4949674633444236 18 0 8 13 
-0.0612985366039654 18 0 8 20 
-0.6390002474824942 18 0 9 12 
-0.4060757050033961 18 0 12 2 
-2.1790518029945538 18 0 12 6 
0.6390002474824942 18 0 12 9 
0.5136496521077457 18 0 13 1 
-0.4949674633444236 18 0 13 8 
-0.4060757050033961 18 0 14 0 
-1.5664061764827280 18 0 18 0 
-0.1919709274208803 18 0 20 1 
0.0612985366039654 18 0 20 8 
0.2478334016190206 18 0 21 0 
0.3522220436670849 18 1 0 15 
0.3741857291563718 18 1 0 19 
-0.3059633094098332 18 1 0 22 
-0.0664797546847047 18 1 1 14 
1.3990652311619325 18 1 1 18 
0.0258285017654546 18 1 1 21 
-0.3395959503186913 18 1 2 13 
0.1359496812597291 18 1 2 20 
0.5557908367316601 18 1 3 12 
1.7692258201960225 18 1 6 13 
-0.7538992541793572 18 1 6 20 
0.9163987564831714 18 1 7 12 
0.4988233134430267 18 1 8 14 
-0.1641391189174960 18 1 8 18 
-0.0975715349934660 18 1 8 21 
-0.1755748123440475 18 1 9 13 
0.0184354645221181 18 1 9 20 
-0.5181253877359930 18 1 10 12 
-0.5557908367316601 18 1 12 3 
-0.9163987564831714 18 1 12 7 
0.5181253877359930 18 1 12 10 
0.3395959503186913 18 1 13 2 
-1.7692258201960225 18 1 13 6 
0.1755748123440475 18 1 13 9 
0.0664797546847047 18 1 14 1 
-0.4988233134430267 18 1 14 8 
-0.3522220436670849 18 1 15 0 
-1.3990652311619325 18 1 18 1 
0.1641391189174960 18 1 18 8 
-0.3741857291563718 18 1 19 0 
-0.1359496812597291 18 1 20 2 
0.7538992541793572 18 1 20 6 
-0.0184354645221181 18 1 20 9 
-0.0258285017654546 18 1 21 1 
0.0975715349934660 18 1 21 8 
0.3059633094098332 18 1 22 0 
0.1596363590949228 18 2 0 16 
-0.2389830494637161 18 2 0 23 
0.2436037631963129 18 2 1 15 
0.4733116688260038 18 2 1 19 
-0.2019009011513932 18 2 1 22 
-0.3248605640027167 18 2 2 14 
1.2317242858411379 18 2 2 18 
0.1685939980972796 18 2 2 21 
-0.0138926554499054 18 2 3 13 
0.0308367985066526 18 2 3 20 
0.5667739452240730 18 2 4 12 
1.3593998373974931 18 2 6 14 
-0.9233342451021118 18 2 6 21 
1.1591629261731262 18 2 7 13 
-0.5330872749617042 18 2 7 20 
0.3940955058352610 18 2 8 15 
-0.1160638840445465 18 2 8 19 
-0.1044123968492727 18 2 8 22 
0.1319816206853124 18 2 9 14 
-0.2010285440889373 18 2 9 18 
-0.0387685985807467 18 2 9 21 
-0.4349504787852131 18 2 10 13 
0.0596462751958754 18 2 10 20 
-0.2845765615698903 18 2 11 12 
-0.5667739452240730 18 2 12 4 
0.2845765615698903 18 2 12 11 
0.0138926554499054 18 2 13 3 
-1.1591629261731262 18 2 13 7 
0.4349504787852131 18 2 13 10 
0.3248605640027167 18 2 14 2 
-1.3593998373974931 18 2 14 6 
-0.1319816206853124 18 2 14 9 
-0.2436037631963129 18 2 15 1 
-0.3940955058352610 18 2 15 8 
-0.1596363590949228 18 2 16 0 
-1.2317242858411379 18 2 18 2 
0.2010285440889373 18 2 18 9 
-0.4733116688260038 18 2 19 1 
0.1160638840445465 18 2 19 8 
-0.0308367985066526 18 2 20 3 
0.5330872749617042 18 2 20 7 
-0.0596462751958754 18 2 20 10 
-0.1685939980972796 18 2 21 2 
0.9233342451021118 18 2 21 6 
0.0387685985807467 18 2 21 9 
0.2019009011513932 18 2 22 1 
0.1044123968492727 18 2 22 8 
0.2389830494637161 18 2 23 0 
-0.0245589771932909 18 3 0 17 
0.2387336275633793 18 3 1 16 
-0.3206294064426384 18 3 1 23 
0.0196471817546327 18 3 2 15 
0.5020228359623832 18 3 2 19 
-0.0178036339187621 18 3 2 22 
-0.3445077457573495 18 3 3 14 
1.0643833405203438 18 3 3 18 
0.1804630873764543 18 3 3 21 
0.3297723594413749 18 3 4 13 
-0.0778032563686964 18 3 4 20 
0.4306346821966868 18 3 5 12 
0.9495738545989637 18 3 6 15 
-0.9233342451021119 18 3 6 22 
1.2294779483955882 18 3 7 14 
-0.9233342451021119 18 3 7 21 
0.2442902988536551 18 3 8 16 
-0.0807316384963057 18 3 8 23 
0.2836690516055855 18 3 9 15 
-0.2010285440889373 18 3 9 19 
-0.1001159377866791 18 3 9 22 
-0.2275311463804097 18 3 10 14 
-0.2010285440889373 18 3 10 18 
0.0419630399155591 18 3 10 21 
-0.3817995218840575 18 3 11 13 
0.0613473392059324 18 3 11 20 
-0.4306346821966868 18 3 12 5 
-0.3297723594413749 18 3 13 4 
0.3817995218840575 18 3 13 11 
0.3445077457573495 18 3 14 3 
-1.2294779483955882 18 3 14 7 
0.2275311463804097 18 3 14 10 
-0.0196471817546327 18 3 15 2 
-0.9495738545989637 18 3 15 6 
-0.2836690516055855 18 3 15 9 
-0.2387336275633793 18 3 16 1 
-0.2442902988536551 18 3 16 8 
0.0245589771932909 18 3 17 0 
-1.0643833405203438 18 3 18 3 
0.2010285440889373 18 3 18 10 
-0.5020228359623832 18 3 19 2 
0.2010285440889373 18 3 19 9 
0.0778032563686964 18 3 20 4 
-0.0613473392059324 18 3 20 11 
-0.1804630873764543 18 3 21 3 
0.9233342451021119 18 3 21 7 
-0.0419630399155591 18 3 21 10 
0.0178036339187621 18 3 22 2 
0.9233342451021119 18 3 22 6 
0.1001159377866791 18 3 22 9 
0.3206294064426384 18 3 23 1 
0.0807316384963057 18 3 23 8 
-0.0310649219739713 18 4 1 17 
0.2632926047566703 18 4 2 16 
-0.3206294064426383 18 4 2 23 
-0.2297111077464075 18 4 3 15 
0.4733116688260038 18 4 3 19 
0.1683300470881411 18 4 3 22 
-0.1008623227553118 18 4 4 14 
0.8970423951995492 18 4 4 18 
0.0614357696029788 18 4 4 21 
0.5447145740817170 18 4 5 13 
-0.1460021423079873 18 4 5 20 
0.5397478718004343 18 4 6 16 
-0.7538992541793572 18 4 6 23 
1.1591629261731262 18 4 7 15 
-1.3057918120269298 18 4 7 22 
0.0925154304387824 18 4 8 17 
0.2794874804167718 18 4 9 16 
-0.1318342136098536 18 4 9 23 
0.0059136346872488 18 4 10 15 
-0.2842972934746928 18 4 10 19 
-0.0274135389535451 18 4 10 22 
-0.3817995218840574 18 4 11 14 
-0.1641391189174960 18 4 11 18 
0.1001797854213145 18 4 11 21 
-0.5447145740817170 18 4 13 5 
0.1008623227553118 18 4 14 4 
0.3817995218840574 18 4 14 11 
0.2297111077464075 18 4 15 3 
-1.1591629261731262 18 4 15 7 
-0.0059136346872488 18 4 15 10 
-0.2632926047566703 18 4 16 2 
-0.5397478718004343 18 4 16 6 
-0.2794874804167718 18 4 16 9 
0.0310649219739713 18 4 17 1 
-0.0925154304387824 18 4 17 8 
-0.8970423951995492 18 4 18 4 
0.1641391189174960 18 4 18 11 
-0.4733116688260038 18 4 19 3 
0.2842972934746928 18 4 19 10 
0.1460021423079873 18 4 20 5 
-0.0614357696029788 18 4 21 4 
-0.1001797854213145 18 4 21 11 
-0.1683300470881411 18 4 22 3 
1.3057918120269298 18 4 22 7 
0.0274135389535451 18 4 22 10 
0.3206294064426383 18 4 23 2 
0.7538992541793572 18 4 23 6 
0.1318342136098536 18 4 23 9 
-0.0245589771932909 18 5 2 17 
0.2145519015569882 18 5 3 16 
-0.2389830494637161 18 5 3 23 
-0.3961544776367372 18 5 4 15 
0.3741857291563718 18 5 4 19 
0.2794232189505844 18 5 4 22 
0.4306346821966868 18 5 5 14 
0.7297014498787547 18 5 5 18 
-0.1884879552231468 18 5 5 21 
0.1299218890019048 18 5 6 17 
0.9163987564831714 18 5 7 16 
-1.6857699805314355 18 5 7 23 
0.1194369071188716 18 5 9 17 
0.1789419808659589 18 5 10 16 
-0.1473951316959303 18 5 10 23 
-0.2845765615698904 18 5 11 15 
-0.3670262276664426 18 5 11 19 
0.1120044050867008 18 5 11 22 
-0.4306346821966868 18 5 14 5 
0.3961544776367372 18 5 15 4 
0.2845765615698904 18 5 15 11 
-0.2145519015569882 18 5 16 3 
-0.9163987564831714 18 5 16 7 
-0.1789419808659589 18 5 16 10 
0.0245589771932909 18 5 17 2 
-0.1299218890019048 18 5 17 6 
-0.1194369071188716 18 5 17 9 
-0.7297014498787547 18 5 18 5 
-0.3741857291563718 18 5 19 4 
0.3670262276664426 18 5 19 11 
0.1884879552231468 18 5 21 5 
-0.2794232189505844 18 5 22 4 
-0.1120044050867008 18 5 22 11 
0.2389830494637161 18 5 23 3 
1.6857699805314355 18 5 23 7 
0.1473951316959303 18 5 23 10 
0.1808869252477176 18 6 0 16 
-0.9056695250568760 18 6 0 23 
-0.2288058730909619 18 6 1 15 
0.7015285975425725 18 6 1 22 
0.2426852766568917 18 6 2 14 
-0.4960556285186413 18 6 2 21 
-0.2288058730909619 18 6 3 13 
0.2863978506582666 18 6 3 20 
0.1808869252477176 18 6 4 12 
3.3218629183164934 18 6 6 18 
-0.2913263612051061 18 6 6 21 
0.5045920591914066 18 6 7 20 
0.2863978506582666 18 6 8 15 
0.5045920591914066 18 6 8 19 
-0.0772067199929142 18 6 8 22 
-0.4960556285186413 18 6 9 14 
-0.2913263612051061 18 6 9 18 
0.0891506411423141 18 6 9 21 
0.7015285975425725 18 6 10 13 
-0.0772067199929142 18 6 10 20 
-0.9056695250568760 18 6 11 12 
-0.1808869252477176 18 6 12 4 
0.9056695250568760 18 6 12 11 
0.2288058730909619 18 6 13 3 
-0.7015285975425725 18 6 13 10 
-0.2426852766568917 18 6 14 2 
0.4960556285186413 18 6 14 9 
0.2288058730909619 18 6 15 1 
-0.2863978506582666 18 6 15 8 
-0.1808869252477176 18 6 16 0 
-3.3218629183164934 18 6 18 6 
0.2913263612051061 18 6 18 9 
-0.5045920591914066 18 6 19 8 
-0.2863978506582666 18 6 20 3 
-0.5045920591914066 18 6 20 7 
0.0772067199929142 18 6 20 10 
0.4960556285186413 18 6 21 2 
0.2913263612051061 18 6 21 6 
-0.0891506411423141 18 6 21 9 
-0.7015285975425725 18 6 22 1 
0.0772067199929142 18 6 22 8 
0.9056695250568760 18 6 23 0 
-0.2011097956499428 18 7 0 17 
0.2820048878689067 18 7 1 16 
-0.4050277246354249 18 7 1 23 
-0.3628999800878705 18 7 2 15 
0.4960556285186414 18 7 2 22 
0.4437950723068345 18 7 3 14 
-0.4960556285186414 18 7 3 21 
-0.5246901645257984 18 7 4 13 
0.4050277246354249 18 7 4 20 
0.6055852567447623 18 7 5 12 
0.9036097604888638 18 7 6 19 
-0.2913263612051062 18 7 6 22 
2.4182531578276305 18 7 7 18 
0.2913263612051062 18 7 7 21 
0.4050277246354249 18 7 8 16 
-0.3882370234859963 18 7 8 23 
-0.4960556285186414 18 7 9 15 
0.2913263612051062 18 7 9 19 
0.3436617029148392 18 7 9 22 
0.4960556285186414 18 7 10 14 
-0.2913263612051062 18 7 10 18 
-0.2990863823436821 18 7 10 21 
-0.4050277246354249 18 7 11 13 
0.2545110617725250 18 7 11 20 
-0.6055852567447623 18 7 12 5 
0.5246901645257984 18 7 13 4 
0.4050277246354249 18 7 13 11 
-0.4437950723068345 18 7 14 3 
-0.4960556285186414 18 7 14 10 
0.3628999800878705 18 7 15 2 
0.4960556285186414 18 7 15 9 
-0.2820048878689067 18 7 16 1 
-0.4050277246354249 18 7 16 8 
0.2011097956499428 18 7 17 0 
-2.4182531578276305 18 7 18 7 
0.2913263612051062 18 7 18 10 
-0.9036097604888638 18 7 19 6 
-0.2913263612051062 18 7 19 9 
-0.4050277246354249 18 7 20 4 
-0.2545110617725250 18 7 20 11 
0.4960556285186414 18 7 21 3 
-0.2913263612051062 18 7 21 7 
0.2990863823436821 18 7 21 10 
-0.4960556285186414 18 7 22 2 
0.2913263612051062 18 7 22 6 
-0.3436617029148392 18 7 22 9 
0.4050277246354249 18 7 23 1 
0.3882370234859963 18 7 23 8 
-0.2372512246005414 18 8 0 15 
0.3670262276664426 18 8 0 19 
0.0221239733377629 18 8 0 22 
0.3183059195711286 18 8 1 14 
-0.1641391189174960 18 8 1 18 
-0.0197882833262523 18 8 1 21 
-0.3183059195711286 18 8 2 13 
0.0121177992587356 18 8 2 20 
0.2372512246005414 18 8 3 12 
-0.7538992541793572 18 8 6 13 
0.6927077797206503 18 8 6 20 
1.6857699805314355 18 8 7 12 
0.1377976558165154 18 8 8 14 
0.9644175927358349 18 8 8 18 
-0.1564525521877151 18 8 8 21 
-0.2250226296680809 18 8 9 13 
0.1564525521877151 18 8 9 20 
0.2515829482067949 18 8 10 12 
-0.2372512246005414 18 8 12 3 
-1.6857699805314355 18 8 12 7 
-0.2515829482067949 18 8 12 10 
0.3183059195711286 18 8 13 2 
0.7538992541793572 18 8 13 6 
0.2250226296680809 18 8 13 9 
-0.3183059195711286 18 8 14 1 
-0.1377976558165154 18 8 14 8 
0.2372512246005414 18 8 15 0 
0.1641391189174960 18 8 18 1 
-0.9644175927358349 18 8 18 8 
-0.3670262276664426 18 8 19 0 
-0.0121177992587356 18 8 20 2 
-0.6927077797206503 18 8 20 6 
-0.1564525521877151 18 8 20 9 
0.0197882833262523 18 8 21 1 
0.1564525521877151 18 8 21 8 
-0.0221239733377629 18 8 22 0 
-0.2873171182929216 18 9 0 16 
0.2663306904701491 18 9 0 23 
0.1796565934756221 18 9 1 15 
0.2842972934746928 18 9 1 19 
-0.1891617096971435 18 9 1 22 
0.0043671779669308 18 9 2 14 
-0.2010285440889373 18 9 2 18 
0.1216397284089557 18 9 2 21 
-0.1878914232224627 18 9 3 13 
-0.0632325152770467 18 9 3 20 
0.2938273228288526 18 9 4 12 
-0.9233342451021118 18 9 6 14 
-0.2913263612051061 18 9 6 18 
1.0301957264404009 18 9 6 21 
1.3057918120269298 18 9 7 13 
-0.5845462706607063 18 9 7 20 
0.0954646841209102 18 9 8 15 
-0.2668732542581253 18 9 8 19 
-0.2827795930501327 18 9 8 22 
-0.0275520274094149 18 9 9 14 
1.1184969379212748 18 9 9 18 
0.1700731961499388 18 9 9 21 
-0.1559108628856662 18 9 10 13 
-0.0117958236871889 18 9 10 20 
0.4528630066897992 18 9 11 12 
-0.2938273228288526 18 9 12 4 
-0.4528630066897992 18 9 12 11 
0.1878914232224627 18 9 13 3 
-1.3057918120269298 18 9 13 7 
0.1559108628856662 18 9 13 10 
-0.0043671779669308 18 9 14 2 
0.9233342451021118 18 9 14 6 
0.0275520274094149 18 9 14 9 
-0.1796565934756221 18 9 15 1 
-0.0954646841209102 18 9 15 8 
0.2873171182929216 18 9 16 0 
0.2010285440889373 18 9 18 2 
0.2913263612051061 18 9 18 6 
-1.1184969379212748 18 9 18 9 
-0.2842972934746928 18 9 19 1 
0.2668732542581253 18 9 19 8 
0.0632325152770467 18 9 20 3 
0.5845462706607063 18 9 20 7 
0.0117958236871889 18 9 20 10 
-0.1216397284089557 18 9 21 2 
-1.0301957264404009 18 9 21 6 
-0.1700731961499388 18 9 21 9 
0.1891617096971435 18 9 22 1 
0.2827795930501327 18 9 22 8 
-0.2663306904701491 18 9 23 0 
-0.2093011159041839 18 10 0 17 
-0.0476831271367445 18 10 1 16 
0.2382134113542835 18 10 1 23 
0.1747195226682318 18 10 2 15 
0.2010285440889373 18 10 2 19 
-0.2796328545941182 18 10 2 22 
-0.1718080706902779 18 10 3 14 
-0.2010285440889373 18 10 3 18 
0.2675150553353826 18 10 3 21 
0.0389487712028829 18 10 4 13 
-0.2085309863649051 18 10 4 20 
0.2238583757939532 18 10 5 12 
-0.9233342451021119 18 10 6 15 
-0.2913263612051062 18 10 6 19 
1.3676836731601518 18 10 6 22 
0.9233342451021119 18 10 7 14 
-0.2913263612051062 18 10 7 18 
-0.6749758934395013 18 10 7 21 
-0.0675190424792119 18 10 8 16 
-0.3333360703187658 18 10 8 23 
0.2204912568142013 18 10 9 15 
-0.3081586903708802 18 10 9 19 
0.0068103219811119 18 10 9 22 
-0.3582889126307167 18 10 10 14 
1.2725762831067151 18 10 10 18 
0.1632628741688270 18 10 10 21 
0.4050529869813333 18 10 11 13 
-0.1768835181310507 18 10 11 20 
-0.2238583757939532 18 10 12 5 
-0.0389487712028829 18 10 13 4 
-0.4050529869813333 18 10 13 11 
0.1718080706902779 18 10 14 3 
-0.9233342451021119 18 10 14 7 
0.3582889126307167 18 10 14 10 
-0.1747195226682318 18 10 15 2 
0.9233342451021119 18 10 15 6 
-0.2204912568142013 18 10 15 9 
0.0476831271367445 18 10 16 1 
0.0675190424792119 18 10 16 8 
0.2093011159041839 18 10 17 0 
0.2010285440889373 18 10 18 3 
0.2913263612051062 18 10 18 7 
-1.2725762831067151 18 10 18 10 
-0.2010285440889373 18 10 19 2 
0.2913263612051062 18 10 19 6 
0.3081586903708802 18 10 19 9 
0.2085309863649051 18 10 20 4 
0.1768835181310507 18 10 20 11 
-0.2675150553353826 18 10 21 3 
0.6749758934395013 18 10 21 7 
-0.1632628741688270 18 10 21 10 
0.2796328545941182 18 10 22 2 
-1.3676836731601518 18 10 22 6 
-0.0068103219811119 18 10 22 9 
-0.2382134113542835 18 10 23 1 
0.3333360703187658 18 10 23 8 
-0.1621239472479065 18 11 1 17 
0.0989704014337724 18 11 2 16 
0.1458753269264268 18 11 2 23 
0.0075641741244195 18 11 3 15 
0.1160638840445465 18 11 3 19 
-0.2456672631432748 18 11 3 22 
-0.1132335449469799 18 11 4 14 
-0.1641391189174960 18 11 4 18 
0.3375318337051730 18 11 4 21 
0.1733999522718044 18 11 5 13 
-0.4229784416228939 18 11 5 20 
-0.7538992541793572 18 11 6 16 
1.7051716198799021 18 11 6 23 
0.5330872749617042 18 11 7 15 
-0.5045920591914066 18 11 7 19 
-0.5845462706607063 18 11 7 22 
-0.3486272878429985 18 11 8 17 
0.3825568508039190 18 11 9 16 
-0.3333360703187658 18 11 9 23 
-0.3500660570721861 18 11 10 15 
-0.2668732542581253 18 11 10 19 
0.2945754167373216 18 11 10 22 
0.2480432842236160 18 11 11 14 
1.4266556282921552 18 11 11 18 
-0.1768835181310507 18 11 11 21 
-0.1733999522718044 18 11 13 5 
0.1132335449469799 18 11 14 4 
-0.2480432842236160 18 11 14 11 
-0.0075641741244195 18 11 15 3 
-0.5330872749617042 18 11 15 7 
0.3500660570721861 18 11 15 10 
-0.0989704014337724 18 11 16 2 
0.7538992541793572 18 11 16 6 
-0.3825568508039190 18 11 16 9 
0.1621239472479065 18 11 17 1 
0.3486272878429985 18 11 17 8 
0.1641391189174960 18 11 18 4 
-1.4266556282921552 18 11 18 11 
-0.1160638840445465 18 11 19 3 
0.5045920591914066 18 11 19 7 
0.2668732542581253 18 11 19 10 
0.4229784416228939 18 11 20 5 
-0.3375318337051730 18 11 21 4 
0.1768835181310507 18 11 21 11 
0.2456672631432748 18 11 22 3 
0.5845462706607063 18 11 22 7 
-0.2945754167373216 18 11 22 10 
-0.1458753269264268 18 11 23 2 
-1.7051716198799021 18 11 23 6 
0.3333360703187658 18 11 23 9 
-0.6126456265118255 18 12 12 18 
0.3911668458634735 18 12 12 21 
-0.3029965359235433 18 12 13 20 
0.6126456265118255 18 12 18 12 
0.3029965359235433 18 12 20 13 
-0.3911668458634735 18 12 21 12 
-0.2035687930645751 18 13 12 15 
-0.5422130273267997 18 13 12 19 
0.2121620783261599 18 13 12 22 
0.2731161956339865 18 13 13 14 
-0.3701605890340903 18 13 13 18 
0.2014033141095020 18 13 13 21 
-0.2731161956339865 18 13 14 13 
-0.3628736321832975 18 13 14 20 
0.2035687930645751 18 13 15 12 
0.3701605890340903 18 13 18 13 
-0.5897601352618611 18 13 18 20 
0.5422130273267997 18 13 19 12 
0.3628736321832975 18 13 20 14 
0.5897601352618611 18 13 20 18 
-0.1160069995155840 18 13 20 21 
-0.2014033141095020 18 13 21 13 
0.1160069995155840 18 13 21 20 
-0.2121620783261599 18 13 22 12 
-0.4071375861291502 18 14 12 16 
0.0455935121061742 18 14 12 23 
0.2574964186462183 18 14 13 15 
-0.6858512573471222 18 14 13 19 
0.2330495776338199 18 14 13 22 
-0.1276755515563551 18 14 14 18 
0.0366123774119671 18 14 14 21 
-0.2574964186462183 18 14 15 13 
-0.3632587073286083 18 14 15 20 
0.4071375861291502 18 14 16 12 
0.1276755515563551 18 14 18 14 
-0.7223057010131744 18 14 18 21 
0.6858512573471222 18 14 19 13 
-0.4170233909171576 18 14 19 20 
0.3632587073286083 18 14 20 15 
0.4170233909171576 18 14 20 19 
-0.1640586720451480 18 14 20 22 
-0.0366123774119671 18 14 21 14 
0.7223057010131744 18 14 21 18 
-0.2330495776338199 18 14 22 13 
0.1640586720451480 18 14 22 20 
-0.0455935121061742 18 14 23 12 
-0.4551936593899776 18 15 12 17 
-0.0910387318779955 18 15 13 16 
0.0611701154414191 18 15 13 23 
0.3641549275119821 18 15 14 15 
-0.7274551124332052 18 15 14 19 
0.2097275124616475 18 15 14 22 
-0.3641549275119822 18 15 15 14 
0.1148094859213800 18 15 15 18 
-0.1032059642291312 18 15 15 21 
0.0910387318779955 18 15 16 13 
-0.3220935552223515 18 15 16 20 
0.4551936593899776 18 15 17 12 
-0.1148094859213800 18 15 18 15 
-0.7223057010131746 18 15 18 22 
0.7274551124332052 18 15 19 14 
-0.7223057010131746 18 15 19 21 
0.3220935552223515 18 15 20 16 
-0.1420789777022381 18 15 20 23 
0.1032059642291312 18 15 21 15 
0.7223057010131746 18 15 21 19 
-0.1420789777022381 18 15 21 22 
-0.2097275124616475 18 15 22 14 
0.7223057010131746 18 15 22 18 
0.1420789777022381 18 15 22 21 
-0.0611701154414191 18 15 23 13 
0.1420789777022381 18 15 23 20 
-0.5757794960556882 18 16 13 17 
0.3641549275119820 18 16 14 16 
0.0611701154414191 18 16 14 23 
-0.6858512573471222 18 16 15 19 
0.1624164124008923 18 16 15 22 
-0.3641549275119820 18 16 16 14 
0.3572945233991149 18 16 16 18 
-0.2180517108137930 18 16 16 21 
0.5757794960556882 18 16 17 13 
-0.2385175727467696 18 16 17 20 
-0.3572945233991149 18 16 18 16 
-0.5897601352618611 18 16 18 23 
0.6858512573471222 18 16 19 15 
-1.0214945185522371 18 16 19 22 
0.2385175727467696 18 16 20 17 
0.2180517108137930 18 16 21 16 
-0.2320139990311680 18 16 21 23 
-0.1624164124008923 18 16 22 15 
1.0214945185522371 18 16 22 19 
-0.0611701154414191 18 16 23 14 
0.5897601352618611 18 16 23 18 
0.2320139990311680 18 16 23 21 
-0.4551936593899776 18 17 14 17 
0.6107063791937254 18 17 15 16 
0.0455935121061742 18 17 15 23 
-0.6107063791937254 18 17 16 15 
-0.5422130273267997 18 17 16 19 
0.1004812380846255 18 17 16 22 
0.4551936593899776 18 17 17 14 
0.5997795608768500 18 17 17 18 
-0.3079248623420184 18 17 17 21 
-0.5997795608768500 18 17 18 17 
0.5422130273267997 18 17 19 16 
-1.3187437528649926 18 17 19 23 
0.3079248623420184 18 17 21 17 
-0.1004812380846255 18 17 22 16 
-0.2593995367826311 18 17 22 23 
-0.0455935121061742 18 17 23 15 
1.3187437528649926 18 17 23 19 
0.2593995367826311 18 17 23 22 
-0.8066950523947050 18 19 12 17 
0.8066950523947048 18 19 13 16 
-0.8066950523947048 18 19 14 15 
0.8066950523947048 18 19 15 14 
-0.8066950523947048 18 19 16 13 
0.8066950523947050 18 19 17 12 
-1.5146433973387663 18 19 18 19 
1.5146433973387663 18 19 19 18 
-0.6427480852585211 18 19 20 23 
0.6427480852585211 18 19 21 22 
-0.6427480852585211 18 19 22 21 
0.6427480852585211 18 19 23 20 
-0.4745024492010828 18 20 12 15 
-1.3187437528649926 18 20 12 19 
-0.2294589748690320 18 20 12 22 
0.6366118391422571 18 20 13 14 
0.5897601352618611 18 20 13 18 
0.2052343463418286 18 20 13 21 
-0.6366118391422571 18 20 14 13 
-0.1256798565577799 18 20 14 20 
0.4745024492010828 18 20 15 12 
-0.5897601352618611 18 20 18 13 
-0.2717098130151846 18 20 18 20 
1.3187437528649926 18 20 19 12 
0.1256798565577799 18 20 20 14 
0.2717098130151846 18 20 20 18 
-0.3129051043754301 18 20 20 21 
-0.2052343463418286 18 20 21 13 
0.3129051043754301 18 20 21 20 
0.2294589748690320 18 20 22 12 
-0.5811444411217741 18 21 12 16 
-0.1865323162196501 18 21 12 23 
0.3675480166980848 18 21 13 15 
-1.0214945185522371 18 21 13 19 
-0.0332508468114773 18 21 13 22 
0.7223057010131744 18 21 14 18 
0.1491917558183705 18 21 14 21 
-0.3675480166980848 18 21 15 13 
-0.1586971993979569 18 21 15 20 
0.5811444411217741 18 21 16 12 
-0.7223057010131744 18 21 18 14 
-0.0883012114808741 18 21 18 21 
1.0214945185522371 18 21 19 13 
-0.3176730164025809 18 21 19 20 
0.1586971993979569 18 21 20 15 
0.3176730164025809 18 21 20 19 
-0.2709837693629437 18 21 20 22 
-0.1491917558183705 18 21 21 14 
0.0883012114808741 18 21 21 18 
0.0332508468114773 18 21 22 13 
0.2709837693629437 18 21 22 20 
0.1865323162196501 18 21 23 12 
-0.4331594916981370 18 22 12 17 
-0.0866318983396274 18 22 13 16 
-0.1668395756270498 18 22 13 23 
0.3465275933585096 18 22 14 15 
-0.7223057010131746 18 22 14 19 
0.0786560580365985 18 22 14 22 
-0.3465275933585096 18 22 15 14 
0.7223057010131746 18 22 15 18 
0.0470237985211814 18 22 15 21 
0.0866318983396274 18 22 16 13 
-0.1410119438856932 18 22 16 20 
0.4331594916981370 18 22 17 12 
-0.7223057010131746 18 22 18 15 
0.0951073900534364 18 22 18 22 
0.7223057010131746 18 22 19 14 
-0.3668172030686210 18 22 19 21 
0.1410119438856932 18 22 20 16 
-0.1564525521877151 18 22 20 23 
-0.0470237985211814 18 22 21 15 
0.3668172030686210 18 22 21 19 
-0.1564525521877151 18 22 21 22 
-0.0786560580365985 18 22 22 14 
-0.0951073900534364 18 22 22 18 
0.1564525521877151 18 22 22 21 
0.1668395756270498 18 22 23 13 
0.1564525521877151 18 22 23 20 
-0.3355238995197108 18 23 13 17 
0.2122039463807523 18 23 14 16 
-0.1021679572971892 18 23 14 23 
-0.4170233909171576 18 23 15 19 
0.1043987939289113 18 23 15 22 
-0.2122039463807523 18 23 16 14 
0.5897601352618611 18 23 16 18 
-0.0450250170987460 18 23 16 21 
0.3355238995197108 18 23 17 13 
-0.0743511537798954 18 23 17 20 
-0.5897601352618611 18 23 18 16 
0.2785159915877468 18 23 18 23 
0.4170233909171576 18 23 19 15 
-0.3176730164025809 18 23 19 22 
0.0743511537798954 18 23 20 17 
0.0450250170987460 18 23 21 16 
-0.1564525521877151 18 23 21 23 
-0.1043987939289113 18 23 22 15 
0.3176730164025809 18 23 22 19 
0.1021679572971892 18 23 23 14 
-0.2785159915877468 18 23 23 18 
0.1564525521877151 18 23 23 21 
0.4306346821966868 19 0 0 15 
0.7297014498787547 19 0 0 19 
0.1884879552231468 19 0 0 22 
-0.3961544776367372 19 0 1 14 
0.3741857291563718 19 0 1 18 
-0.2794232189505844 19 0 1 21 
0.2145519015569882 19 0 2 13 
0.2389830494637161 19 0 2 20 
-0.0245589771932909 19 0 3 12 
0.9163987564831714 19 0 6 13 
1.6857699805314355 19 0 6 20 
0.1299218890019048 19 0 7 12 
0.2845765615698904 19 0 8 14 
0.3670262276664426 19 0 8 18 
0.1120044050867008 19 0 8 21 
-0.1789419808659589 19 0 9 13 
-0.1473951316959303 19 0 9 20 
-0.1194369071188716 19 0 10 12 
0.0245589771932909 19 0 12 3 
-0.1299218890019048 19 0 12 7 
0.1194369071188716 19 0 12 10 
-0.2145519015569882 19 0 13 2 
-0.9163987564831714 19 0 13 6 
0.1789419808659589 19 0 13 9 
0.3961544776367372 19 0 14 1 
-0.2845765615698904 19 0 14 8 
-0.4306346821966868 19 0 15 0 
-0.3741857291563718 19 0 18 1 
-0.3670262276664426 19 0 18 8 
-0.7297014498787547 19 0 19 0 
-0.2389830494637161 19 0 20 2 
-1.6857699805314355 19 0 20 6 
0.1473951316959303 19 0 20 9 
0.2794232189505844 19 0 21 1 
-0.1120044050867008 19 0 21 8 
-0.1884879552231468 19 0 22 0 
0.5447145740817170 19 1 0 16 
0.1460021423079873 19 1 0 23 
-0.1008623227553118 19 1 1 15 
0.8970423951995492 19 1 1 19 
-0.0614357696029788 19 1 1 22 
-0.2297111077464075 19 1 2 14 
0.4733116688260038 19 1 2 18 
-0.1683300470881411 19 1 2 21 
0.2632926047566703 19 1 3 13 
0.3206294064426383 19 1 3 20 
-0.0310649219739713 19 1 4 12 
1.1591629261731262 19 1 6 14 
1.3057918120269298 19 1 6 21 
0.5397478718004343 19 1 7 13 
0.7538992541793572 19 1 7 20 
0.3817995218840574 19 1 8 15 
0.1641391189174960 19 1 8 19 
0.1001797854213145 19 1 8 22 
-0.0059136346872488 19 1 9 14 
0.2842972934746928 19 1 9 18 
-0.0274135389535451 19 1 9 21 
-0.2794874804167718 19 1 10 13 
-0.1318342136098536 19 1 10 20 
-0.0925154304387824 19 1 11 12 
0.0310649219739713 19 1 12 4 
0.0925154304387824 19 1 12 11 
-0.2632926047566703 19 1 13 3 
-0.5397478718004343 19 1 13 7 
0.2794874804167718 19 1 13 10 
0.2297111077464075 19 1 14 2 
-1.1591629261731262 19 1 14 6 
0.0059136346872488 19 1 14 9 
0.1008623227553118 19 1 15 1 
-0.3817995218840574 19 1 15 8 
-0.5447145740817170 19 1 16 0 
-0.4733116688260038 19 1 18 2 
-0.2842972934746928 19 1 18 9 
-0.8970423951995492 19 1 19 1 
-0.1641391189174960 19 1 19 8 
-0.3206294064426383 19 1 20 3 
-0.7538992541793572 19 1 20 7 
0.1318342136098536 19 1 20 10 
0.1683300470881411 19 1 21 2 
-1.3057918120269298 19 1 21 6 
0.0274135389535451 19 1 21 9 
0.0614357696029788 19 1 22 1 
-0.1001797854213145 19 1 22 8 
-0.1460021423079873 19 1 23 0 
0.4306346821966868 19 2 0 17 
0.3297723594413749 19 2 1 16 
0.0778032563686964 19 2 1 23 
-0.3445077457573495 19 2 2 15 
1.0643833405203438 19 2 2 19 
-0.1804630873764543 19 2 2 22 
0.0196471817546327 19 2 3 14 
0.5020228359623832 19 2 3 18 
0.0178036339187621 19 2 3 21 
0.2387336275633793 19 2 4 13 
0.3206294064426384 19 2 4 20 
-0.0245589771932909 19 2 5 12 
1.2294779483955882 19 2 6 15 
0.9233342451021119 19 2 6 22 
0.9495738545989637 19 2 7 14 
0.9233342451021119 19 2 7 21 
0.3817995218840575 19 2 8 16 
0.0613473392059324 19 2 8 23 
0.2275311463804097 19 2 9 15 
0.2010285440889373 19 2 9 19 
0.0419630399155591 19 2 9 22 
-0.2836690516055855 19 2 10 14 
0.2010285440889373 19 2 10 18 
-0.1001159377866791 19 2 10 21 
-0.2442902988536551 19 2 11 13 
-0.0807316384963057 19 2 11 20 
0.0245589771932909 19 2 12 5 
-0.2387336275633793 19 2 13 4 
0.2442902988536551 19 2 13 11 
-0.0196471817546327 19 2 14 3 
-0.9495738545989637 19 2 14 7 
0.2836690516055855 19 2 14 10 
0.3445077457573495 19 2 15 2 
-1.2294779483955882 19 2 15 6 
-0.2275311463804097 19 2 15 9 
-0.3297723594413749 19 2 16 1 
-0.3817995218840575 19 2 16 8 
-0.4306346821966868 19 2 17 0 
-0.5020228359623832 19 2 18 3 
-0.2010285440889373 19 2 18 10 
-1.0643833405203438 19 2 19 2 
-0.2010285440889373 19 2 19 9 
-0.3206294064426384 19 2 20 4 
0.0807316384963057 19 2 20 11 
-0.0178036339187621 19 2 21 3 
-0.9233342451021119 19 2 21 7 
0.1001159377866791 19 2 21 10 
0.1804630873764543 19 2 22 2 
-0.9233342451021119 19 2 22 6 
-0.0419630399155591 19 2 22 9 
-0.0778032563686964 19 2 23 1 
-0.0613473392059324 19 2 23 8 
0.5667739452240730 19 3 1 17 
-0.0138926554499054 19 3 2 16 
-0.0308367985066526 19 3 2 23 
-0.3248605640027167 19 3 3 15 
1.2317242858411379 19 3 3 19 
-0.1685939980972796 19 3 3 22 
0.2436037631963129 19 3 4 14 
0.4733116688260038 19 3 4 18 
0.2019009011513932 19 3 4 21 
0.1596363590949228 19 3 5 13 
0.2389830494637161 19 3 5 20 
1.1591629261731262 19 3 6 16 
0.5330872749617042 19 3 6 23 
1.3593998373974931 19 3 7 15 
0.9233342451021118 19 3 7 22 
0.2845765615698903 19 3 8 17 
0.4349504787852131 19 3 9 16 
0.0596462751958754 19 3 9 23 
-0.1319816206853124 19 3 10 15 
0.2010285440889373 19 3 10 19 
-0.0387685985807467 19 3 10 22 
-0.3940955058352610 19 3 11 14 
0.1160638840445465 19 3 11 18 
-0.1044123968492727 19 3 11 21 
-0.1596363590949228 19 3 13 5 
-0.2436037631963129 19 3 14 4 
0.3940955058352610 19 3 14 11 
0.3248605640027167 19 3 15 3 
-1.3593998373974931 19 3 15 7 
0.1319816206853124 19 3 15 10 
0.0138926554499054 19 3 16 2 
-1.1591629261731262 19 3 16 6 
-0.4349504787852131 19 3 16 9 
-0.5667739452240730 19 3 17 1 
-0.2845765615698903 19 3 17 8 
-0.4733116688260038 19 3 18 4 
-0.1160638840445465 19 3 18 11 
-1.2317242858411379 19 3 19 3 
-0.2010285440889373 19 3 19 10 
-0.2389830494637161 19 3 20 5 
-0.2019009011513932 19 3 21 4 
0.1044123968492727 19 3 21 11 
0.1685939980972796 19 3 22 3 
-0.9233342451021118 19 3 22 7 
0.0387685985807467 19 3 22 10 
0.0308367985066526 19 3 23 2 
-0.5330872749617042 19 3 23 6 
-0.0596462751958754 19 3 23 9 
0.5557908367316601 19 4 2 17 
-0.3395959503186913 19 4 3 16 
-0.1359496812597291 19 4 3 23 
-0.0664797546847047 19 4 4 15 
1.3990652311619325 19 4 4 19 
-0.0258285017654546 19 4 4 22 
0.3522220436670849 19 4 5 14 
0.3741857291563718 19 4 5 18 
0.3059633094098332 19 4 5 21 
0.9163987564831714 19 4 6 17 
1.7692258201960225 19 4 7 16 
0.7538992541793572 19 4 7 23 
0.5181253877359930 19 4 9 17 
0.1755748123440475 19 4 10 16 
0.0184354645221181 19 4 10 23 
-0.4988233134430267 19 4 11 15 
0.1641391189174960 19 4 11 19 
-0.0975715349934660 19 4 11 22 
-0.3522220436670849 19 4 14 5 
0.0664797546847047 19 4 15 4 
0.4988233134430267 19 4 15 11 
0.3395959503186913 19 4 16 3 
-1.7692258201960225 19 4 16 7 
-0.1755748123440475 19 4 16 10 
-0.5557908367316601 19 4 17 2 
-0.9163987564831714 19 4 17 6 
-0.5181253877359930 19 4 17 9 
-0.3741857291563718 19 4 18 5 
-1.3990652311619325 19 4 19 4 
-0.1641391189174960 19 4 19 11 
-0.3059633094098332 19 4 21 5 
0.0258285017654546 19 4 22 4 
0.0975715349934660 19 4 22 11 
0.1359496812597291 19 4 23 3 
-0.7538992541793572 19 4 23 7 
-0.0184354645221181 19 4 23 10 
0.4060757050033961 19 5 3 17 
-0.5136496521077457 19 5 4 16 
-0.1919709274208803 19 5 4 23 
0.4060757050033961 19 5 5 15 
1.5664061764827280 19 5 5 19 
0.2478334016190206 19 5 5 22 
2.1790518029945538 19 5 7 17 
0.6390002474824942 19 5 10 17 
-0.4949674633444236 19 5 11 16 
-0.0612985366039654 19 5 11 23 
-0.4060757050033961 19 5 15 5 
0.5136496521077457 19 5 16 4 
0.4949674633444236 19 5 16 11 
-0.4060757050033961 19 5 17 3 
-2.1790518029945538 19 5 17 7 
-0.6390002474824942 19 5 17 10 
-1.5664061764827280 19 5 19 5 
-0.2478334016190206 19 5 22 5 
0.1919709274208803 19 5 23 4 
0.0612985366039654 19 5 23 11 
0.6055852567447623 19 6 0 17 
-0.5246901645257984 19 6 1 16 
-0.4050277246354249 19 6 1 23 
0.4437950723068345 19 6 2 15 
0.4960556285186414 19 6 2 22 
-0.3628999800878705 19 6 3 14 
-0.4960556285186414 19 6 3 21 
0.2820048878689067 19 6 4 13 
0.4050277246354249 19 6 4 20 
-0.2011097956499428 19 6 5 12 
2.4182531578276305 19 6 6 19 
-0.2913263612051062 19 6 6 22 
0.9036097604888638 19 6 7 18 
0.2913263612051062 19 6 7 21 
0.4050277246354249 19 6 8 16 
0.2545110617725250 19 6 8 23 
-0.4960556285186414 19 6 9 15 
0.2913263612051062 19 6 9 19 
-0.2990863823436821 19 6 9 22 
0.4960556285186414 19 6 10 14 
-0.2913263612051062 19 6 10 18 
0.3436617029148392 19 6 10 21 
-0.4050277246354249 19 6 11 13 
-0.3882370234859963 19 6 11 20 
0.2011097956499428 19 6 12 5 
-0.2820048878689067 19 6 13 4 
0.4050277246354249 19 6 13 11 
0.3628999800878705 19 6 14 3 
-0.4960556285186414 19 6 14 10 
-0.4437950723068345 19 6 15 2 
0.4960556285186414 19 6 15 9 
0.5246901645257984 19 6 16 1 
-0.4050277246354249 19 6 16 8 
-0.6055852567447623 19 6 17 0 
-0.9036097604888638 19 6 18 7 
0.2913263612051062 19 6 18 10 
-2.4182531578276305 19 6 19 6 
-0.2913263612051062 19 6 19 9 
-0.4050277246354249 19 6 20 4 
0.3882370234859963 19 6 20 11 
0.4960556285186414 19 6 21 3 
-0.2913263612051062 19 6 21 7 
-0.3436617029148392 19 6 21 10 
-0.4960556285186414 19 6 22 2 
0.2913263612051062 19 6 22 6 
0.2990863823436821 19 6 22 9 
0.4050277246354249 19 6 23 1 
-0.2545110617725250 19 6 23 8 
0.1808869252477176 19 7 1 17 
-0.2288058730909619 19 7 2 16 
-0.2863978506582666 19 7 2 23 
0.2426852766568917 19 7 3 15 
0.4960556285186413 19 7 3 22 
-0.2288058730909619 19 7 4 14 
-0.7015285975425725 19 7 4 21 
0.1808869252477176 19 7 5 13 
0.9056695250568760 19 7 5 20 
-0.5045920591914066 19 7 6 23 
3.3218629183164934 19 7 7 19 
0.2913263612051061 19 7 7 22 
0.9056695250568760 19 7 8 17 
-0.7015285975425725 19 7 9 16 
-0.0772067199929142 19 7 9 23 
0.4960556285186413 19 7 10 15 
0.2913263612051061 19 7 10 19 
0.0891506411423141 19 7 10 22 
-0.2863978506582666 19 7 11 14 
-0.5045920591914066 19 7 11 18 
-0.0772067199929142 19 7 11 21 
-0.1808869252477176 19 7 13 5 
0.2288058730909619 19 7 14 4 
0.2863978506582666 19 7 14 11 
-0.2426852766568917 19 7 15 3 
-0.4960556285186413 19 7 15 10 
0.2288058730909619 19 7 16 2 
0.7015285975425725 19 7 16 9 
-0.1808869252477176 19 7 17 1 
-0.9056695250568760 19 7 17 8 
0.5045920591914066 19 7 18 11 
-3.3218629183164934 19 7 19 7 
-0.2913263612051061 19 7 19 10 
-0.9056695250568760 19 7 20 5 
0.7015285975425725 19 7 21 4 
0.0772067199929142 19 7 21 11 
-0.4960556285186413 19 7 22 3 
-0.2913263612051061 19 7 22 7 
-0.0891506411423141 19 7 22 10 
0.2863978506582666 19 7 23 2 
0.5045920591914066 19 7 23 6 
0.0772067199929142 19 7 23 9 
-0.1733999522718044 19 8 0 16 
-0.4229784416228939 19 8 0 23 
0.1132335449469799 19 8 1 15 
0.1641391189174960 19 8 1 19 
0.3375318337051730 19 8 1 22 
-0.0075641741244195 19 8 2 14 
-0.1160638840445465 19 8 2 18 
-0.2456672631432748 19 8 2 21 
-0.0989704014337724 19 8 3 13 
0.1458753269264268 19 8 3 20 
0.1621239472479065 19 8 4 12 
-0.5330872749617042 19 8 6 14 
0.5045920591914066 19 8 6 18 
-0.5845462706607063 19 8 6 21 
0.7538992541793572 19 8 7 13 
1.7051716198799021 19 8 7 20 
0.2480432842236160 19 8 8 15 
1.4266556282921552 19 8 8 19 
0.1768835181310507 19 8 8 22 
-0.3500660570721861 19 8 9 14 
-0.2668732542581253 19 8 9 18 
-0.2945754167373216 19 8 9 21 
0.3825568508039190 19 8 10 13 
0.3333360703187658 19 8 10 20 
-0.3486272878429985 19 8 11 12 
-0.1621239472479065 19 8 12 4 
0.3486272878429985 19 8 12 11 
0.0989704014337724 19 8 13 3 
-0.7538992541793572 19 8 13 7 
-0.3825568508039190 19 8 13 10 
0.0075641741244195 19 8 14 2 
0.5330872749617042 19 8 14 6 
0.3500660570721861 19 8 14 9 
-0.1132335449469799 19 8 15 1 
-0.2480432842236160 19 8 15 8 
0.1733999522718044 19 8 16 0 
0.1160638840445465 19 8 18 2 
-0.5045920591914066 19 8 18 6 
0.2668732542581253 19 8 18 9 
-0.1641391189174960 19 8 19 1 
-1.4266556282921552 19 8 19 8 
-0.1458753269264268 19 8 20 3 
-1.7051716198799021 19 8 20 7 
-0.3333360703187658 19 8 20 10 
0.2456672631432748 19 8 21 2 
0.5845462706607063 19 8 21 6 
0.2945754167373216 19 8 21 9 
-0.3375318337051730 19 8 22 1 
-0.1768835181310507 19 8 22 8 
0.4229784416228939 19 8 23 0 
-0.2238583757939532 19 9 0 17 
-0.0389487712028829 19 9 1 16 
-0.2085309863649051 19 9 1 23 
0.1718080706902779 19 9 2 15 
0.2010285440889373 19 9 2 19 
0.2675150553353826 19 9 2 22 
-0.1747195226682318 19 9 3 14 
-0.2010285440889373 19 9 3 18 
-0.2796328545941182 19 9 3 21 
0.0476831271367445 19 9 4 13 
0.2382134113542835 19 9 4 20 
0.2093011159041839 19 9 5 12 
-0.9233342451021119 19 9 6 15 
0.2913263612051062 19 9 6 19 
-0.6749758934395013 19 9 6 22 
0.9233342451021119 19 9 7 14 
0.2913263612051062 19 9 7 18 
1.3676836731601518 19 9 7 21 
0.4050529869813333 19 9 8 16 
0.1768835181310507 19 9 8 23 
-0.3582889126307167 19 9 9 15 
1.2725762831067151 19 9 9 19 
-0.1632628741688270 19 9 9 22 
0.2204912568142013 19 9 10 14 
-0.3081586903708802 19 9 10 18 
-0.0068103219811119 19 9 10 21 
-0.0675190424792119 19 9 11 13 
0.3333360703187658 19 9 11 20 
-0.2093011159041839 19 9 12 5 
-0.0476831271367445 19 9 13 4 
0.0675190424792119 19 9 13 11 
0.1747195226682318 19 9 14 3 
-0.9233342451021119 19 9 14 7 
-0.2204912568142013 19 9 14 10 
-0.1718080706902779 19 9 15 2 
0.9233342451021119 19 9 15 6 
0.3582889126307167 19 9 15 9 
0.0389487712028829 19 9 16 1 
-0.4050529869813333 19 9 16 8 
0.2238583757939532 19 9 17 0 
0.2010285440889373 19 9 18 3 
-0.2913263612051062 19 9 18 7 
0.3081586903708802 19 9 18 10 
-0.2010285440889373 19 9 19 2 
-0.2913263612051062 19 9 19 6 
-1.2725762831067151 19 9 19 9 
-0.2382134113542835 19 9 20 4 
-0.3333360703187658 19 9 20 11 
0.2796328545941182 19 9 21 3 
-1.3676836731601518 19 9 21 7 
0.0068103219811119 19 9 21 10 
-0.2675150553353826 19 9 22 2 
0.6749758934395013 19 9 22 6 
0.1632628741688270 19 9 22 9 
0.2085309863649051 19 9 23 1 
-0.1768835181310507 19 9 23 8 
-0.2938273228288526 19 10 1 17 
0.1878914232224627 19 10 2 16 
-0.0632325152770467 19 10 2 23 
-0.0043671779669308 19 10 3 15 
0.2010285440889373 19 10 3 19 
0.1216397284089557 19 10 3 22 
-0.1796565934756221 19 10 4 14 
-0.2842972934746928 19 10 4 18 
-0.1891617096971435 19 10 4 21 
0.2873171182929216 19 10 5 13 
0.2663306904701491 19 10 5 20 
-1.3057918120269298 19 10 6 16 
-0.5845462706607063 19 10 6 23 
0.9233342451021118 19 10 7 15 
0.2913263612051061 19 10 7 19 
1.0301957264404009 19 10 7 22 
0.4528630066897992 19 10 8 17 
-0.1559108628856662 19 10 9 16 
0.0117958236871889 19 10 9 23 
-0.0275520274094149 19 10 10 15 
1.1184969379212748 19 10 10 19 
-0.1700731961499388 19 10 10 22 
0.0954646841209102 19 10 11 14 
-0.2668732542581253 19 10 11 18 
0.2827795930501327 19 10 11 21 
-0.2873171182929216 19 10 13 5 
0.1796565934756221 19 10 14 4 
-0.0954646841209102 19 10 14 11 
0.0043671779669308 19 10 15 3 
-0.9233342451021118 19 10 15 7 
0.0275520274094149 19 10 15 10 
-0.1878914232224627 19 10 16 2 
1.3057918120269298 19 10 16 6 
0.1559108628856662 19 10 16 9 
0.2938273228288526 19 10 17 1 
-0.4528630066897992 19 10 17 8 
0.2842972934746928 19 10 18 4 
0.2668732542581253 19 10 18 11 
-0.2010285440889373 19 10 19 3 
-0.2913263612051061 19 10 19 7 
-1.1184969379212748 19 10 19 10 
-0.2663306904701491 19 10 20 5 
0.1891617096971435 19 10 21 4 
-0.2827795930501327 19 10 21 11 
-0.1216397284089557 19 10 22 3 
-1.0301957264404009 19 10 22 7 
0.1700731961499388 19 10 22 10 
0.0632325152770467 19 10 23 2 
0.5845462706607063 19 10 23 6 
-0.0117958236871889 19 10 23 9 
-0.2372512246005414 19 11 2 17 
0.3183059195711286 19 11 3 16 
0.0121177992587356 19 11 3 23 
-0.3183059195711286 19 11 4 15 
0.1641391189174960 19 11 4 19 
-0.0197882833262523 19 11 4 22 
0.2372512246005414 19 11 5 14 
-0.3670262276664426 19 11 5 18 
0.0221239733377629 19 11 5 21 
-1.6857699805314355 19 11 6 17 
0.7538992541793572 19 11 7 16 
0.6927077797206503 19 11 7 23 
0.2515829482067949 19 11 9 17 
-0.2250226296680809 19 11 10 16 
-0.1564525521877151 19 11 10 23 
0.1377976558165154 19 11 11 15 
0.9644175927358349 19 11 11 19 
0.1564525521877151 19 11 11 22 
-0.2372512246005414 19 11 14 5 
0.3183059195711286 19 11 15 4 
-0.1377976558165154 19 11 15 11 
-0.3183059195711286 19 11 16 3 
-0.7538992541793572 19 11 16 7 
0.2250226296680809 19 11 16 10 
0.2372512246005414 19 11 17 2 
1.6857699805314355 19 11 17 6 
-0.2515829482067949 19 11 17 9 
0.3670262276664426 19 11 18 5 
-0.1641391189174960 19 11 19 4 
-0.9644175927358349 19 11 19 11 
-0.0221239733377629 19 11 21 5 
0.0197882833262523 19 11 22 4 
-0.1564525521877151 19 11 22 11 
-0.0121177992587356 19 11 23 3 
-0.6927077797206503 19 11 23 7 
0.1564525521877151 19 11 23 10 
0.4551936593899776 19 12 12 15 
0.5997795608768500 19 12 12 19 
0.3079248623420184 19 12 12 22 
-0.6107063791937254 19 12 13 14 
-0.5422130273267997 19 12 13 18 
-0.1004812380846255 19 12 13 21 
0.6107063791937254 19 12 14 13 
-0.0455935121061742 19 12 14 20 
-0.4551936593899776 19 12 15 12 
0.5422130273267997 19 12 18 13 
1.3187437528649926 19 12 18 20 
-0.5997795608768500 19 12 19 12 
0.0455935121061742 19 12 20 14 
-1.3187437528649926 19 12 20 18 
0.2593995367826311 19 12 20 21 
0.1004812380846255 19 12 21 13 
-0.2593995367826311 19 12 21 20 
-0.3079248623420184 19 12 22 12 
0.5757794960556882 19 13 12 16 
0.2385175727467696 19 13 12 23 
-0.3641549275119820 19 13 13 15 
0.3572945233991149 19 13 13 19 
0.2180517108137930 19 13 13 22 
-0.6858512573471222 19 13 14 18 
-0.1624164124008923 19 13 14 21 
0.3641549275119820 19 13 15 13 
-0.0611701154414191 19 13 15 20 
-0.5757794960556882 19 13 16 12 
0.6858512573471222 19 13 18 14 
1.0214945185522371 19 13 18 21 
-0.3572945233991149 19 13 19 13 
0.5897601352618611 19 13 19 20 
0.0611701154414191 19 13 20 15 
-0.5897601352618611 19 13 20 19 
0.2320139990311680 19 13 20 22 
0.1624164124008923 19 13 21 14 
-1.0214945185522371 19 13 21 18 
-0.2180517108137930 19 13 22 13 
-0.2320139990311680 19 13 22 20 
-0.2385175727467696 19 13 23 12 
0.4551936593899776 19 14 12 17 
0.0910387318779955 19 14 13 16 
0.3220935552223515 19 14 13 23 
-0.3641549275119821 19 14 14 15 
0.1148094859213800 19 14 14 19 
0.1032059642291312 19 14 14 22 
0.3641549275119822 19 14 15 14 
-0.7274551124332052 19 14 15 18 
-0.2097275124616475 19 14 15 21 
-0.0910387318779955 19 14 16 13 
-0.0611701154414191 19 14 16 20 
-0.4551936593899776 19 14 17 12 
0.7274551124332052 19 14 18 15 
0.7223057010131746 19 14 18 22 
-0.1148094859213800 19 14 19 14 
0.7223057010131746 19 14 19 21 
0.0611701154414191 19 14 20 16 
0.1420789777022381 19 14 20 23 
0.2097275124616475 19 14 21 15 
-0.7223057010131746 19 14 21 19 
0.1420789777022381 19 14 21 22 
-0.1032059642291312 19 14 22 14 
-0.7223057010131746 19 14 22 18 
-0.1420789777022381 19 14 22 21 
-0.3220935552223515 19 14 23 13 
-0.1420789777022381 19 14 23 20 
0.4071375861291502 19 15 13 17 
-0.2574964186462183 19 15 14 16 
0.3632587073286083 19 15 14 23 
-0.1276755515563551 19 15 15 19 
-0.0366123774119671 19 15 15 22 
0.2574964186462183 19 15 16 14 
-0.6858512573471222 19 15 16 18 
-0.2330495776338199 19 15 16 21 
-0.4071375861291502 19 15 17 13 
-0.0455935121061742 19 15 17 20 
0.6858512573471222 19 15 18 16 
0.4170233909171576 19 15 18 23 
0.1276755515563551 19 15 19 15 
0.7223057010131744 19 15 19 22 
0.0455935121061742 19 15 20 17 
0.2330495776338199 19 15 21 16 
0.1640586720451480 19 15 21 23 
0.0366123774119671 19 15 22 15 
-0.7223057010131744 19 15 22 19 
-0.3632587073286083 19 15 23 14 
-0.4170233909171576 19 15 23 18 
-0.1640586720451480 19 15 23 21 
0.2035687930645751 19 16 14 17 
-0.2731161956339865 19 16 15 16 
0.3628736321832975 19 16 15 23 
0.2731161956339865 19 16 16 15 
-0.3701605890340903 19 16 16 19 
-0.2014033141095020 19 16 16 22 
-0.2035687930645751 19 16 17 14 
-0.5422130273267997 19 16 17 18 
-0.2121620783261599 19 16 17 21 
0.5422130273267997 19 16 18 17 
0.3701605890340903 19 16 19 16 
0.5897601352618611 19 16 19 23 
0.2121620783261599 19 16 21 17 
0.2014033141095020 19 16 22 16 
0.1160069995155840 19 16 22 23 
-0.3628736321832975 19 16 23 15 
-0.5897601352618611 19 16 23 19 
-0.1160069995155840 19 16 23 22 
0.3029965359235433 19 17 16 23 
-0.6126456265118255 19 17 17 19 
-0.3911668458634735 19 17 17 22 
0.6126456265118255 19 17 19 17 
0.3911668458634735 19 17 22 17 
-0.3029965359235433 19 17 23 16 
0.8066950523947050 19 18 12 17 
-0.8066950523947048 19 18 13 16 
0.8066950523947048 19 18 14 15 
-0.8066950523947048 19 18 15 14 
0.8066950523947048 19 18 16 13 
-0.8066950523947050 19 18 17 12 
1.5146433973387663 19 18 18 19 
-1.5146433973387663 19 18 19 18 
0.6427480852585211 19 18 20 23 
-0.6427480852585211 19 18 21 22 
0.6427480852585211 19 18 22 21 
-0.6427480852585211 19 18 23 20 
-0.3355238995197108 19 20 12 16 
-0.0743511537798954 19 20 12 23 
0.2122039463807523 19 20 13 15 
-0.5897601352618611 19 20 13 19 
-0.0450250170987460 19 20 13 22 
0.4170233909171576 19 20 14 18 
0.1043987939289113 19 20 14 21 
-0.2122039463807523 19 20 15 13 
-0.1021679572971892 19 20 15 20 
0.3355238995197108 19 20 16 12 
-0.4170233909171576 19 20 18 14 
-0.3176730164025809 19 20 18 21 
0.5897601352618611 19 20 19 13 
0.2785159915877468 19 20 19 20 
0.1021679572971892 19 20 20 15 
-0.2785159915877468 19 20 20 19 
-0.1564525521877151 19 20 20 22 
-0.1043987939289113 19 20 21 14 
0.3176730164025809 19 20 21 18 
0.0450250170987460 19 20 22 13 
0.1564525521877151 19 20 22 20 
0.0743511537798954 19 20 23 12 
-0.4331594916981370 19 21 12 17 
-0.0866318983396274 19 21 13 16 
-0.1410119438856932 19 21 13 23 
0.3465275933585096 19 21 14 15 
-0.7223057010131746 19 21 14 19 
0.0470237985211814 19 21 14 22 
-0.3465275933585096 19 21 15 14 
0.7223057010131746 19 21 15 18 
0.0786560580365985 19 21 15 21 
0.0866318983396274 19 21 16 13 
-0.1668395756270498 19 21 16 20 
0.4331594916981370 19 21 17 12 
-0.7223057010131746 19 21 18 15 
-0.3668172030686210 19 21 18 22 
0.7223057010131746 19 21 19 14 
0.0951073900534364 19 21 19 21 
0.1668395756270498 19 21 20 16 
-0.1564525521877151 19 21 20 23 
-0.0786560580365985 19 21 21 15 
-0.0951073900534364 19 21 21 19 
-0.1564525521877151 19 21 21 22 
-0.0470237985211814 19 21 22 14 
0.3668172030686210 19 21 22 18 
0.1564525521877151 19 21 22 21 
0.1410119438856932 19 21 23 13 
0.1564525521877151 19 21 23 20 
-0.5811444411217741 19 22 13 17 
0.3675480166980848 19 22 14 16 
-0.1586971993979569 19 22 14 23 
-0.7223057010131744 19 22 15 19 
0.1491917558183705 19 22 15 22 
-0.3675480166980848 19 22 16 14 
1.0214945185522371 19 22 16 18 
-0.0332508468114773 19 22 16 21 
0.5811444411217741 19 22 17 13 
-0.1865323162196501 19 22 17 20 
-1.0214945185522371 19 22 18 16 
-0.3176730164025809 19 22 18 23 
0.7223057010131744 19 22 19 15 
-0.0883012114808741 19 22 19 22 
0.1865323162196501 19 22 20 17 
0.0332508468114773 19 22 21 16 
-0.2709837693629437 19 22 21 23 
-0.1491917558183705 19 22 22 15 
0.0883012114808741 19 22 22 19 
0.1586971993979569 19 22 23 14 
0.3176730164025809 19 22 23 18 
0.2709837693629437 19 22 23 21 
-0.4745024492010828 19 23 14 17 
0.6366118391422571 19 23 15 16 
-0.1256798565577799 19 23 15 23 
-0.6366118391422571 19 23 16 15 
-0.5897601352618611 19 23 16 19 
0.2052343463418286 19 23 16 22 
0.4745024492010828 19 23 17 14 
1.3187437528649926 19 23 17 18 
-0.2294589748690320 19 23 17 21 
-1.3187437528649926 19 23 18 17 
0.5897601352618611 19 23 19 16 
-0.2717098130151846 19 23 19 23 
0.2294589748690320 19 23 21 17 
-0.2052343463418286 19 23 22 16 
-0.3129051043754301 19 23 22 23 
0.1256798565577799 19 23 23 15 
0.2717098130151846 19 23 23 19 
0.3129051043754301 19 23 23 22 
0.5977347221390407 20 0 0 13 
2.7151279205650520 20 0 0 20 
-0.5977347221390407 20 0 1 12 
1.4213271069096887 20 0 8 12 
0.5977347221390407 20 0 12 1 
-1.4213271069096887 20 0 12 8 
-0.5977347221390407 20 0 13 0 
-2.7151279205650520 20 0 20 0 
0.9447102679451058 20 1 0 14 
0.1919709274208803 20 1 0 18 
1.2179677226382328 20 1 0 21 
-0.5972397481227559 20 1 1 13 
1.7716941793658423 20 1 1 20 
-0.0003913113185153 20 1 2 12 
0.4949674633444236 20 1 6 12 
1.2207519349131672 20 1 8 13 
0.5545317547066538 20 1 8 20 
0.2589414336017387 20 1 9 12 
0.0003913113185153 20 1 12 2 
-0.4949674633444236 20 1 12 6 
-0.2589414336017387 20 1 12 9 
0.5972397481227559 20 1 13 1 
-1.2207519349131672 20 1 13 8 
-0.9447102679451058 20 1 14 0 
-0.1919709274208803 20 1 18 0 
-1.7716941793658423 20 1 20 1 
-0.5545317547066538 20 1 20 8 
-1.2179677226382328 20 1 21 0 
0.9757574216682700 20 2 0 15 
0.2389830494637161 20 2 0 19 
0.9500737232624755 20 2 0 22 
-0.1141414843783102 20 2 1 14 
0.1359496812597291 20 2 1 18 
0.6908490765015284 20 2 1 21 
-0.4830982637444456 20 2 2 13 
1.3486372476904103 20 2 2 20 
0.3597112539990645 20 2 3 12 
0.4988233134430267 20 2 6 13 
0.1377976558165154 20 2 6 20 
0.2845765615698904 20 2 7 12 
1.2103771502586795 20 2 8 14 
0.0121177992587356 20 2 8 18 
0.5379363625577981 20 2 8 21 
0.0169419523965004 20 2 9 13 
0.3676102009098723 20 2 9 20 
0.3472568086448409 20 2 10 12 
-0.3597112539990645 20 2 12 3 
-0.2845765615698904 20 2 12 7 
-0.3472568086448409 20 2 12 10 
0.4830982637444456 20 2 13 2 
-0.4988233134430267 20 2 13 6 
-0.0169419523965004 20 2 13 9 
0.1141414843783102 20 2 14 1 
-1.2103771502586795 20 2 14 8 
-0.9757574216682700 20 2 15 0 
-0.1359496812597291 20 2 18 1 
-0.0121177992587356 20 2 18 8 
-0.2389830494637161 20 2 19 0 
-1.3486372476904103 20 2 20 2 
-0.1377976558165154 20 2 20 6 
-0.3676102009098723 20 2 20 9 
-0.6908490765015284 20 2 21 1 
-0.5379363625577981 20 2 21 8 
-0.9500737232624755 20 2 22 0 
0.9347043256344042 20 3 0 16 
0.3893801716987215 20 3 0 23 
0.1267981115135362 20 3 1 15 
0.3206294064426383 20 3 1 19 
0.9730450732442246 20 3 1 22 
-0.2555550331672065 20 3 2 14 
0.0308367985066526 20 3 2 18 
0.0447093304648900 20 3 2 21 
-0.2421586678525993 20 3 3 13 
1.3228243037112184 20 3 3 20 
0.5729746368493853 20 3 4 12 
0.3940955058352610 20 3 6 14 
0.2863978506582666 20 3 6 18 
0.0954646841209102 20 3 6 21 
0.3817995218840574 20 3 7 13 
0.2480432842236160 20 3 7 20 
1.3858908405201931 20 3 8 15 
0.1458753269264268 20 3 8 19 
0.4143150242978705 20 3 8 22 
-0.3039986289568479 20 3 9 14 
-0.0632325152770467 20 3 9 18 
0.4533233295735349 20 3 9 21 
0.4553319126083512 20 3 10 13 
0.1588257818259819 20 3 10 20 
0.0136354643374492 20 3 11 12 
-0.5729746368493853 20 3 12 4 
-0.0136354643374492 20 3 12 11 
0.2421586678525993 20 3 13 3 
-0.3817995218840574 20 3 13 7 
-0.4553319126083512 20 3 13 10 
0.2555550331672065 20 3 14 2 
-0.3940955058352610 20 3 14 6 
0.3039986289568479 20 3 14 9 
-0.1267981115135362 20 3 15 1 
-1.3858908405201931 20 3 15 8 
-0.9347043256344042 20 3 16 0 
-0.0308367985066526 20 3 18 2 
-0.2863978506582666 20 3 18 6 
0.0632325152770467 20 3 18 9 
-0.3206294064426383 20 3 19 1 
-0.1458753269264268 20 3 19 8 
-1.3228243037112184 20 3 20 3 
-0.2480432842236160 20 3 20 7 
-0.1588257818259819 20 3 20 10 
-0.0447093304648900 20 3 21 2 
-0.0954646841209102 20 3 21 6 
-0.4533233295735349 20 3 21 9 
-0.9730450732442246 20 3 22 1 
-0.4143150242978705 20 3 22 8 
-0.3893801716987215 20 3 23 0 
0.9817762125315213 20 4 0 17 
0.2005416305950493 20 4 1 16 
0.4925312873101582 20 4 1 23 
-0.0737435190815130 20 4 2 15 
0.3206294064426384 20 4 2 19 
0.6714324891777179 20 4 2 22 
-0.1671960768103334 20 4 3 14 
-0.0778032563686964 20 4 3 18 
-0.4054692984464331 20 4 3 21 
-0.0749625910422659 20 4 4 13 
1.5711225256007257 20 4 4 20 
0.7997245486230264 20 4 5 12 
0.2442902988536551 20 4 6 15 
0.4050277246354249 20 4 6 19 
-0.0675190424792119 20 4 6 22 
0.3817995218840575 20 4 7 14 
0.4050277246354249 20 4 7 18 
0.4050529869813333 20 4 7 21 
1.7429810932716732 20 4 8 16 
0.2517225546498314 20 4 8 23 
-0.5831259409084016 20 4 9 15 
0.2382134113542835 20 4 9 19 
0.4248510468825667 20 4 9 22 
0.4447699273490021 20 4 10 14 
-0.2085309863649051 20 4 10 18 
0.2162449539404549 20 4 10 21 
0.0172476497041354 20 4 11 13 
0.0431164617077196 20 4 11 20 
-0.7997245486230264 20 4 12 5 
0.0749625910422659 20 4 13 4 
-0.0172476497041354 20 4 13 11 
0.1671960768103334 20 4 14 3 
-0.3817995218840575 20 4 14 7 
-0.4447699273490021 20 4 14 10 
0.0737435190815130 20 4 15 2 
-0.2442902988536551 20 4 15 6 
0.5831259409084016 20 4 15 9 
-0.2005416305950493 20 4 16 1 
-1.7429810932716732 20 4 16 8 
-0.9817762125315213 20 4 17 0 
0.0778032563686964 20 4 18 3 
-0.4050277246354249 20 4 18 7 
0.2085309863649051 20 4 18 10 
-0.3206294064426384 20 4 19 2 
-0.4050277246354249 20 4 19 6 
-0.2382134113542835 20 4 19 9 
-1.5711225256007257 20 4 20 4 
-0.0431164617077196 20 4 20 11 
0.4054692984464331 20 4 21 3 
-0.4050529869813333 20 4 21 7 
-0.2162449539404549 20 4 21 10 
-0.6714324891777179 20 4 22 2 
0.0675190424792119 20 4 22 6 
-0.4248510468825667 20 4 22 9 
-0.4925312873101582 20 4 23 1 
-0.2517225546498314 20 4 23 8 
0.9817762125315213 20 5 1 17 
-0.6176201664521721 20 5 2 16 
0.3893801716987215 20 5 2 23 
0.5273327033390883 20 5 3 15 
0.2389830494637161 20 5 3 19 
0.2756474824203968 20 5 3 22 
-0.6915009003500333 20 5 4 14 
-0.1460021423079873 20 5 4 18 
-0.5154638301267874 20 5 4 21 
0.7997245486230263 20 5 5 13 
1.9703990915313929 20 5 5 20 
0.0925154304387824 20 5 6 16 
-0.3486272878429985 20 5 6 23 
0.2845765615698903 20 5 7 15 
0.9056695250568760 20 5 7 19 
0.4528630066897992 20 5 7 22 
2.2773359960870847 20 5 8 17 
-0.6898492131894587 20 5 9 16 
0.3249724206745277 20 5 9 23 
0.3236394916275853 20 5 10 15 
0.2663306904701491 20 5 10 19 
0.1935635387372201 20 5 10 22 
0.0136354643374492 20 5 11 14 
-0.4229784416228939 20 5 11 18 
0.0556631127137958 20 5 11 21 
-0.7997245486230263 20 5 13 5 
0.6915009003500333 20 5 14 4 
-0.0136354643374492 20 5 14 11 
-0.5273327033390883 20 5 15 3 
-0.2845765615698903 20 5 15 7 
-0.3236394916275853 20 5 15 10 
0.6176201664521721 20 5 16 2 
-0.0925154304387824 20 5 16 6 
0.6898492131894587 20 5 16 9 
-0.9817762125315213 20 5 17 1 
-2.2773359960870847 20 5 17 8 
0.1460021423079873 20 5 18 4 
0.4229784416228939 20 5 18 11 
-0.2389830494637161 20 5 19 3 
-0.9056695250568760 20 5 19 7 
-0.2663306904701491 20 5 19 10 
-1.9703990915313929 20 5 20 5 
0.5154638301267874 20 5 21 4 
-0.0556631127137958 20 5 21 11 
-0.2756474824203968 20 5 22 3 
-0.4528630066897992 20 5 22 7 
-0.1935635387372201 20 5 22 10 
-0.3893801716987215 20 5 23 2 
0.3486272878429985 20 5 23 6 
-0.3249724206745277 20 5 23 9 
0.2372512246005414 20 6 0 15 
1.6857699805314355 20 6 0 19 
0.2515829482067949 20 6 0 22 
-0.3183059195711286 20 6 1 14 
-0.7538992541793572 20 6 1 18 
-0.2250226296680809 20 6 1 21 
0.3183059195711286 20 6 2 13 
0.1377976558165154 20 6 2 20 
-0.2372512246005414 20 6 3 12 
-0.1641391189174960 20 6 6 13 
0.9644175927358349 20 6 6 20 
0.3670262276664426 20 6 7 12 
0.0121177992587356 20 6 8 14 
0.6927077797206503 20 6 8 18 
0.1564525521877151 20 6 8 21 
-0.0197882833262523 20 6 9 13 
-0.1564525521877151 20 6 9 20 
0.0221239733377629 20 6 10 12 
0.2372512246005414 20 6 12 3 
-0.3670262276664426 20 6 12 7 
-0.0221239733377629 20 6 12 10 
-0.3183059195711286 20 6 13 2 
0.1641391189174960 20 6 13 6 
0.0197882833262523 20 6 13 9 
0.3183059195711286 20 6 14 1 
-0.0121177992587356 20 6 14 8 
-0.2372512246005414 20 6 15 0 
0.7538992541793572 20 6 18 1 
-0.6927077797206503 20 6 18 8 
-1.6857699805314355 20 6 19 0 
-0.1377976558165154 20 6 20 2 
-0.9644175927358349 20 6 20 6 
0.1564525521877151 20 6 20 9 
0.2250226296680809 20 6 21 1 
-0.1564525521877151 20 6 21 8 
-0.2515829482067949 20 6 22 0 
0.1621239472479065 20 7 0 16 
-0.3486272878429985 20 7 0 23 
-0.0989704014337724 20 7 1 15 
0.7538992541793572 20 7 1 19 
0.3825568508039190 20 7 1 22 
-0.0075641741244195 20 7 2 14 
-0.5330872749617042 20 7 2 18 
-0.3500660570721861 20 7 2 21 
0.1132335449469799 20 7 3 13 
0.2480432842236160 20 7 3 20 
-0.1733999522718044 20 7 4 12 
-0.1160638840445465 20 7 6 14 
0.5045920591914066 20 7 6 18 
-0.2668732542581253 20 7 6 21 
0.1641391189174960 20 7 7 13 
1.4266556282921552 20 7 7 20 
0.1458753269264268 20 7 8 15 
1.7051716198799021 20 7 8 19 
0.3333360703187658 20 7 8 22 
-0.2456672631432748 20 7 9 14 
-0.5845462706607063 20 7 9 18 
-0.2945754167373216 20 7 9 21 
0.3375318337051730 20 7 10 13 
0.1768835181310507 20 7 10 20 
-0.4229784416228939 20 7 11 12 
0.1733999522718044 20 7 12 4 
0.4229784416228939 20 7 12 11 
-0.1132335449469799 20 7 13 3 
-0.1641391189174960 20 7 13 7 
-0.3375318337051730 20 7 13 10 
0.0075641741244195 20 7 14 2 
0.1160638840445465 20 7 14 6 
0.2456672631432748 20 7 14 9 
0.0989704014337724 20 7 15 1 
-0.1458753269264268 20 7 15 8 
-0.1621239472479065 20 7 16 0 
0.5330872749617042 20 7 18 2 
-0.5045920591914066 20 7 18 6 
0.5845462706607063 20 7 18 9 
-0.7538992541793572 20 7 19 1 
-1.7051716198799021 20 7 19 8 
-0.2480432842236160 20 7 20 3 
-1.4266556282921552 20 7 20 7 
-0.1768835181310507 20 7 20 10 
0.3500660570721861 20 7 21 2 
0.2668732542581253 20 7 21 6 
0.2945754167373216 20 7 21 9 
-0.3825568508039190 20 7 22 1 
-0.3333360703187658 20 7 22 8 
0.3486272878429985 20 7 23 0 
-0.5565779120871285 20 8 0 14 
-0.0612985366039654 20 8 0 18 
-0.7158974169740153 20 8 0 21 
0.7040215590145148 20 8 1 13 
0.5545317547066538 20 8 1 20 
-0.5565779120871285 20 8 2 12 
-0.0612985366039654 20 8 6 12 
0.5545317547066538 20 8 8 13 
2.6562007429236569 20 8 8 20 
-0.7158974169740153 20 8 9 12 
0.5565779120871285 20 8 12 2 
0.0612985366039654 20 8 12 6 
0.7158974169740153 20 8 12 9 
-0.7040215590145148 20 8 13 1 
-0.5545317547066538 20 8 13 8 
0.5565779120871285 20 8 14 0 
0.0612985366039654 20 8 18 0 
-0.5545317547066538 20 8 20 1 
-2.6562007429236569 20 8 20 8 
0.7158974169740153 20 8 21 0 
-0.8081306961200683 20 9 0 15 
-0.1473951316959303 20 9 0 19 
-0.5688093678485058 20 9 0 22 
0.6530977058611501 20 9 1 14 
0.0184354645221181 20 9 1 18 
-0.0457731896074767 20 9 1 21 
-0.2219743089850812 20 9 2 13 
0.3676102009098723 20 9 2 20 
-0.1558905259854422 20 9 3 12 
-0.0975715349934660 20 9 6 13 
-0.1564525521877151 20 9 6 20 
0.1120044050867008 20 9 7 12 
0.5379363625577981 20 9 8 14 
0.1564525521877151 20 9 8 18 
1.2844870956086989 20 9 8 21 
-0.3239146468636258 20 9 9 13 
1.3717136473149578 20 9 9 20 
-0.2578377649557052 20 9 10 12 
0.1558905259854422 20 9 12 3 
-0.1120044050867008 20 9 12 7 
0.2578377649557052 20 9 12 10 
0.2219743089850812 20 9 13 2 
0.0975715349934660 20 9 13 6 
0.3239146468636258 20 9 13 9 
-0.6530977058611501 20 9 14 1 
-0.5379363625577981 20 9 14 8 
0.8081306961200683 20 9 15 0 
-0.0184354645221181 20 9 18 1 
-0.1564525521877151 20 9 18 8 
0.1473951316959303 20 9 19 0 
-0.3676102009098723 20 9 20 2 
0.1564525521877151 20 9 20 6 
-1.3717136473149578 20 9 20 9 
0.0457731896074767 20 9 21 1 
-1.2844870956086989 20 9 21 8 
0.5688093678485058 20 9 22 0 
-1.0424992526696730 20 10 0 16 
-0.3249724206745277 20 10 0 23 
0.5958547704923358 20 10 1 15 
-0.1318342136098536 20 10 1 19 
-0.2570360104493457 20 10 1 22 
-0.1701896066344306 20 10 2 14 
0.0596462751958754 20 10 2 18 
0.1493853732298843 20 10 2 21 
0.0124734272615149 20 10 3 13 
0.1588257818259819 20 10 3 20 
-0.1200923581407499 20 10 4 12 
-0.1044123968492727 20 10 6 14 
-0.0772067199929142 20 10 6 18 
-0.2827795930501327 20 10 6 21 
0.1001797854213145 20 10 7 13 
0.1768835181310507 20 10 7 20 
0.4143150242978704 20 10 8 15 
0.3333360703187658 20 10 8 19 
0.9331270822982918 20 10 8 22 
-0.0964592649637798 20 10 9 14 
-0.0117958236871889 20 10 9 18 
0.4057155965344679 20 10 9 21 
-0.1875006461353084 20 10 10 13 
1.0203536340045507 20 10 10 20 
-0.0556631127137958 20 10 11 12 
0.1200923581407499 20 10 12 4 
0.0556631127137958 20 10 12 11 
-0.0124734272615149 20 10 13 3 
-0.1001797854213145 20 10 13 7 
0.1875006461353084 20 10 13 10 
0.1701896066344306 20 10 14 2 
0.1044123968492727 20 10 14 6 
0.0964592649637798 20 10 14 9 
-0.5958547704923358 20 10 15 1 
-0.4143150242978704 20 10 15 8 
1.0424992526696730 20 10 16 0 
-0.0596462751958754 20 10 18 2 
0.0772067199929142 20 10 18 6 
0.0117958236871889 20 10 18 9 
0.1318342136098536 20 10 19 1 
-0.3333360703187658 20 10 19 8 
-0.1588257818259819 20 10 20 3 
-0.1768835181310507 20 10 20 7 
-1.0203536340045507 20 10 20 10 
-0.1493853732298843 20 10 21 2 
0.2827795930501327 20 10 21 6 
-0.4057155965344679 20 10 21 9 
0.2570360104493457 20 10 22 1 
-0.9331270822982918 20 10 22 8 
0.3249724206745277 20 10 23 0 
-1.5505139195846513 20 11 0 17 
0.7429974707799867 20 11 1 16 
-0.2517225546498314 20 11 1 23 
-0.3781124336526365 20 11 2 15 
-0.0807316384963057 20 11 2 19 
-0.0032538138699106 20 11 2 22 
0.2798534184489717 20 11 3 14 
0.0613473392059324 20 11 3 18 
0.0884168946938735 20 11 3 21 
-0.2722150354153634 20 11 4 13 
0.0431164617077196 20 11 4 20 
0.1791918947981832 20 11 5 12 
-0.0807316384963057 20 11 6 15 
-0.3882370234859963 20 11 6 19 
-0.3333360703187658 20 11 6 22 
0.0613473392059324 20 11 7 14 
0.2545110617725250 20 11 7 18 
0.1768835181310507 20 11 7 21 
0.2517225546498314 20 11 8 16 
0.3540466627469449 20 11 8 23 
0.0032538138699106 20 11 9 15 
0.3333360703187658 20 11 9 19 
0.5790804195513470 20 11 9 22 
-0.0884168946938735 20 11 10 14 
-0.1768835181310507 20 11 10 18 
-0.2277204062409398 20 11 10 21 
-0.0431164617077196 20 11 11 13 
1.2480740402454908 20 11 11 20 
-0.1791918947981832 20 11 12 5 
0.2722150354153634 20 11 13 4 
0.0431164617077196 20 11 13 11 
-0.2798534184489717 20 11 14 3 
-0.0613473392059324 20 11 14 7 
0.0884168946938735 20 11 14 10 
0.3781124336526365 20 11 15 2 
0.0807316384963057 20 11 15 6 
-0.0032538138699106 20 11 15 9 
-0.7429974707799867 20 11 16 1 
-0.2517225546498314 20 11 16 8 
1.5505139195846513 20 11 17 0 
-0.0613473392059324 20 11 18 3 
-0.2545110617725250 20 11 18 7 
0.1768835181310507 20 11 18 10 
0.0807316384963057 20 11 19 2 
0.3882370234859963 20 11 19 6 
-0.3333360703187658 20 11 19 9 
-0.0431164617077196 20 11 20 4 
-1.2480740402454908 20 11 20 11 
-0.0884168946938735 20 11 21 3 
-0.1768835181310507 20 11 21 7 
0.2277204062409398 20 11 21 10 
0.0032538138699106 20 11 22 2 
0.3333360703187658 20 11 22 6 
-0.5790804195513470 20 11 22 9 
0.2517225546498314 20 11 23 1 
-0.3540466627469449 20 11 23 8 
1.1954694442780811 20 12 12 13 
1.2938008136553631 20 12 12 20 
-1.1954694442780811 20 12 13 12 
-1.2938008136553631 20 12 20 12 
0.9451015792636208 20 13 12 14 
-0.3029965359235433 20 13 12 18 
0.9590262890364940 20 13 12 21 
0.5509422444526750 20 13 13 20 
-0.9451015792636208 20 13 14 12 
0.3029965359235433 20 13 18 12 
-0.5509422444526750 20 13 20 13 
-0.9590262890364940 20 13 21 12 
0.6160461676692053 20 14 12 15 
-0.0455935121061742 20 14 12 19 
0.6028169146176346 20 14 12 22 
0.3689567793661355 20 14 13 14 
-0.3628736321832975 20 14 13 18 
0.6739071241050278 20 14 13 21 
-0.3689567793661355 20 14 14 13 
0.1382600974317309 20 14 14 20 
-0.6160461676692053 20 14 15 12 
0.3628736321832975 20 14 18 13 
0.1256798565577799 20 14 18 20 
0.0455935121061742 20 14 19 12 
-0.1382600974317309 20 14 20 14 
-0.1256798565577799 20 14 20 18 
0.1703261616479257 20 14 20 21 
-0.6739071241050278 20 14 21 13 
-0.1703261616479257 20 14 21 20 
-0.6028169146176346 20 14 22 12 
0.3617296887850188 20 15 12 16 
0.3757447073612723 20 15 12 23 
0.3689567793661356 20 15 13 15 
-0.0611701154414191 20 15 13 19 
0.5177131606358732 20 15 13 22 
-0.3632587073286083 20 15 14 18 
0.3487079594217378 20 15 14 21 
-0.3689567793661356 20 15 15 13 
-0.0630665368089746 20 15 15 20 
-0.3617296887850188 20 15 16 12 
0.3632587073286083 20 15 18 14 
0.1586971993979569 20 15 18 21 
0.0611701154414191 20 15 19 13 
0.1021679572971892 20 15 19 20 
0.0630665368089746 20 15 20 15 
-0.1021679572971892 20 15 20 19 
0.2554892424718886 20 15 20 22 
-0.3487079594217378 20 15 21 14 
-0.1586971993979569 20 15 21 18 
-0.5177131606358732 20 15 22 13 
-0.2554892424718886 20 15 22 20 
-0.3757447073612723 20 15 23 12 
0.1820516639084949 20 16 12 17 
0.2755042216373152 20 16 13 16 
0.4752836376060228 20 16 13 23 
0.0934525577288204 20 16 14 15 
-0.0611701154414191 20 16 14 19 
0.2266625618287158 20 16 14 22 
-0.0934525577288204 20 16 15 14 
-0.3220935552223515 20 16 15 18 
0.1776566424619686 20 16 15 21 
-0.2755042216373152 20 16 16 13 
-0.1718585676709473 20 16 16 20 
-0.1820516639084949 20 16 17 12 
0.3220935552223515 20 16 18 15 
0.1410119438856932 20 16 18 22 
0.0611701154414191 20 16 19 14 
0.1668395756270498 20 16 19 21 
0.1718585676709473 20 16 20 16 
0.2086060929421117 20 16 20 23 
-0.1776566424619686 20 16 21 15 
-0.1668395756270498 20 16 21 19 
0.2086060929421117 20 16 21 22 
-0.2266625618287158 20 16 22 14 
-0.1410119438856932 20 16 22 18 
-0.2086060929421117 20 16 22 21 
-0.4752836376060228 20 16 23 13 
-0.2086060929421117 20 16 23 20 
0.1820516639084949 20 17 13 17 
0.0738807338978611 20 17 14 16 
0.3757447073612723 20 17 14 23 
-0.0455935121061742 20 17 15 19 
-0.0479920092071885 20 17 15 22 
-0.0738807338978611 20 17 16 14 
-0.2385175727467696 20 17 16 18 
0.1743853830626714 20 17 16 21 
-0.1820516639084949 20 17 17 13 
-0.3069369045556926 20 17 17 20 
0.2385175727467696 20 17 18 16 
0.0743511537798954 20 17 18 23 
0.0455935121061742 20 17 19 15 
0.1865323162196501 20 17 19 22 
0.3069369045556926 20 17 20 17 
-0.1743853830626714 20 17 21 16 
0.2693093079607318 20 17 21 23 
0.0479920092071885 20 17 22 15 
-0.1865323162196501 20 17 22 19 
-0.3757447073612723 20 17 23 14 
-0.0743511537798954 20 17 23 18 
-0.2693093079607318 20 17 23 21 
0.4745024492010828 20 18 12 15 
1.3187437528649926 20 18 12 19 
0.2294589748690320 20 18 12 22 
-0.6366118391422571 20 18 13 14 
-0.5897601352618611 20 18 13 18 
-0.2052343463418286 20 18 13 21 
0.6366118391422571 20 18 14 13 
0.1256798565577799 20 18 14 20 
-0.4745024492010828 20 18 15 12 
0.5897601352618611 20 18 18 13 
0.2717098130151846 20 18 18 20 
-1.3187437528649926 20 18 19 12 
-0.1256798565577799 20 18 20 14 
-0.2717098130151846 20 18 20 18 
0.3129051043754301 20 18 20 21 
0.2052343463418286 20 18 21 13 
-0.3129051043754301 20 18 21 20 
-0.2294589748690320 20 18 22 12 
0.3355238995197108 20 19 12 16 
0.0743511537798954 20 19 12 23 
-0.2122039463807523 20 19 13 15 
0.5897601352618611 20 19 13 19 
0.0450250170987460 20 19 13 22 
-0.4170233909171576 20 19 14 18 
-0.1043987939289113 20 19 14 21 
0.2122039463807523 20 19 15 13 
0.1021679572971892 20 19 15 20 
-0.3355238995197108 20 19 16 12 
0.4170233909171576 20 19 18 14 
0.3176730164025809 20 19 18 21 
-0.5897601352618611 20 19 19 13 
-0.2785159915877468 20 19 19 20 
-0.1021679572971892 20 19 20 15 
0.2785159915877468 20 19 20 19 
0.1564525521877151 20 19 20 22 
0.1043987939289113 20 19 21 14 
-0.3176730164025809 20 19 21 18 
-0.0450250170987460 20 19 22 13 
-0.1564525521877151 20 19 22 20 
-0.0743511537798954 20 19 23 12 
-0.6522401701346261 20 21 12 15 
-0.2593995367826311 20 21 12 19 
-0.3109716028928007 20 21 12 22 
0.8750720148462312 20 21 13 14 
0.1160069995155840 20 21 13 18 
0.2781414572561490 20 21 13 21 
-0.8750720148462312 20 21 14 13 
-0.1703261616479257 20 21 14 20 
0.6522401701346261 20 21 15 12 
-0.1160069995155840 20 21 18 13 
-0.3129051043754301 20 21 18 20 
0.2593995367826311 20 21 19 12 
0.1703261616479257 20 21 20 14 
0.3129051043754301 20 21 20 18 
-0.0872265517062590 20 21 20 21 
-0.2781414572561490 20 21 21 13 
0.0872265517062590 20 21 21 20 
0.3109716028928007 20 21 22 12 
-0.9224068945289231 20 22 12 16 
-0.2693093079607318 20 22 12 23 
0.5833813432308207 20 22 13 15 
-0.2320139990311680 20 22 13 19 
-0.0695353643140373 20 22 13 22 
0.1640586720451480 20 22 14 18 
0.2458446381936641 20 22 14 21 
-0.5833813432308207 20 22 15 13 
-0.2554892424718886 20 22 15 20 
0.9224068945289231 20 22 16 12 
-0.1640586720451480 20 22 18 14 
-0.2709837693629437 20 22 18 21 
0.2320139990311680 20 22 19 13 
-0.1564525521877151 20 22 19 20 
0.2554892424718886 20 22 20 15 
0.1564525521877151 20 22 20 19 
-0.0872265517062590 20 22 20 22 
-0.2458446381936641 20 22 21 14 
0.2709837693629437 20 22 21 18 
0.0695353643140373 20 22 22 13 
0.0872265517062590 20 22 22 20 
0.2693093079607318 20 22 23 12 
-1.7297058143828339 20 23 12 17 
1.0152125061953499 20 23 13 16 
-0.2086060929421117 20 23 13 23 
-0.6579658521016079 20 23 14 15 
-0.1420789777022381 20 23 14 19 
0.0851630808239628 20 23 14 22 
0.6579658521016079 20 23 15 14 
0.1420789777022381 20 23 15 18 
0.0851630808239628 20 23 15 21 
-1.0152125061953499 20 23 16 13 
-0.2086060929421117 20 23 16 20 
1.7297058143828339 20 23 17 12 
-0.1420789777022381 20 23 18 15 
-0.6427480852585211 20 23 18 19 
-0.1564525521877151 20 23 18 22 
0.1420789777022381 20 23 19 14 
0.6427480852585211 20 23 19 18 
-0.1564525521877151 20 23 19 21 
0.2086060929421117 20 23 20 16 
-0.8940273774985454 20 23 20 23 
-0.0851630808239628 20 23 21 15 
0.1564525521877151 20 23 21 19 
0.8068008257922865 20 23 21 22 
-0.0851630808239628 20 23 22 14 
0.1564525521877151 20 23 22 18 
-0.8068008257922865 20 23 22 21 
0.2086060929421117 20 23 23 13 
0.8940273774985454 20 23 23 20 
-0.2435189977242247 21 0 0 14 
-0.2478334016190206 21 0 0 18 
1.1427383518997023 21 0 0 21 
0.7710331993908488 21 0 1 13 
1.2179677226382328 21 0 1 20 
-0.9755915331166914 21 0 2 12 
-0.6390002474824942 21 0 6 12 
0.2589414336017387 21 0 8 13 
-0.7158974169740153 21 0 8 20 
1.0870351535821527 21 0 9 12 
0.9755915331166914 21 0 12 2 
0.6390002474824942 21 0 12 6 
-1.0870351535821527 21 0 12 9 
-0.7710331993908488 21 0 13 1 
-0.2589414336017387 21 0 13 8 
0.2435189977242247 21 0 14 0 
0.2478334016190206 21 0 18 0 
-1.2179677226382328 21 0 20 1 
0.7158974169740153 21 0 20 8 
-1.1427383518997023 21 0 21 0 
0.0428809852989391 21 1 0 15 
-0.2794232189505844 21 1 0 19 
-0.1450759082872537 21 1 0 22 
0.4307195503819253 21 1 1 14 
0.0258285017654546 21 1 1 18 
2.2159319302300413 21 1 1 21 
-0.1868974442137420 21 1 2 13 
0.6908490765015284 21 1 2 20 
-0.5880837891081675 21 1 3 12 
-0.1755748123440475 21 1 6 13 
-0.2250226296680809 21 1 6 20 
-0.1789419808659589 21 1 7 12 
0.0169419523965004 21 1 8 14 
-0.0197882833262523 21 1 8 18 
-0.3239146468636258 21 1 8 21 
1.5273777958287367 21 1 9 13 
-0.0457731896074767 21 1 9 20 
-0.2680681811361496 21 1 10 12 
0.5880837891081675 21 1 12 3 
0.1789419808659589 21 1 12 7 
0.2680681811361496 21 1 12 10 
0.1868974442137420 21 1 13 2 
0.1755748123440475 21 1 13 6 
-1.5273777958287367 21 1 13 9 
-0.4307195503819253 21 1 14 1 
-0.0169419523965004 21 1 14 8 
-0.0428809852989391 21 1 15 0 
-0.0258285017654546 21 1 18 1 
0.0197882833262523 21 1 18 8 
0.2794232189505844 21 1 19 0 
-0.6908490765015284 21 1 20 2 
0.2250226296680809 21 1 20 6 
0.0457731896074767 21 1 20 9 
-2.2159319302300413 21 1 21 1 
0.3239146468636258 21 1 21 8 
0.1450759082872537 21 1 22 0 
-0.0255501848392007 21 2 0 16 
0.2756474824203968 21 2 0 23 
0.8423777930467079 21 2 1 15 
-0.1683300470881411 21 2 1 19 
0.3389001982831610 21 2 1 22 
-0.5326541230971820 21 2 2 14 
0.1685939980972796 21 2 2 18 
2.3993502335539842 21 2 2 21 
0.0470656104207964 21 2 3 13 
0.0447093304648900 21 2 3 20 
-0.4050151644485397 21 2 4 12 
0.1319816206853124 21 2 6 14 
-0.4960556285186413 21 2 6 18 
-0.0275520274094149 21 2 6 21 
-0.0059136346872488 21 2 7 13 
-0.3500660570721861 21 2 7 20 
-0.3039986289568479 21 2 8 15 
-0.2456672631432748 21 2 8 19 
-0.0964592649637798 21 2 8 22 
1.7645843134551855 21 2 9 14 
0.1216397284089557 21 2 9 18 
0.1203675243900171 21 2 9 21 
-0.3207885131455403 21 2 10 13 
0.1493853732298843 21 2 10 20 
0.3236394916275853 21 2 11 12 
0.4050151644485397 21 2 12 4 
-0.3236394916275853 21 2 12 11 
-0.0470656104207964 21 2 13 3 
0.0059136346872488 21 2 13 7 
0.3207885131455403 21 2 13 10 
0.5326541230971820 21 2 14 2 
-0.1319816206853124 21 2 14 6 
-1.7645843134551855 21 2 14 9 
-0.8423777930467079 21 2 15 1 
0.3039986289568479 21 2 15 8 
0.0255501848392007 21 2 16 0 
-0.1685939980972796 21 2 18 2 
0.4960556285186413 21 2 18 6 
-0.1216397284089557 21 2 18 9 
0.1683300470881411 21 2 19 1 
0.2456672631432748 21 2 19 8 
-0.0447093304648900 21 2 20 3 
0.3500660570721861 21 2 20 7 
-0.1493853732298843 21 2 20 10 
-2.3993502335539842 21 2 21 2 
0.0275520274094149 21 2 21 6 
-0.1203675243900171 21 2 21 9 
-0.3389001982831610 21 2 22 1 
0.0964592649637798 21 2 22 8 
-0.2756474824203968 21 2 23 0 
-0.3965357459329589 21 3 0 17 
1.0862754332120930 21 3 1 16 
0.6714324891777179 21 3 1 23 
-0.1151511901464937 21 3 2 15 
0.0178036339187621 21 3 2 19 
0.5441571752685420 21 3 2 22 
-0.5650477001425384 21 3 3 14 
0.1804630873764543 21 3 3 18 
2.0623917273541479 21 3 3 21 
0.4666770253186375 21 3 4 13 
-0.4054692984464331 21 3 4 20 
-0.5662376438303697 21 3 5 12 
0.2836690516055855 21 3 6 15 
-0.4960556285186414 21 3 6 19 
0.2204912568142013 21 3 6 22 
0.2275311463804097 21 3 7 14 
-0.4960556285186414 21 3 7 18 
-0.3582889126307167 21 3 7 21 
-0.5831259409084016 21 3 8 16 
0.0032538138699106 21 3 8 23 
1.8115904437396000 21 3 9 15 
-0.2796328545941182 21 3 9 19 
0.2439888626499448 21 3 9 22 
-0.3337797308188916 21 3 10 14 
0.2675150553353826 21 3 10 18 
0.3291519434739076 21 3 10 21 
0.4447699273490021 21 3 11 13 
0.0884168946938734 21 3 11 20 
0.5662376438303697 21 3 12 5 
-0.4666770253186375 21 3 13 4 
-0.4447699273490021 21 3 13 11 
0.5650477001425384 21 3 14 3 
-0.2275311463804097 21 3 14 7 
0.3337797308188916 21 3 14 10 
0.1151511901464937 21 3 15 2 
-0.2836690516055855 21 3 15 6 
-1.8115904437396000 21 3 15 9 
-1.0862754332120930 21 3 16 1 
0.5831259409084016 21 3 16 8 
0.3965357459329589 21 3 17 0 
-0.1804630873764543 21 3 18 3 
0.4960556285186414 21 3 18 7 
-0.2675150553353826 21 3 18 10 
-0.0178036339187621 21 3 19 2 
0.4960556285186414 21 3 19 6 
0.2796328545941182 21 3 19 9 
0.4054692984464331 21 3 20 4 
-0.0884168946938734 21 3 20 11 
-2.0623917273541479 21 3 21 3 
0.3582889126307167 21 3 21 7 
-0.3291519434739076 21 3 21 10 
-0.5441571752685420 21 3 22 2 
-0.2204912568142013 21 3 22 6 
-0.2439888626499448 21 3 22 9 
-0.6714324891777179 21 3 23 1 
-0.0032538138699106 21 3 23 8 
0.2588981318386350 21 4 1 17 
1.0044046553548283 21 4 2 16 
0.9730450732442246 21 4 2 23 
-1.0981032142873999 21 4 3 15 
0.2019009011513932 21 4 3 19 
0.3389001982831610 21 4 3 22 
0.4972803749603841 21 4 4 14 
0.0614357696029788 21 4 4 18 
1.5744548771131521 21 4 4 21 
-0.0967762888984181 21 4 5 13 
-0.5154638301267874 21 4 5 20 
0.2794874804167718 21 4 6 16 
0.3825568508039190 21 4 6 23 
0.4349504787852131 21 4 7 15 
-0.7015285975425725 21 4 7 19 
-0.1559108628856662 21 4 7 22 
-0.6898492131894587 21 4 8 17 
1.6813319239600812 21 4 9 16 
0.2570360104493457 21 4 9 23 
-0.3207885131455403 21 4 10 15 
-0.1891617096971435 21 4 10 19 
0.4903844433157185 21 4 10 22 
0.4553319126083512 21 4 11 14 
0.3375318337051730 21 4 11 18 
0.1875006461353084 21 4 11 21 
0.0967762888984181 21 4 13 5 
-0.4972803749603841 21 4 14 4 
-0.4553319126083512 21 4 14 11 
1.0981032142873999 21 4 15 3 
-0.4349504787852131 21 4 15 7 
0.3207885131455403 21 4 15 10 
-1.0044046553548283 21 4 16 2 
-0.2794874804167718 21 4 16 6 
-1.6813319239600812 21 4 16 9 
-0.2588981318386350 21 4 17 1 
0.6898492131894587 21 4 17 8 
-0.0614357696029788 21 4 18 4 
-0.3375318337051730 21 4 18 11 
-0.2019009011513932 21 4 19 3 
0.7015285975425725 21 4 19 7 
0.1891617096971435 21 4 19 10 
0.5154638301267874 21 4 20 5 
-1.5744548771131521 21 4 21 4 
-0.1875006461353084 21 4 21 11 
-0.3389001982831610 21 4 22 3 
0.1559108628856662 21 4 22 7 
-0.4903844433157185 21 4 22 10 
-0.9730450732442246 21 4 23 2 
-0.3825568508039190 21 4 23 6 
-0.2570360104493457 21 4 23 9 
0.8058896352192806 21 5 2 17 
-0.2086188094988284 21 5 3 16 
0.9500737232624755 21 5 3 23 
-0.3365839943104000 21 5 4 15 
0.3059633094098332 21 5 4 19 
-0.1450759082872537 21 5 4 22 
0.4132208956216356 21 5 5 14 
-0.1884879552231468 21 5 5 18 
1.3049381483136142 21 5 5 21 
0.1194369071188716 21 5 6 17 
0.5181253877359930 21 5 7 16 
0.2515829482067949 21 5 7 23 
1.3867444913947311 21 5 9 17 
-0.2680681811361496 21 5 10 16 
0.5688093678485058 21 5 10 23 
0.3472568086448409 21 5 11 15 
0.0221239733377629 21 5 11 19 
0.2578377649557052 21 5 11 22 
-0.4132208956216356 21 5 14 5 
0.3365839943104000 21 5 15 4 
-0.3472568086448409 21 5 15 11 
0.2086188094988284 21 5 16 3 
-0.5181253877359930 21 5 16 7 
0.2680681811361496 21 5 16 10 
-0.8058896352192806 21 5 17 2 
-0.1194369071188716 21 5 17 6 
-1.3867444913947311 21 5 17 9 
0.1884879552231468 21 5 18 5 
-0.3059633094098332 21 5 19 4 
-0.0221239733377629 21 5 19 11 
-1.3049381483136142 21 5 21 5 
0.1450759082872537 21 5 22 4 
-0.2578377649557052 21 5 22 11 
-0.9500737232624755 21 5 23 3 
-0.2515829482067949 21 5 23 7 
-0.5688093678485058 21 5 23 10 
0.2938273228288526 21 6 0 16 
0.4528630066897992 21 6 0 23 
-0.1878914232224627 21 6 1 15 
1.3057918120269298 21 6 1 19 
-0.1559108628856662 21 6 1 22 
0.0043671779669308 21 6 2 14 
-0.9233342451021118 21 6 2 18 
-0.0275520274094149 21 6 2 21 
0.1796565934756221 21 6 3 13 
0.0954646841209102 21 6 3 20 
-0.2873171182929216 21 6 4 12 
-0.2010285440889373 21 6 6 14 
-0.2913263612051061 21 6 6 18 
1.1184969379212748 21 6 6 21 
0.2842972934746928 21 6 7 13 
-0.2668732542581253 21 6 7 20 
-0.0632325152770467 21 6 8 15 
-0.5845462706607063 21 6 8 19 
-0.0117958236871889 21 6 8 22 
0.1216397284089557 21 6 9 14 
1.0301957264404009 21 6 9 18 
0.1700731961499388 21 6 9 21 
-0.1891617096971435 21 6 10 13 
-0.2827795930501327 21 6 10 20 
0.2663306904701491 21 6 11 12 
0.2873171182929216 21 6 12 4 
-0.2663306904701491 21 6 12 11 
-0.1796565934756221 21 6 13 3 
-0.2842972934746928 21 6 13 7 
0.1891617096971435 21 6 13 10 
-0.0043671779669308 21 6 14 2 
0.2010285440889373 21 6 14 6 
-0.1216397284089557 21 6 14 9 
0.1878914232224627 21 6 15 1 
0.0632325152770467 21 6 15 8 
-0.2938273228288526 21 6 16 0 
0.9233342451021118 21 6 18 2 
0.2913263612051061 21 6 18 6 
-1.0301957264404009 21 6 18 9 
-1.3057918120269298 21 6 19 1 
0.5845462706607063 21 6 19 8 
-0.0954646841209102 21 6 20 3 
0.2668732542581253 21 6 20 7 
0.2827795930501327 21 6 20 10 
0.0275520274094149 21 6 21 2 
-1.1184969379212748 21 6 21 6 
-0.1700731961499388 21 6 21 9 
0.1559108628856662 21 6 22 1 
0.0117958236871889 21 6 22 8 
-0.4528630066897992 21 6 23 0 
0.2093011159041839 21 7 0 17 
0.0476831271367445 21 7 1 16 
-0.0675190424792119 21 7 1 23 
-0.1747195226682318 21 7 2 15 
0.9233342451021119 21 7 2 19 
0.2204912568142013 21 7 2 22 
0.1718080706902779 21 7 3 14 
-0.9233342451021119 21 7 3 18 
-0.3582889126307167 21 7 3 21 
-0.0389487712028829 21 7 4 13 
0.4050529869813333 21 7 4 20 
-0.2238583757939532 21 7 5 12 
-0.2010285440889373 21 7 6 15 
0.2913263612051062 21 7 6 19 
-0.3081586903708802 21 7 6 22 
0.2010285440889373 21 7 7 14 
0.2913263612051062 21 7 7 18 
1.2725762831067151 21 7 7 21 
0.2382134113542835 21 7 8 16 
0.3333360703187658 21 7 8 23 
-0.2796328545941182 21 7 9 15 
1.3676836731601518 21 7 9 19 
-0.0068103219811119 21 7 9 22 
0.2675150553353826 21 7 10 14 
-0.6749758934395013 21 7 10 18 
-0.1632628741688270 21 7 10 21 
-0.2085309863649051 21 7 11 13 
0.1768835181310507 21 7 11 20 
0.2238583757939532 21 7 12 5 
0.0389487712028829 21 7 13 4 
0.2085309863649051 21 7 13 11 
-0.1718080706902779 21 7 14 3 
-0.2010285440889373 21 7 14 7 
-0.2675150553353826 21 7 14 10 
0.1747195226682318 21 7 15 2 
0.2010285440889373 21 7 15 6 
0.2796328545941182 21 7 15 9 
-0.0476831271367445 21 7 16 1 
-0.2382134113542835 21 7 16 8 
-0.2093011159041839 21 7 17 0 
0.9233342451021119 21 7 18 3 
-0.2913263612051062 21 7 18 7 
0.6749758934395013 21 7 18 10 
-0.9233342451021119 21 7 19 2 
-0.2913263612051062 21 7 19 6 
-1.3676836731601518 21 7 19 9 
-0.4050529869813333 21 7 20 4 
-0.1768835181310507 21 7 20 11 
0.3582889126307167 21 7 21 3 
-1.2725762831067151 21 7 21 7 
0.1632628741688270 21 7 21 10 
-0.2204912568142013 21 7 22 2 
0.3081586903708802 21 7 22 6 
0.0068103219811119 21 7 22 9 
0.0675190424792119 21 7 23 1 
-0.3333360703187658 21 7 23 8 
-0.1558905259854422 21 8 0 15 
0.1120044050867008 21 8 0 19 
-0.2578377649557052 21 8 0 22 
-0.2219743089850812 21 8 1 14 
-0.0975715349934660 21 8 1 18 
-0.3239146468636258 21 8 1 21 
0.6530977058611501 21 8 2 13 
0.5379363625577981 21 8 2 20 
-0.8081306961200683 21 8 3 12 
0.0184354645221181 21 8 6 13 
0.1564525521877151 21 8 6 20 
-0.1473951316959303 21 8 7 12 
0.3676102009098723 21 8 8 14 
-0.1564525521877151 21 8 8 18 
1.3717136473149578 21 8 8 21 
-0.0457731896074767 21 8 9 13 
1.2844870956086989 21 8 9 20 
-0.5688093678485058 21 8 10 12 
0.8081306961200683 21 8 12 3 
0.1473951316959303 21 8 12 7 
0.5688093678485058 21 8 12 10 
-0.6530977058611501 21 8 13 2 
-0.0184354645221181 21 8 13 6 
0.0457731896074767 21 8 13 9 
0.2219743089850812 21 8 14 1 
-0.3676102009098723 21 8 14 8 
0.1558905259854422 21 8 15 0 
0.0975715349934660 21 8 18 1 
0.1564525521877151 21 8 18 8 
-0.1120044050867008 21 8 19 0 
-0.5379363625577981 21 8 20 2 
-0.1564525521877151 21 8 20 6 
-1.2844870956086989 21 8 20 9 
0.3239146468636258 21 8 21 1 
-1.3717136473149578 21 8 21 8 
0.2578377649557052 21 8 22 0 
-0.1158974523319191 21 9 0 16 
-0.1935635387372202 21 9 0 23 
-0.6001276579691699 21 9 1 15 
-0.0274135389535451 21 9 1 19 
-0.4903844433157185 21 9 1 22 
0.9005395894218445 21 9 2 14 
-0.0387685985807467 21 9 2 18 
0.1203675243900171 21 9 2 21 
-0.6001276579691699 21 9 3 13 
0.4533233295735348 21 9 3 20 
-0.1158974523319191 21 9 4 12 
-0.0387685985807467 21 9 6 14 
0.0891506411423141 21 9 6 18 
0.1700731961499388 21 9 6 21 
-0.0274135389535451 21 9 7 13 
-0.2945754167373216 21 9 7 20 
0.4533233295735348 21 9 8 15 
-0.2945754167373216 21 9 8 19 
0.4057155965344679 21 9 8 22 
0.1203675243900171 21 9 9 14 
0.1700731961499388 21 9 9 18 
2.1877207251764474 21 9 9 21 
-0.4903844433157185 21 9 10 13 
0.4057155965344679 21 9 10 20 
-0.1935635387372202 21 9 11 12 
0.1158974523319191 21 9 12 4 
0.1935635387372202 21 9 12 11 
0.6001276579691699 21 9 13 3 
0.0274135389535451 21 9 13 7 
0.4903844433157185 21 9 13 10 
-0.9005395894218445 21 9 14 2 
0.0387685985807467 21 9 14 6 
-0.1203675243900171 21 9 14 9 
0.6001276579691699 21 9 15 1 
-0.4533233295735348 21 9 15 8 
0.1158974523319191 21 9 16 0 
0.0387685985807467 21 9 18 2 
-0.0891506411423141 21 9 18 6 
-0.1700731961499388 21 9 18 9 
0.0274135389535451 21 9 19 1 
0.2945754167373216 21 9 19 8 
-0.4533233295735348 21 9 20 3 
0.2945754167373216 21 9 20 7 
-0.4057155965344679 21 9 20 10 
-0.1203675243900171 21 9 21 2 
-0.1700731961499388 21 9 21 6 
-2.1877207251764474 21 9 21 9 
0.4903844433157185 21 9 22 1 
-0.4057155965344679 21 9 22 8 
0.1935635387372202 21 9 23 0 
0.2046531715768772 21 10 0 17 
-1.1158314531148266 21 10 1 16 
-0.4248510468825667 21 10 1 23 
1.0563621537145760 21 10 2 15 
-0.1001159377866791 21 10 2 19 
-0.2439888626499448 21 10 2 22 
-0.5542614426370110 21 10 3 14 
0.0419630399155591 21 10 3 18 
0.3291519434739076 21 10 3 21 
0.1375454891430182 21 10 4 13 
0.2162449539404549 21 10 4 20 
-0.3342304624934836 21 10 5 12 
-0.1001159377866791 21 10 6 15 
0.3436617029148392 21 10 6 19 
0.0068103219811119 21 10 6 22 
0.0419630399155591 21 10 7 14 
-0.2990863823436821 21 10 7 18 
-0.1632628741688270 21 10 7 21 
0.4248510468825667 21 10 8 16 
0.5790804195513471 21 10 8 23 
0.2439888626499448 21 10 9 15 
-0.0068103219811119 21 10 9 19 
0.8225266804941546 21 10 9 22 
-0.3291519434739076 21 10 10 14 
0.1632628741688270 21 10 10 18 
1.7165540579927001 21 10 10 21 
-0.2162449539404549 21 10 11 13 
-0.2277204062409397 21 10 11 20 
0.3342304624934836 21 10 12 5 
-0.1375454891430182 21 10 13 4 
0.2162449539404549 21 10 13 11 
0.5542614426370110 21 10 14 3 
-0.0419630399155591 21 10 14 7 
0.3291519434739076 21 10 14 10 
-1.0563621537145760 21 10 15 2 
0.1001159377866791 21 10 15 6 
-0.2439888626499448 21 10 15 9 
1.1158314531148266 21 10 16 1 
-0.4248510468825667 21 10 16 8 
-0.2046531715768772 21 10 17 0 
-0.0419630399155591 21 10 18 3 
0.2990863823436821 21 10 18 7 
-0.1632628741688270 21 10 18 10 
0.1001159377866791 21 10 19 2 
-0.3436617029148392 21 10 19 6 
0.0068103219811119 21 10 19 9 
-0.2162449539404549 21 10 20 4 
0.2277204062409397 21 10 20 11 
-0.3291519434739076 21 10 21 3 
0.1632628741688270 21 10 21 7 
-1.7165540579927001 21 10 21 10 
0.2439888626499448 21 10 22 2 
-0.0068103219811119 21 10 22 6 
-0.8225266804941546 21 10 22 9 
0.4248510468825667 21 10 23 1 
-0.5790804195513471 21 10 23 8 
-1.0424992526696730 21 11 1 17 
0.5958547704923358 21 11 2 16 
-0.4143150242978704 21 11 2 23 
-0.1701896066344306 21 11 3 15 
-0.1044123968492727 21 11 3 19 
0.0964592649637798 21 11 3 22 
0.0124734272615149 21 11 4 14 
0.1001797854213145 21 11 4 18 
0.1875006461353084 21 11 4 21 
-0.1200923581407499 21 11 5 13 
0.0556631127137958 21 11 5 20 
-0.1318342136098536 21 11 6 16 
-0.3333360703187658 21 11 6 23 
0.0596462751958754 21 11 7 15 
-0.0772067199929142 21 11 7 19 
0.0117958236871889 21 11 7 22 
0.3249724206745277 21 11 8 17 
0.2570360104493457 21 11 9 16 
0.9331270822982918 21 11 9 23 
-0.1493853732298843 21 11 10 15 
0.2827795930501327 21 11 10 19 
0.4057155965344679 21 11 10 22 
-0.1588257818259819 21 11 11 14 
-0.1768835181310507 21 11 11 18 
1.0203536340045507 21 11 11 21 
0.1200923581407499 21 11 13 5 
-0.0124734272615149 21 11 14 4 
0.1588257818259819 21 11 14 11 
0.1701896066344306 21 11 15 3 
-0.0596462751958754 21 11 15 7 
0.1493853732298843 21 11 15 10 
-0.5958547704923358 21 11 16 2 
0.1318342136098536 21 11 16 6 
-0.2570360104493457 21 11 16 9 
1.0424992526696730 21 11 17 1 
-0.3249724206745277 21 11 17 8 
-0.1001797854213145 21 11 18 4 
0.1768835181310507 21 11 18 11 
0.1044123968492727 21 11 19 3 
0.0772067199929142 21 11 19 7 
-0.2827795930501327 21 11 19 10 
-0.0556631127137958 21 11 20 5 
-0.1875006461353084 21 11 21 4 
-1.0203536340045507 21 11 21 11 
-0.0964592649637798 21 11 22 3 
-0.0117958236871889 21 11 22 7 
-0.4057155965344679 21 11 22 10 
0.4143150242978704 21 11 23 2 
0.3333360703187658 21 11 23 6 
-0.9331270822982918 21 11 23 9 
0.7320725353924665 21 12 12 14 
0.3911668458634735 21 12 12 18 
0.0557031983175495 21 12 12 21 
0.9590262890364940 21 12 13 20 
-0.7320725353924665 21 12 14 12 
-0.3911668458634735 21 12 18 12 
-0.9590262890364940 21 12 20 13 
-0.0557031983175495 21 12 21 12 
0.6309647744071064 21 13 12 15 
-0.1004812380846255 21 13 12 19 
0.1229922728488958 21 13 12 22 
0.6176169945956672 21 13 13 14 
0.2014033141095020 21 13 13 18 
0.6885541344013044 21 13 13 21 
-0.6176169945956672 21 13 14 13 
0.6739071241050278 21 13 14 20 
-0.6309647744071064 21 13 15 12 
-0.2014033141095020 21 13 18 13 
-0.2052343463418286 21 13 18 20 
0.1004812380846255 21 13 19 12 
-0.6739071241050278 21 13 20 14 
0.2052343463418286 21 13 20 18 
-0.2781414572561490 21 13 20 21 
-0.6885541344013044 21 13 21 13 
0.2781414572561490 21 13 21 20 
-0.1229922728488958 21 13 22 12 
0.3794649796093389 21 14 12 16 
-0.0479920092071885 21 14 12 23 
0.7953121826259112 21 14 13 15 
-0.1624164124008923 21 14 13 19 
0.6596887114287011 21 14 13 22 
0.0366123774119671 21 14 14 18 
0.6347659200987984 21 14 14 21 
-0.7953121826259112 21 14 15 13 
0.3487079594217378 21 14 15 20 
-0.3794649796093389 21 14 16 12 
-0.0366123774119671 21 14 18 14 
-0.1491917558183705 21 14 18 21 
0.1624164124008923 21 14 19 13 
-0.1043987939289113 21 14 19 20 
-0.3487079594217378 21 14 20 15 
0.1043987939289113 21 14 20 19 
-0.2458446381936641 21 14 20 22 
-0.6347659200987984 21 14 21 14 
0.1491917558183705 21 14 21 18 
-0.6596887114287011 21 14 22 13 
0.2458446381936641 21 14 22 20 
0.0479920092071885 21 14 23 12 
0.1697018978974107 21 15 12 17 
0.6195984078934554 21 15 13 16 
0.2266625618287158 21 15 13 23 
0.4498965099960446 21 15 14 15 
-0.2097275124616475 21 15 14 19 
0.8779369060874337 21 15 14 22 
-0.4498965099960446 21 15 15 14 
-0.1032059642291312 21 15 15 18 
0.2508012836145480 21 15 15 21 
-0.6195984078934554 21 15 16 13 
0.1776566424619686 21 15 16 20 
-0.1697018978974107 21 15 17 12 
0.1032059642291312 21 15 18 15 
-0.0470237985211814 21 15 18 22 
0.2097275124616475 21 15 19 14 
-0.0786560580365985 21 15 19 21 
-0.1776566424619686 21 15 20 16 
-0.0851630808239628 21 15 20 23 
-0.2508012836145480 21 15 21 15 
0.0786560580365985 21 15 21 19 
-0.0851630808239628 21 15 21 22 
-0.8779369060874337 21 15 22 14 
0.0470237985211814 21 15 22 18 
0.0851630808239628 21 15 22 21 
-0.2266625618287158 21 15 23 13 
0.0851630808239628 21 15 23 20 
0.3556744207370530 21 16 13 17 
0.5071242803944442 21 16 14 16 
0.5177131606358732 21 16 14 23 
-0.2330495776338199 21 16 15 19 
0.6596887114287011 21 16 15 22 
-0.5071242803944442 21 16 16 14 
-0.2180517108137930 21 16 16 18 
-0.1068770468469293 21 16 16 21 
-0.3556744207370530 21 16 17 13 
0.1743853830626714 21 16 17 20 
0.2180517108137930 21 16 18 16 
0.0450250170987460 21 16 18 23 
0.2330495776338199 21 16 19 15 
0.0332508468114773 21 16 19 22 
-0.1743853830626714 21 16 20 17 
0.1068770468469293 21 16 21 16 
0.0695353643140373 21 16 21 23 
-0.6596887114287011 21 16 22 15 
-0.0332508468114773 21 16 22 19 
-0.5177131606358732 21 16 23 14 
-0.0450250170987460 21 16 23 18 
-0.0695353643140373 21 16 23 21 
0.3926687395976451 21 17 14 17 
0.1279651848115716 21 17 15 16 
0.6028169146176346 21 17 15 23 
-0.1279651848115716 21 17 16 15 
-0.2121620783261599 21 17 16 19 
0.1229922728488958 21 17 16 22 
-0.3926687395976451 21 17 17 14 
-0.3079248623420184 21 17 17 18 
-0.0818063430811169 21 17 17 21 
0.3079248623420184 21 17 18 17 
0.2121620783261599 21 17 19 16 
0.2294589748690320 21 17 19 23 
0.0818063430811169 21 17 21 17 
-0.1229922728488958 21 17 22 16 
0.3109716028928007 21 17 22 23 
-0.6028169146176346 21 17 23 15 
-0.2294589748690320 21 17 23 19 
-0.3109716028928007 21 17 23 22 
0.5811444411217741 21 18 12 16 
0.1865323162196501 21 18 12 23 
-0.3675480166980848 21 18 13 15 
1.0214945185522371 21 18 13 19 
0.0332508468114773 21 18 13 22 
-0.7223057010131744 21 18 14 18 
-0.1491917558183705 21 18 14 21 
0.3675480166980848 21 18 15 13 
0.1586971993979569 21 18 15 20 
-0.5811444411217741 21 18 16 12 
0.7223057010131744 21 18 18 14 
0.0883012114808741 21 18 18 21 
-1.0214945185522371 21 18 19 13 
0.3176730164025809 21 18 19 20 
-0.1586971993979569 21 18 20 15 
-0.3176730164025809 21 18 20 19 
0.2709837693629437 21 18 20 22 
0.1491917558183705 21 18 21 14 
-0.0883012114808741 21 18 21 18 
-0.0332508468114773 21 18 22 13 
-0.2709837693629437 21 18 22 20 
-0.1865323162196501 21 18 23 12 
0.4331594916981370 21 19 12 17 
0.0866318983396274 21 19 13 16 
0.1410119438856932 21 19 13 23 
-0.3465275933585096 21 19 14 15 
0.7223057010131746 21 19 14 19 
-0.0470237985211814 21 19 14 22 
0.3465275933585096 21 19 15 14 
-0.7223057010131746 21 19 15 18 
-0.0786560580365985 21 19 15 21 
-0.0866318983396274 21 19 16 13 
0.1668395756270498 21 19 16 20 
-0.4331594916981370 21 19 17 12 
0.7223057010131746 21 19 18 15 
0.3668172030686210 21 19 18 22 
-0.7223057010131746 21 19 19 14 
-0.0951073900534364 21 19 19 21 
-0.1668395756270498 21 19 20 16 
0.1564525521877151 21 19 20 23 
0.0786560580365985 21 19 21 15 
0.0951073900534364 21 19 21 19 
0.1564525521877151 21 19 21 22 
0.0470237985211814 21 19 22 14 
-0.3668172030686210 21 19 22 18 
-0.1564525521877151 21 19 22 21 
-0.1410119438856932 21 19 23 13 
-0.1564525521877151 21 19 23 20 
0.6522401701346261 21 20 12 15 
0.2593995367826311 21 20 12 19 
0.3109716028928007 21 20 12 22 
-0.8750720148462312 21 20 13 14 
-0.1160069995155840 21 20 13 18 
-0.2781414572561490 21 20 13 21 
0.8750720148462312 21 20 14 13 
0.1703261616479257 21 20 14 20 
-0.6522401701346261 21 20 15 12 
0.1160069995155840 21 20 18 13 
0.3129051043754301 21 20 18 20 
-0.2593995367826311 21 20 19 12 
-0.1703261616479257 21 20 20 14 
-0.3129051043754301 21 20 20 18 
0.0872265517062590 21 20 20 21 
0.2781414572561490 21 20 21 13 
-0.0872265517062590 21 20 21 20 
-0.3109716028928007 21 20 22 12 
0.5388836340703608 21 22 12 17 
-1.2533769422578445 21 22 13 16 
-0.2086060929421117 21 22 13 23 
1.6106235963515865 21 22 14 15 
-0.1420789777022381 21 22 14 19 
0.0851630808239628 21 22 14 22 
-1.6106235963515865 21 22 15 14 
0.1420789777022381 21 22 15 18 
0.0851630808239628 21 22 15 21 
1.2533769422578445 21 22 16 13 
-0.2086060929421117 21 22 16 20 
-0.5388836340703608 21 22 17 12 
-0.1420789777022381 21 22 18 15 
0.6427480852585211 21 22 18 19 
-0.1564525521877151 21 22 18 22 
0.1420789777022381 21 22 19 14 
-0.6427480852585211 21 22 19 18 
-0.1564525521877151 21 22 19 21 
0.2086060929421117 21 22 20 16 
0.8068008257922865 21 22 20 23 
-0.0851630808239628 21 22 21 15 
0.1564525521877151 21 22 21 19 
-0.8940273774985454 21 22 21 22 
-0.0851630808239628 21 22 22 14 
0.1564525521877151 21 22 22 18 
0.8940273774985454 21 22 22 21 
0.2086060929421117 21 22 23 13 
-0.8068008257922865 21 22 23 20 
-0.9224068945289231 21 23 13 17 
0.5833813432308207 21 23 14 16 
-0.2554892424718886 21 23 14 23 
-0.1640586720451480 21 23 15 19 
0.2458446381936641 21 23 15 22 
-0.5833813432308207 21 23 16 14 
0.2320139990311680 21 23 16 18 
-0.0695353643140373 21 23 16 21 
0.9224068945289231 21 23 17 13 
-0.2693093079607318 21 23 17 20 
-0.2320139990311680 21 23 18 16 
-0.1564525521877151 21 23 18 23 
0.1640586720451480 21 23 19 15 
-0.2709837693629437 21 23 19 22 
0.2693093079607318 21 23 20 17 
0.0695353643140373 21 23 21 16 
-0.0872265517062590 21 23 21 23 
-0.2458446381936641 21 23 22 15 
0.2709837693629437 21 23 22 19 
0.2554892424718886 21 23 23 14 
0.1564525521877151 21 23 23 18 
0.0872265517062590 21 23 23 21 
-0.4132208956216356 22 0 0 15 
0.1884879552231468 22 0 0 19 
1.3049381483136142 22 0 0 22 
0.3365839943104000 22 0 1 14 
-0.3059633094098332 22 0 1 18 
-0.1450759082872537 22 0 1 21 
0.2086188094988284 22 0 2 13 
0.9500737232624755 22 0 2 20 
-0.8058896352192806 22 0 3 12 
-0.5181253877359930 22 0 6 13 
0.2515829482067949 22 0 6 20 
-0.1194369071188716 22 0 7 12 
0.3472568086448409 22 0 8 14 
0.0221239733377629 22 0 8 18 
-0.2578377649557052 22 0 8 21 
-0.2680681811361496 22 0 9 13 
-0.5688093678485058 22 0 9 20 
1.3867444913947311 22 0 10 12 
0.8058896352192806 22 0 12 3 
0.1194369071188716 22 0 12 7 
-1.3867444913947311 22 0 12 10 
-0.2086188094988284 22 0 13 2 
0.5181253877359930 22 0 13 6 
0.2680681811361496 22 0 13 9 
-0.3365839943104000 22 0 14 1 
-0.3472568086448409 22 0 14 8 
0.4132208956216356 22 0 15 0 
0.3059633094098332 22 0 18 1 
-0.0221239733377629 22 0 18 8 
-0.1884879552231468 22 0 19 0 
-0.9500737232624755 22 0 20 2 
-0.2515829482067949 22 0 20 6 
0.5688093678485058 22 0 20 9 
0.1450759082872537 22 0 21 1 
0.2578377649557052 22 0 21 8 
-1.3049381483136142 22 0 22 0 
0.0967762888984181 22 1 0 16 
-0.5154638301267874 22 1 0 23 
-0.4972803749603841 22 1 1 15 
-0.0614357696029788 22 1 1 19 
1.5744548771131521 22 1 1 22 
1.0981032142873999 22 1 2 14 
-0.2019009011513932 22 1 2 18 
0.3389001982831610 22 1 2 21 
-1.0044046553548283 22 1 3 13 
0.9730450732442246 22 1 3 20 
-0.2588981318386350 22 1 4 12 
-0.4349504787852131 22 1 6 14 
0.7015285975425725 22 1 6 18 
-0.1559108628856662 22 1 6 21 
-0.2794874804167718 22 1 7 13 
0.3825568508039190 22 1 7 20 
0.4553319126083512 22 1 8 15 
0.3375318337051730 22 1 8 19 
-0.1875006461353084 22 1 8 22 
-0.3207885131455403 22 1 9 14 
-0.1891617096971435 22 1 9 18 
-0.4903844433157185 22 1 9 21 
1.6813319239600812 22 1 10 13 
-0.2570360104493457 22 1 10 20 
-0.6898492131894587 22 1 11 12 
0.2588981318386350 22 1 12 4 
0.6898492131894587 22 1 12 11 
1.0044046553548283 22 1 13 3 
0.2794874804167718 22 1 13 7 
-1.6813319239600812 22 1 13 10 
-1.0981032142873999 22 1 14 2 
0.4349504787852131 22 1 14 6 
0.3207885131455403 22 1 14 9 
0.4972803749603841 22 1 15 1 
-0.4553319126083512 22 1 15 8 
-0.0967762888984181 22 1 16 0 
0.2019009011513932 22 1 18 2 
-0.7015285975425725 22 1 18 6 
0.1891617096971435 22 1 18 9 
0.0614357696029788 22 1 19 1 
-0.3375318337051730 22 1 19 8 
-0.9730450732442246 22 1 20 3 
-0.3825568508039190 22 1 20 7 
0.2570360104493457 22 1 20 10 
-0.3389001982831610 22 1 21 2 
0.1559108628856662 22 1 21 6 
0.4903844433157185 22 1 21 9 
-1.5744548771131521 22 1 22 1 
0.1875006461353084 22 1 22 8 
0.5154638301267874 22 1 23 0 
0.5662376438303697 22 2 0 17 
-0.4666770253186375 22 2 1 16 
-0.4054692984464331 22 2 1 23 
0.5650477001425384 22 2 2 15 
-0.1804630873764543 22 2 2 19 
2.0623917273541479 22 2 2 22 
0.1151511901464937 22 2 3 14 
-0.0178036339187621 22 2 3 18 
0.5441571752685420 22 2 3 21 
-1.0862754332120930 22 2 4 13 
0.6714324891777179 22 2 4 20 
0.3965357459329589 22 2 5 12 
-0.2275311463804097 22 2 6 15 
0.4960556285186414 22 2 6 19 
-0.3582889126307167 22 2 6 22 
-0.2836690516055855 22 2 7 14 
0.4960556285186414 22 2 7 18 
0.2204912568142013 22 2 7 21 
0.4447699273490021 22 2 8 16 
-0.0884168946938734 22 2 8 23 
-0.3337797308188916 22 2 9 15 
0.2675150553353826 22 2 9 19 
-0.3291519434739076 22 2 9 22 
1.8115904437396000 22 2 10 14 
-0.2796328545941182 22 2 10 18 
-0.2439888626499448 22 2 10 21 
-0.5831259409084016 22 2 11 13 
-0.0032538138699106 22 2 11 20 
-0.3965357459329589 22 2 12 5 
1.0862754332120930 22 2 13 4 
0.5831259409084016 22 2 13 11 
-0.1151511901464937 22 2 14 3 
0.2836690516055855 22 2 14 7 
-1.8115904437396000 22 2 14 10 
-0.5650477001425384 22 2 15 2 
0.2275311463804097 22 2 15 6 
0.3337797308188916 22 2 15 9 
0.4666770253186375 22 2 16 1 
-0.4447699273490021 22 2 16 8 
-0.5662376438303697 22 2 17 0 
0.0178036339187621 22 2 18 3 
-0.4960556285186414 22 2 18 7 
0.2796328545941182 22 2 18 10 
0.1804630873764543 22 2 19 2 
-0.4960556285186414 22 2 19 6 
-0.2675150553353826 22 2 19 9 
-0.6714324891777179 22 2 20 4 
0.0032538138699106 22 2 20 11 
-0.5441571752685420 22 2 21 3 
-0.2204912568142013 22 2 21 7 
0.2439888626499448 22 2 21 10 
-2.0623917273541479 22 2 22 2 
0.3582889126307167 22 2 22 6 
0.3291519434739076 22 2 22 9 
0.4054692984464331 22 2 23 1 
0.0884168946938734 22 2 23 8 
0.4050151644485397 22 3 1 17 
-0.0470656104207964 22 3 2 16 
0.0447093304648900 22 3 2 23 
0.5326541230971820 22 3 3 15 
-0.1685939980972796 22 3 3 19 
2.3993502335539842 22 3 3 22 
-0.8423777930467079 22 3 4 14 
0.1683300470881411 22 3 4 18 
0.3389001982831610 22 3 4 21 
0.0255501848392007 22 3 5 13 
0.2756474824203968 22 3 5 20 
0.0059136346872488 22 3 6 16 
-0.3500660570721861 22 3 6 23 
-0.1319816206853124 22 3 7 15 
0.4960556285186413 22 3 7 19 
-0.0275520274094149 22 3 7 22 
0.3236394916275853 22 3 8 17 
-0.3207885131455403 22 3 9 16 
-0.1493853732298843 22 3 9 23 
1.7645843134551855 22 3 10 15 
0.1216397284089557 22 3 10 19 
-0.1203675243900171 22 3 10 22 
-0.3039986289568479 22 3 11 14 
-0.2456672631432748 22 3 11 18 
0.0964592649637798 22 3 11 21 
-0.0255501848392007 22 3 13 5 
0.8423777930467079 22 3 14 4 
0.3039986289568479 22 3 14 11 
-0.5326541230971820 22 3 15 3 
0.1319816206853124 22 3 15 7 
-1.7645843134551855 22 3 15 10 
0.0470656104207964 22 3 16 2 
-0.0059136346872488 22 3 16 6 
0.3207885131455403 22 3 16 9 
-0.4050151644485397 22 3 17 1 
-0.3236394916275853 22 3 17 8 
-0.1683300470881411 22 3 18 4 
0.2456672631432748 22 3 18 11 
0.1685939980972796 22 3 19 3 
-0.4960556285186413 22 3 19 7 
-0.1216397284089557 22 3 19 10 
-0.2756474824203968 22 3 20 5 
-0.3389001982831610 22 3 21 4 
-0.0964592649637798 22 3 21 11 
-2.3993502335539842 22 3 22 3 
0.0275520274094149 22 3 22 7 
0.1203675243900171 22 3 22 10 
-0.0447093304648900 22 3 23 2 
0.3500660570721861 22 3 23 6 
0.1493853732298843 22 3 23 9 
0.5880837891081675 22 4 2 17 
0.1868974442137420 22 4 3 16 
0.6908490765015284 22 4 3 23 
-0.4307195503819253 22 4 4 15 
-0.0258285017654546 22 4 4 19 
2.2159319302300413 22 4 4 22 
-0.0428809852989391 22 4 5 14 
0.2794232189505844 22 4 5 18 
-0.1450759082872537 22 4 5 21 
0.1789419808659589 22 4 6 17 
0.1755748123440475 22 4 7 16 
-0.2250226296680809 22 4 7 23 
-0.2680681811361496 22 4 9 17 
1.5273777958287367 22 4 10 16 
0.0457731896074767 22 4 10 23 
0.0169419523965004 22 4 11 15 
-0.0197882833262523 22 4 11 19 
0.3239146468636258 22 4 11 22 
0.0428809852989391 22 4 14 5 
0.4307195503819253 22 4 15 4 
-0.0169419523965004 22 4 15 11 
-0.1868974442137420 22 4 16 3 
-0.1755748123440475 22 4 16 7 
-1.5273777958287367 22 4 16 10 
-0.5880837891081675 22 4 17 2 
-0.1789419808659589 22 4 17 6 
0.2680681811361496 22 4 17 9 
-0.2794232189505844 22 4 18 5 
0.0258285017654546 22 4 19 4 
0.0197882833262523 22 4 19 11 
0.1450759082872537 22 4 21 5 
-2.2159319302300413 22 4 22 4 
-0.3239146468636258 22 4 22 11 
-0.6908490765015284 22 4 23 3 
0.2250226296680809 22 4 23 7 
-0.0457731896074767 22 4 23 10 
0.9755915331166914 22 5 3 17 
-0.7710331993908488 22 5 4 16 
1.2179677226382328 22 5 4 23 
0.2435189977242247 22 5 5 15 
0.2478334016190206 22 5 5 19 
1.1427383518997023 22 5 5 22 
0.6390002474824942 22 5 7 17 
1.0870351535821527 22 5 10 17 
0.2589414336017387 22 5 11 16 
0.7158974169740153 22 5 11 23 
-0.2435189977242247 22 5 15 5 
0.7710331993908488 22 5 16 4 
-0.2589414336017387 22 5 16 11 
-0.9755915331166914 22 5 17 3 
-0.6390002474824942 22 5 17 7 
-1.0870351535821527 22 5 17 10 
-0.2478334016190206 22 5 19 5 
-1.1427383518997023 22 5 22 5 
-1.2179677226382328 22 5 23 4 
-0.7158974169740153 22 5 23 11 
0.2238583757939532 22 6 0 17 
0.0389487712028829 22 6 1 16 
0.4050529869813333 22 6 1 23 
-0.1718080706902779 22 6 2 15 
0.9233342451021119 22 6 2 19 
-0.3582889126307167 22 6 2 22 
0.1747195226682318 22 6 3 14 
-0.9233342451021119 22 6 3 18 
0.2204912568142013 22 6 3 21 
-0.0476831271367445 22 6 4 13 
-0.0675190424792119 22 6 4 20 
-0.2093011159041839 22 6 5 12 
-0.2010285440889373 22 6 6 15 
-0.2913263612051062 22 6 6 19 
1.2725762831067151 22 6 6 22 
0.2010285440889373 22 6 7 14 
-0.2913263612051062 22 6 7 18 
-0.3081586903708802 22 6 7 21 
-0.2085309863649051 22 6 8 16 
-0.1768835181310507 22 6 8 23 
0.2675150553353826 22 6 9 15 
-0.6749758934395013 22 6 9 19 
0.1632628741688270 22 6 9 22 
-0.2796328545941182 22 6 10 14 
1.3676836731601518 22 6 10 18 
0.0068103219811119 22 6 10 21 
0.2382134113542835 22 6 11 13 
-0.3333360703187658 22 6 11 20 
0.2093011159041839 22 6 12 5 
0.0476831271367445 22 6 13 4 
-0.2382134113542835 22 6 13 11 
-0.1747195226682318 22 6 14 3 
-0.2010285440889373 22 6 14 7 
0.2796328545941182 22 6 14 10 
0.1718080706902779 22 6 15 2 
0.2010285440889373 22 6 15 6 
-0.2675150553353826 22 6 15 9 
-0.0389487712028829 22 6 16 1 
0.2085309863649051 22 6 16 8 
-0.2238583757939532 22 6 17 0 
0.9233342451021119 22 6 18 3 
0.2913263612051062 22 6 18 7 
-1.3676836731601518 22 6 18 10 
-0.9233342451021119 22 6 19 2 
0.2913263612051062 22 6 19 6 
0.6749758934395013 22 6 19 9 
0.0675190424792119 22 6 20 4 
0.3333360703187658 22 6 20 11 
-0.2204912568142013 22 6 21 3 
0.3081586903708802 22 6 21 7 
-0.0068103219811119 22 6 21 10 
0.3582889126307167 22 6 22 2 
-1.2725762831067151 22 6 22 6 
-0.1632628741688270 22 6 22 9 
-0.4050529869813333 22 6 23 1 
0.1768835181310507 22 6 23 8 
0.2873171182929216 22 7 1 17 
-0.1796565934756221 22 7 2 16 
0.0954646841209102 22 7 2 23 
-0.0043671779669308 22 7 3 15 
0.9233342451021118 22 7 3 19 
-0.0275520274094149 22 7 3 22 
0.1878914232224627 22 7 4 14 
-1.3057918120269298 22 7 4 18 
-0.1559108628856662 22 7 4 21 
-0.2938273228288526 22 7 5 13 
0.4528630066897992 22 7 5 20 
-0.2842972934746928 22 7 6 16 
-0.2668732542581253 22 7 6 23 
0.2010285440889373 22 7 7 15 
0.2913263612051061 22 7 7 19 
1.1184969379212748 22 7 7 22 
0.2663306904701491 22 7 8 17 
-0.1891617096971435 22 7 9 16 
0.2827795930501327 22 7 9 23 
0.1216397284089557 22 7 10 15 
1.0301957264404009 22 7 10 19 
-0.1700731961499388 22 7 10 22 
-0.0632325152770467 22 7 11 14 
-0.5845462706607063 22 7 11 18 
0.0117958236871889 22 7 11 21 
0.2938273228288526 22 7 13 5 
-0.1878914232224627 22 7 14 4 
0.0632325152770467 22 7 14 11 
0.0043671779669308 22 7 15 3 
-0.2010285440889373 22 7 15 7 
-0.1216397284089557 22 7 15 10 
0.1796565934756221 22 7 16 2 
0.2842972934746928 22 7 16 6 
0.1891617096971435 22 7 16 9 
-0.2873171182929216 22 7 17 1 
-0.2663306904701491 22 7 17 8 
1.3057918120269298 22 7 18 4 
0.5845462706607063 22 7 18 11 
-0.9233342451021118 22 7 19 3 
-0.2913263612051061 22 7 19 7 
-1.0301957264404009 22 7 19 10 
-0.4528630066897992 22 7 20 5 
0.1559108628856662 22 7 21 4 
-0.0117958236871889 22 7 21 11 
0.0275520274094149 22 7 22 3 
-1.1184969379212748 22 7 22 7 
0.1700731961499388 22 7 22 10 
-0.0954646841209102 22 7 23 2 
0.2668732542581253 22 7 23 6 
-0.2827795930501327 22 7 23 9 
-0.1200923581407499 22 8 0 16 
-0.0556631127137958 22 8 0 23 
0.0124734272615149 22 8 1 15 
0.1001797854213145 22 8 1 19 
-0.1875006461353084 22 8 1 22 
-0.1701896066344306 22 8 2 14 
-0.1044123968492727 22 8 2 18 
-0.0964592649637798 22 8 2 21 
0.5958547704923358 22 8 3 13 
0.4143150242978704 22 8 3 20 
-1.0424992526696730 22 8 4 12 
0.0596462751958754 22 8 6 14 
-0.0772067199929142 22 8 6 18 
-0.0117958236871889 22 8 6 21 
-0.1318342136098536 22 8 7 13 
0.3333360703187658 22 8 7 20 
0.1588257818259819 22 8 8 15 
0.1768835181310507 22 8 8 19 
1.0203536340045507 22 8 8 22 
0.1493853732298843 22 8 9 14 
-0.2827795930501327 22 8 9 18 
0.4057155965344679 22 8 9 21 
-0.2570360104493457 22 8 10 13 
0.9331270822982918 22 8 10 20 
-0.3249724206745277 22 8 11 12 
1.0424992526696730 22 8 12 4 
0.3249724206745277 22 8 12 11 
-0.5958547704923358 22 8 13 3 
0.1318342136098536 22 8 13 7 
0.2570360104493457 22 8 13 10 
0.1701896066344306 22 8 14 2 
-0.0596462751958754 22 8 14 6 
-0.1493853732298843 22 8 14 9 
-0.0124734272615149 22 8 15 1 
-0.1588257818259819 22 8 15 8 
0.1200923581407499 22 8 16 0 
0.1044123968492727 22 8 18 2 
0.0772067199929142 22 8 18 6 
0.2827795930501327 22 8 18 9 
-0.1001797854213145 22 8 19 1 
-0.1768835181310507 22 8 19 8 
-0.4143150242978704 22 8 20 3 
-0.3333360703187658 22 8 20 7 
-0.9331270822982918 22 8 20 10 
0.0964592649637798 22 8 21 2 
0.0117958236871889 22 8 21 6 
-0.4057155965344679 22 8 21 9 
0.1875006461353084 22 8 22 1 
-1.0203536340045507 22 8 22 8 
0.0556631127137958 22 8 23 0 
-0.3342304624934836 22 9 0 17 
0.1375454891430182 22 9 1 16 
-0.2162449539404549 22 9 1 23 
-0.5542614426370110 22 9 2 15 
0.0419630399155591 22 9 2 19 
-0.3291519434739076 22 9 2 22 
1.0563621537145760 22 9 3 14 
-0.1001159377866791 22 9 3 18 
0.2439888626499448 22 9 3 21 
-1.1158314531148266 22 9 4 13 
0.4248510468825667 22 9 4 20 
0.2046531715768772 22 9 5 12 
0.0419630399155591 22 9 6 15 
-0.2990863823436821 22 9 6 19 
0.1632628741688270 22 9 6 22 
-0.1001159377866791 22 9 7 14 
0.3436617029148392 22 9 7 18 
-0.0068103219811119 22 9 7 21 
0.2162449539404549 22 9 8 16 
-0.2277204062409397 22 9 8 23 
0.3291519434739076 22 9 9 15 
-0.1632628741688270 22 9 9 19 
1.7165540579927001 22 9 9 22 
-0.2439888626499448 22 9 10 14 
0.0068103219811119 22 9 10 18 
0.8225266804941546 22 9 10 21 
-0.4248510468825667 22 9 11 13 
0.5790804195513471 22 9 11 20 
-0.2046531715768772 22 9 12 5 
1.1158314531148266 22 9 13 4 
0.4248510468825667 22 9 13 11 
-1.0563621537145760 22 9 14 3 
0.1001159377866791 22 9 14 7 
0.2439888626499448 22 9 14 10 
0.5542614426370110 22 9 15 2 
-0.0419630399155591 22 9 15 6 
-0.3291519434739076 22 9 15 9 
-0.1375454891430182 22 9 16 1 
-0.2162449539404549 22 9 16 8 
0.3342304624934836 22 9 17 0 
0.1001159377866791 22 9 18 3 
-0.3436617029148392 22 9 18 7 
-0.0068103219811119 22 9 18 10 
-0.0419630399155591 22 9 19 2 
0.2990863823436821 22 9 19 6 
0.1632628741688270 22 9 19 9 
-0.4248510468825667 22 9 20 4 
-0.5790804195513471 22 9 20 11 
-0.2439888626499448 22 9 21 3 
0.0068103219811119 22 9 21 7 
-0.8225266804941546 22 9 21 10 
0.3291519434739076 22 9 22 2 
-0.1632628741688270 22 9 22 6 
-1.7165540579927001 22 9 22 9 
0.2162449539404549 22 9 23 1 
0.2277204062409397 22 9 23 8 
-0.1158974523319191 22 10 1 17 
-0.6001276579691699 22 10 2 16 
-0.4533233295735348 22 10 2 23 
0.9005395894218445 22 10 3 15 
-0.0387685985807467 22 10 3 19 
-0.1203675243900171 22 10 3 22 
-0.6001276579691699 22 10 4 14 
-0.0274135389535451 22 10 4 18 
0.4903844433157185 22 10 4 21 
-0.1158974523319191 22 10 5 13 
0.1935635387372202 22 10 5 20 
-0.0274135389535451 22 10 6 16 
0.2945754167373216 22 10 6 23 
-0.0387685985807467 22 10 7 15 
0.0891506411423141 22 10 7 19 
-0.1700731961499388 22 10 7 22 
0.1935635387372202 22 10 8 17 
0.4903844433157185 22 10 9 16 
0.4057155965344679 22 10 9 23 
-0.1203675243900171 22 10 10 15 
-0.1700731961499388 22 10 10 19 
2.1877207251764474 22 10 10 22 
-0.4533233295735348 22 10 11 14 
0.2945754167373216 22 10 11 18 
0.4057155965344679 22 10 11 21 
0.1158974523319191 22 10 13 5 
0.6001276579691699 22 10 14 4 
0.4533233295735348 22 10 14 11 
-0.9005395894218445 22 10 15 3 
0.0387685985807467 22 10 15 7 
0.1203675243900171 22 10 15 10 
0.6001276579691699 22 10 16 2 
0.0274135389535451 22 10 16 6 
-0.4903844433157185 22 10 16 9 
0.1158974523319191 22 10 17 1 
-0.1935635387372202 22 10 17 8 
0.0274135389535451 22 10 18 4 
-0.2945754167373216 22 10 18 11 
0.0387685985807467 22 10 19 3 
-0.0891506411423141 22 10 19 7 
0.1700731961499388 22 10 19 10 
-0.1935635387372202 22 10 20 5 
-0.4903844433157185 22 10 21 4 
-0.4057155965344679 22 10 21 11 
0.1203675243900171 22 10 22 3 
0.1700731961499388 22 10 22 7 
-2.1877207251764474 22 10 22 10 
0.4533233295735348 22 10 23 2 
-0.2945754167373216 22 10 23 6 
-0.4057155965344679 22 10 23 9 
-0.8081306961200683 22 11 2 17 
0.6530977058611501 22 11 3 16 
-0.5379363625577981 22 11 3 23 
-0.2219743089850812 22 11 4 15 
-0.0975715349934660 22 11 4 19 
0.3239146468636258 22 11 4 22 
-0.1558905259854422 22 11 5 14 
0.1120044050867008 22 11 5 18 
0.2578377649557052 22 11 5 21 
-0.1473951316959303 22 11 6 17 
0.0184354645221181 22 11 7 16 
-0.1564525521877151 22 11 7 23 
0.5688093678485058 22 11 9 17 
0.0457731896074767 22 11 10 16 
1.2844870956086989 22 11 10 23 
-0.3676102009098723 22 11 11 15 
0.1564525521877151 22 11 11 19 
1.3717136473149578 22 11 11 22 
0.1558905259854422 22 11 14 5 
0.2219743089850812 22 11 15 4 
0.3676102009098723 22 11 15 11 
-0.6530977058611501 22 11 16 3 
-0.0184354645221181 22 11 16 7 
-0.0457731896074767 22 11 16 10 
0.8081306961200683 22 11 17 2 
0.1473951316959303 22 11 17 6 
-0.5688093678485058 22 11 17 9 
-0.1120044050867008 22 11 18 5 
0.0975715349934660 22 11 19 4 
-0.1564525521877151 22 11 19 11 
-0.2578377649557052 22 11 21 5 
-0.3239146468636258 22 11 22 4 
-1.3717136473149578 22 11 22 11 
0.5379363625577981 22 11 23 3 
0.1564525521877151 22 11 23 7 
-1.2844870956086989 22 11 23 10 
0.3926687395976451 22 12 12 15 
0.3079248623420184 22 12 12 19 
-0.0818063430811169 22 12 12 22 
0.1279651848115716 22 12 13 14 
0.2121620783261599 22 12 13 18 
0.1229922728488958 22 12 13 21 
-0.1279651848115716 22 12 14 13 
0.6028169146176346 22 12 14 20 
-0.3926687395976451 22 12 15 12 
-0.2121620783261599 22 12 18 13 
0.2294589748690320 22 12 18 20 
-0.3079248623420184 22 12 19 12 
-0.6028169146176346 22 12 20 14 
-0.2294589748690320 22 12 20 18 
0.3109716028928007 22 12 20 21 
-0.1229922728488958 22 12 21 13 
-0.3109716028928007 22 12 21 20 
0.0818063430811169 22 12 22 12 
0.3556744207370530 22 13 12 16 
0.1743853830626714 22 13 12 23 
0.5071242803944442 22 13 13 15 
0.2180517108137930 22 13 13 19 
-0.1068770468469293 22 13 13 22 
0.2330495776338199 22 13 14 18 
0.6596887114287011 22 13 14 21 
-0.5071242803944442 22 13 15 13 
0.5177131606358732 22 13 15 20 
-0.3556744207370530 22 13 16 12 
-0.2330495776338199 22 13 18 14 
0.0332508468114773 22 13 18 21 
-0.2180517108137930 22 13 19 13 
0.0450250170987460 22 13 19 20 
-0.5177131606358732 22 13 20 15 
-0.0450250170987460 22 13 20 19 
0.0695353643140373 22 13 20 22 
-0.6596887114287011 22 13 21 14 
-0.0332508468114773 22 13 21 18 
0.1068770468469293 22 13 22 13 
-0.0695353643140373 22 13 22 20 
-0.1743853830626714 22 13 23 12 
0.1697018978974107 22 14 12 17 
0.6195984078934554 22 14 13 16 
0.1776566424619686 22 14 13 23 
0.4498965099960446 22 14 14 15 
0.1032059642291312 22 14 14 19 
0.2508012836145480 22 14 14 22 
-0.4498965099960446 22 14 15 14 
0.2097275124616475 22 14 15 18 
0.8779369060874337 22 14 15 21 
-0.6195984078934554 22 14 16 13 
0.2266625618287158 22 14 16 20 
-0.1697018978974107 22 14 17 12 
-0.2097275124616475 22 14 18 15 
-0.0786560580365985 22 14 18 22 
-0.1032059642291312 22 14 19 14 
-0.0470237985211814 22 14 19 21 
-0.2266625618287158 22 14 20 16 
-0.0851630808239628 22 14 20 23 
-0.8779369060874337 22 14 21 15 
0.0470237985211814 22 14 21 19 
-0.0851630808239628 22 14 21 22 
-0.2508012836145480 22 14 22 14 
0.0786560580365985 22 14 22 18 
0.0851630808239628 22 14 22 21 
-0.1776566424619686 22 14 23 13 
0.0851630808239628 22 14 23 20 
0.3794649796093389 22 15 13 17 
0.7953121826259112 22 15 14 16 
0.3487079594217378 22 15 14 23 
-0.0366123774119671 22 15 15 19 
0.6347659200987984 22 15 15 22 
-0.7953121826259112 22 15 16 14 
0.1624164124008923 22 15 16 18 
0.6596887114287011 22 15 16 21 
-0.3794649796093389 22 15 17 13 
-0.0479920092071885 22 15 17 20 
-0.1624164124008923 22 15 18 16 
-0.1043987939289113 22 15 18 23 
0.0366123774119671 22 15 19 15 
-0.1491917558183705 22 15 19 22 
0.0479920092071885 22 15 20 17 
-0.6596887114287011 22 15 21 16 
-0.2458446381936641 22 15 21 23 
-0.6347659200987984 22 15 22 15 
0.1491917558183705 22 15 22 19 
-0.3487079594217378 22 15 23 14 
0.1043987939289113 22 15 23 18 
0.2458446381936641 22 15 23 21 
0.6309647744071064 22 16 14 17 
0.6176169945956672 22 16 15 16 
0.6739071241050278 22 16 15 23 
-0.6176169945956672 22 16 16 15 
-0.2014033141095020 22 16 16 19 
0.6885541344013044 22 16 16 22 
-0.6309647744071064 22 16 17 14 
0.1004812380846255 22 16 17 18 
0.1229922728488958 22 16 17 21 
-0.1004812380846255 22 16 18 17 
0.2014033141095020 22 16 19 16 
-0.2052343463418286 22 16 19 23 
-0.1229922728488958 22 16 21 17 
-0.6885541344013044 22 16 22 16 
-0.2781414572561490 22 16 22 23 
-0.6739071241050278 22 16 23 15 
0.2052343463418286 22 16 23 19 
0.2781414572561490 22 16 23 22 
0.7320725353924665 22 17 15 17 
0.9590262890364940 22 17 16 23 
-0.7320725353924665 22 17 17 15 
-0.3911668458634735 22 17 17 19 
0.0557031983175495 22 17 17 22 
0.3911668458634735 22 17 19 17 
-0.0557031983175495 22 17 22 17 
-0.9590262890364940 22 17 23 16 
0.4331594916981370 22 18 12 17 
0.0866318983396274 22 18 13 16 
0.1668395756270498 22 18 13 23 
-0.3465275933585096 22 18 14 15 
0.7223057010131746 22 18 14 19 
-0.0786560580365985 22 18 14 22 
0.3465275933585096 22 18 15 14 
-0.7223057010131746 22 18 15 18 
-0.0470237985211814 22 18 15 21 
-0.0866318983396274 22 18 16 13 
0.1410119438856932 22 18 16 20 
-0.4331594916981370 22 18 17 12 
0.7223057010131746 22 18 18 15 
-0.0951073900534364 22 18 18 22 
-0.7223057010131746 22 18 19 14 
0.3668172030686210 22 18 19 21 
-0.1410119438856932 22 18 20 16 
0.1564525521877151 22 18 20 23 
0.0470237985211814 22 18 21 15 
-0.3668172030686210 22 18 21 19 
0.1564525521877151 22 18 21 22 
0.0786560580365985 22 18 22 14 
0.0951073900534364 22 18 22 18 
-0.1564525521877151 22 18 22 21 
-0.1668395756270498 22 18 23 13 
-0.1564525521877151 22 18 23 20 
0.5811444411217741 22 19 13 17 
-0.3675480166980848 22 19 14 16 
0.1586971993979569 22 19 14 23 
0.7223057010131744 22 19 15 19 
-0.1491917558183705 22 19 15 22 
0.3675480166980848 22 19 16 14 
-1.0214945185522371 22 19 16 18 
0.0332508468114773 22 19 16 21 
-0.5811444411217741 22 19 17 13 
0.1865323162196501 22 19 17 20 
1.0214945185522371 22 19 18 16 
0.3176730164025809 22 19 18 23 
-0.7223057010131744 22 19 19 15 
0.0883012114808741 22 19 19 22 
-0.1865323162196501 22 19 20 17 
-0.0332508468114773 22 19 21 16 
0.2709837693629437 22 19 21 23 
0.1491917558183705 22 19 22 15 
-0.0883012114808741 22 19 22 19 
-0.1586971993979569 22 19 23 14 
-0.3176730164025809 22 19 23 18 
-0.2709837693629437 22 19 23 21 
0.9224068945289231 22 20 12 16 
0.2693093079607318 22 20 12 23 
-0.5833813432308207 22 20 13 15 
0.2320139990311680 22 20 13 19 
0.0695353643140373 22 20 13 22 
-0.1640586720451480 22 20 14 18 
-0.2458446381936641 22 20 14 21 
0.5833813432308207 22 20 15 13 
0.2554892424718886 22 20 15 20 
-0.9224068945289231 22 20 16 12 
0.1640586720451480 22 20 18 14 
0.2709837693629437 22 20 18 21 
-0.2320139990311680 22 20 19 13 
0.1564525521877151 22 20 19 20 
-0.2554892424718886 22 20 20 15 
-0.1564525521877151 22 20 20 19 
0.0872265517062590 22 20 20 22 
0.2458446381936641 22 20 21 14 
-0.2709837693629437 22 20 21 18 
-0.0695353643140373 22 20 22 13 
-0.0872265517062590 22 20 22 20 
-0.2693093079607318 22 20 23 12 
-0.5388836340703608 22 21 12 17 
1.2533769422578445 22 21 13 16 
0.2086060929421117 22 21 13 23 
-1.6106235963515865 22 21 14 15 
0.1420789777022381 22 21 14 19 
-0.0851630808239628 22 21 14 22 
1.6106235963515865 22 21 15 14 
-0.1420789777022381 22 21 15 18 
-0.0851630808239628 22 21 15 21 
-1.2533769422578445 22 21 16 13 
0.2086060929421117 22 21 16 20 
0.5388836340703608 22 21 17 12 
0.1420789777022381 22 21 18 15 
-0.6427480852585211 22 21 18 19 
0.1564525521877151 22 21 18 22 
-0.1420789777022381 22 21 19 14 
0.6427480852585211 22 21 19 18 
0.1564525521877151 22 21 19 21 
-0.2086060929421117 22 21 20 16 
-0.8068008257922865 22 21 20 23 
0.0851630808239628 22 21 21 15 
-0.1564525521877151 22 21 21 19 
0.8940273774985454 22 21 21 22 
0.0851630808239628 22 21 22 14 
-0.1564525521877151 22 21 22 18 
-0.8940273774985454 22 21 22 21 
-0.2086060929421117 22 21 23 13 
0.8068008257922865 22 21 23 20 
-0.6522401701346261 22 23 14 17 
0.8750720148462312 22 23 15 16 
-0.1703261616479257 22 23 15 23 
-0.8750720148462312 22 23 16 15 
-0.1160069995155840 22 23 16 19 
0.2781414572561490 22 23 16 22 
0.6522401701346261 22 23 17 14 
0.2593995367826311 22 23 17 18 
-0.3109716028928007 22 23 17 21 
-0.2593995367826311 22 23 18 17 
0.1160069995155840 22 23 19 16 
-0.3129051043754301 22 23 19 23 
0.3109716028928007 22 23 21 17 
-0.2781414572561490 22 23 22 16 
-0.0872265517062590 22 23 22 23 
0.1703261616479257 22 23 23 15 
0.3129051043754301 22 23 23 19 
0.0872265517062590 22 23 23 22 
-0.7997245486230263 23 0 0 16 
1.9703990915313929 23 0 0 23 
0.6915009003500333 23 0 1 15 
0.1460021423079873 23 0 1 19 
-0.5154638301267874 23 0 1 22 
-0.5273327033390883 23 0 2 14 
-0.2389830494637161 23 0 2 18 
0.2756474824203968 23 0 2 21 
0.6176201664521721 23 0 3 13 
0.3893801716987215 23 0 3 20 
-0.9817762125315213 23 0 4 12 
-0.2845765615698903 23 0 6 14 
-0.9056695250568760 23 0 6 18 
0.4528630066897992 23 0 6 21 
-0.0925154304387824 23 0 7 13 
-0.3486272878429985 23 0 7 20 
0.0136354643374492 23 0 8 15 
-0.4229784416228939 23 0 8 19 
-0.0556631127137958 23 0 8 22 
0.3236394916275853 23 0 9 14 
0.2663306904701491 23 0 9 18 
-0.1935635387372201 23 0 9 21 
-0.6898492131894587 23 0 10 13 
-0.3249724206745277 23 0 10 20 
2.2773359960870847 23 0 11 12 
0.9817762125315213 23 0 12 4 
-2.2773359960870847 23 0 12 11 
-0.6176201664521721 23 0 13 3 
0.0925154304387824 23 0 13 7 
0.6898492131894587 23 0 13 10 
0.5273327033390883 23 0 14 2 
0.2845765615698903 23 0 14 6 
-0.3236394916275853 23 0 14 9 
-0.6915009003500333 23 0 15 1 
-0.0136354643374492 23 0 15 8 
0.7997245486230263 23 0 16 0 
0.2389830494637161 23 0 18 2 
0.9056695250568760 23 0 18 6 
-0.2663306904701491 23 0 18 9 
-0.1460021423079873 23 0 19 1 
0.4229784416228939 23 0 19 8 
-0.3893801716987215 23 0 20 3 
0.3486272878429985 23 0 20 7 
0.3249724206745277 23 0 20 10 
-0.2756474824203968 23 0 21 2 
-0.4528630066897992 23 0 21 6 
0.1935635387372201 23 0 21 9 
0.5154638301267874 23 0 22 1 
0.0556631127137958 23 0 22 8 
-1.9703990915313929 23 0 23 0 
-0.7997245486230264 23 1 0 17 
0.0749625910422659 23 1 1 16 
1.5711225256007257 23 1 1 23 
0.1671960768103334 23 1 2 15 
0.0778032563686964 23 1 2 19 
-0.4054692984464331 23 1 2 22 
0.0737435190815130 23 1 3 14 
-0.3206294064426384 23 1 3 18 
0.6714324891777179 23 1 3 21 
-0.2005416305950493 23 1 4 13 
0.4925312873101582 23 1 4 20 
-0.9817762125315213 23 1 5 12 
-0.3817995218840575 23 1 6 15 
-0.4050277246354249 23 1 6 19 
0.4050529869813333 23 1 6 22 
-0.2442902988536551 23 1 7 14 
-0.4050277246354249 23 1 7 18 
-0.0675190424792119 23 1 7 21 
0.0172476497041354 23 1 8 16 
-0.0431164617077196 23 1 8 23 
0.4447699273490021 23 1 9 15 
-0.2085309863649051 23 1 9 19 
-0.2162449539404549 23 1 9 22 
-0.5831259409084016 23 1 10 14 
0.2382134113542835 23 1 10 18 
-0.4248510468825667 23 1 10 21 
1.7429810932716732 23 1 11 13 
-0.2517225546498314 23 1 11 20 
0.9817762125315213 23 1 12 5 
0.2005416305950493 23 1 13 4 
-1.7429810932716732 23 1 13 11 
-0.0737435190815130 23 1 14 3 
0.2442902988536551 23 1 14 7 
0.5831259409084016 23 1 14 10 
-0.1671960768103334 23 1 15 2 
0.3817995218840575 23 1 15 6 
-0.4447699273490021 23 1 15 9 
-0.0749625910422659 23 1 16 1 
-0.0172476497041354 23 1 16 8 
0.7997245486230264 23 1 17 0 
0.3206294064426384 23 1 18 3 
0.4050277246354249 23 1 18 7 
-0.2382134113542835 23 1 18 10 
-0.0778032563686964 23 1 19 2 
0.4050277246354249 23 1 19 6 
0.2085309863649051 23 1 19 9 
-0.4925312873101582 23 1 20 4 
0.2517225546498314 23 1 20 11 
-0.6714324891777179 23 1 21 3 
0.0675190424792119 23 1 21 7 
0.4248510468825667 23 1 21 10 
0.4054692984464331 23 1 22 2 
-0.4050529869813333 23 1 22 6 
0.2162449539404549 23 1 22 9 
-1.5711225256007257 23 1 23 1 
0.0431164617077196 23 1 23 8 
-0.5729746368493853 23 2 1 17 
0.2421586678525993 23 2 2 16 
1.3228243037112184 23 2 2 23 
0.2555550331672065 23 2 3 15 
-0.0308367985066526 23 2 3 19 
0.0447093304648900 23 2 3 22 
-0.1267981115135362 23 2 4 14 
-0.3206294064426383 23 2 4 18 
0.9730450732442246 23 2 4 21 
-0.9347043256344042 23 2 5 13 
0.3893801716987215 23 2 5 20 
-0.3817995218840574 23 2 6 16 
0.2480432842236160 23 2 6 23 
-0.3940955058352610 23 2 7 15 
-0.2863978506582666 23 2 7 19 
0.0954646841209102 23 2 7 22 
0.0136354643374492 23 2 8 17 
0.4553319126083512 23 2 9 16 
-0.1588257818259819 23 2 9 23 
-0.3039986289568479 23 2 10 15 
-0.0632325152770467 23 2 10 19 
-0.4533233295735349 23 2 10 22 
1.3858908405201931 23 2 11 14 
0.1458753269264268 23 2 11 18 
-0.4143150242978705 23 2 11 21 
0.9347043256344042 23 2 13 5 
0.1267981115135362 23 2 14 4 
-1.3858908405201931 23 2 14 11 
-0.2555550331672065 23 2 15 3 
0.3940955058352610 23 2 15 7 
0.3039986289568479 23 2 15 10 
-0.2421586678525993 23 2 16 2 
0.3817995218840574 23 2 16 6 
-0.4553319126083512 23 2 16 9 
0.5729746368493853 23 2 17 1 
-0.0136354643374492 23 2 17 8 
0.3206294064426383 23 2 18 4 
-0.1458753269264268 23 2 18 11 
0.0308367985066526 23 2 19 3 
0.2863978506582666 23 2 19 7 
0.0632325152770467 23 2 19 10 
-0.3893801716987215 23 2 20 5 
-0.9730450732442246 23 2 21 4 
0.4143150242978705 23 2 21 11 
-0.0447093304648900 23 2 22 3 
-0.0954646841209102 23 2 22 7 
0.4533233295735349 23 2 22 10 
-1.3228243037112184 23 2 23 2 
-0.2480432842236160 23 2 23 6 
0.1588257818259819 23 2 23 9 
-0.3597112539990645 23 3 2 17 
0.4830982637444456 23 3 3 16 
1.3486372476904103 23 3 3 23 
0.1141414843783102 23 3 4 15 
-0.1359496812597291 23 3 4 19 
0.6908490765015284 23 3 4 22 
-0.9757574216682700 23 3 5 14 
-0.2389830494637161 23 3 5 18 
0.9500737232624755 23 3 5 21 
-0.2845765615698904 23 3 6 17 
-0.4988233134430267 23 3 7 16 
0.1377976558165154 23 3 7 23 
0.3472568086448409 23 3 9 17 
0.0169419523965004 23 3 10 16 
-0.3676102009098723 23 3 10 23 
1.2103771502586795 23 3 11 15 
0.0121177992587356 23 3 11 19 
-0.5379363625577981 23 3 11 22 
0.9757574216682700 23 3 14 5 
-0.1141414843783102 23 3 15 4 
-1.2103771502586795 23 3 15 11 
-0.4830982637444456 23 3 16 3 
0.4988233134430267 23 3 16 7 
-0.0169419523965004 23 3 16 10 
0.3597112539990645 23 3 17 2 
0.2845765615698904 23 3 17 6 
-0.3472568086448409 23 3 17 9 
0.2389830494637161 23 3 18 5 
0.1359496812597291 23 3 19 4 
-0.0121177992587356 23 3 19 11 
-0.9500737232624755 23 3 21 5 
-0.6908490765015284 23 3 22 4 
0.5379363625577981 23 3 22 11 
-1.3486372476904103 23 3 23 3 
-0.1377976558165154 23 3 23 7 
0.3676102009098723 23 3 23 10 
0.0003913113185153 23 4 3 17 
0.5972397481227559 23 4 4 16 
1.7716941793658423 23 4 4 23 
-0.9447102679451058 23 4 5 15 
-0.1919709274208803 23 4 5 19 
1.2179677226382328 23 4 5 22 
-0.4949674633444236 23 4 7 17 
0.2589414336017387 23 4 10 17 
1.2207519349131672 23 4 11 16 
-0.5545317547066538 23 4 11 23 
0.9447102679451058 23 4 15 5 
-0.5972397481227559 23 4 16 4 
-1.2207519349131672 23 4 16 11 
-0.0003913113185153 23 4 17 3 
0.4949674633444236 23 4 17 7 
-0.2589414336017387 23 4 17 10 
0.1919709274208803 23 4 19 5 
-1.2179677226382328 23 4 22 5 
-1.7716941793658423 23 4 23 4 
0.5545317547066538 23 4 23 11 
0.5977347221390407 23 5 4 17 
-0.5977347221390407 23 5 5 16 
2.7151279205650520 23 5 5 23 
1.4213271069096887 23 5 11 17 
0.5977347221390407 23 5 16 5 
-0.5977347221390407 23 5 17 4 
-1.4213271069096887 23 5 17 11 
-2.7151279205650520 23 5 23 5 
0.1733999522718044 23 6 1 17 
-0.1132335449469799 23 6 2 16 
0.2480432842236160 23 6 2 23 
0.0075641741244195 23 6 3 15 
0.5330872749617042 23 6 3 19 
-0.3500660570721861 23 6 3 22 
0.0989704014337724 23 6 4 14 
-0.7538992541793572 23 6 4 18 
0.3825568508039190 23 6 4 21 
-0.1621239472479065 23 6 5 13 
-0.3486272878429985 23 6 5 20 
-0.1641391189174960 23 6 6 16 
1.4266556282921552 23 6 6 23 
0.1160638840445465 23 6 7 15 
-0.5045920591914066 23 6 7 19 
-0.2668732542581253 23 6 7 22 
-0.4229784416228939 23 6 8 17 
0.3375318337051730 23 6 9 16 
-0.1768835181310507 23 6 9 23 
-0.2456672631432748 23 6 10 15 
-0.5845462706607063 23 6 10 19 
0.2945754167373216 23 6 10 22 
0.1458753269264268 23 6 11 14 
1.7051716198799021 23 6 11 18 
-0.3333360703187658 23 6 11 21 
0.1621239472479065 23 6 13 5 
-0.0989704014337724 23 6 14 4 
-0.1458753269264268 23 6 14 11 
-0.0075641741244195 23 6 15 3 
-0.1160638840445465 23 6 15 7 
0.2456672631432748 23 6 15 10 
0.1132335449469799 23 6 16 2 
0.1641391189174960 23 6 16 6 
-0.3375318337051730 23 6 16 9 
-0.1733999522718044 23 6 17 1 
0.4229784416228939 23 6 17 8 
0.7538992541793572 23 6 18 4 
-1.7051716198799021 23 6 18 11 
-0.5330872749617042 23 6 19 3 
0.5045920591914066 23 6 19 7 
0.5845462706607063 23 6 19 10 
0.3486272878429985 23 6 20 5 
-0.3825568508039190 23 6 21 4 
0.3333360703187658 23 6 21 11 
0.3500660570721861 23 6 22 3 
0.2668732542581253 23 6 22 7 
-0.2945754167373216 23 6 22 10 
-0.2480432842236160 23 6 23 2 
-1.4266556282921552 23 6 23 6 
0.1768835181310507 23 6 23 9 
0.2372512246005414 23 7 2 17 
-0.3183059195711286 23 7 3 16 
0.1377976558165154 23 7 3 23 
0.3183059195711286 23 7 4 15 
0.7538992541793572 23 7 4 19 
-0.2250226296680809 23 7 4 22 
-0.2372512246005414 23 7 5 14 
-1.6857699805314355 23 7 5 18 
0.2515829482067949 23 7 5 21 
-0.3670262276664426 23 7 6 17 
0.1641391189174960 23 7 7 16 
0.9644175927358349 23 7 7 23 
0.0221239733377629 23 7 9 17 
-0.0197882833262523 23 7 10 16 
0.1564525521877151 23 7 10 23 
0.0121177992587356 23 7 11 15 
0.6927077797206503 23 7 11 19 
-0.1564525521877151 23 7 11 22 
0.2372512246005414 23 7 14 5 
-0.3183059195711286 23 7 15 4 
-0.0121177992587356 23 7 15 11 
0.3183059195711286 23 7 16 3 
-0.1641391189174960 23 7 16 7 
0.0197882833262523 23 7 16 10 
-0.2372512246005414 23 7 17 2 
0.3670262276664426 23 7 17 6 
-0.0221239733377629 23 7 17 9 
1.6857699805314355 23 7 18 5 
-0.7538992541793572 23 7 19 4 
-0.6927077797206503 23 7 19 11 
-0.2515829482067949 23 7 21 5 
0.2250226296680809 23 7 22 4 
0.1564525521877151 23 7 22 11 
-0.1377976558165154 23 7 23 3 
-0.9644175927358349 23 7 23 7 
-0.1564525521877151 23 7 23 10 
0.1791918947981832 23 8 0 17 
-0.2722150354153634 23 8 1 16 
-0.0431164617077196 23 8 1 23 
0.2798534184489717 23 8 2 15 
0.0613473392059324 23 8 2 19 
-0.0884168946938735 23 8 2 22 
-0.3781124336526365 23 8 3 14 
-0.0807316384963057 23 8 3 18 
0.0032538138699106 23 8 3 21 
0.7429974707799867 23 8 4 13 
0.2517225546498314 23 8 4 20 
-1.5505139195846513 23 8 5 12 
0.0613473392059324 23 8 6 15 
0.2545110617725250 23 8 6 19 
-0.1768835181310507 23 8 6 22 
-0.0807316384963057 23 8 7 14 
-0.3882370234859963 23 8 7 18 
0.3333360703187658 23 8 7 21 
0.0431164617077196 23 8 8 16 
1.2480740402454908 23 8 8 23 
0.0884168946938735 23 8 9 15 
0.1768835181310507 23 8 9 19 
-0.2277204062409398 23 8 9 22 
-0.0032538138699106 23 8 10 14 
-0.3333360703187658 23 8 10 18 
0.5790804195513470 23 8 10 21 
-0.2517225546498314 23 8 11 13 
0.3540466627469449 23 8 11 20 
1.5505139195846513 23 8 12 5 
-0.7429974707799867 23 8 13 4 
0.2517225546498314 23 8 13 11 
0.3781124336526365 23 8 14 3 
0.0807316384963057 23 8 14 7 
0.0032538138699106 23 8 14 10 
-0.2798534184489717 23 8 15 2 
-0.0613473392059324 23 8 15 6 
-0.0884168946938735 23 8 15 9 
0.2722150354153634 23 8 16 1 
-0.0431164617077196 23 8 16 8 
-0.1791918947981832 23 8 17 0 
0.0807316384963057 23 8 18 3 
0.3882370234859963 23 8 18 7 
0.3333360703187658 23 8 18 10 
-0.0613473392059324 23 8 19 2 
-0.2545110617725250 23 8 19 6 
-0.1768835181310507 23 8 19 9 
-0.2517225546498314 23 8 20 4 
-0.3540466627469449 23 8 20 11 
-0.0032538138699106 23 8 21 3 
-0.3333360703187658 23 8 21 7 
-0.5790804195513470 23 8 21 10 
0.0884168946938735 23 8 22 2 
0.1768835181310507 23 8 22 6 
0.2277204062409398 23 8 22 9 
0.0431164617077196 23 8 23 1 
-1.2480740402454908 23 8 23 8 
-0.1200923581407499 23 9 1 17 
0.0124734272615149 23 9 2 16 
-0.1588257818259819 23 9 2 23 
-0.1701896066344306 23 9 3 15 
0.0596462751958754 23 9 3 19 
-0.1493853732298843 23 9 3 22 
0.5958547704923358 23 9 4 14 
-0.1318342136098536 23 9 4 18 
0.2570360104493457 23 9 4 21 
-1.0424992526696730 23 9 5 13 
0.3249724206745277 23 9 5 20 
0.1001797854213145 23 9 6 16 
-0.1768835181310507 23 9 6 23 
-0.1044123968492727 23 9 7 15 
-0.0772067199929142 23 9 7 19 
0.2827795930501327 23 9 7 22 
0.0556631127137958 23 9 8 17 
0.1875006461353084 23 9 9 16 
1.0203536340045507 23 9 9 23 
0.0964592649637798 23 9 10 15 
0.0117958236871889 23 9 10 19 
0.4057155965344679 23 9 10 22 
-0.4143150242978704 23 9 11 14 
-0.3333360703187658 23 9 11 18 
0.9331270822982918 23 9 11 21 
1.0424992526696730 23 9 13 5 
-0.5958547704923358 23 9 14 4 
0.4143150242978704 23 9 14 11 
0.1701896066344306 23 9 15 3 
0.1044123968492727 23 9 15 7 
-0.0964592649637798 23 9 15 10 
-0.0124734272615149 23 9 16 2 
-0.1001797854213145 23 9 16 6 
-0.1875006461353084 23 9 16 9 
0.1200923581407499 23 9 17 1 
-0.0556631127137958 23 9 17 8 
0.1318342136098536 23 9 18 4 
0.3333360703187658 23 9 18 11 
-0.0596462751958754 23 9 19 3 
0.0772067199929142 23 9 19 7 
-0.0117958236871889 23 9 19 10 
-0.3249724206745277 23 9 20 5 
-0.2570360104493457 23 9 21 4 
-0.9331270822982918 23 9 21 11 
0.1493853732298843 23 9 22 3 
-0.2827795930501327 23 9 22 7 
-0.4057155965344679 23 9 22 10 
0.1588257818259819 23 9 23 2 
0.1768835181310507 23 9 23 6 
-1.0203536340045507 23 9 23 9 
-0.1558905259854422 23 10 2 17 
-0.2219743089850812 23 10 3 16 
-0.3676102009098723 23 10 3 23 
0.6530977058611501 23 10 4 15 
0.0184354645221181 23 10 4 19 
0.0457731896074767 23 10 4 22 
-0.8081306961200683 23 10 5 14 
-0.1473951316959303 23 10 5 18 
0.5688093678485058 23 10 5 21 
0.1120044050867008 23 10 6 17 
-0.0975715349934660 23 10 7 16 
0.1564525521877151 23 10 7 23 
0.2578377649557052 23 10 9 17 
0.3239146468636258 23 10 10 16 
1.3717136473149578 23 10 10 23 
-0.5379363625577981 23 10 11 15 
-0.1564525521877151 23 10 11 19 
1.2844870956086989 23 10 11 22 
0.8081306961200683 23 10 14 5 
-0.6530977058611501 23 10 15 4 
0.5379363625577981 23 10 15 11 
0.2219743089850812 23 10 16 3 
0.0975715349934660 23 10 16 7 
-0.3239146468636258 23 10 16 10 
0.1558905259854422 23 10 17 2 
-0.1120044050867008 23 10 17 6 
-0.2578377649557052 23 10 17 9 
0.1473951316959303 23 10 18 5 
-0.0184354645221181 23 10 19 4 
0.1564525521877151 23 10 19 11 
-0.5688093678485058 23 10 21 5 
-0.0457731896074767 23 10 22 4 
-1.2844870956086989 23 10 22 11 
0.3676102009098723 23 10 23 3 
-0.1564525521877151 23 10 23 7 
-1.3717136473149578 23 10 23 10 
-0.5565779120871285 23 11 3 17 
0.7040215590145148 23 11 4 16 
-0.5545317547066538 23 11 4 23 
-0.5565779120871285 23 11 5 15 
-0.0612985366039654 23 11 5 19 
0.7158974169740153 23 11 5 22 
-0.0612985366039654 23 11 7 17 
0.7158974169740153 23 11 10 17 
-0.5545317547066538 23 11 11 16 
2.6562007429236569 23 11 11 23 
0.5565779120871285 23 11 15 5 
-0.7040215590145148 23 11 16 4 
0.5545317547066538 23 11 16 11 
0.5565779120871285 23 11 17 3 
0.0612985366039654 23 11 17 7 
-0.7158974169740153 23 11 17 10 
0.0612985366039654 23 11 19 5 
-0.7158974169740153 23 11 22 5 
0.5545317547066538 23 11 23 4 
-2.6562007429236569 23 11 23 11 
0.1820516639084949 23 12 12 16 
-0.3069369045556926 23 12 12 23 
0.0738807338978611 23 12 13 15 
0.2385175727467696 23 12 13 19 
0.1743853830626714 23 12 13 22 
0.0455935121061742 23 12 14 18 
-0.0479920092071885 23 12 14 21 
-0.0738807338978611 23 12 15 13 
0.3757447073612723 23 12 15 20 
-0.1820516639084949 23 12 16 12 
-0.0455935121061742 23 12 18 14 
0.1865323162196501 23 12 18 21 
-0.2385175727467696 23 12 19 13 
0.0743511537798954 23 12 19 20 
-0.3757447073612723 23 12 20 15 
-0.0743511537798954 23 12 20 19 
0.2693093079607318 23 12 20 22 
0.0479920092071885 23 12 21 14 
-0.1865323162196501 23 12 21 18 
-0.1743853830626714 23 12 22 13 
-0.2693093079607318 23 12 22 20 
0.3069369045556926 23 12 23 12 
0.1820516639084949 23 13 12 17 
0.2755042216373152 23 13 13 16 
-0.1718585676709473 23 13 13 23 
0.0934525577288204 23 13 14 15 
0.3220935552223515 23 13 14 19 
0.1776566424619686 23 13 14 22 
-0.0934525577288204 23 13 15 14 
0.0611701154414191 23 13 15 18 
0.2266625618287158 23 13 15 21 
-0.2755042216373152 23 13 16 13 
0.4752836376060228 23 13 16 20 
-0.1820516639084949 23 13 17 12 
-0.0611701154414191 23 13 18 15 
0.1668395756270498 23 13 18 22 
-0.3220935552223515 23 13 19 14 
0.1410119438856932 23 13 19 21 
-0.4752836376060228 23 13 20 16 
0.2086060929421117 23 13 20 23 
-0.2266625618287158 23 13 21 15 
-0.1410119438856932 23 13 21 19 
0.2086060929421117 23 13 21 22 
-0.1776566424619686 23 13 22 14 
-0.1668395756270498 23 13 22 18 
-0.2086060929421117 23 13 22 21 
0.1718585676709473 23 13 23 13 
-0.2086060929421117 23 13 23 20 
0.3617296887850188 23 14 13 17 
0.3689567793661356 23 14 14 16 
-0.0630665368089746 23 14 14 23 
0.3632587073286083 23 14 15 19 
0.3487079594217378 23 14 15 22 
-0.3689567793661356 23 14 16 14 
0.0611701154414191 23 14 16 18 
0.5177131606358732 23 14 16 21 
-0.3617296887850188 23 14 17 13 
0.3757447073612723 23 14 17 20 
-0.0611701154414191 23 14 18 16 
0.1021679572971892 23 14 18 23 
-0.3632587073286083 23 14 19 15 
0.1586971993979569 23 14 19 22 
-0.3757447073612723 23 14 20 17 
-0.5177131606358732 23 14 21 16 
0.2554892424718886 23 14 21 23 
-0.3487079594217378 23 14 22 15 
-0.1586971993979569 23 14 22 19 
0.0630665368089746 23 14 23 14 
-0.1021679572971892 23 14 23 18 
-0.2554892424718886 23 14 23 21 
0.6160461676692053 23 15 14 17 
0.3689567793661355 23 15 15 16 
0.1382600974317309 23 15 15 23 
-0.3689567793661355 23 15 16 15 
0.3628736321832975 23 15 16 19 
0.6739071241050278 23 15 16 22 
-0.6160461676692053 23 15 17 14 
0.0455935121061742 23 15 17 18 
0.6028169146176346 23 15 17 21 
-0.0455935121061742 23 15 18 17 
-0.3628736321832975 23 15 19 16 
0.1256798565577799 23 15 19 23 
-0.6028169146176346 23 15 21 17 
-0.6739071241050278 23 15 22 16 
0.1703261616479257 23 15 22 23 
-0.1382600974317309 23 15 23 15 
-0.1256798565577799 23 15 23 19 
-0.1703261616479257 23 15 23 22 
0.9451015792636208 23 16 15 17 
0.5509422444526750 23 16 16 23 
-0.9451015792636208 23 16 17 15 
0.3029965359235433 23 16 17 19 
0.9590262890364940 23 16 17 22 
-0.3029965359235433 23 16 19 17 
-0.9590262890364940 23 16 22 17 
-0.5509422444526750 23 16 23 16 
1.1954694442780811 23 17 16 17 
-1.1954694442780811 23 17 17 16 
1.2938008136553631 23 17 17 23 
-1.2938008136553631 23 17 23 17 
0.3355238995197108 23 18 13 17 
-0.2122039463807523 23 18 14 16 
0.1021679572971892 23 18 14 23 
0.4170233909171576 23 18 15 19 
-0.1043987939289113 23 18 15 22 
0.2122039463807523 23 18 16 14 
-0.5897601352618611 23 18 16 18 
0.0450250170987460 23 18 16 21 
-0.3355238995197108 23 18 17 13 
0.0743511537798954 23 18 17 20 
0.5897601352618611 23 18 18 16 
-0.2785159915877468 23 18 18 23 
-0.4170233909171576 23 18 19 15 
0.3176730164025809 23 18 19 22 
-0.0743511537798954 23 18 20 17 
-0.0450250170987460 23 18 21 16 
0.1564525521877151 23 18 21 23 
0.1043987939289113 23 18 22 15 
-0.3176730164025809 23 18 22 19 
-0.1021679572971892 23 18 23 14 
0.2785159915877468 23 18 23 18 
-0.1564525521877151 23 18 23 21 
0.4745024492010828 23 19 14 17 
-0.6366118391422571 23 19 15 16 
0.1256798565577799 23 19 15 23 
0.6366118391422571 23 19 16 15 
0.5897601352618611 23 19 16 19 
-0.2052343463418286 23 19 16 22 
-0.4745024492010828 23 19 17 14 
-1.3187437528649926 23 19 17 18 
0.2294589748690320 23 19 17 21 
1.3187437528649926 23 19 18 17 
-0.5897601352618611 23 19 19 16 
0.2717098130151846 23 19 19 23 
-0.2294589748690320 23 19 21 17 
0.2052343463418286 23 19 22 16 
0.3129051043754301 23 19 22 23 
-0.1256798565577799 23 19 23 15 
-0.2717098130151846 23 19 23 19 
-0.3129051043754301 23 19 23 22 
1.7297058143828339 23 20 12 17 
-1.0152125061953499 23 20 13 16 
0.2086060929421117 23 20 13 23 
0.6579658521016079 23 20 14 15 
0.1420789777022381 23 20 14 19 
-0.0851630808239628 23 20 14 22 
-0.6579658521016079 23 20 15 14 
-0.1420789777022381 23 20 15 18 
-0.0851630808239628 23 20 15 21 
1.0152125061953499 23 20 16 13 
0.2086060929421117 23 20 16 20 
-1.7297058143828339 23 20 17 12 
0.1420789777022381 23 20 18 15 
0.6427480852585211 23 20 18 19 
0.1564525521877151 23 20 18 22 
-0.1420789777022381 23 20 19 14 
-0.6427480852585211 23 20 19 18 
0.1564525521877151 23 20 19 21 
-0.2086060929421117 23 20 20 16 
0.8940273774985454 23 20 20 23 
0.0851630808239628 23 20 21 15 
-0.1564525521877151 23 20 21 19 
-0.8068008257922865 23 20 21 22 
0.0851630808239628 23 20 22 14 
-0.1564525521877151 23 20 22 18 
0.8068008257922865 23 20 22 21 
-0.2086060929421117 23 20 23 13 
-0.8940273774985454 23 20 23 20 
0.9224068945289231 23 21 13 17 
-0.5833813432308207 23 21 14 16 
0.2554892424718886 23 21 14 23 
0.1640586720451480 23 21 15 19 
-0.2458446381936641 23 21 15 22 
0.5833813432308207 23 21 16 14 
-0.2320139990311680 23 21 16 18 
0.0695353643140373 23 21 16 21 
-0.9224068945289231 23 21 17 13 
0.2693093079607318 23 21 17 20 
0.2320139990311680 23 21 18 16 
0.1564525521877151 23 21 18 23 
-0.1640586720451480 23 21 19 15 
0.2709837693629437 23 21 19 22 
-0.2693093079607318 23 21 20 17 
-0.0695353643140373 23 21 21 16 
0.0872265517062590 23 21 21 23 
0.2458446381936641 23 21 22 15 
-0.2709837693629437 23 21 22 19 
-0.2554892424718886 23 21 23 14 
-0.1564525521877151 23 21 23 18 
-0.0872265517062590 23 21 23 21 
0.6522401701346261 23 22 14 17 
-0.8750720148462312 23 22 15 16 
0.1703261616479257 23 22 15 23 
0.8750720148462312 23 22 16 15 
0.1160069995155840 23 22 16 19 
-0.2781414572561490 23 22 16 22 
-0.6522401701346261 23 22 17 14 
-0.2593995367826311 23 22 17 18 
0.3109716028928007 23 22 17 21 
0.2593995367826311 23 22 18 17 
-0.1160069995155840 23 22 19 16 
0.3129051043754301 23 22 19 23 
-0.3109716028928007 23 22 21 17 
0.2781414572561490 23 22 22 16 
0.0872265517062590 23 22 22 23 
-0.1703261616479257 23 22 23 15 
-0.3129051043754301 23 22 23 19 
-0.0872265517062590 23 22 23 22 
