-0.2004625467517137 0 1 0 1 
-1.2933661365822267 0 1 0 8 
0.2004625467517137 0 1 1 0 
1.2933661365822267 0 1 8 0 
-0.2004625467517137 0 2 0 2 
-0.7920217713053178 0 2 0 9 
-1.0224957100330649 0 2 1 8 
0.2004625467517137 0 2 2 0 
1.0224957100330649 0 2 8 1 
0.7920217713053178 0 2 9 0 
-0.4751417734511378 0 3 0 3 
-0.4924693537420057 0 3 0 7 
-0.4248242839838597 0 3 0 10 
0.3685208537441925 0 3 1 2 
0.2202389903605030 0 3 1 6 
-0.6826343211868554 0 3 1 9 
-0.3685208537441925 0 3 2 1 
-0.6664940334930611 0 3 2 8 
0.4751417734511378 0 3 3 0 
-0.2202389903605030 0 3 6 1 
-0.5133593354973722 0 3 6 8 
0.4924693537420057 0 3 7 0 
0.6664940334930611 0 3 8 2 
0.5133593354973722 0 3 8 6 
-0.7056519537228145 0 3 8 9 
0.6826343211868554 0 3 9 1 
0.7056519537228145 0 3 9 8 
0.4248242839838597 0 3 10 0 
-0.7498210001505619 0 4 0 4 
-0.1969598289062796 0 4 0 11 
0.3474447929215658 0 4 1 3 
-0.6229299342623614 0 4 1 7 
-0.3848005096504984 0 4 1 10 
0.4404779807210061 0 4 2 6 
-0.4105392714089487 0 4 2 9 
-0.3474447929215658 0 4 3 1 
-0.3913516420768873 0 4 3 8 
0.7498210001505619 0 4 4 0 
-0.4404779807210061 0 4 6 2 
-0.6287342133314007 0 4 6 9 
0.6229299342623614 0 4 7 1 
-0.3629998673156118 0 4 7 8 
0.3913516420768873 0 4 8 3 
0.3629998673156118 0 4 8 7 
-0.9979425632698761 0 4 8 10 
0.4105392714089487 0 4 9 2 
0.6287342133314007 0 4 9 6 
0.3848005096504984 0 4 10 1 
0.9979425632698761 0 4 10 8 
0.1969598289062796 0 4 11 0 
-1.4181586741444339 0 5 0 5 
0.6683376739938721 0 5 1 4 
-0.1969598289062796 0 5 1 11 
-0.3936584472944480 0 5 2 3 
-0.4924693537420057 0 5 2 7 
-0.1835987436607290 0 5 2 10 
0.3936584472944480 0 5 3 2 
0.4924693537420057 0 5 3 6 
-0.1835987436607290 0 5 3 9 
-0.6683376739938721 0 5 4 1 
-0.1969598289062796 0 5 4 8 
1.4181586741444339 0 5 5 0 
-0.4924693537420057 0 5 6 3 
-0.8727551074680914 0 5 6 7 
-0.4686308135962888 0 5 6 10 
0.4924693537420057 0 5 7 2 
0.8727551074680914 0 5 7 6 
-0.4686308135962888 0 5 7 9 
0.1969598289062796 0 5 8 4 
-1.8713509887516224 0 5 8 11 
0.1835987436607290 0 5 9 3 
0.4686308135962888 0 5 9 7 
0.5830126794130323 0 5 9 10 
0.1835987436607290 0 5 10 2 
0.4686308135962888 0 5 10 6 
-0.5830126794130323 0 5 10 9 
0.1969598289062796 0 5 11 1 
1.8713509887516224 0 5 11 8 
0.6628150228750482 0 6 0 6 
-0.4231994005493061 0 6 0 9 
0.3278088460904849 0 6 1 8 
-0.6628150228750482 0 6 6 0 
-0.3278088460904849 0 6 8 1 
0.4231994005493061 0 6 9 0 
-0.4924693537420057 0 7 0 3 
-0.6488953583591806 0 7 0 7 
-0.3331407519206071 0 7 0 10 
0.6607169710815093 0 7 1 2 
0.5866147158463797 0 7 1 6 
0.1087096214148664 0 7 1 9 
-0.6607169710815093 0 7 2 1 
0.0493271533523701 0 7 2 8 
0.4924693537420057 0 7 3 0 
-0.5866147158463797 0 7 6 1 
-1.4267353473136482 0 7 6 8 
0.6488953583591806 0 7 7 0 
-0.0493271533523701 0 7 8 2 
1.4267353473136482 0 7 8 6 
-0.2806416996482677 0 7 8 9 
-0.1087096214148664 0 7 9 1 
0.2806416996482677 0 7 9 8 
0.3331407519206071 0 7 10 0 
-1.2933661365822267 0 8 0 1 
-1.3997498370816865 0 8 0 8 
1.2933661365822267 0 8 1 0 
1.3997498370816865 0 8 8 0 
-0.7920217713053178 0 9 0 2 
-0.4231994005493061 0 9 0 6 
-0.0602647192264699 0 9 0 9 
-1.0375607107891867 0 9 1 8 
0.7920217713053178 0 9 2 0 
0.4231994005493061 0 9 6 0 
1.0375607107891867 0 9 8 1 
0.0602647192264699 0 9 9 0 
-0.4248242839838597 0 10 0 3 
-0.3331407519206071 0 10 0 7 
0.0885054439535576 0 10 0 10 
-0.1384442216310417 0 10 1 2 
-0.2295359775921898 0 10 1 6 
-0.1330640791577111 0 10 1 9 
0.1384442216310417 0 10 2 1 
-0.6521814402343425 0 10 2 8 
0.4248242839838597 0 10 3 0 
0.2295359775921898 0 10 6 1 
-0.2482493126452881 0 10 6 8 
0.3331407519206071 0 10 7 0 
0.6521814402343425 0 10 8 2 
0.2482493126452881 0 10 8 6 
-0.3364369892892780 0 10 8 9 
0.1330640791577111 0 10 9 1 
0.3364369892892780 0 10 9 8 
-0.0885054439535576 0 10 10 0 
-0.1969598289062796 0 11 0 4 
0.3320718905194877 0 11 0 11 
-0.0799308086264302 0 11 1 3 
-0.2580497168263055 0 11 1 7 
-0.1886657582489533 0 11 1 10 
-0.0493271533523701 0 11 2 6 
0.0519220627781111 0 11 2 9 
0.0799308086264302 0 11 3 1 
-0.4065143470015986 0 11 3 8 
0.1969598289062796 0 11 4 0 
0.0493271533523701 0 11 6 2 
-0.2018074007089588 0 11 6 9 
0.2580497168263055 0 11 7 1 
-0.0804397510743616 0 11 7 8 
0.4065143470015986 0 11 8 3 
0.0804397510743616 0 11 8 7 
-0.2913629794972679 0 11 8 10 
-0.0519220627781111 0 11 9 2 
0.2018074007089588 0 11 9 6 
0.1886657582489533 0 11 10 1 
0.2913629794972679 0 11 10 8 
-0.3320718905194877 0 11 11 0 
-4.1860726594527762 0 12 0 12 
4.1860726594527762 0 12 12 0 
-2.1932676031022456 0 13 0 13 
-0.6466830682911134 0 13 0 20 
-1.9928050563505317 0 13 1 12 
0.6466830682911134 0 13 8 12 
1.9928050563505317 0 13 12 1 
-0.6466830682911134 0 13 12 8 
2.1932676031022456 0 13 13 0 
0.6466830682911134 0 13 20 0 
-1.4786064052013523 0 14 0 14 
-0.4393291424167737 0 14 0 18 
0.2634607072380288 0 14 0 21 
-0.9039828562844660 0 14 1 13 
-1.0220723543290349 0 14 1 20 
-1.2781438584496385 0 14 2 12 
-0.4393291424167737 0 14 6 12 
0.0004233557040302 0 14 8 13 
0.6021559374090395 0 14 8 20 
1.0554824785433468 0 14 9 12 
1.2781438584496385 0 14 12 2 
0.4393291424167737 0 14 12 6 
-1.0554824785433468 0 14 12 9 
0.9039828562844660 0 14 13 1 
-0.0004233557040302 0 14 13 8 
1.4786064052013523 0 14 14 0 
0.4393291424167737 0 14 18 0 
1.0220723543290349 0 14 20 1 
-0.6021559374090395 0 14 20 8 
-0.2634607072380288 0 14 21 0 
-1.2586154196006183 0 15 0 15 
-0.4658992480793897 0 15 0 19 
0.4470594508987579 0 15 0 22 
-0.2951488789442513 0 15 1 14 
-0.3810654182900444 0 15 1 18 
-0.0463924984066987 0 15 1 21 
-0.6636697326884439 0 15 2 13 
-1.0556619516667172 0 15 2 20 
-0.7834736461494803 0 15 3 12 
-0.6013044086505475 0 15 6 13 
-0.2566796677486862 0 15 6 20 
0.0265701056626161 0 15 7 12 
-0.3891679181736559 0 15 8 14 
0.2566796677486862 0 15 8 18 
0.1686563619744533 0 15 8 21 
0.6362418227801566 0 15 9 13 
0.8743083156972680 0 15 9 20 
0.8718837348826177 0 15 10 12 
0.7834736461494803 0 15 12 3 
-0.0265701056626161 0 15 12 7 
-0.8718837348826177 0 15 12 10 
0.6636697326884439 0 15 13 2 
0.6013044086505475 0 15 13 6 
-0.6362418227801566 0 15 13 9 
0.2951488789442513 0 15 14 1 
0.3891679181736559 0 15 14 8 
1.2586154196006183 0 15 15 0 
0.3810654182900444 0 15 18 1 
-0.2566796677486862 0 15 18 8 
0.4658992480793897 0 15 19 0 
1.0556619516667172 0 15 20 2 
0.2566796677486862 0 15 20 6 
-0.8743083156972680 0 15 20 9 
0.0463924984066987 0 15 21 1 
-0.1686563619744533 0 15 21 8 
-0.4470594508987579 0 15 22 0 
-1.2032966335398794 0 16 0 16 
0.8652137908946246 0 16 0 23 
-0.0699733445390035 0 16 1 15 
-0.5893211136362798 0 16 1 19 
-0.1047012748710600 0 16 1 22 
-0.2209309393055034 0 16 2 14 
-0.1727089404157337 0 16 2 18 
0.0276424830535041 0 16 2 21 
-0.4174181374605694 0 16 3 13 
-1.0112470279175583 0 16 3 20 
-0.4534756333893172 0 16 4 12 
-0.6131869211367399 0 16 6 14 
-0.1956997100893347 0 16 6 18 
-0.3178887684402019 0 16 6 21 
0.0336088206260817 0 16 7 13 
-0.1754002365372963 0 16 7 20 
-0.6198953858406711 0 16 8 15 
0.1875996307783156 0 16 8 19 
0.1299266911630246 0 16 8 22 
0.4381817544624528 0 16 9 14 
0.3108454448911990 0 16 9 18 
0.1253882655719211 0 16 9 21 
0.2800992347794384 0 16 10 13 
1.1278692544329005 0 16 10 20 
1.0621736198009040 0 16 11 12 
0.4534756333893172 0 16 12 4 
-1.0621736198009040 0 16 12 11 
0.4174181374605694 0 16 13 3 
-0.0336088206260817 0 16 13 7 
-0.2800992347794384 0 16 13 10 
0.2209309393055034 0 16 14 2 
0.6131869211367399 0 16 14 6 
-0.4381817544624528 0 16 14 9 
0.0699733445390035 0 16 15 1 
0.6198953858406711 0 16 15 8 
1.2032966335398794 0 16 16 0 
0.1727089404157337 0 16 18 2 
0.1956997100893347 0 16 18 6 
-0.3108454448911990 0 16 18 9 
0.5893211136362798 0 16 19 1 
-0.1875996307783156 0 16 19 8 
1.0112470279175583 0 16 20 3 
0.1754002365372963 0 16 20 7 
-1.1278692544329005 0 16 20 10 
-0.0276424830535041 0 16 21 2 
0.3178887684402019 0 16 21 6 
-0.1253882655719211 0 16 21 9 
0.1047012748710600 0 16 22 1 
-0.1299266911630246 0 16 22 8 
-0.8652137908946246 0 16 23 0 
-1.4271431708963616 0 17 0 17 
0.2238465373564825 0 17 1 16 
0.8652137908946246 0 17 1 23 
-0.2791653234172216 0 17 2 15 
-0.4658992480793896 0 17 2 19 
-0.6126067021567083 0 17 2 22 
0.1144931238772264 0 17 3 14 
0.0265701056626162 0 17 3 18 
0.4290079584959792 0 17 3 21 
-0.4444911366373896 0 17 4 13 
-1.0621736198009040 0 17 4 20 
-0.0089844967519277 0 17 5 12 
-0.4658992480793896 0 17 6 15 
-0.6551764812024227 0 17 6 19 
-0.2421900819196923 0 17 6 22 
0.0265701056626162 0 17 7 14 
0.2175786262656689 0 17 7 18 
-0.2264407316765967 0 17 7 21 
-0.8652137908946246 0 17 8 16 
-0.1938658740223431 0 17 8 23 
0.6126067021567083 0 17 9 15 
0.2421900819196923 0 17 9 19 
0.3616005110564193 0 17 9 22 
-0.4290079584959792 0 17 10 14 
0.2264407316765967 0 17 10 18 
-0.2214121683566131 0 17 10 21 
1.0621736198009040 0 17 11 13 
1.6774851147292800 0 17 11 20 
0.0089844967519277 0 17 12 5 
0.4444911366373896 0 17 13 4 
-1.0621736198009040 0 17 13 11 
-0.1144931238772265 0 17 14 3 
-0.0265701056626162 0 17 14 7 
0.4290079584959792 0 17 14 10 
0.2791653234172216 0 17 15 2 
0.4658992480793896 0 17 15 6 
-0.6126067021567083 0 17 15 9 
-0.2238465373564825 0 17 16 1 
0.8652137908946246 0 17 16 8 
1.4271431708963616 0 17 17 0 
-0.0265701056626162 0 17 18 3 
-0.2175786262656689 0 17 18 7 
-0.2264407316765967 0 17 18 10 
0.4658992480793896 0 17 19 2 
0.6551764812024227 0 17 19 6 
-0.2421900819196923 0 17 19 9 
1.0621736198009040 0 17 20 4 
-1.6774851147292800 0 17 20 11 
-0.4290079584959792 0 17 21 3 
0.2264407316765967 0 17 21 7 
0.2214121683566131 0 17 21 10 
0.6126067021567083 0 17 22 2 
0.2421900819196923 0 17 22 6 
-0.3616005110564193 0 17 22 9 
-0.8652137908946246 0 17 23 1 
0.1938658740223431 0 17 23 8 
-0.4393291424167737 0 18 0 14 
-1.6946787845501343 0 18 0 18 
0.2681284165833206 0 18 0 21 
0.5557122930101982 0 18 1 13 
-0.2076913784144330 0 18 1 20 
-0.4393291424167737 0 18 2 12 
-2.3574938074251826 0 18 6 12 
-0.5355002245049180 0 18 8 13 
0.0663182583587415 0 18 8 20 
0.6913278171326267 0 18 9 12 
0.4393291424167737 0 18 12 2 
2.3574938074251826 0 18 12 6 
-0.6913278171326267 0 18 12 9 
-0.5557122930101982 0 18 13 1 
0.5355002245049180 0 18 13 8 
0.4393291424167737 0 18 14 0 
1.6946787845501343 0 18 18 0 
0.2076913784144330 0 18 20 1 
-0.0663182583587415 0 18 20 8 
-0.2681284165833206 0 18 21 0 
-0.4658992480793896 0 19 0 15 
-0.7894565181948735 0 19 0 19 
-0.2039231864988913 0 19 0 22 
0.4285954682348138 0 19 1 14 
-0.4048277044633564 0 19 1 18 
0.3023051161158927 0 19 1 21 
-0.2321215028466954 0 19 2 13 
-0.2585533113146026 0 19 2 20 
0.0265701056626162 0 19 3 12 
-0.9914424203097362 0 19 6 13 
-1.8238172605096450 0 19 6 20 
-0.1405611598356930 0 19 7 12 
-0.3078804646669727 0 19 8 14 
-0.3970819131959968 0 19 8 18 
-0.1211764176663306 0 19 8 21 
0.1935954947010262 0 19 9 13 
0.1594652819819371 0 19 9 20 
0.1292175654217158 0 19 10 12 
-0.0265701056626162 0 19 12 3 
0.1405611598356930 0 19 12 7 
-0.1292175654217158 0 19 12 10 
0.2321215028466954 0 19 13 2 
0.9914424203097362 0 19 13 6 
-0.1935954947010262 0 19 13 9 
-0.4285954682348138 0 19 14 1 
0.3078804646669727 0 19 14 8 
0.4658992480793896 0 19 15 0 
0.4048277044633564 0 19 18 1 
0.3970819131959968 0 19 18 8 
0.7894565181948735 0 19 19 0 
0.2585533113146026 0 19 20 2 
1.8238172605096450 0 19 20 6 
-0.1594652819819371 0 19 20 9 
-0.3023051161158927 0 19 21 1 
0.1211764176663306 0 19 21 8 
0.2039231864988913 0 19 22 0 
-0.6466830682911134 0 20 0 13 
-2.9374690635178635 0 20 0 20 
0.6466830682911134 0 20 1 12 
-1.5377192264361770 0 20 8 12 
-0.6466830682911134 0 20 12 1 
1.5377192264361770 0 20 12 8 
0.6466830682911134 0 20 13 0 
2.9374690635178635 0 20 20 0 
0.2634607072380288 0 21 0 14 
0.2681284165833206 0 21 0 18 
-1.2363169083032308 0 21 0 21 
-0.8341729142855514 0 21 1 13 
-1.3177067933022257 0 21 1 20 
1.0554824785433468 0 21 2 12 
0.6913278171326267 0 21 6 12 
-0.2801460825130388 0 21 8 13 
0.7745220765052842 0 21 8 20 
-1.1760521890767608 0 21 9 12 
-1.0554824785433468 0 21 12 2 
-0.6913278171326267 0 21 12 6 
1.1760521890767608 0 21 12 9 
0.8341729142855514 0 21 13 1 
0.2801460825130388 0 21 13 8 
-0.2634607072380288 0 21 14 0 
-0.2681284165833206 0 21 18 0 
1.3177067933022257 0 21 20 1 
-0.7745220765052842 0 21 20 8 
1.2363169083032308 0 21 21 0 
0.4470594508987579 0 22 0 15 
-0.2039231864988913 0 22 0 19 
-1.4117992052756716 0 22 0 22 
-0.3641467730022498 0 22 1 14 
0.3310185679118523 0 22 1 18 
0.1569561379512735 0 22 1 21 
-0.2257025513712081 0 22 2 13 
-1.0278750216542103 0 22 2 20 
0.8718837348826177 0 22 3 12 
0.5605545455040420 0 22 6 13 
-0.2721850125986986 0 22 6 20 
0.1292175654217158 0 22 7 12 
-0.3756935814198678 0 22 8 14 
-0.0239356999534105 0 22 8 18 
0.2789520347189947 0 22 8 21 
0.2900202171089846 0 22 9 13 
0.6153890240082727 0 22 9 20 
-1.5003046492292291 0 22 10 12 
-0.8718837348826177 0 22 12 3 
-0.1292175654217158 0 22 12 7 
1.5003046492292291 0 22 12 10 
0.2257025513712081 0 22 13 2 
-0.5605545455040420 0 22 13 6 
-0.2900202171089846 0 22 13 9 
0.3641467730022498 0 22 14 1 
0.3756935814198678 0 22 14 8 
-0.4470594508987579 0 22 15 0 
-0.3310185679118523 0 22 18 1 
0.0239356999534105 0 22 18 8 
0.2039231864988913 0 22 19 0 
1.0278750216542103 0 22 20 2 
0.2721850125986986 0 22 20 6 
-0.6153890240082727 0 22 20 9 
-0.1569561379512735 0 22 21 1 
-0.2789520347189947 0 22 21 8 
1.4117992052756716 0 22 22 0 
0.8652137908946245 0 23 0 16 
-2.1317545778663045 0 23 0 23 
-0.7481277352671621 0 23 1 15 
-0.1579582210431509 0 23 1 19 
0.5576750336112156 0 23 1 22 
0.5705158458675657 0 23 2 14 
0.2585533113146025 0 23 2 18 
-0.2982201854702999 0 23 2 21 
-0.6681969266407319 0 23 3 13 
-0.4212664160862929 0 23 3 20 
1.0621736198009040 0 23 4 12 
0.3078804646669726 0 23 6 14 
0.9798345748187925 0 23 6 18 
-0.4899478444780319 0 23 6 21 
0.1000914957831545 0 23 7 13 
0.3771762888150851 0 23 7 20 
-0.0147520690846943 0 23 8 15 
0.4576160398894468 0 23 8 19 
0.0602213510227006 0 23 8 22 
-0.3501422482484111 0 23 9 14 
-0.2881404437690731 0 23 9 18 
0.2094144082711564 0 23 9 21 
0.7463407918601687 0 23 10 13 
0.3515843305199685 0 23 10 20 
-2.4638264683857916 0 23 11 12 
-1.0621736198009040 0 23 12 4 
2.4638264683857916 0 23 12 11 
0.6681969266407319 0 23 13 3 
-0.1000914957831545 0 23 13 7 
-0.7463407918601687 0 23 13 10 
-0.5705158458675657 0 23 14 2 
-0.3078804646669726 0 23 14 6 
0.3501422482484111 0 23 14 9 
0.7481277352671621 0 23 15 1 
0.0147520690846943 0 23 15 8 
-0.8652137908946245 0 23 16 0 
-0.2585533113146025 0 23 18 2 
-0.9798345748187925 0 23 18 6 
0.2881404437690731 0 23 18 9 
0.1579582210431509 0 23 19 1 
-0.4576160398894468 0 23 19 8 
0.4212664160862929 0 23 20 3 
-0.3771762888150851 0 23 20 7 
-0.3515843305199685 0 23 20 10 
0.2982201854702999 0 23 21 2 
0.4899478444780319 0 23 21 6 
-0.2094144082711564 0 23 21 9 
-0.5576750336112156 0 23 22 1 
-0.0602213510227006 0 23 22 8 
2.1317545778663045 0 23 23 0 
0.2004625467517137 1 0 0 1 
1.2933661365822267 1 0 0 8 
-0.2004625467517137 1 0 1 0 
-1.2933661365822267 1 0 8 0 
0.3685208537441925 1 2 0 3 
0.6607169710815093 1 2 0 7 
-0.1384442216310417 1 2 0 10 
-0.6948851548106771 1 2 1 2 
-0.2954816122452034 1 2 1 6 
-0.6681934950416950 1 2 1 9 
0.6948851548106771 1 2 2 1 
-0.3991705572891228 1 2 2 8 
-0.3685208537441925 1 2 3 0 
0.2954816122452034 1 2 6 1 
0.6887438226337471 1 2 6 8 
-0.6607169710815093 1 2 7 0 
0.3991705572891228 1 2 8 2 
-0.6887438226337471 1 2 8 6 
0.9467314421878495 1 2 8 9 
0.6681934950416950 1 2 9 1 
-0.9467314421878495 1 2 9 8 
0.1384442216310417 1 2 10 0 
0.3474447929215658 1 3 0 4 
-0.0799308086264302 1 3 0 11 
-0.4202059281112529 1 3 1 3 
0.3939754829936045 1 3 1 7 
-0.5486525602474822 1 3 1 10 
-0.2785827356460231 1 3 2 6 
-0.8604400973550779 1 3 2 9 
0.4202059281112529 1 3 3 1 
-0.3991705572891229 1 3 3 8 
-0.3474447929215658 1 3 4 0 
0.2785827356460231 1 3 6 2 
0.3976464314002857 1 3 6 9 
-0.3939754829936045 1 3 7 1 
0.2295812742112490 1 3 7 8 
0.3991705572891229 1 3 8 3 
-0.2295812742112490 1 3 8 7 
0.6311542947918996 1 3 8 10 
0.8604400973550779 1 3 9 2 
-0.3976464314002857 1 3 9 6 
0.5486525602474822 1 3 10 1 
-0.6311542947918996 1 3 10 8 
0.0799308086264302 1 3 11 0 
0.6683376739938721 1 4 0 5 
-0.9786719114253553 1 4 1 4 
-0.2980651930977013 1 4 1 11 
0.8331452100135263 1 4 2 3 
-0.0984938707484011 1 4 2 7 
-0.6703371657764000 1 4 2 10 
-0.8331452100135263 1 4 3 2 
0.0984938707484011 1 4 3 6 
-0.6703371657764000 1 4 3 9 
0.9786719114253553 1 4 4 1 
-0.2980651930977013 1 4 4 8 
-0.6683376739938721 1 4 5 0 
-0.0984938707484011 1 4 6 3 
0.8727551074680914 1 4 6 7 
-0.0937261627192578 1 4 6 10 
0.0984938707484011 1 4 7 2 
-0.8727551074680914 1 4 7 6 
-0.0937261627192578 1 4 7 9 
0.2980651930977013 1 4 8 4 
1.0983480031484683 1 4 8 11 
0.6703371657764000 1 4 9 3 
0.0937261627192578 1 4 9 7 
-1.3560156650161861 1 4 9 10 
0.6703371657764000 1 4 10 2 
0.0937261627192578 1 4 10 6 
1.3560156650161861 1 4 10 9 
0.2980651930977013 1 4 11 1 
-1.0983480031484683 1 4 11 8 
-0.7498210001505619 1 5 1 5 
0.3474447929215658 1 5 2 4 
-0.3913516420768873 1 5 2 11 
-0.4404779807210061 1 5 3 7 
-0.4105392714089487 1 5 3 10 
-0.3474447929215658 1 5 4 2 
0.6229299342623614 1 5 4 6 
-0.3848005096504984 1 5 4 9 
0.7498210001505619 1 5 5 1 
-0.1969598289062796 1 5 5 8 
-0.6229299342623614 1 5 6 4 
-0.3629998673156118 1 5 6 11 
0.4404779807210061 1 5 7 3 
-0.6287342133314007 1 5 7 10 
0.1969598289062796 1 5 8 5 
0.3848005096504984 1 5 9 4 
-0.9979425632698761 1 5 9 11 
0.4105392714089487 1 5 10 3 
0.6287342133314007 1 5 10 7 
0.3913516420768873 1 5 11 2 
0.3629998673156118 1 5 11 6 
0.9979425632698761 1 5 11 9 
0.2202389903605030 1 6 0 3 
0.5866147158463797 1 6 0 7 
-0.2295359775921898 1 6 0 10 
-0.2954816122452034 1 6 1 2 
0.4004729466282023 1 6 1 6 
-0.2178961808781040 1 6 1 9 
0.2954816122452034 1 6 2 1 
0.3925892627125146 1 6 2 8 
-0.2202389903605030 1 6 3 0 
-0.4004729466282023 1 6 6 1 
0.6380554444990176 1 6 6 8 
-0.5866147158463797 1 6 7 0 
-0.3925892627125146 1 6 8 2 
-0.6380554444990176 1 6 8 6 
0.1255067835469210 1 6 8 9 
0.2178961808781040 1 6 9 1 
-0.1255067835469210 1 6 9 8 
0.2295359775921898 1 6 10 0 
-0.6229299342623614 1 7 0 4 
-0.2580497168263055 1 7 0 11 
0.3939754829936045 1 7 1 3 
-0.3865532821123348 1 7 1 7 
-0.2359079106038438 1 7 1 10 
0.7420154444188114 1 7 2 6 
0.1757166515881474 1 7 2 9 
-0.3939754829936045 1 7 3 1 
0.0661793208194737 1 7 3 8 
0.6229299342623614 1 7 4 0 
-0.7420154444188114 1 7 6 2 
-1.1051444479182426 1 7 6 9 
0.3865532821123348 1 7 7 1 
-0.6380554444990176 1 7 7 8 
-0.0661793208194737 1 7 8 3 
0.6380554444990176 1 7 8 7 
-0.2510135670938421 1 7 8 10 
-0.1757166515881474 1 7 9 2 
1.1051444479182426 1 7 9 6 
0.2359079106038438 1 7 10 1 
0.2510135670938421 1 7 10 8 
0.2580497168263055 1 7 11 0 
-1.0224957100330649 1 8 0 2 
0.3278088460904849 1 8 0 6 
-1.0375607107891867 1 8 0 9 
-0.5960587663685566 1 8 1 8 
1.0224957100330649 1 8 2 0 
-0.3278088460904849 1 8 6 0 
0.5960587663685566 1 8 8 1 
1.0375607107891867 1 8 9 0 
-0.6826343211868555 1 9 0 3 
0.1087096214148664 1 9 0 7 
-0.1330640791577111 1 9 0 10 
-0.6681934950416950 1 9 1 2 
-0.2178961808781040 1 9 1 6 
-0.7449396593955777 1 9 1 9 
0.6681934950416950 1 9 2 1 
-0.7290932091077451 1 9 2 8 
0.6826343211868555 1 9 3 0 
0.2178961808781040 1 9 6 1 
0.2220409353769849 1 9 6 8 
-0.1087096214148664 1 9 7 0 
0.7290932091077451 1 9 8 2 
-0.2220409353769849 1 9 8 6 
0.3009183912784777 1 9 8 9 
0.7449396593955777 1 9 9 1 
-0.3009183912784777 1 9 9 8 
0.1330640791577111 1 9 10 0 
-0.3848005096504983 1 10 0 4 
-0.1886657582489533 1 10 0 11 
-0.5486525602474822 1 10 1 3 
-0.2359079106038438 1 10 1 7 
0.1156291813490938 1 10 1 10 
-0.2521339489679668 1 10 2 6 
-0.7137104541912299 1 10 2 9 
0.5486525602474822 1 10 3 1 
-0.5601085612303089 1 10 3 8 
0.3848005096504983 1 10 4 0 
0.2521339489679668 1 10 6 2 
-0.0359737502990869 1 10 6 9 
0.2359079106038438 1 10 7 1 
-0.0487121044316779 1 10 7 8 
0.5601085612303089 1 10 8 3 
0.0487121044316779 1 10 8 7 
-0.0752295978196195 1 10 8 10 
0.7137104541912299 1 10 9 2 
0.0359737502990869 1 10 9 6 
-0.1156291813490938 1 10 10 1 
0.0752295978196195 1 10 10 8 
0.1886657582489533 1 10 11 0 
-0.1969598289062796 1 11 0 5 
-0.2980651930977013 1 11 1 4 
0.1859320225799297 1 11 1 11 
-0.1011053641914217 1 11 2 3 
-0.3484697154995322 1 11 2 7 
-0.1922049002582099 1 11 2 10 
0.1011053641914217 1 11 3 2 
-0.0661793208194737 1 11 3 6 
-0.2452239020439941 1 11 3 9 
0.2980651930977013 1 11 4 1 
-0.5142044952244369 1 11 4 8 
0.1969598289062796 1 11 5 0 
0.0661793208194737 1 11 6 3 
-0.1805020265391086 1 11 6 10 
0.3484697154995322 1 11 7 2 
-0.1525593765263688 1 11 7 9 
0.5142044952244369 1 11 8 4 
-0.2256887934588583 1 11 8 11 
0.2452239020439941 1 11 9 3 
0.1525593765263688 1 11 9 7 
-0.2256887934588583 1 11 9 10 
0.1922049002582099 1 11 10 2 
0.1805020265391086 1 11 10 6 
0.2256887934588583 1 11 10 9 
-0.1859320225799297 1 11 11 1 
0.2256887934588583 1 11 11 8 
-1.9928050563505317 1 12 0 13 
0.6466830682911134 1 12 0 20 
-2.1932676031022456 1 12 1 12 
-0.6466830682911134 1 12 8 12 
2.1932676031022456 1 12 12 1 
0.6466830682911134 1 12 12 8 
1.9928050563505317 1 12 13 0 
-0.6466830682911134 1 12 20 0 
-0.9039828562844662 1 13 0 14 
0.5557122930101982 1 13 0 18 
-0.8341729142855514 1 13 0 21 
-3.0426147428113484 1 13 1 13 
0.6461475609770495 1 13 1 20 
-0.9039828562844664 1 13 2 12 
0.5557122930101982 1 13 6 12 
0.6461475609770495 1 13 8 13 
-0.7616737075225419 1 13 8 20 
-0.8341729142855514 1 13 9 12 
0.9039828562844662 1 13 12 2 
-0.5557122930101982 1 13 12 6 
0.8341729142855514 1 13 12 9 
3.0426147428113484 1 13 13 1 
-0.6461475609770495 1 13 13 8 
0.9039828562844664 1 13 14 0 
-0.5557122930101982 1 13 18 0 
-0.6461475609770495 1 13 20 1 
0.7616737075225419 1 13 20 8 
0.8341729142855514 1 13 21 0 
-0.2951488789442516 1 14 0 15 
0.4285954682348138 1 14 0 19 
-0.3641467730022498 1 14 0 22 
-2.2260805477614589 1 14 1 14 
0.0719237650857850 1 14 1 18 
-0.4659910660989852 1 14 1 21 
-1.5311953929507816 1 14 2 13 
0.1234885018439633 1 14 2 20 
-0.6636697326884441 1 14 3 12 
0.3674053773309884 1 14 6 13 
0.3443719113168736 1 14 6 20 
-0.2321215028466954 1 14 7 12 
0.5226590591330861 1 14 8 14 
-0.3443719113168736 1 14 8 18 
0.2401517293534123 1 14 8 21 
0.2022024289427100 1 14 9 13 
-0.7065797128344374 1 14 9 20 
-0.2257025513712081 1 14 10 12 
0.6636697326884441 1 14 12 3 
0.2321215028466954 1 14 12 7 
0.2257025513712081 1 14 12 10 
1.5311953929507816 1 14 13 2 
-0.3674053773309884 1 14 13 6 
-0.2022024289427100 1 14 13 9 
2.2260805477614589 1 14 14 1 
-0.5226590591330861 1 14 14 8 
0.2951488789442516 1 14 15 0 
-0.0719237650857850 1 14 18 1 
0.3443719113168736 1 14 18 8 
-0.4285954682348138 1 14 19 0 
-0.1234885018439633 1 14 20 2 
-0.3443719113168736 1 14 20 6 
0.7065797128344374 1 14 20 9 
0.4659910660989852 1 14 21 1 
-0.2401517293534123 1 14 21 8 
0.3641467730022498 1 14 22 0 
-0.0699733445390035 1 15 0 16 
-0.7481277352671621 1 15 0 23 
-1.5660891359847569 1 15 1 15 
0.1091219130134476 1 15 1 19 
0.5380025398717464 1 15 1 22 
-0.9333622807655698 1 15 2 14 
-0.2635524141333200 1 15 2 18 
-0.9113598987830348 1 15 2 21 
-1.1458832078735037 1 15 3 13 
-0.1371815769939805 1 15 3 20 
-0.4174181374605694 1 15 4 12 
0.0150303215127032 1 15 6 14 
0.2475427285267725 1 15 6 18 
0.2032778046426128 1 15 6 21 
-0.2848535699801570 1 15 7 13 
0.1070750627304321 1 15 7 20 
0.2619889802951424 1 15 8 15 
-0.1225062114808170 1 15 8 19 
-0.0134948730846963 1 15 8 22 
-0.0509198014279566 1 15 9 14 
-0.1943686267576729 1 15 9 18 
0.6492719610348943 1 15 9 21 
1.0866551001192286 1 15 10 13 
-0.6446491678765958 1 15 10 20 
-0.6681969266407319 1 15 11 12 
0.4174181374605694 1 15 12 4 
0.6681969266407319 1 15 12 11 
1.1458832078735037 1 15 13 3 
0.2848535699801570 1 15 13 7 
-1.0866551001192286 1 15 13 10 
0.9333622807655698 1 15 14 2 
-0.0150303215127032 1 15 14 6 
0.0509198014279566 1 15 14 9 
1.5660891359847569 1 15 15 1 
-0.2619889802951424 1 15 15 8 
0.0699733445390035 1 15 16 0 
0.2635524141333200 1 15 18 2 
-0.2475427285267725 1 15 18 6 
0.1943686267576729 1 15 18 9 
-0.1091219130134476 1 15 19 1 
0.1225062114808170 1 15 19 8 
0.1371815769939805 1 15 20 3 
-0.1070750627304321 1 15 20 7 
0.6446491678765958 1 15 20 10 
0.9113598987830348 1 15 21 2 
-0.2032778046426128 1 15 21 6 
-0.6492719610348943 1 15 21 9 
-0.5380025398717464 1 15 22 1 
0.0134948730846963 1 15 22 8 
0.7481277352671621 1 15 23 0 
0.2238465373564825 1 16 0 17 
-1.5156532285935442 1 16 1 16 
-0.0811012587804596 1 16 1 23 
-0.1057546934519520 1 16 2 15 
-0.3567773350659420 1 16 2 19 
0.5048930896201568 1 16 2 22 
-0.9388999034654786 1 16 3 14 
-0.2582834643175408 1 16 3 18 
-1.1752302553965566 1 16 3 21 
-0.5369813171681888 1 16 4 13 
-0.2169639343172417 1 16 4 20 
-0.4444911366373896 1 16 5 12 
-0.3567773350659420 1 16 6 15 
0.5676569102150720 1 16 6 19 
-0.0421382762867002 1 16 6 22 
-0.2582834643175408 1 16 7 14 
-0.3050981972530196 1 16 7 18 
-0.0515878864325576 1 16 7 21 
0.0811012587804596 1 16 8 16 
0.2945066562427888 1 16 8 23 
-0.5048930896201568 1 16 9 15 
0.0421382762867002 1 16 9 19 
-0.1488090546761286 1 16 9 22 
1.1752302553965566 1 16 10 14 
0.0515878864325576 1 16 10 18 
1.2072066103400581 1 16 10 21 
0.2169639343172417 1 16 11 13 
-0.8038413469056797 1 16 11 20 
0.4444911366373896 1 16 12 5 
0.5369813171681888 1 16 13 4 
-0.2169639343172417 1 16 13 11 
0.9388999034654786 1 16 14 3 
0.2582834643175408 1 16 14 7 
-1.1752302553965566 1 16 14 10 
0.1057546934519520 1 16 15 2 
0.3567773350659420 1 16 15 6 
0.5048930896201568 1 16 15 9 
1.5156532285935442 1 16 16 1 
-0.0811012587804596 1 16 16 8 
-0.2238465373564825 1 16 17 0 
0.2582834643175408 1 16 18 3 
0.3050981972530196 1 16 18 7 
-0.0515878864325576 1 16 18 10 
0.3567773350659420 1 16 19 2 
-0.5676569102150720 1 16 19 6 
-0.0421382762867002 1 16 19 9 
0.2169639343172417 1 16 20 4 
0.8038413469056797 1 16 20 11 
1.1752302553965566 1 16 21 3 
0.0515878864325576 1 16 21 7 
-1.2072066103400581 1 16 21 10 
-0.5048930896201568 1 16 22 2 
0.0421382762867002 1 16 22 6 
0.1488090546761286 1 16 22 9 
0.0811012587804596 1 16 23 1 
-0.2945066562427888 1 16 23 8 
-1.2032966335398794 1 17 1 17 
-0.0699733445390035 1 17 2 16 
0.6198953858406711 1 17 2 23 
-0.2209309393055034 1 17 3 15 
-0.6131869211367399 1 17 3 19 
-0.4381817544624528 1 17 3 22 
-0.4174181374605694 1 17 4 14 
0.0336088206260817 1 17 4 18 
-0.2800992347794384 1 17 4 21 
-0.4534756333893172 1 17 5 13 
-1.0621736198009040 1 17 5 20 
-0.5893211136362798 1 17 6 16 
-0.1875996307783156 1 17 6 23 
-0.1727089404157337 1 17 7 15 
-0.1956997100893347 1 17 7 19 
-0.3108454448911990 1 17 7 22 
-0.8652137908946246 1 17 8 17 
0.1047012748710600 1 17 9 16 
0.1299266911630246 1 17 9 23 
-0.0276424830535041 1 17 10 15 
0.3178887684402019 1 17 10 19 
0.1253882655719211 1 17 10 22 
1.0112470279175583 1 17 11 14 
0.1754002365372963 1 17 11 18 
1.1278692544329005 1 17 11 21 
0.4534756333893172 1 17 13 5 
0.4174181374605694 1 17 14 4 
-1.0112470279175583 1 17 14 11 
0.2209309393055034 1 17 15 3 
0.1727089404157337 1 17 15 7 
0.0276424830535041 1 17 15 10 
0.0699733445390035 1 17 16 2 
0.5893211136362798 1 17 16 6 
-0.1047012748710600 1 17 16 9 
1.2032966335398794 1 17 17 1 
0.8652137908946246 1 17 17 8 
-0.0336088206260817 1 17 18 4 
-0.1754002365372963 1 17 18 11 
0.6131869211367399 1 17 19 3 
0.1956997100893347 1 17 19 7 
-0.3178887684402019 1 17 19 10 
1.0621736198009040 1 17 20 5 
0.2800992347794384 1 17 21 4 
-1.1278692544329005 1 17 21 11 
0.4381817544624528 1 17 22 3 
0.3108454448911990 1 17 22 7 
-0.1253882655719211 1 17 22 10 
-0.6198953858406711 1 17 23 2 
0.1875996307783156 1 17 23 6 
-0.1299266911630246 1 17 23 9 
-0.3810654182900444 1 18 0 15 
-0.4048277044633564 1 18 0 19 
0.3310185679118523 1 18 0 22 
0.0719237650857850 1 18 1 14 
-1.5136343312790812 1 18 1 18 
-0.0279435912828924 1 18 1 21 
0.3674053773309884 1 18 2 13 
-0.1470825664863920 1 18 2 20 
-0.6013044086505475 1 18 3 12 
-1.9141072779072834 1 18 6 13 
0.8156358746074018 1 18 6 20 
-0.9914424203097362 1 18 7 12 
-0.5396718291989067 1 18 8 14 
0.1775804301083840 1 18 8 18 
0.1055616434689416 1 18 8 21 
0.1899525895952117 1 18 9 13 
-0.0199451400779794 1 18 9 20 
0.5605545455040420 1 18 10 12 
0.6013044086505475 1 18 12 3 
0.9914424203097362 1 18 12 7 
-0.5605545455040420 1 18 12 10 
-0.3674053773309884 1 18 13 2 
1.9141072779072834 1 18 13 6 
-0.1899525895952117 1 18 13 9 
-0.0719237650857850 1 18 14 1 
0.5396718291989067 1 18 14 8 
0.3810654182900444 1 18 15 0 
1.5136343312790812 1 18 18 1 
-0.1775804301083840 1 18 18 8 
0.4048277044633564 1 18 19 0 
0.1470825664863920 1 18 20 2 
-0.8156358746074018 1 18 20 6 
0.0199451400779794 1 18 20 9 
0.0279435912828924 1 18 21 1 
-0.1055616434689416 1 18 21 8 
-0.3310185679118523 1 18 22 0 
-0.5893211136362798 1 19 0 16 
-0.1579582210431509 1 19 0 23 
0.1091219130134476 1 19 1 15 
-0.9705009714659255 1 19 1 19 
0.0664667293335499 1 19 1 22 
0.2485220926206168 1 19 2 14 
-0.5120710424166873 1 19 2 18 
0.1821145523335105 1 19 2 21 
-0.2848535699801570 1 19 3 13 
-0.3468856679442701 1 19 3 20 
0.0336088206260817 1 19 4 12 
-1.2540864868354988 1 19 6 14 
-1.4127227752958975 1 19 6 21 
-0.5839476893535906 1 19 7 13 
-0.8156358746074018 1 19 7 20 
-0.4130649887637437 1 19 8 15 
-0.1775804301083840 1 19 8 19 
-0.1083834828687286 1 19 8 22 
0.0063979007453631 1 19 9 14 
-0.3075783273776549 1 19 9 18 
0.0296584267679079 1 19 9 21 
0.3023746399373937 1 19 10 13 
0.1426300842251135 1 19 10 20 
0.1000914957831545 1 19 11 12 
-0.0336088206260817 1 19 12 4 
-0.1000914957831545 1 19 12 11 
0.2848535699801570 1 19 13 3 
0.5839476893535906 1 19 13 7 
-0.3023746399373937 1 19 13 10 
-0.2485220926206168 1 19 14 2 
1.2540864868354988 1 19 14 6 
-0.0063979007453631 1 19 14 9 
-0.1091219130134476 1 19 15 1 
0.4130649887637437 1 19 15 8 
0.5893211136362798 1 19 16 0 
0.5120710424166873 1 19 18 2 
0.3075783273776549 1 19 18 9 
0.9705009714659255 1 19 19 1 
0.1775804301083840 1 19 19 8 
0.3468856679442701 1 19 20 3 
0.8156358746074018 1 19 20 7 
-0.1426300842251135 1 19 20 10 
-0.1821145523335105 1 19 21 2 
1.4127227752958975 1 19 21 6 
-0.0296584267679079 1 19 21 9 
-0.0664667293335499 1 19 22 1 
0.1083834828687286 1 19 22 8 
0.1579582210431509 1 19 23 0 
-1.0220723543290351 1 20 0 14 
-0.2076913784144330 1 20 0 18 
-1.3177067933022257 1 20 0 21 
0.6461475609770495 1 20 1 13 
-1.9167777703890840 1 20 1 20 
0.0004233557040303 1 20 2 12 
-0.5355002245049180 1 20 6 12 
-1.3207190040205274 1 20 8 13 
-0.5999422207149906 1 20 8 20 
-0.2801460825130388 1 20 9 12 
-0.0004233557040303 1 20 12 2 
0.5355002245049180 1 20 12 6 
0.2801460825130388 1 20 12 9 
-0.6461475609770495 1 20 13 1 
1.3207190040205274 1 20 13 8 
1.0220723543290351 1 20 14 0 
0.2076913784144330 1 20 18 0 
1.9167777703890840 1 20 20 1 
0.5999422207149906 1 20 20 8 
1.3177067933022257 1 20 21 0 
-0.0463924984066989 1 21 0 15 
0.3023051161158927 1 21 0 19 
0.1569561379512735 1 21 0 22 
-0.4659910660989852 1 21 1 14 
-0.0279435912828924 1 21 1 18 
-2.3973940390099631 1 21 1 21 
0.2022024289427100 1 21 2 13 
-0.7474225337275426 1 21 2 20 
0.6362418227801567 1 21 3 12 
0.1899525895952117 1 21 6 13 
0.2434496762509307 1 21 6 20 
0.1935954947010262 1 21 7 12 
-0.0183293246197974 1 21 8 14 
0.0214087408739458 1 21 8 18 
0.3504399358775691 1 21 8 21 
-1.6524543796143847 1 21 9 13 
0.0495215445990912 1 21 9 20 
0.2900202171089846 1 21 10 12 
-0.6362418227801567 1 21 12 3 
-0.1935954947010262 1 21 12 7 
-0.2900202171089846 1 21 12 10 
-0.2022024289427100 1 21 13 2 
-0.1899525895952117 1 21 13 6 
1.6524543796143847 1 21 13 9 
0.4659910660989852 1 21 14 1 
0.0183293246197974 1 21 14 8 
0.0463924984066989 1 21 15 0 
0.0279435912828924 1 21 18 1 
-0.0214087408739458 1 21 18 8 
-0.3023051161158927 1 21 19 0 
0.7474225337275426 1 21 20 2 
-0.2434496762509307 1 21 20 6 
-0.0495215445990912 1 21 20 9 
2.3973940390099631 1 21 21 1 
-0.3504399358775691 1 21 21 8 
-0.1569561379512735 1 21 22 0 
-0.1047012748710598 1 22 0 16 
0.5576750336112156 1 22 0 23 
0.5380025398717464 1 22 1 15 
0.0664667293335499 1 22 1 19 
-1.7033865912520989 1 22 1 22 
-1.1880266104911432 1 22 2 14 
0.2184345151977844 1 22 2 18 
-0.3666526503361496 1 22 2 21 
1.0866551001192286 1 22 3 13 
-1.0527274897119903 1 22 3 20 
0.2800992347794386 1 22 4 12 
0.4705684641657512 1 22 6 14 
-0.7589765980622819 1 22 6 18 
0.1686783642583249 1 22 6 21 
0.3023746399373937 1 22 7 13 
-0.4138843351584941 1 22 7 20 
-0.4926189284816812 1 22 8 15 
-0.3651722307268162 1 22 8 19 
0.2028550269180154 1 22 8 22 
0.3470578038550804 1 22 9 14 
0.2046521145574117 1 22 9 18 
0.5305419021180294 1 22 9 21 
-1.8190157726011926 1 22 10 13 
0.2780846247376348 1 22 10 20 
0.7463407918601687 1 22 11 12 
-0.2800992347794386 1 22 12 4 
-0.7463407918601687 1 22 12 11 
-1.0866551001192286 1 22 13 3 
-0.3023746399373937 1 22 13 7 
1.8190157726011926 1 22 13 10 
1.1880266104911432 1 22 14 2 
-0.4705684641657512 1 22 14 6 
-0.3470578038550804 1 22 14 9 
-0.5380025398717464 1 22 15 1 
0.4926189284816812 1 22 15 8 
0.1047012748710598 1 22 16 0 
-0.2184345151977844 1 22 18 2 
0.7589765980622819 1 22 18 6 
-0.2046521145574117 1 22 18 9 
-0.0664667293335499 1 22 19 1 
0.3651722307268162 1 22 19 8 
1.0527274897119903 1 22 20 3 
0.4138843351584941 1 22 20 7 
-0.2780846247376348 1 22 20 10 
0.3666526503361496 1 22 21 2 
-0.1686783642583249 1 22 21 6 
-0.5305419021180294 1 22 21 9 
1.7033865912520989 1 22 22 1 
-0.2028550269180154 1 22 22 8 
-0.5576750336112156 1 22 23 0 
0.8652137908946246 1 23 0 17 
-0.0811012587804596 1 23 1 16 
-1.6997813543119249 1 23 1 23 
-0.1808877215146828 1 23 2 15 
-0.0841745454764548 1 23 2 19 
0.4386730773792846 1 23 2 22 
-0.0797823573232611 1 23 3 14 
0.3468856679442702 1 23 3 18 
-0.7264159269482509 1 23 3 21 
0.2169639343172417 1 23 4 13 
-0.5328645506275528 1 23 4 20 
1.0621736198009040 1 23 5 12 
0.4130649887637439 1 23 6 15 
0.4381953431998848 1 23 6 19 
-0.4382226742729499 1 23 6 22 
0.2642951700230775 1 23 7 14 
0.4381953431998848 1 23 7 18 
0.0730481598965538 1 23 7 21 
-0.0186600554031159 1 23 8 16 
0.0466472579194061 1 23 8 23 
-0.4811920249042567 1 23 9 15 
0.2256075364229227 1 23 9 19 
0.2339531988642862 1 23 9 22 
0.6308779776374944 1 23 10 14 
-0.2577206477338413 1 23 10 18 
0.4596419923231446 1 23 10 21 
-1.8857133768918548 1 23 11 13 
0.2723360513782645 1 23 11 20 
-1.0621736198009040 1 23 12 5 
-0.2169639343172417 1 23 13 4 
1.8857133768918548 1 23 13 11 
0.0797823573232611 1 23 14 3 
-0.2642951700230775 1 23 14 7 
-0.6308779776374944 1 23 14 10 
0.1808877215146828 1 23 15 2 
-0.4130649887637439 1 23 15 6 
0.4811920249042567 1 23 15 9 
0.0811012587804596 1 23 16 1 
0.0186600554031159 1 23 16 8 
-0.8652137908946246 1 23 17 0 
-0.3468856679442702 1 23 18 3 
-0.4381953431998848 1 23 18 7 
0.2577206477338413 1 23 18 10 
0.0841745454764548 1 23 19 2 
-0.4381953431998848 1 23 19 6 
-0.2256075364229227 1 23 19 9 
0.5328645506275528 1 23 20 4 
-0.2723360513782645 1 23 20 11 
0.7264159269482509 1 23 21 3 
-0.0730481598965538 1 23 21 7 
-0.4596419923231446 1 23 21 10 
-0.4386730773792846 1 23 22 2 
0.4382226742729499 1 23 22 6 
-0.2339531988642862 1 23 22 9 
1.6997813543119249 1 23 23 1 
-0.0466472579194061 1 23 23 8 
0.2004625467517137 2 0 0 2 
0.7920217713053178 2 0 0 9 
1.0224957100330649 2 0 1 8 
-0.2004625467517137 2 0 2 0 
-1.0224957100330649 2 0 8 1 
-0.7920217713053178 2 0 9 0 
-0.3685208537441925 2 1 0 3 
-0.6607169710815093 2 1 0 7 
0.1384442216310417 2 1 0 10 
0.6948851548106771 2 1 1 2 
0.2954816122452034 2 1 1 6 
0.6681934950416950 2 1 1 9 
-0.6948851548106771 2 1 2 1 
0.3991705572891228 2 1 2 8 
0.3685208537441925 2 1 3 0 
-0.2954816122452034 2 1 6 1 
-0.6887438226337471 2 1 6 8 
0.6607169710815093 2 1 7 0 
-0.3991705572891228 2 1 8 2 
0.6887438226337471 2 1 8 6 
-0.9467314421878495 2 1 8 9 
-0.6681934950416950 2 1 9 1 
0.9467314421878495 2 1 9 8 
-0.1384442216310417 2 1 10 0 
-0.3936584472944480 2 3 0 5 
0.8331452100135263 2 3 1 4 
-0.1011053641914217 2 3 1 11 
-1.2533511381247791 2 3 2 3 
0.3939754829936046 2 3 2 7 
-0.4867384221156710 2 3 2 10 
1.2533511381247791 2 3 3 2 
-0.3939754829936046 2 3 3 6 
-0.4867384221156710 2 3 3 9 
-0.8331452100135263 2 3 4 1 
-0.1011053641914217 2 3 4 8 
0.3936584472944480 2 3 5 0 
0.3939754829936046 2 3 6 3 
-0.8727551074680914 2 3 6 7 
0.3749046508770311 2 3 6 10 
-0.3939754829936046 2 3 7 2 
0.8727551074680914 2 3 7 6 
0.3749046508770311 2 3 7 9 
0.1011053641914217 2 3 8 4 
-0.7118465103468912 2 3 8 11 
0.4867384221156710 2 3 9 3 
-0.3749046508770311 2 3 9 7 
1.7425171578177632 2 3 9 10 
0.4867384221156710 2 3 10 2 
-0.3749046508770311 2 3 10 6 
-1.7425171578177632 2 3 10 9 
0.1011053641914217 2 3 11 1 
0.7118465103468912 2 3 11 8 
0.3474447929215658 2 4 1 5 
-0.4202059281112529 2 4 2 4 
-0.3991705572891229 2 4 2 11 
0.2785827356460231 2 4 3 7 
-0.8604400973550779 2 4 3 10 
0.4202059281112529 2 4 4 2 
-0.3939754829936045 2 4 4 6 
-0.5486525602474822 2 4 4 9 
-0.3474447929215658 2 4 5 1 
-0.0799308086264302 2 4 5 8 
0.3939754829936045 2 4 6 4 
0.2295812742112490 2 4 6 11 
-0.2785827356460231 2 4 7 3 
0.3976464314002857 2 4 7 10 
0.0799308086264302 2 4 8 5 
0.5486525602474822 2 4 9 4 
0.6311542947918996 2 4 9 11 
0.8604400973550779 2 4 10 3 
-0.3976464314002857 2 4 10 7 
0.3991705572891229 2 4 11 2 
-0.2295812742112490 2 4 11 6 
-0.6311542947918996 2 4 11 9 
-0.4751417734511378 2 5 2 5 
0.3685208537441925 2 5 3 4 
-0.6664940334930611 2 5 3 11 
-0.3685208537441925 2 5 4 3 
-0.2202389903605030 2 5 4 7 
-0.6826343211868554 2 5 4 10 
0.4751417734511378 2 5 5 2 
0.4924693537420057 2 5 5 6 
-0.4248242839838597 2 5 5 9 
-0.4924693537420057 2 5 6 5 
0.2202389903605030 2 5 7 4 
-0.5133593354973722 2 5 7 11 
0.4248242839838597 2 5 9 5 
0.6826343211868554 2 5 10 4 
-0.7056519537228145 2 5 10 11 
0.6664940334930611 2 5 11 3 
0.5133593354973722 2 5 11 7 
0.7056519537228145 2 5 11 10 
0.4404779807210061 2 6 0 4 
-0.0493271533523701 2 6 0 11 
-0.2785827356460231 2 6 1 3 
0.7420154444188114 2 6 1 7 
-0.2521339489679668 2 6 1 10 
0.1381308703813565 2 6 2 6 
-0.0396105557955117 2 6 2 9 
0.2785827356460231 2 6 3 1 
0.3930058715646842 2 6 3 8 
-0.4404779807210061 2 6 4 0 
-0.1381308703813565 2 6 6 2 
0.7814551333136527 2 6 6 9 
-0.7420154444188114 2 6 7 1 
0.4511733315782523 2 6 7 8 
-0.3930058715646842 2 6 8 3 
-0.4511733315782523 2 6 8 7 
0.1774933954618802 2 6 8 10 
0.0396105557955117 2 6 9 2 
-0.7814551333136527 2 6 9 6 
0.2521339489679668 2 6 10 1 
-0.1774933954618802 2 6 10 8 
0.0493271533523701 2 6 11 0 
-0.4924693537420057 2 7 0 5 
-0.0984938707484011 2 7 1 4 
-0.3484697154995322 2 7 1 11 
0.3939754829936046 2 7 2 3 
-0.1242112058654893 2 7 2 7 
-0.1116574746984709 2 7 2 10 
-0.3939754829936046 2 7 3 2 
0.7870262287405371 2 7 3 6 
0.2269020457409739 2 7 3 9 
0.0984938707484011 2 7 4 1 
0.0661793208194737 2 7 4 8 
0.4924693537420057 2 7 5 0 
-0.7870262287405371 2 7 6 3 
-0.7814551333136529 2 7 6 10 
0.1242112058654893 2 7 7 2 
-0.7814551333136529 2 7 7 9 
-0.0661793208194737 2 7 8 4 
-0.1537137894739458 2 7 8 11 
-0.2269020457409739 2 7 9 3 
0.7814551333136529 2 7 9 7 
-0.1537137894739458 2 7 9 10 
0.1116574746984709 2 7 10 2 
0.7814551333136529 2 7 10 6 
0.1537137894739458 2 7 10 9 
0.3484697154995322 2 7 11 1 
0.1537137894739458 2 7 11 8 
-0.6664940334930611 2 8 0 3 
0.0493271533523701 2 8 0 7 
-0.6521814402343425 2 8 0 10 
-0.3991705572891228 2 8 1 2 
0.3925892627125146 2 8 1 6 
-0.7290932091077451 2 8 1 9 
0.3991705572891228 2 8 2 1 
-0.1495821820579833 2 8 2 8 
0.6664940334930611 2 8 3 0 
-0.3925892627125146 2 8 6 1 
-0.1359717484209768 2 8 6 8 
-0.0493271533523701 2 8 7 0 
0.1495821820579833 2 8 8 2 
0.1359717484209768 2 8 8 6 
-0.1842741282128616 2 8 8 9 
0.7290932091077451 2 8 9 1 
0.1842741282128616 2 8 9 8 
0.6521814402343425 2 8 10 0 
-0.4105392714089486 2 9 0 4 
0.0519220627781111 2 9 0 11 
-0.8604400973550779 2 9 1 3 
0.1757166515881474 2 9 1 7 
-0.7137104541912299 2 9 1 10 
-0.0396105557955117 2 9 2 6 
-0.6867467417438013 2 9 2 9 
0.8604400973550779 2 9 3 1 
-0.3772635665691301 2 9 3 8 
0.4105392714089486 2 9 4 0 
0.0396105557955117 2 9 6 2 
0.1614090312021726 2 9 6 9 
-0.1757166515881474 2 9 7 1 
0.1129479849225417 2 9 7 8 
0.3772635665691301 2 9 8 3 
-0.1129479849225417 2 9 8 7 
0.2659767938209481 2 9 8 10 
0.6867467417438013 2 9 9 2 
-0.1614090312021726 2 9 9 6 
0.7137104541912299 2 9 10 1 
-0.2659767938209481 2 9 10 8 
-0.0519220627781111 2 9 11 0 
-0.1835987436607290 2 10 0 5 
-0.6703371657764001 2 10 1 4 
-0.1922049002582099 2 10 1 11 
-0.4867384221156710 2 10 2 3 
-0.1116574746984709 2 10 2 7 
-0.2713393376894683 2 10 2 10 
0.4867384221156710 2 10 3 2 
-0.2269020457409739 2 10 3 6 
-0.9498309386526880 2 10 3 9 
0.6703371657764001 2 10 4 1 
-0.2452239020439941 2 10 4 8 
0.1835987436607290 2 10 5 0 
0.2269020457409739 2 10 6 3 
0.0850971828585849 2 10 6 10 
0.1116574746984709 2 10 7 2 
0.0508745655623919 2 10 7 9 
0.2452239020439941 2 10 8 4 
0.0921370641064308 2 10 8 11 
0.9498309386526880 2 10 9 3 
-0.0508745655623919 2 10 9 7 
0.0921370641064308 2 10 9 10 
0.2713393376894683 2 10 10 2 
-0.0850971828585849 2 10 10 6 
-0.0921370641064308 2 10 10 9 
0.1922049002582099 2 10 11 1 
-0.0921370641064308 2 10 11 8 
-0.3913516420768873 2 11 1 5 
-0.3991705572891229 2 11 2 4 
0.0682310396561424 2 11 2 11 
-0.3930058715646842 2 11 3 7 
-0.3772635665691301 2 11 3 10 
0.3991705572891229 2 11 4 2 
-0.0661793208194737 2 11 4 6 
-0.5601085612303089 2 11 4 9 
0.3913516420768873 2 11 5 1 
-0.4065143470015986 2 11 5 8 
0.0661793208194737 2 11 6 4 
-0.1105344656397808 2 11 6 11 
0.3930058715646842 2 11 7 3 
-0.1716928731672461 2 11 7 10 
0.4065143470015986 2 11 8 5 
0.5601085612303089 2 11 9 4 
-0.2764111923192923 2 11 9 11 
0.3772635665691301 2 11 10 3 
0.1716928731672461 2 11 10 7 
-0.0682310396561424 2 11 11 2 
0.1105344656397808 2 11 11 6 
0.2764111923192923 2 11 11 9 
-1.2781438584496385 2 12 0 14 
-0.4393291424167737 2 12 0 18 
1.0554824785433468 2 12 0 21 
-0.9039828562844662 2 12 1 13 
0.0004233557040302 2 12 1 20 
-1.4786064052013523 2 12 2 12 
-0.4393291424167737 2 12 6 12 
-1.0220723543290349 2 12 8 13 
0.6021559374090395 2 12 8 20 
0.2634607072380288 2 12 9 12 
1.4786064052013523 2 12 12 2 
0.4393291424167737 2 12 12 6 
-0.2634607072380288 2 12 12 9 
0.9039828562844662 2 12 13 1 
1.0220723543290349 2 12 13 8 
1.2781438584496385 2 12 14 0 
0.4393291424167737 2 12 18 0 
-0.0004233557040302 2 12 20 1 
-0.6021559374090395 2 12 20 8 
-1.0554824785433468 2 12 21 0 
-0.6636697326884441 2 13 0 15 
-0.2321215028466954 2 13 0 19 
-0.2257025513712081 2 13 0 22 
-1.5311953929507816 2 13 1 14 
0.3674053773309884 2 13 1 18 
0.2022024289427100 2 13 1 21 
-2.2260805477614589 2 13 2 13 
0.5226590591330861 2 13 2 20 
-0.2951488789442516 2 13 3 12 
0.0719237650857850 2 13 6 13 
-0.3443719113168736 2 13 6 20 
0.4285954682348138 2 13 7 12 
0.1234885018439633 2 13 8 14 
0.3443719113168736 2 13 8 18 
-0.7065797128344374 2 13 8 21 
-0.4659910660989852 2 13 9 13 
0.2401517293534123 2 13 9 20 
-0.3641467730022498 2 13 10 12 
0.2951488789442516 2 13 12 3 
-0.4285954682348138 2 13 12 7 
0.3641467730022498 2 13 12 10 
2.2260805477614589 2 13 13 2 
-0.0719237650857850 2 13 13 6 
0.4659910660989852 2 13 13 9 
1.5311953929507816 2 13 14 1 
-0.1234885018439633 2 13 14 8 
0.6636697326884441 2 13 15 0 
-0.3674053773309884 2 13 18 1 
-0.3443719113168736 2 13 18 8 
0.2321215028466954 2 13 19 0 
-0.5226590591330861 2 13 20 2 
0.3443719113168736 2 13 20 6 
-0.2401517293534123 2 13 20 9 
-0.2022024289427100 2 13 21 1 
0.7065797128344374 2 13 21 8 
0.2257025513712081 2 13 22 0 
-0.2209309393055034 2 14 0 16 
0.5705158458675657 2 14 0 23 
-0.9333622807655700 2 14 1 15 
0.2485220926206168 2 14 1 19 
-1.1880266104911432 2 14 1 22 
-2.7672957436626255 2 14 2 14 
0.3514633139334188 2 14 2 18 
0.5762730353520815 2 14 2 21 
-0.9333622807655700 2 14 3 13 
0.2764823705981130 2 14 3 20 
-0.2209309393055034 2 14 4 12 
0.3514633139334188 2 14 6 14 
-0.2625587129620523 2 14 6 18 
-0.0047248050729287 2 14 6 21 
0.2485220926206168 2 14 7 13 
0.0081836024421716 2 14 7 20 
0.2764823705981130 2 14 8 15 
0.0081836024421716 2 14 8 19 
0.1841263907436352 2 14 8 22 
0.5762730353520815 2 14 9 14 
-0.0047248050729287 2 14 9 18 
-0.9742845500440457 2 14 9 21 
-1.1880266104911432 2 14 10 13 
0.1841263907436352 2 14 10 20 
0.5705158458675657 2 14 11 12 
0.2209309393055034 2 14 12 4 
-0.5705158458675657 2 14 12 11 
0.9333622807655700 2 14 13 3 
-0.2485220926206168 2 14 13 7 
1.1880266104911432 2 14 13 10 
2.7672957436626255 2 14 14 2 
-0.3514633139334188 2 14 14 6 
-0.5762730353520815 2 14 14 9 
0.9333622807655700 2 14 15 1 
-0.2764823705981130 2 14 15 8 
0.2209309393055034 2 14 16 0 
-0.3514633139334188 2 14 18 2 
0.2625587129620523 2 14 18 6 
0.0047248050729287 2 14 18 9 
-0.2485220926206168 2 14 19 1 
-0.0081836024421716 2 14 19 8 
-0.2764823705981130 2 14 20 3 
-0.0081836024421716 2 14 20 7 
-0.1841263907436352 2 14 20 10 
-0.5762730353520815 2 14 21 2 
0.0047248050729287 2 14 21 6 
0.9742845500440457 2 14 21 9 
1.1880266104911432 2 14 22 1 
-0.1841263907436352 2 14 22 8 
-0.5705158458675657 2 14 23 0 
-0.2791653234172217 2 15 0 17 
-0.1057546934519520 2 15 1 16 
-0.1808877215146828 2 15 1 23 
-2.4503146395824205 2 15 2 15 
0.3727193984635117 2 15 2 19 
-0.6113193142793795 2 15 2 22 
-1.1969635014576405 2 15 3 14 
-0.0212560845300929 2 15 3 18 
0.1245808921637084 2 15 3 21 
-0.9388999034654786 2 15 4 13 
0.0797823573232610 2 15 4 20 
0.1144931238772265 2 15 5 12 
0.3727193984635117 2 15 6 15 
-0.4801373392277212 2 15 6 19 
0.1858773904142060 2 15 6 22 
-0.0212560845300929 2 15 7 14 
0.3926177682403704 2 15 7 18 
0.1890272604628251 2 15 7 21 
0.1808877215146828 2 15 8 16 
-0.3027705445430698 2 15 8 23 
0.6113193142793795 2 15 9 15 
-0.1858773904142060 2 15 9 19 
0.5996497728579092 2 15 9 22 
-0.1245808921637084 2 15 10 14 
-0.1890272604628251 2 15 10 18 
-1.1428673849598545 2 15 10 21 
-0.0797823573232610 2 15 11 13 
0.4090759658038216 2 15 11 20 
-0.1144931238772265 2 15 12 5 
0.9388999034654786 2 15 13 4 
0.0797823573232610 2 15 13 11 
1.1969635014576405 2 15 14 3 
0.0212560845300929 2 15 14 7 
0.1245808921637084 2 15 14 10 
2.4503146395824205 2 15 15 2 
-0.3727193984635117 2 15 15 6 
-0.6113193142793795 2 15 15 9 
0.1057546934519520 2 15 16 1 
-0.1808877215146828 2 15 16 8 
0.2791653234172217 2 15 17 0 
0.0212560845300929 2 15 18 3 
-0.3926177682403704 2 15 18 7 
0.1890272604628251 2 15 18 10 
-0.3727193984635117 2 15 19 2 
0.4801373392277212 2 15 19 6 
0.1858773904142060 2 15 19 9 
-0.0797823573232610 2 15 20 4 
-0.4090759658038216 2 15 20 11 
-0.1245808921637084 2 15 21 3 
-0.1890272604628251 2 15 21 7 
1.1428673849598545 2 15 21 10 
0.6113193142793795 2 15 22 2 
-0.1858773904142060 2 15 22 6 
-0.5996497728579092 2 15 22 9 
0.1808877215146828 2 15 23 1 
0.3027705445430698 2 15 23 8 
-0.0699733445390035 2 16 1 17 
-1.5660891359847569 2 16 2 16 
-0.2619889802951424 2 16 2 23 
-0.9333622807655698 2 16 3 15 
0.0150303215127032 2 16 3 19 
0.0509198014279566 2 16 3 22 
-1.1458832078735037 2 16 4 14 
-0.2848535699801570 2 16 4 18 
-1.0866551001192286 2 16 4 21 
-0.4174181374605694 2 16 5 13 
0.6681969266407319 2 16 5 20 
0.1091219130134476 2 16 6 16 
0.1225062114808170 2 16 6 23 
-0.2635524141333200 2 16 7 15 
0.2475427285267725 2 16 7 19 
0.1943686267576729 2 16 7 22 
0.7481277352671621 2 16 8 17 
-0.5380025398717464 2 16 9 16 
-0.0134948730846963 2 16 9 23 
0.9113598987830348 2 16 10 15 
-0.2032778046426128 2 16 10 19 
0.6492719610348943 2 16 10 22 
0.1371815769939805 2 16 11 14 
-0.1070750627304321 2 16 11 18 
-0.6446491678765958 2 16 11 21 
0.4174181374605694 2 16 13 5 
1.1458832078735037 2 16 14 4 
-0.1371815769939805 2 16 14 11 
0.9333622807655698 2 16 15 3 
0.2635524141333200 2 16 15 7 
-0.9113598987830348 2 16 15 10 
1.5660891359847569 2 16 16 2 
-0.1091219130134476 2 16 16 6 
0.5380025398717464 2 16 16 9 
0.0699733445390035 2 16 17 1 
-0.7481277352671621 2 16 17 8 
0.2848535699801570 2 16 18 4 
0.1070750627304321 2 16 18 11 
-0.0150303215127032 2 16 19 3 
-0.2475427285267725 2 16 19 7 
0.2032778046426128 2 16 19 10 
-0.6681969266407319 2 16 20 5 
1.0866551001192286 2 16 21 4 
0.6446491678765958 2 16 21 11 
-0.0509198014279566 2 16 22 3 
-0.1943686267576729 2 16 22 7 
-0.6492719610348943 2 16 22 10 
0.2619889802951424 2 16 23 2 
-0.1225062114808170 2 16 23 6 
0.0134948730846963 2 16 23 9 
-1.2586154196006183 2 17 2 17 
-0.2951488789442513 2 17 3 16 
0.3891679181736559 2 17 3 23 
-0.6636697326884439 2 17 4 15 
-0.6013044086505475 2 17 4 19 
-0.6362418227801566 2 17 4 22 
-0.7834736461494803 2 17 5 14 
0.0265701056626161 2 17 5 18 
-0.8718837348826177 2 17 5 21 
-0.4658992480793897 2 17 6 17 
-0.3810654182900444 2 17 7 16 
-0.2566796677486862 2 17 7 23 
-0.4470594508987579 2 17 9 17 
0.0463924984066987 2 17 10 16 
0.1686563619744533 2 17 10 23 
1.0556619516667172 2 17 11 15 
0.2566796677486862 2 17 11 19 
0.8743083156972680 2 17 11 22 
0.7834736461494803 2 17 14 5 
0.6636697326884439 2 17 15 4 
-1.0556619516667172 2 17 15 11 
0.2951488789442513 2 17 16 3 
0.3810654182900444 2 17 16 7 
-0.0463924984066987 2 17 16 10 
1.2586154196006183 2 17 17 2 
0.4658992480793897 2 17 17 6 
0.4470594508987579 2 17 17 9 
-0.0265701056626161 2 17 18 5 
0.6013044086505475 2 17 19 4 
-0.2566796677486862 2 17 19 11 
0.8718837348826177 2 17 21 5 
0.6362418227801566 2 17 22 4 
-0.8743083156972680 2 17 22 11 
-0.3891679181736559 2 17 23 3 
0.2566796677486862 2 17 23 7 
-0.1686563619744533 2 17 23 10 
-0.1727089404157336 2 18 0 16 
0.2585533113146025 2 18 0 23 
-0.2635524141333200 2 18 1 15 
-0.5120710424166873 2 18 1 19 
0.2184345151977844 2 18 1 22 
0.3514633139334188 2 18 2 14 
-1.3325898780080292 2 18 2 18 
-0.1824001182244418 2 18 2 21 
0.0150303215127032 2 18 3 13 
-0.0333620161853643 2 18 3 20 
-0.6131869211367397 2 18 4 12 
-1.4707207483893858 2 18 6 14 
0.9989458543484085 2 18 6 21 
-1.2540864868354988 2 18 7 13 
0.5767416579139144 2 18 7 20 
-0.4263678877500485 2 18 8 15 
0.1255683263356621 2 18 8 19 
0.1129627017826323 2 18 8 22 
-0.1427895624289301 2 18 9 14 
0.2174907210347557 2 18 9 18 
0.0419433493738246 2 18 9 21 
0.4705684641657512 2 18 10 13 
-0.0645306936792479 2 18 10 20 
0.3078804646669726 2 18 11 12 
0.6131869211367397 2 18 12 4 
-0.3078804646669726 2 18 12 11 
-0.0150303215127032 2 18 13 3 
1.2540864868354988 2 18 13 7 
-0.4705684641657512 2 18 13 10 
-0.3514633139334188 2 18 14 2 
1.4707207483893858 2 18 14 6 
0.1427895624289301 2 18 14 9 
0.2635524141333200 2 18 15 1 
0.4263678877500485 2 18 15 8 
0.1727089404157336 2 18 16 0 
1.3325898780080292 2 18 18 2 
-0.2174907210347557 2 18 18 9 
0.5120710424166873 2 18 19 1 
-0.1255683263356621 2 18 19 8 
0.0333620161853643 2 18 20 3 
-0.5767416579139144 2 18 20 7 
0.0645306936792479 2 18 20 10 
0.1824001182244418 2 18 21 2 
-0.9989458543484085 2 18 21 6 
-0.0419433493738246 2 18 21 9 
-0.2184345151977844 2 18 22 1 
-0.1129627017826323 2 18 22 8 
-0.2585533113146025 2 18 23 0 
-0.4658992480793896 2 19 0 17 
-0.3567773350659420 2 19 1 16 
-0.0841745454764548 2 19 1 23 
0.3727193984635117 2 19 2 15 
-1.1515454247369774 2 19 2 19 
0.1952411642413276 2 19 2 22 
-0.0212560845300930 2 19 3 14 
-0.5431333598131557 2 19 3 18 
-0.0192615690253288 2 19 3 21 
-0.2582834643175408 2 19 4 13 
-0.3468856679442702 2 19 4 20 
0.0265701056626162 2 19 5 12 
-1.3301595885536928 2 19 6 15 
-0.9989458543484088 2 19 6 22 
-1.0273342188714882 2 19 7 14 
-0.9989458543484088 2 19 7 21 
-0.4130649887637439 2 19 8 16 
-0.0663710573935168 2 19 8 23 
-0.2461636147663027 2 19 9 15 
-0.2174907210347557 2 19 9 19 
-0.0453993827066045 2 19 9 22 
0.3068986389397985 2 19 10 14 
-0.2174907210347557 2 19 10 18 
0.1083144067673414 2 19 10 21 
0.2642951700230775 2 19 11 13 
0.0873427320804291 2 19 11 20 
-0.0265701056626162 2 19 12 5 
0.2582834643175408 2 19 13 4 
-0.2642951700230775 2 19 13 11 
0.0212560845300929 2 19 14 3 
1.0273342188714882 2 19 14 7 
-0.3068986389397985 2 19 14 10 
-0.3727193984635118 2 19 15 2 
1.3301595885536928 2 19 15 6 
0.2461636147663027 2 19 15 9 
0.3567773350659420 2 19 16 1 
0.4130649887637439 2 19 16 8 
0.4658992480793896 2 19 17 0 
0.5431333598131557 2 19 18 3 
0.2174907210347557 2 19 18 10 
1.1515454247369774 2 19 19 2 
0.2174907210347557 2 19 19 9 
0.3468856679442702 2 19 20 4 
-0.0873427320804291 2 19 20 11 
0.0192615690253288 2 19 21 3 
0.9989458543484088 2 19 21 7 
-0.1083144067673414 2 19 21 10 
-0.1952411642413276 2 19 22 2 
0.9989458543484088 2 19 22 6 
0.0453993827066045 2 19 22 9 
0.0841745454764548 2 19 23 1 
0.0663710573935168 2 19 23 8 
-1.0556619516667172 2 20 0 15 
-0.2585533113146026 2 20 0 19 
-1.0278750216542103 2 20 0 22 
0.1234885018439633 2 20 1 14 
-0.1470825664863920 2 20 1 18 
-0.7474225337275426 2 20 1 21 
0.5226590591330861 2 20 2 13 
-1.4590768129164258 2 20 2 20 
-0.3891679181736558 2 20 3 12 
-0.5396718291989067 2 20 6 13 
-0.1490818712151350 2 20 6 20 
-0.3078804646669727 2 20 7 12 
-1.3094946308584425 2 20 8 14 
-0.0131101227941583 2 20 8 18 
-0.5819878360744077 2 20 8 21 
-0.0183293246197974 2 20 9 13 
-0.3977137078615461 2 20 9 20 
-0.3756935814198678 2 20 10 12 
0.3891679181736558 2 20 12 3 
0.3078804646669727 2 20 12 7 
0.3756935814198678 2 20 12 10 
-0.5226590591330861 2 20 13 2 
0.5396718291989067 2 20 13 6 
0.0183293246197974 2 20 13 9 
-0.1234885018439633 2 20 14 1 
1.3094946308584425 2 20 14 8 
1.0556619516667172 2 20 15 0 
0.1470825664863920 2 20 18 1 
0.0131101227941583 2 20 18 8 
0.2585533113146026 2 20 19 0 
1.4590768129164258 2 20 20 2 
0.1490818712151350 2 20 20 6 
0.3977137078615461 2 20 20 9 
0.7474225337275426 2 20 21 1 
0.5819878360744077 2 20 21 8 
1.0278750216542103 2 20 22 0 
0.0276424830535041 2 21 0 16 
-0.2982201854702999 2 21 0 23 
-0.9113598987830348 2 21 1 15 
0.1821145523335105 2 21 1 19 
-0.3666526503361496 2 21 1 22 
0.5762730353520815 2 21 2 14 
-0.1824001182244418 2 21 2 18 
-2.5958324210899089 2 21 2 21 
-0.0509198014279566 2 21 3 13 
-0.0483705662987250 2 21 3 20 
0.4381817544624528 2 21 4 12 
-0.1427895624289301 2 21 6 14 
0.5366774992517361 2 21 6 18 
0.0298082560086190 2 21 6 21 
0.0063979007453631 2 21 7 13 
0.3787328784948083 2 21 7 20 
0.3288930002704052 2 21 8 15 
0.2657848935722666 2 21 8 19 
0.1043582899260997 2 21 8 22 
-1.9090856793461073 2 21 9 14 
-0.1316007751935537 2 21 9 18 
-0.1302243907072796 2 21 9 21 
0.3470578038550804 2 21 10 13 
-0.1616185038948485 2 21 10 20 
-0.3501422482484111 2 21 11 12 
-0.4381817544624528 2 21 12 4 
0.3501422482484111 2 21 12 11 
0.0509198014279566 2 21 13 3 
-0.0063979007453631 2 21 13 7 
-0.3470578038550804 2 21 13 10 
-0.5762730353520815 2 21 14 2 
0.1427895624289301 2 21 14 6 
1.9090856793461073 2 21 14 9 
0.9113598987830348 2 21 15 1 
-0.3288930002704052 2 21 15 8 
-0.0276424830535041 2 21 16 0 
0.1824001182244418 2 21 18 2 
-0.5366774992517361 2 21 18 6 
0.1316007751935537 2 21 18 9 
-0.1821145523335105 2 21 19 1 
-0.2657848935722666 2 21 19 8 
0.0483705662987250 2 21 20 3 
-0.3787328784948083 2 21 20 7 
0.1616185038948485 2 21 20 10 
2.5958324210899089 2 21 21 2 
-0.0298082560086190 2 21 21 6 
0.1302243907072796 2 21 21 9 
0.3666526503361496 2 21 22 1 
-0.1043582899260997 2 21 22 8 
0.2982201854702999 2 21 23 0 
-0.6126067021567083 2 22 0 17 
0.5048930896201567 2 22 1 16 
0.4386730773792846 2 22 1 23 
-0.6113193142793794 2 22 2 15 
0.1952411642413276 2 22 2 19 
-2.2312804675137325 2 22 2 22 
-0.1245808921637083 2 22 3 14 
0.0192615690253288 2 22 3 18 
-0.5887180695743992 2 22 3 21 
1.1752302553965568 2 22 4 13 
-0.7264159269482509 2 22 4 20 
-0.4290079584959792 2 22 5 12 
0.2461636147663027 2 22 6 15 
-0.5366774992517362 2 22 6 19 
0.3876291016281672 2 22 6 22 
0.3068986389397985 2 22 7 14 
-0.5366774992517362 2 22 7 18 
-0.2385472304130322 2 22 7 21 
-0.4811920249042567 2 22 8 16 
0.0956573319762844 2 22 8 23 
0.3611128690782887 2 22 9 15 
-0.2894217959754240 2 22 9 19 
0.3561061133908437 2 22 9 22 
-1.9599411298242644 2 22 10 14 
0.3025319187695823 2 22 10 18 
0.2639690492844129 2 22 10 21 
0.6308779776374944 2 22 11 13 
0.0035202678698536 2 22 11 20 
0.4290079584959792 2 22 12 5 
-1.1752302553965568 2 22 13 4 
-0.6308779776374944 2 22 13 11 
0.1245808921637083 2 22 14 3 
-0.3068986389397985 2 22 14 7 
1.9599411298242644 2 22 14 10 
0.6113193142793794 2 22 15 2 
-0.2461636147663027 2 22 15 6 
-0.3611128690782887 2 22 15 9 
-0.5048930896201567 2 22 16 1 
0.4811920249042567 2 22 16 8 
0.6126067021567083 2 22 17 0 
-0.0192615690253288 2 22 18 3 
0.5366774992517362 2 22 18 7 
-0.3025319187695823 2 22 18 10 
-0.1952411642413276 2 22 19 2 
0.5366774992517362 2 22 19 6 
0.2894217959754240 2 22 19 9 
0.7264159269482509 2 22 20 4 
-0.0035202678698536 2 22 20 11 
0.5887180695743992 2 22 21 3 
0.2385472304130322 2 22 21 7 
-0.2639690492844129 2 22 21 10 
2.2312804675137325 2 22 22 2 
-0.3876291016281672 2 22 22 6 
-0.3561061133908437 2 22 22 9 
-0.4386730773792846 2 22 23 1 
-0.0956573319762844 2 22 23 8 
0.6198953858406711 2 23 1 17 
-0.2619889802951424 2 23 2 16 
-1.4311500534430026 2 23 2 23 
-0.2764823705981130 2 23 3 15 
0.0333620161853643 2 23 3 19 
-0.0483705662987250 2 23 3 22 
0.1371815769939805 2 23 4 14 
0.3468856679442701 2 23 4 18 
-1.0527274897119903 2 23 4 21 
1.0112470279175583 2 23 5 13 
-0.4212664160862929 2 23 5 20 
0.4130649887637437 2 23 6 16 
-0.2683554864216511 2 23 6 23 
0.4263678877500485 2 23 7 15 
0.3098508986610050 2 23 7 19 
-0.1032822631080008 2 23 7 22 
-0.0147520690846943 2 23 8 17 
-0.4926189284816812 2 23 9 16 
0.1718319851779822 2 23 9 23 
0.3288930002704052 2 23 10 15 
0.0684106100592453 2 23 10 19 
0.4904458630870121 2 23 10 22 
-1.4993810930991449 2 23 11 14 
-0.1578210207818702 2 23 11 18 
0.4482431774972745 2 23 11 21 
-1.0112470279175583 2 23 13 5 
-0.1371815769939805 2 23 14 4 
1.4993810930991449 2 23 14 11 
0.2764823705981130 2 23 15 3 
-0.4263678877500485 2 23 15 7 
-0.3288930002704052 2 23 15 10 
0.2619889802951424 2 23 16 2 
-0.4130649887637437 2 23 16 6 
0.4926189284816812 2 23 16 9 
-0.6198953858406711 2 23 17 1 
0.0147520690846943 2 23 17 8 
-0.3468856679442701 2 23 18 4 
0.1578210207818702 2 23 18 11 
-0.0333620161853643 2 23 19 3 
-0.3098508986610050 2 23 19 7 
-0.0684106100592453 2 23 19 10 
0.4212664160862929 2 23 20 5 
1.0527274897119903 2 23 21 4 
-0.4482431774972745 2 23 21 11 
0.0483705662987250 2 23 22 3 
0.1032822631080008 2 23 22 7 
-0.4904458630870121 2 23 22 10 
1.4311500534430026 2 23 23 2 
0.2683554864216511 2 23 23 6 
-0.1718319851779822 2 23 23 9 
0.4751417734511378 3 0 0 3 
0.4924693537420057 3 0 0 7 
0.4248242839838597 3 0 0 10 
-0.3685208537441925 3 0 1 2 
-0.2202389903605030 3 0 1 6 
0.6826343211868554 3 0 1 9 
0.3685208537441925 3 0 2 1 
0.6664940334930611 3 0 2 8 
-0.4751417734511378 3 0 3 0 
0.2202389903605030 3 0 6 1 
0.5133593354973722 3 0 6 8 
-0.4924693537420057 3 0 7 0 
-0.6664940334930611 3 0 8 2 
-0.5133593354973722 3 0 8 6 
0.7056519537228145 3 0 8 9 
-0.6826343211868554 3 0 9 1 
-0.7056519537228145 3 0 9 8 
-0.4248242839838597 3 0 10 0 
-0.3474447929215658 3 1 0 4 
0.0799308086264302 3 1 0 11 
0.4202059281112529 3 1 1 3 
-0.3939754829936045 3 1 1 7 
0.5486525602474822 3 1 1 10 
0.2785827356460231 3 1 2 6 
0.8604400973550779 3 1 2 9 
-0.4202059281112529 3 1 3 1 
0.3991705572891229 3 1 3 8 
0.3474447929215658 3 1 4 0 
-0.2785827356460231 3 1 6 2 
-0.3976464314002857 3 1 6 9 
0.3939754829936045 3 1 7 1 
-0.2295812742112490 3 1 7 8 
-0.3991705572891229 3 1 8 3 
0.2295812742112490 3 1 8 7 
-0.6311542947918996 3 1 8 10 
-0.8604400973550779 3 1 9 2 
0.3976464314002857 3 1 9 6 
-0.5486525602474822 3 1 10 1 
0.6311542947918996 3 1 10 8 
-0.0799308086264302 3 1 11 0 
0.3936584472944480 3 2 0 5 
-0.8331452100135263 3 2 1 4 
0.1011053641914217 3 2 1 11 
1.2533511381247791 3 2 2 3 
-0.3939754829936046 3 2 2 7 
0.4867384221156710 3 2 2 10 
-1.2533511381247793 3 2 3 2 
0.3939754829936046 3 2 3 6 
0.4867384221156710 3 2 3 9 
0.8331452100135263 3 2 4 1 
0.1011053641914217 3 2 4 8 
-0.3936584472944480 3 2 5 0 
-0.3939754829936046 3 2 6 3 
0.8727551074680914 3 2 6 7 
-0.3749046508770311 3 2 6 10 
0.3939754829936046 3 2 7 2 
-0.8727551074680914 3 2 7 6 
-0.3749046508770311 3 2 7 9 
-0.1011053641914217 3 2 8 4 
0.7118465103468911 3 2 8 11 
-0.4867384221156710 3 2 9 3 
0.3749046508770311 3 2 9 7 
-1.7425171578177632 3 2 9 10 
-0.4867384221156710 3 2 10 2 
0.3749046508770311 3 2 10 6 
1.7425171578177632 3 2 10 9 
-0.1011053641914217 3 2 11 1 
-0.7118465103468911 3 2 11 8 
0.3685208537441925 3 4 2 5 
-0.6948851548106771 3 4 3 4 
-0.3991705572891228 3 4 3 11 
0.6948851548106771 3 4 4 3 
0.2954816122452034 3 4 4 7 
-0.6681934950416950 3 4 4 10 
-0.3685208537441925 3 4 5 2 
-0.6607169710815093 3 4 5 6 
-0.1384442216310417 3 4 5 9 
0.6607169710815093 3 4 6 5 
-0.2954816122452034 3 4 7 4 
0.6887438226337471 3 4 7 11 
0.1384442216310417 3 4 9 5 
0.6681934950416950 3 4 10 4 
0.9467314421878495 3 4 10 11 
0.3991705572891228 3 4 11 3 
-0.6887438226337471 3 4 11 7 
-0.9467314421878495 3 4 11 10 
-0.2004625467517137 3 5 3 5 
-1.0224957100330649 3 5 4 11 
0.2004625467517137 3 5 5 3 
-0.7920217713053178 3 5 5 10 
0.7920217713053178 3 5 10 5 
1.0224957100330649 3 5 11 4 
0.4924693537420057 3 6 0 5 
0.0984938707484011 3 6 1 4 
-0.0661793208194737 3 6 1 11 
-0.3939754829936046 3 6 2 3 
0.7870262287405371 3 6 2 7 
-0.2269020457409739 3 6 2 10 
0.3939754829936046 3 6 3 2 
-0.1242112058654893 3 6 3 6 
0.1116574746984709 3 6 3 9 
-0.0984938707484011 3 6 4 1 
0.3484697154995322 3 6 4 8 
-0.4924693537420057 3 6 5 0 
0.1242112058654893 3 6 6 3 
0.7814551333136529 3 6 6 10 
-0.7870262287405371 3 6 7 2 
0.7814551333136529 3 6 7 9 
-0.3484697154995322 3 6 8 4 
0.1537137894739458 3 6 8 11 
-0.1116574746984709 3 6 9 3 
-0.7814551333136529 3 6 9 7 
0.1537137894739458 3 6 9 10 
0.2269020457409739 3 6 10 2 
-0.7814551333136529 3 6 10 6 
-0.1537137894739458 3 6 10 9 
0.0661793208194737 3 6 11 1 
-0.1537137894739458 3 6 11 8 
-0.4404779807210061 3 7 1 5 
0.2785827356460231 3 7 2 4 
-0.3930058715646842 3 7 2 11 
0.1381308703813565 3 7 3 7 
0.0396105557955117 3 7 3 10 
-0.2785827356460231 3 7 4 2 
0.7420154444188114 3 7 4 6 
0.2521339489679668 3 7 4 9 
0.4404779807210061 3 7 5 1 
0.0493271533523701 3 7 5 8 
-0.7420154444188114 3 7 6 4 
-0.4511733315782523 3 7 6 11 
-0.1381308703813565 3 7 7 3 
-0.7814551333136527 3 7 7 10 
-0.0493271533523701 3 7 8 5 
-0.2521339489679668 3 7 9 4 
-0.1774933954618802 3 7 9 11 
-0.0396105557955117 3 7 10 3 
0.7814551333136527 3 7 10 7 
0.3930058715646842 3 7 11 2 
0.4511733315782523 3 7 11 6 
0.1774933954618802 3 7 11 9 
-0.3913516420768873 3 8 0 4 
-0.4065143470015986 3 8 0 11 
-0.3991705572891229 3 8 1 3 
0.0661793208194737 3 8 1 7 
-0.5601085612303089 3 8 1 10 
0.3930058715646842 3 8 2 6 
-0.3772635665691301 3 8 2 9 
0.3991705572891229 3 8 3 1 
0.0682310396561424 3 8 3 8 
0.3913516420768873 3 8 4 0 
-0.3930058715646842 3 8 6 2 
-0.1716928731672461 3 8 6 9 
-0.0661793208194737 3 8 7 1 
-0.1105344656397808 3 8 7 8 
-0.0682310396561424 3 8 8 3 
0.1105344656397808 3 8 8 7 
-0.2764111923192923 3 8 8 10 
0.3772635665691301 3 8 9 2 
0.1716928731672461 3 8 9 6 
0.5601085612303089 3 8 10 1 
0.2764111923192923 3 8 10 8 
0.4065143470015986 3 8 11 0 
-0.1835987436607290 3 9 0 5 
-0.6703371657764001 3 9 1 4 
-0.2452239020439941 3 9 1 11 
-0.4867384221156710 3 9 2 3 
0.2269020457409739 3 9 2 7 
-0.9498309386526880 3 9 2 10 
0.4867384221156710 3 9 3 2 
0.1116574746984709 3 9 3 6 
-0.2713393376894683 3 9 3 9 
0.6703371657764001 3 9 4 1 
-0.1922049002582099 3 9 4 8 
0.1835987436607290 3 9 5 0 
-0.1116574746984709 3 9 6 3 
0.0508745655623919 3 9 6 10 
-0.2269020457409739 3 9 7 2 
0.0850971828585849 3 9 7 9 
0.1922049002582099 3 9 8 4 
0.0921370641064308 3 9 8 11 
0.2713393376894683 3 9 9 3 
-0.0850971828585849 3 9 9 7 
0.0921370641064308 3 9 9 10 
0.9498309386526880 3 9 10 2 
-0.0508745655623919 3 9 10 6 
-0.0921370641064308 3 9 10 9 
0.2452239020439941 3 9 11 1 
-0.0921370641064308 3 9 11 8 
-0.4105392714089486 3 10 1 5 
-0.8604400973550779 3 10 2 4 
-0.3772635665691301 3 10 2 11 
0.0396105557955117 3 10 3 7 
-0.6867467417438013 3 10 3 10 
0.8604400973550779 3 10 4 2 
-0.1757166515881474 3 10 4 6 
-0.7137104541912299 3 10 4 9 
0.4105392714089486 3 10 5 1 
0.0519220627781111 3 10 5 8 
0.1757166515881474 3 10 6 4 
0.1129479849225417 3 10 6 11 
-0.0396105557955117 3 10 7 3 
0.1614090312021726 3 10 7 10 
-0.0519220627781111 3 10 8 5 
0.7137104541912299 3 10 9 4 
0.2659767938209481 3 10 9 11 
0.6867467417438013 3 10 10 3 
-0.1614090312021726 3 10 10 7 
0.3772635665691301 3 10 11 2 
-0.1129479849225417 3 10 11 6 
-0.2659767938209481 3 10 11 9 
-0.6664940334930611 3 11 2 5 
-0.3991705572891228 3 11 3 4 
-0.1495821820579833 3 11 3 11 
0.3991705572891228 3 11 4 3 
-0.3925892627125146 3 11 4 7 
-0.7290932091077451 3 11 4 10 
0.6664940334930611 3 11 5 2 
-0.0493271533523701 3 11 5 6 
-0.6521814402343425 3 11 5 9 
0.0493271533523701 3 11 6 5 
0.3925892627125146 3 11 7 4 
-0.1359717484209768 3 11 7 11 
0.6521814402343425 3 11 9 5 
0.7290932091077451 3 11 10 4 
-0.1842741282128616 3 11 10 11 
0.1495821820579833 3 11 11 3 
0.1359717484209768 3 11 11 7 
0.1842741282128616 3 11 11 10 
-0.7834736461494803 3 12 0 15 
0.0265701056626161 3 12 0 19 
0.8718837348826177 3 12 0 22 
-0.6636697326884439 3 12 1 14 
-0.6013044086505475 3 12 1 18 
0.6362418227801566 3 12 1 21 
-0.2951488789442513 3 12 2 13 
-0.3891679181736559 3 12 2 20 
-1.2586154196006183 3 12 3 12 
-0.3810654182900444 3 12 6 13 
0.2566796677486862 3 12 6 20 
-0.4658992480793897 3 12 7 12 
-1.0556619516667172 3 12 8 14 
-0.2566796677486862 3 12 8 18 
0.8743083156972680 3 12 8 21 
-0.0463924984066987 3 12 9 13 
0.1686563619744533 3 12 9 20 
0.4470594508987579 3 12 10 12 
1.2586154196006183 3 12 12 3 
0.4658992480793897 3 12 12 7 
-0.4470594508987579 3 12 12 10 
0.2951488789442513 3 12 13 2 
0.3810654182900444 3 12 13 6 
0.0463924984066987 3 12 13 9 
0.6636697326884439 3 12 14 1 
1.0556619516667172 3 12 14 8 
0.7834736461494803 3 12 15 0 
0.6013044086505475 3 12 18 1 
0.2566796677486862 3 12 18 8 
-0.0265701056626161 3 12 19 0 
0.3891679181736559 3 12 20 2 
-0.2566796677486862 3 12 20 6 
-0.1686563619744533 3 12 20 9 
-0.6362418227801566 3 12 21 1 
-0.8743083156972680 3 12 21 8 
-0.8718837348826177 3 12 22 0 
-0.4174181374605694 3 13 0 16 
-0.6681969266407319 3 13 0 23 
-1.1458832078735037 3 13 1 15 
-0.2848535699801570 3 13 1 19 
1.0866551001192286 3 13 1 22 
-0.9333622807655698 3 13 2 14 
0.0150303215127032 3 13 2 18 
-0.0509198014279566 3 13 2 21 
-1.5660891359847569 3 13 3 13 
0.2619889802951424 3 13 3 20 
-0.0699733445390035 3 13 4 12 
-0.2635524141333200 3 13 6 14 
0.2475427285267725 3 13 6 18 
-0.1943686267576729 3 13 6 21 
0.1091219130134476 3 13 7 13 
-0.1225062114808170 3 13 7 20 
-0.1371815769939805 3 13 8 15 
0.1070750627304321 3 13 8 19 
-0.6446491678765958 3 13 8 22 
-0.9113598987830348 3 13 9 14 
0.2032778046426128 3 13 9 18 
0.6492719610348943 3 13 9 21 
0.5380025398717464 3 13 10 13 
-0.0134948730846963 3 13 10 20 
-0.7481277352671621 3 13 11 12 
0.0699733445390035 3 13 12 4 
0.7481277352671621 3 13 12 11 
1.5660891359847569 3 13 13 3 
-0.1091219130134476 3 13 13 7 
-0.5380025398717464 3 13 13 10 
0.9333622807655698 3 13 14 2 
0.2635524141333200 3 13 14 6 
0.9113598987830348 3 13 14 9 
1.1458832078735037 3 13 15 1 
0.1371815769939805 3 13 15 8 
0.4174181374605694 3 13 16 0 
-0.0150303215127032 3 13 18 2 
-0.2475427285267725 3 13 18 6 
-0.2032778046426128 3 13 18 9 
0.2848535699801570 3 13 19 1 
-0.1070750627304321 3 13 19 8 
-0.2619889802951424 3 13 20 3 
0.1225062114808170 3 13 20 7 
0.0134948730846963 3 13 20 10 
0.0509198014279566 3 13 21 2 
0.1943686267576729 3 13 21 6 
-0.6492719610348943 3 13 21 9 
-1.0866551001192286 3 13 22 1 
0.6446491678765958 3 13 22 8 
0.6681969266407319 3 13 23 0 
0.1144931238772264 3 14 0 17 
-0.9388999034654786 3 14 1 16 
-0.0797823573232610 3 14 1 23 
-1.1969635014576405 3 14 2 15 
-0.0212560845300930 3 14 2 19 
-0.1245808921637084 3 14 2 22 
-2.4503146395824205 3 14 3 14 
0.3727193984635118 3 14 3 18 
0.6113193142793795 3 14 3 21 
-0.1057546934519520 3 14 4 13 
0.1808877215146828 3 14 4 20 
-0.2791653234172216 3 14 5 12 
-0.0212560845300930 3 14 6 15 
0.3926177682403704 3 14 6 19 
-0.1890272604628252 3 14 6 22 
0.3727193984635118 3 14 7 14 
-0.4801373392277212 3 14 7 18 
-0.1858773904142061 3 14 7 21 
0.0797823573232610 3 14 8 16 
0.4090759658038216 3 14 8 23 
0.1245808921637084 3 14 9 15 
0.1890272604628252 3 14 9 19 
-1.1428673849598545 3 14 9 22 
-0.6113193142793795 3 14 10 14 
0.1858773904142061 3 14 10 18 
0.5996497728579092 3 14 10 21 
-0.1808877215146828 3 14 11 13 
-0.3027705445430698 3 14 11 20 
0.2791653234172216 3 14 12 5 
0.1057546934519520 3 14 13 4 
0.1808877215146828 3 14 13 11 
2.4503146395824205 3 14 14 3 
-0.3727193984635118 3 14 14 7 
0.6113193142793795 3 14 14 10 
1.1969635014576405 3 14 15 2 
0.0212560845300930 3 14 15 6 
-0.1245808921637084 3 14 15 9 
0.9388999034654786 3 14 16 1 
-0.0797823573232610 3 14 16 8 
-0.1144931238772264 3 14 17 0 
-0.3727193984635118 3 14 18 3 
0.4801373392277212 3 14 18 7 
-0.1858773904142061 3 14 18 10 
0.0212560845300930 3 14 19 2 
-0.3926177682403704 3 14 19 6 
-0.1890272604628252 3 14 19 9 
-0.1808877215146828 3 14 20 4 
0.3027705445430698 3 14 20 11 
-0.6113193142793795 3 14 21 3 
0.1858773904142061 3 14 21 7 
-0.5996497728579092 3 14 21 10 
0.1245808921637084 3 14 22 2 
0.1890272604628252 3 14 22 6 
1.1428673849598545 3 14 22 9 
0.0797823573232610 3 14 23 1 
-0.4090759658038216 3 14 23 8 
-0.2209309393055034 3 15 1 17 
-0.9333622807655700 3 15 2 16 
-0.2764823705981130 3 15 2 23 
-2.7672957436626255 3 15 3 15 
0.3514633139334188 3 15 3 19 
-0.5762730353520815 3 15 3 22 
-0.9333622807655700 3 15 4 14 
0.2485220926206168 3 15 4 18 
1.1880266104911432 3 15 4 21 
-0.2209309393055034 3 15 5 13 
-0.5705158458675657 3 15 5 20 
0.2485220926206168 3 15 6 16 
-0.0081836024421716 3 15 6 23 
0.3514633139334188 3 15 7 15 
-0.2625587129620523 3 15 7 19 
0.0047248050729287 3 15 7 22 
-0.5705158458675657 3 15 8 17 
1.1880266104911432 3 15 9 16 
0.1841263907436352 3 15 9 23 
-0.5762730353520815 3 15 10 15 
0.0047248050729287 3 15 10 19 
-0.9742845500440457 3 15 10 22 
-0.2764823705981130 3 15 11 14 
-0.0081836024421716 3 15 11 18 
0.1841263907436352 3 15 11 21 
0.2209309393055034 3 15 13 5 
0.9333622807655700 3 15 14 4 
0.2764823705981130 3 15 14 11 
2.7672957436626255 3 15 15 3 
-0.3514633139334188 3 15 15 7 
0.5762730353520815 3 15 15 10 
0.9333622807655700 3 15 16 2 
-0.2485220926206168 3 15 16 6 
-1.1880266104911432 3 15 16 9 
0.2209309393055034 3 15 17 1 
0.5705158458675657 3 15 17 8 
-0.2485220926206168 3 15 18 4 
0.0081836024421716 3 15 18 11 
-0.3514633139334188 3 15 19 3 
0.2625587129620523 3 15 19 7 
-0.0047248050729287 3 15 19 10 
0.5705158458675657 3 15 20 5 
-1.1880266104911432 3 15 21 4 
-0.1841263907436352 3 15 21 11 
0.5762730353520815 3 15 22 3 
-0.0047248050729287 3 15 22 7 
0.9742845500440457 3 15 22 10 
0.2764823705981130 3 15 23 2 
0.0081836024421716 3 15 23 6 
-0.1841263907436352 3 15 23 9 
-0.2951488789442516 3 16 2 17 
-2.2260805477614589 3 16 3 16 
-0.5226590591330861 3 16 3 23 
-1.5311953929507816 3 16 4 15 
0.3674053773309884 3 16 4 19 
-0.2022024289427100 3 16 4 22 
-0.6636697326884441 3 16 5 14 
-0.2321215028466954 3 16 5 18 
0.2257025513712081 3 16 5 21 
0.4285954682348138 3 16 6 17 
0.0719237650857850 3 16 7 16 
0.3443719113168736 3 16 7 23 
0.3641467730022498 3 16 9 17 
0.4659910660989852 3 16 10 16 
0.2401517293534123 3 16 10 23 
-0.1234885018439633 3 16 11 15 
-0.3443719113168736 3 16 11 19 
-0.7065797128344374 3 16 11 22 
0.6636697326884441 3 16 14 5 
1.5311953929507816 3 16 15 4 
0.1234885018439633 3 16 15 11 
2.2260805477614589 3 16 16 3 
-0.0719237650857850 3 16 16 7 
-0.4659910660989852 3 16 16 10 
0.2951488789442516 3 16 17 2 
-0.4285954682348138 3 16 17 6 
-0.3641467730022498 3 16 17 9 
0.2321215028466954 3 16 18 5 
-0.3674053773309884 3 16 19 4 
0.3443719113168736 3 16 19 11 
-0.2257025513712081 3 16 21 5 
0.2022024289427100 3 16 22 4 
0.7065797128344374 3 16 22 11 
0.5226590591330861 3 16 23 3 
-0.3443719113168736 3 16 23 7 
-0.2401517293534123 3 16 23 10 
-1.4786064052013523 3 17 3 17 
-0.9039828562844660 3 17 4 16 
-0.0004233557040302 3 17 4 23 
-1.2781438584496385 3 17 5 15 
-0.4393291424167737 3 17 5 19 
-1.0554824785433468 3 17 5 22 
-0.4393291424167737 3 17 7 17 
-0.2634607072380288 3 17 10 17 
1.0220723543290349 3 17 11 16 
0.6021559374090395 3 17 11 23 
1.2781438584496385 3 17 15 5 
0.9039828562844660 3 17 16 4 
-1.0220723543290349 3 17 16 11 
1.4786064052013523 3 17 17 3 
0.4393291424167737 3 17 17 7 
0.2634607072380288 3 17 17 10 
0.4393291424167737 3 17 19 5 
1.0554824785433468 3 17 22 5 
0.0004233557040302 3 17 23 4 
-0.6021559374090395 3 17 23 11 
0.0265701056626162 3 18 0 17 
-0.2582834643175408 3 18 1 16 
0.3468856679442702 3 18 1 23 
-0.0212560845300929 3 18 2 15 
-0.5431333598131557 3 18 2 19 
0.0192615690253288 3 18 2 22 
0.3727193984635118 3 18 3 14 
-1.1515454247369774 3 18 3 18 
-0.1952411642413276 3 18 3 21 
-0.3567773350659420 3 18 4 13 
0.0841745454764548 3 18 4 20 
-0.4658992480793896 3 18 5 12 
-1.0273342188714882 3 18 6 15 
0.9989458543484088 3 18 6 22 
-1.3301595885536928 3 18 7 14 
0.9989458543484088 3 18 7 21 
-0.2642951700230775 3 18 8 16 
0.0873427320804291 3 18 8 23 
-0.3068986389397985 3 18 9 15 
0.2174907210347557 3 18 9 19 
0.1083144067673414 3 18 9 22 
0.2461636147663027 3 18 10 14 
0.2174907210347557 3 18 10 18 
-0.0453993827066045 3 18 10 21 
0.4130649887637439 3 18 11 13 
-0.0663710573935168 3 18 11 20 
0.4658992480793896 3 18 12 5 
0.3567773350659420 3 18 13 4 
-0.4130649887637439 3 18 13 11 
-0.3727193984635117 3 18 14 3 
1.3301595885536928 3 18 14 7 
-0.2461636147663027 3 18 14 10 
0.0212560845300930 3 18 15 2 
1.0273342188714882 3 18 15 6 
0.3068986389397985 3 18 15 9 
0.2582834643175408 3 18 16 1 
0.2642951700230775 3 18 16 8 
-0.0265701056626162 3 18 17 0 
1.1515454247369774 3 18 18 3 
-0.2174907210347557 3 18 18 10 
0.5431333598131557 3 18 19 2 
-0.2174907210347557 3 18 19 9 
-0.0841745454764548 3 18 20 4 
0.0663710573935168 3 18 20 11 
0.1952411642413276 3 18 21 3 
-0.9989458543484088 3 18 21 7 
0.0453993827066045 3 18 21 10 
-0.0192615690253288 3 18 22 2 
-0.9989458543484088 3 18 22 6 
-0.1083144067673414 3 18 22 9 
-0.3468856679442702 3 18 23 1 
-0.0873427320804291 3 18 23 8 
-0.6131869211367397 3 19 1 17 
0.0150303215127032 3 19 2 16 
0.0333620161853643 3 19 2 23 
0.3514633139334188 3 19 3 15 
-1.3325898780080292 3 19 3 19 
0.1824001182244418 3 19 3 22 
-0.2635524141333200 3 19 4 14 
-0.5120710424166873 3 19 4 18 
-0.2184345151977844 3 19 4 21 
-0.1727089404157336 3 19 5 13 
-0.2585533113146025 3 19 5 20 
-1.2540864868354988 3 19 6 16 
-0.5767416579139144 3 19 6 23 
-1.4707207483893858 3 19 7 15 
-0.9989458543484085 3 19 7 22 
-0.3078804646669726 3 19 8 17 
-0.4705684641657512 3 19 9 16 
-0.0645306936792479 3 19 9 23 
0.1427895624289301 3 19 10 15 
-0.2174907210347557 3 19 10 19 
0.0419433493738246 3 19 10 22 
0.4263678877500485 3 19 11 14 
-0.1255683263356621 3 19 11 18 
0.1129627017826323 3 19 11 21 
0.1727089404157336 3 19 13 5 
0.2635524141333200 3 19 14 4 
-0.4263678877500485 3 19 14 11 
-0.3514633139334188 3 19 15 3 
1.4707207483893858 3 19 15 7 
-0.1427895624289301 3 19 15 10 
-0.0150303215127032 3 19 16 2 
1.2540864868354988 3 19 16 6 
0.4705684641657512 3 19 16 9 
0.6131869211367397 3 19 17 1 
0.3078804646669726 3 19 17 8 
0.5120710424166873 3 19 18 4 
0.1255683263356621 3 19 18 11 
1.3325898780080292 3 19 19 3 
0.2174907210347557 3 19 19 10 
0.2585533113146025 3 19 20 5 
0.2184345151977844 3 19 21 4 
-0.1129627017826323 3 19 21 11 
-0.1824001182244418 3 19 22 3 
0.9989458543484085 3 19 22 7 
-0.0419433493738246 3 19 22 10 
-0.0333620161853643 3 19 23 2 
0.5767416579139144 3 19 23 6 
0.0645306936792479 3 19 23 9 
-1.0112470279175583 3 20 0 16 
-0.4212664160862929 3 20 0 23 
-0.1371815769939805 3 20 1 15 
-0.3468856679442701 3 20 1 19 
-1.0527274897119903 3 20 1 22 
0.2764823705981130 3 20 2 14 
-0.0333620161853643 3 20 2 18 
-0.0483705662987250 3 20 2 21 
0.2619889802951424 3 20 3 13 
-1.4311500534430026 3 20 3 20 
-0.6198953858406711 3 20 4 12 
-0.4263678877500485 3 20 6 14 
-0.3098508986610050 3 20 6 18 
-0.1032822631080008 3 20 6 21 
-0.4130649887637437 3 20 7 13 
-0.2683554864216511 3 20 7 20 
-1.4993810930991449 3 20 8 15 
-0.1578210207818702 3 20 8 19 
-0.4482431774972745 3 20 8 22 
0.3288930002704052 3 20 9 14 
0.0684106100592453 3 20 9 18 
-0.4904458630870121 3 20 9 21 
-0.4926189284816812 3 20 10 13 
-0.1718319851779822 3 20 10 20 
-0.0147520690846943 3 20 11 12 
0.6198953858406711 3 20 12 4 
0.0147520690846943 3 20 12 11 
-0.2619889802951424 3 20 13 3 
0.4130649887637437 3 20 13 7 
0.4926189284816812 3 20 13 10 
-0.2764823705981130 3 20 14 2 
0.4263678877500485 3 20 14 6 
-0.3288930002704052 3 20 14 9 
0.1371815769939805 3 20 15 1 
1.4993810930991449 3 20 15 8 
1.0112470279175583 3 20 16 0 
0.0333620161853643 3 20 18 2 
0.3098508986610050 3 20 18 6 
-0.0684106100592453 3 20 18 9 
0.3468856679442701 3 20 19 1 
0.1578210207818702 3 20 19 8 
1.4311500534430026 3 20 20 3 
0.2683554864216511 3 20 20 7 
0.1718319851779822 3 20 20 10 
0.0483705662987250 3 20 21 2 
0.1032822631080008 3 20 21 6 
0.4904458630870121 3 20 21 9 
1.0527274897119903 3 20 22 1 
0.4482431774972745 3 20 22 8 
0.4212664160862929 3 20 23 0 
0.4290079584959792 3 21 0 17 
-1.1752302553965568 3 21 1 16 
-0.7264159269482509 3 21 1 23 
0.1245808921637083 3 21 2 15 
-0.0192615690253288 3 21 2 19 
-0.5887180695743992 3 21 2 22 
0.6113193142793794 3 21 3 14 
-0.1952411642413276 3 21 3 18 
-2.2312804675137325 3 21 3 21 
-0.5048930896201567 3 21 4 13 
0.4386730773792846 3 21 4 20 
0.6126067021567083 3 21 5 12 
-0.3068986389397985 3 21 6 15 
0.5366774992517362 3 21 6 19 
-0.2385472304130322 3 21 6 22 
-0.2461636147663027 3 21 7 14 
0.5366774992517362 3 21 7 18 
0.3876291016281672 3 21 7 21 
0.6308779776374944 3 21 8 16 
-0.0035202678698536 3 21 8 23 
-1.9599411298242644 3 21 9 15 
0.3025319187695823 3 21 9 19 
-0.2639690492844129 3 21 9 22 
0.3611128690782887 3 21 10 14 
-0.2894217959754240 3 21 10 18 
-0.3561061133908437 3 21 10 21 
-0.4811920249042567 3 21 11 13 
-0.0956573319762844 3 21 11 20 
-0.6126067021567083 3 21 12 5 
0.5048930896201567 3 21 13 4 
0.4811920249042567 3 21 13 11 
-0.6113193142793794 3 21 14 3 
0.2461636147663027 3 21 14 7 
-0.3611128690782887 3 21 14 10 
-0.1245808921637083 3 21 15 2 
0.3068986389397985 3 21 15 6 
1.9599411298242644 3 21 15 9 
1.1752302553965568 3 21 16 1 
-0.6308779776374944 3 21 16 8 
-0.4290079584959792 3 21 17 0 
0.1952411642413276 3 21 18 3 
-0.5366774992517362 3 21 18 7 
0.2894217959754240 3 21 18 10 
0.0192615690253288 3 21 19 2 
-0.5366774992517362 3 21 19 6 
-0.3025319187695823 3 21 19 9 
-0.4386730773792846 3 21 20 4 
0.0956573319762844 3 21 20 11 
2.2312804675137325 3 21 21 3 
-0.3876291016281672 3 21 21 7 
0.3561061133908437 3 21 21 10 
0.5887180695743992 3 21 22 2 
0.2385472304130322 3 21 22 6 
0.2639690492844129 3 21 22 9 
0.7264159269482509 3 21 23 1 
0.0035202678698536 3 21 23 8 
-0.4381817544624528 3 22 1 17 
0.0509198014279566 3 22 2 16 
-0.0483705662987250 3 22 2 23 
-0.5762730353520815 3 22 3 15 
0.1824001182244418 3 22 3 19 
-2.5958324210899089 3 22 3 22 
0.9113598987830348 3 22 4 14 
-0.1821145523335105 3 22 4 18 
-0.3666526503361496 3 22 4 21 
-0.0276424830535041 3 22 5 13 
-0.2982201854702999 3 22 5 20 
-0.0063979007453631 3 22 6 16 
0.3787328784948083 3 22 6 23 
0.1427895624289301 3 22 7 15 
-0.5366774992517361 3 22 7 19 
0.0298082560086190 3 22 7 22 
-0.3501422482484111 3 22 8 17 
0.3470578038550804 3 22 9 16 
0.1616185038948485 3 22 9 23 
-1.9090856793461073 3 22 10 15 
-0.1316007751935537 3 22 10 19 
0.1302243907072796 3 22 10 22 
0.3288930002704052 3 22 11 14 
0.2657848935722666 3 22 11 18 
-0.1043582899260997 3 22 11 21 
0.0276424830535041 3 22 13 5 
-0.9113598987830348 3 22 14 4 
-0.3288930002704052 3 22 14 11 
0.5762730353520815 3 22 15 3 
-0.1427895624289301 3 22 15 7 
1.9090856793461073 3 22 15 10 
-0.0509198014279566 3 22 16 2 
0.0063979007453631 3 22 16 6 
-0.3470578038550804 3 22 16 9 
0.4381817544624528 3 22 17 1 
0.3501422482484111 3 22 17 8 
0.1821145523335105 3 22 18 4 
-0.2657848935722666 3 22 18 11 
-0.1824001182244418 3 22 19 3 
0.5366774992517361 3 22 19 7 
0.1316007751935537 3 22 19 10 
0.2982201854702999 3 22 20 5 
0.3666526503361496 3 22 21 4 
0.1043582899260997 3 22 21 11 
2.5958324210899089 3 22 22 3 
-0.0298082560086190 3 22 22 7 
-0.1302243907072796 3 22 22 10 
0.0483705662987250 3 22 23 2 
-0.3787328784948083 3 22 23 6 
-0.1616185038948485 3 22 23 9 
0.3891679181736558 3 23 2 17 
-0.5226590591330861 3 23 3 16 
-1.4590768129164258 3 23 3 23 
-0.1234885018439633 3 23 4 15 
0.1470825664863920 3 23 4 19 
-0.7474225337275426 3 23 4 22 
1.0556619516667172 3 23 5 14 
0.2585533113146026 3 23 5 18 
-1.0278750216542103 3 23 5 21 
0.3078804646669727 3 23 6 17 
0.5396718291989067 3 23 7 16 
-0.1490818712151350 3 23 7 23 
-0.3756935814198678 3 23 9 17 
-0.0183293246197974 3 23 10 16 
0.3977137078615461 3 23 10 23 
-1.3094946308584425 3 23 11 15 
-0.0131101227941583 3 23 11 19 
0.5819878360744077 3 23 11 22 
-1.0556619516667172 3 23 14 5 
0.1234885018439633 3 23 15 4 
1.3094946308584425 3 23 15 11 
0.5226590591330861 3 23 16 3 
-0.5396718291989067 3 23 16 7 
0.0183293246197974 3 23 16 10 
-0.3891679181736558 3 23 17 2 
-0.3078804646669727 3 23 17 6 
0.3756935814198678 3 23 17 9 
-0.2585533113146026 3 23 18 5 
-0.1470825664863920 3 23 19 4 
0.0131101227941583 3 23 19 11 
1.0278750216542103 3 23 21 5 
0.7474225337275426 3 23 22 4 
-0.5819878360744077 3 23 22 11 
1.4590768129164258 3 23 23 3 
0.1490818712151350 3 23 23 7 
-0.3977137078615461 3 23 23 10 
0.7498210001505619 4 0 0 4 
0.1969598289062796 4 0 0 11 
-0.3474447929215658 4 0 1 3 
0.6229299342623614 4 0 1 7 
0.3848005096504984 4 0 1 10 
-0.4404779807210061 4 0 2 6 
0.4105392714089487 4 0 2 9 
0.3474447929215658 4 0 3 1 
0.3913516420768873 4 0 3 8 
-0.7498210001505619 4 0 4 0 
0.4404779807210061 4 0 6 2 
0.6287342133314007 4 0 6 9 
-0.6229299342623614 4 0 7 1 
0.3629998673156118 4 0 7 8 
-0.3913516420768873 4 0 8 3 
-0.3629998673156118 4 0 8 7 
0.9979425632698761 4 0 8 10 
-0.4105392714089487 4 0 9 2 
-0.6287342133314007 4 0 9 6 
-0.3848005096504984 4 0 10 1 
-0.9979425632698761 4 0 10 8 
-0.1969598289062796 4 0 11 0 
-0.6683376739938721 4 1 0 5 
0.9786719114253553 4 1 1 4 
0.2980651930977013 4 1 1 11 
-0.8331452100135263 4 1 2 3 
0.0984938707484011 4 1 2 7 
0.6703371657764000 4 1 2 10 
0.8331452100135263 4 1 3 2 
-0.0984938707484011 4 1 3 6 
0.6703371657764000 4 1 3 9 
-0.9786719114253553 4 1 4 1 
0.2980651930977013 4 1 4 8 
0.6683376739938721 4 1 5 0 
0.0984938707484011 4 1 6 3 
-0.8727551074680914 4 1 6 7 
0.0937261627192578 4 1 6 10 
-0.0984938707484011 4 1 7 2 
0.8727551074680914 4 1 7 6 
0.0937261627192578 4 1 7 9 
-0.2980651930977013 4 1 8 4 
-1.0983480031484683 4 1 8 11 
-0.6703371657764000 4 1 9 3 
-0.0937261627192578 4 1 9 7 
1.3560156650161861 4 1 9 10 
-0.6703371657764000 4 1 10 2 
-0.0937261627192578 4 1 10 6 
-1.3560156650161861 4 1 10 9 
-0.2980651930977013 4 1 11 1 
1.0983480031484683 4 1 11 8 
-0.3474447929215658 4 2 1 5 
0.4202059281112529 4 2 2 4 
0.3991705572891229 4 2 2 11 
-0.2785827356460231 4 2 3 7 
0.8604400973550779 4 2 3 10 
-0.4202059281112529 4 2 4 2 
0.3939754829936045 4 2 4 6 
0.5486525602474822 4 2 4 9 
0.3474447929215658 4 2 5 1 
0.0799308086264302 4 2 5 8 
-0.3939754829936045 4 2 6 4 
-0.2295812742112490 4 2 6 11 
0.2785827356460231 4 2 7 3 
-0.3976464314002857 4 2 7 10 
-0.0799308086264302 4 2 8 5 
-0.5486525602474822 4 2 9 4 
-0.6311542947918996 4 2 9 11 
-0.8604400973550779 4 2 10 3 
0.3976464314002857 4 2 10 7 
-0.3991705572891229 4 2 11 2 
0.2295812742112490 4 2 11 6 
0.6311542947918996 4 2 11 9 
-0.3685208537441925 4 3 2 5 
0.6948851548106771 4 3 3 4 
0.3991705572891228 4 3 3 11 
-0.6948851548106771 4 3 4 3 
-0.2954816122452034 4 3 4 7 
0.6681934950416950 4 3 4 10 
0.3685208537441925 4 3 5 2 
0.6607169710815093 4 3 5 6 
0.1384442216310417 4 3 5 9 
-0.6607169710815093 4 3 6 5 
0.2954816122452034 4 3 7 4 
-0.6887438226337471 4 3 7 11 
-0.1384442216310417 4 3 9 5 
-0.6681934950416950 4 3 10 4 
-0.9467314421878495 4 3 10 11 
-0.3991705572891228 4 3 11 3 
0.6887438226337471 4 3 11 7 
0.9467314421878495 4 3 11 10 
-0.2004625467517137 4 5 4 5 
0.2004625467517137 4 5 5 4 
-1.2933661365822267 4 5 5 11 
1.2933661365822267 4 5 11 5 
0.6229299342623614 4 6 1 5 
-0.3939754829936045 4 6 2 4 
-0.0661793208194737 4 6 2 11 
0.7420154444188114 4 6 3 7 
-0.1757166515881474 4 6 3 10 
0.3939754829936045 4 6 4 2 
-0.3865532821123348 4 6 4 6 
0.2359079106038438 4 6 4 9 
-0.6229299342623614 4 6 5 1 
0.2580497168263055 4 6 5 8 
0.3865532821123348 4 6 6 4 
0.6380554444990176 4 6 6 11 
-0.7420154444188114 4 6 7 3 
1.1051444479182426 4 6 7 10 
-0.2580497168263055 4 6 8 5 
-0.2359079106038438 4 6 9 4 
0.2510135670938421 4 6 9 11 
0.1757166515881474 4 6 10 3 
-1.1051444479182426 4 6 10 7 
0.0661793208194737 4 6 11 2 
-0.6380554444990176 4 6 11 6 
-0.2510135670938421 4 6 11 9 
-0.2202389903605030 4 7 2 5 
0.2954816122452034 4 7 3 4 
-0.3925892627125146 4 7 3 11 
-0.2954816122452034 4 7 4 3 
0.4004729466282023 4 7 4 7 
0.2178961808781040 4 7 4 10 
0.2202389903605030 4 7 5 2 
0.5866147158463797 4 7 5 6 
0.2295359775921898 4 7 5 9 
-0.5866147158463797 4 7 6 5 
-0.4004729466282023 4 7 7 4 
-0.6380554444990176 4 7 7 11 
-0.2295359775921898 4 7 9 5 
-0.2178961808781040 4 7 10 4 
-0.1255067835469210 4 7 10 11 
0.3925892627125146 4 7 11 3 
0.6380554444990176 4 7 11 7 
0.1255067835469210 4 7 11 10 
-0.1969598289062796 4 8 0 5 
-0.2980651930977013 4 8 1 4 
-0.5142044952244369 4 8 1 11 
-0.1011053641914217 4 8 2 3 
0.0661793208194737 4 8 2 7 
-0.2452239020439941 4 8 2 10 
0.1011053641914217 4 8 3 2 
0.3484697154995322 4 8 3 6 
-0.1922049002582099 4 8 3 9 
0.2980651930977013 4 8 4 1 
0.1859320225799297 4 8 4 8 
0.1969598289062796 4 8 5 0 
-0.3484697154995322 4 8 6 3 
-0.1525593765263688 4 8 6 10 
-0.0661793208194737 4 8 7 2 
-0.1805020265391086 4 8 7 9 
-0.1859320225799297 4 8 8 4 
-0.2256887934588583 4 8 8 11 
0.1922049002582099 4 8 9 3 
0.1805020265391086 4 8 9 7 
-0.2256887934588583 4 8 9 10 
0.2452239020439941 4 8 10 2 
0.1525593765263688 4 8 10 6 
0.2256887934588583 4 8 10 9 
0.5142044952244369 4 8 11 1 
0.2256887934588583 4 8 11 8 
-0.3848005096504983 4 9 1 5 
-0.5486525602474822 4 9 2 4 
-0.5601085612303089 4 9 2 11 
0.2521339489679668 4 9 3 7 
-0.7137104541912299 4 9 3 10 
0.5486525602474822 4 9 4 2 
0.2359079106038438 4 9 4 6 
0.1156291813490938 4 9 4 9 
0.3848005096504983 4 9 5 1 
-0.1886657582489533 4 9 5 8 
-0.2359079106038438 4 9 6 4 
-0.0487121044316779 4 9 6 11 
-0.2521339489679668 4 9 7 3 
-0.0359737502990869 4 9 7 10 
0.1886657582489533 4 9 8 5 
-0.1156291813490938 4 9 9 4 
-0.0752295978196195 4 9 9 11 
0.7137104541912299 4 9 10 3 
0.0359737502990869 4 9 10 7 
0.5601085612303089 4 9 11 2 
0.0487121044316779 4 9 11 6 
0.0752295978196195 4 9 11 9 
-0.6826343211868555 4 10 2 5 
-0.6681934950416950 4 10 3 4 
-0.7290932091077451 4 10 3 11 
0.6681934950416950 4 10 4 3 
0.2178961808781040 4 10 4 7 
-0.7449396593955777 4 10 4 10 
0.6826343211868555 4 10 5 2 
-0.1087096214148664 4 10 5 6 
-0.1330640791577111 4 10 5 9 
0.1087096214148664 4 10 6 5 
-0.2178961808781040 4 10 7 4 
0.2220409353769849 4 10 7 11 
0.1330640791577111 4 10 9 5 
0.7449396593955777 4 10 10 4 
0.3009183912784777 4 10 10 11 
0.7290932091077451 4 10 11 3 
-0.2220409353769849 4 10 11 7 
-0.3009183912784777 4 10 11 10 
-1.0224957100330649 4 11 3 5 
-0.5960587663685566 4 11 4 11 
1.0224957100330649 4 11 5 3 
-0.3278088460904849 4 11 5 7 
-1.0375607107891867 4 11 5 10 
0.3278088460904849 4 11 7 5 
1.0375607107891867 4 11 10 5 
0.5960587663685566 4 11 11 4 
-0.4534756333893172 4 12 0 16 
1.0621736198009040 4 12 0 23 
-0.4174181374605694 4 12 1 15 
0.0336088206260817 4 12 1 19 
0.2800992347794384 4 12 1 22 
-0.2209309393055034 4 12 2 14 
-0.6131869211367399 4 12 2 18 
0.4381817544624528 4 12 2 21 
-0.0699733445390035 4 12 3 13 
-0.6198953858406711 4 12 3 20 
-1.2032966335398794 4 12 4 12 
-0.1727089404157337 4 12 6 14 
-0.1956997100893347 4 12 6 18 
0.3108454448911990 4 12 6 21 
-0.5893211136362798 4 12 7 13 
0.1875996307783156 4 12 7 20 
-1.0112470279175583 4 12 8 15 
-0.1754002365372963 4 12 8 19 
1.1278692544329005 4 12 8 22 
0.0276424830535041 4 12 9 14 
-0.3178887684402019 4 12 9 18 
0.1253882655719211 4 12 9 21 
-0.1047012748710600 4 12 10 13 
0.1299266911630246 4 12 10 20 
0.8652137908946246 4 12 11 12 
1.2032966335398794 4 12 12 4 
-0.8652137908946246 4 12 12 11 
0.0699733445390035 4 12 13 3 
0.5893211136362798 4 12 13 7 
0.1047012748710600 4 12 13 10 
0.2209309393055034 4 12 14 2 
0.1727089404157337 4 12 14 6 
-0.0276424830535041 4 12 14 9 
0.4174181374605694 4 12 15 1 
1.0112470279175583 4 12 15 8 
0.4534756333893172 4 12 16 0 
0.6131869211367399 4 12 18 2 
0.1956997100893347 4 12 18 6 
0.3178887684402019 4 12 18 9 
-0.0336088206260817 4 12 19 1 
0.1754002365372963 4 12 19 8 
0.6198953858406711 4 12 20 3 
-0.1875996307783156 4 12 20 7 
-0.1299266911630246 4 12 20 10 
-0.4381817544624528 4 12 21 2 
-0.3108454448911990 4 12 21 6 
-0.1253882655719211 4 12 21 9 
-0.2800992347794384 4 12 22 1 
-1.1278692544329005 4 12 22 8 
-1.0621736198009040 4 12 23 0 
-0.4444911366373896 4 13 0 17 
-0.5369813171681888 4 13 1 16 
0.2169639343172417 4 13 1 23 
-0.9388999034654786 4 13 2 15 
-0.2582834643175408 4 13 2 19 
1.1752302553965566 4 13 2 22 
-0.1057546934519520 4 13 3 14 
-0.3567773350659420 4 13 3 18 
-0.5048930896201568 4 13 3 21 
-1.5156532285935442 4 13 4 13 
0.0811012587804596 4 13 4 20 
0.2238465373564825 4 13 5 12 
-0.2582834643175408 4 13 6 15 
-0.3050981972530196 4 13 6 19 
0.0515878864325576 4 13 6 22 
-0.3567773350659420 4 13 7 14 
0.5676569102150720 4 13 7 18 
0.0421382762867002 4 13 7 21 
-0.2169639343172417 4 13 8 16 
-0.8038413469056797 4 13 8 23 
-1.1752302553965566 4 13 9 15 
-0.0515878864325576 4 13 9 19 
1.2072066103400581 4 13 9 22 
0.5048930896201568 4 13 10 14 
-0.0421382762867002 4 13 10 18 
-0.1488090546761286 4 13 10 21 
-0.0811012587804596 4 13 11 13 
0.2945066562427888 4 13 11 20 
-0.2238465373564825 4 13 12 5 
1.5156532285935442 4 13 13 4 
0.0811012587804596 4 13 13 11 
0.1057546934519520 4 13 14 3 
0.3567773350659420 4 13 14 7 
-0.5048930896201568 4 13 14 10 
0.9388999034654786 4 13 15 2 
0.2582834643175408 4 13 15 6 
1.1752302553965566 4 13 15 9 
0.5369813171681888 4 13 16 1 
0.2169639343172417 4 13 16 8 
0.4444911366373896 4 13 17 0 
0.3567773350659420 4 13 18 3 
-0.5676569102150720 4 13 18 7 
0.0421382762867002 4 13 18 10 
0.2582834643175408 4 13 19 2 
0.3050981972530196 4 13 19 6 
0.0515878864325576 4 13 19 9 
-0.0811012587804596 4 13 20 4 
-0.2945066562427888 4 13 20 11 
0.5048930896201568 4 13 21 3 
-0.0421382762867002 4 13 21 7 
0.1488090546761286 4 13 21 10 
-1.1752302553965566 4 13 22 2 
-0.0515878864325576 4 13 22 6 
-1.2072066103400581 4 13 22 9 
-0.2169639343172417 4 13 23 1 
0.8038413469056797 4 13 23 8 
-0.4174181374605694 4 14 1 17 
-1.1458832078735037 4 14 2 16 
0.1371815769939805 4 14 2 23 
-0.9333622807655698 4 14 3 15 
-0.2635524141333200 4 14 3 19 
0.9113598987830348 4 14 3 22 
-1.5660891359847569 4 14 4 14 
0.1091219130134476 4 14 4 18 
-0.5380025398717464 4 14 4 21 
-0.0699733445390035 4 14 5 13 
0.7481277352671621 4 14 5 20 
-0.2848535699801570 4 14 6 16 
-0.1070750627304321 4 14 6 23 
0.0150303215127032 4 14 7 15 
0.2475427285267725 4 14 7 19 
-0.2032778046426128 4 14 7 22 
0.6681969266407319 4 14 8 17 
-1.0866551001192286 4 14 9 16 
-0.6446491678765958 4 14 9 23 
0.0509198014279566 4 14 10 15 
0.1943686267576729 4 14 10 19 
0.6492719610348943 4 14 10 22 
-0.2619889802951424 4 14 11 14 
0.1225062114808170 4 14 11 18 
-0.0134948730846963 4 14 11 21 
0.0699733445390035 4 14 13 5 
1.5660891359847569 4 14 14 4 
0.2619889802951424 4 14 14 11 
0.9333622807655698 4 14 15 3 
-0.0150303215127032 4 14 15 7 
-0.0509198014279566 4 14 15 10 
1.1458832078735037 4 14 16 2 
0.2848535699801570 4 14 16 6 
1.0866551001192286 4 14 16 9 
0.4174181374605694 4 14 17 1 
-0.6681969266407319 4 14 17 8 
-0.1091219130134476 4 14 18 4 
-0.1225062114808170 4 14 18 11 
0.2635524141333200 4 14 19 3 
-0.2475427285267725 4 14 19 7 
-0.1943686267576729 4 14 19 10 
-0.7481277352671621 4 14 20 5 
0.5380025398717464 4 14 21 4 
0.0134948730846963 4 14 21 11 
-0.9113598987830348 4 14 22 3 
0.2032778046426128 4 14 22 7 
-0.6492719610348943 4 14 22 10 
-0.1371815769939805 4 14 23 2 
0.1070750627304321 4 14 23 6 
0.6446491678765958 4 14 23 9 
-0.6636697326884441 4 15 2 17 
-1.5311953929507816 4 15 3 16 
-0.1234885018439633 4 15 3 23 
-2.2260805477614589 4 15 4 15 
0.0719237650857850 4 15 4 19 
0.4659910660989852 4 15 4 22 
-0.2951488789442516 4 15 5 14 
0.4285954682348138 4 15 5 18 
0.3641467730022498 4 15 5 21 
-0.2321215028466954 4 15 6 17 
0.3674053773309884 4 15 7 16 
-0.3443719113168736 4 15 7 23 
0.2257025513712081 4 15 9 17 
-0.2022024289427100 4 15 10 16 
-0.7065797128344374 4 15 10 23 
-0.5226590591330861 4 15 11 15 
0.3443719113168736 4 15 11 19 
0.2401517293534123 4 15 11 22 
0.2951488789442516 4 15 14 5 
2.2260805477614589 4 15 15 4 
0.5226590591330861 4 15 15 11 
1.5311953929507816 4 15 16 3 
-0.3674053773309884 4 15 16 7 
0.2022024289427100 4 15 16 10 
0.6636697326884441 4 15 17 2 
0.2321215028466954 4 15 17 6 
-0.2257025513712081 4 15 17 9 
-0.4285954682348138 4 15 18 5 
-0.0719237650857850 4 15 19 4 
-0.3443719113168736 4 15 19 11 
-0.3641467730022498 4 15 21 5 
-0.4659910660989852 4 15 22 4 
-0.2401517293534123 4 15 22 11 
0.1234885018439633 4 15 23 3 
0.3443719113168736 4 15 23 7 
0.7065797128344374 4 15 23 10 
-0.9039828562844662 4 16 3 17 
-3.0426147428113484 4 16 4 16 
-0.6461475609770495 4 16 4 23 
-0.9039828562844664 4 16 5 15 
0.5557122930101982 4 16 5 19 
0.8341729142855514 4 16 5 22 
0.5557122930101982 4 16 7 17 
0.8341729142855514 4 16 10 17 
-0.6461475609770495 4 16 11 16 
-0.7616737075225419 4 16 11 23 
0.9039828562844662 4 16 15 5 
3.0426147428113484 4 16 16 4 
0.6461475609770495 4 16 16 11 
0.9039828562844664 4 16 17 3 
-0.5557122930101982 4 16 17 7 
-0.8341729142855514 4 16 17 10 
-0.5557122930101982 4 16 19 5 
-0.8341729142855514 4 16 22 5 
0.6461475609770495 4 16 23 4 
0.7616737075225419 4 16 23 11 
-2.1932676031022456 4 17 4 17 
-1.9928050563505317 4 17 5 16 
-0.6466830682911134 4 17 5 23 
0.6466830682911134 4 17 11 17 
1.9928050563505317 4 17 16 5 
2.1932676031022456 4 17 17 4 
-0.6466830682911134 4 17 17 11 
0.6466830682911134 4 17 23 5 
0.0336088206260817 4 18 1 17 
-0.2848535699801570 4 18 2 16 
0.3468856679442701 4 18 2 23 
0.2485220926206168 4 18 3 15 
-0.5120710424166873 4 18 3 19 
-0.1821145523335105 4 18 3 22 
0.1091219130134476 4 18 4 14 
-0.9705009714659255 4 18 4 18 
-0.0664667293335499 4 18 4 21 
-0.5893211136362798 4 18 5 13 
0.1579582210431509 4 18 5 20 
-0.5839476893535906 4 18 6 16 
0.8156358746074018 4 18 6 23 
-1.2540864868354988 4 18 7 15 
1.4127227752958975 4 18 7 22 
-0.1000914957831545 4 18 8 17 
-0.3023746399373937 4 18 9 16 
0.1426300842251135 4 18 9 23 
-0.0063979007453631 4 18 10 15 
0.3075783273776549 4 18 10 19 
0.0296584267679079 4 18 10 22 
0.4130649887637437 4 18 11 14 
0.1775804301083840 4 18 11 18 
-0.1083834828687286 4 18 11 21 
0.5893211136362798 4 18 13 5 
-0.1091219130134476 4 18 14 4 
-0.4130649887637437 4 18 14 11 
-0.2485220926206168 4 18 15 3 
1.2540864868354988 4 18 15 7 
0.0063979007453631 4 18 15 10 
0.2848535699801570 4 18 16 2 
0.5839476893535906 4 18 16 6 
0.3023746399373937 4 18 16 9 
-0.0336088206260817 4 18 17 1 
0.1000914957831545 4 18 17 8 
0.9705009714659255 4 18 18 4 
-0.1775804301083840 4 18 18 11 
0.5120710424166873 4 18 19 3 
-0.3075783273776549 4 18 19 10 
-0.1579582210431509 4 18 20 5 
0.0664667293335499 4 18 21 4 
0.1083834828687286 4 18 21 11 
0.1821145523335105 4 18 22 3 
-1.4127227752958975 4 18 22 7 
-0.0296584267679079 4 18 22 10 
-0.3468856679442701 4 18 23 2 
-0.8156358746074018 4 18 23 6 
-0.1426300842251135 4 18 23 9 
-0.6013044086505475 4 19 2 17 
0.3674053773309884 4 19 3 16 
0.1470825664863920 4 19 3 23 
0.0719237650857850 4 19 4 15 
-1.5136343312790812 4 19 4 19 
0.0279435912828924 4 19 4 22 
-0.3810654182900444 4 19 5 14 
-0.4048277044633564 4 19 5 18 
-0.3310185679118523 4 19 5 21 
-0.9914424203097362 4 19 6 17 
-1.9141072779072834 4 19 7 16 
-0.8156358746074018 4 19 7 23 
-0.5605545455040420 4 19 9 17 
-0.1899525895952117 4 19 10 16 
-0.0199451400779794 4 19 10 23 
0.5396718291989067 4 19 11 15 
-0.1775804301083840 4 19 11 19 
0.1055616434689416 4 19 11 22 
0.3810654182900444 4 19 14 5 
-0.0719237650857850 4 19 15 4 
-0.5396718291989067 4 19 15 11 
-0.3674053773309884 4 19 16 3 
1.9141072779072834 4 19 16 7 
0.1899525895952117 4 19 16 10 
0.6013044086505475 4 19 17 2 
0.9914424203097362 4 19 17 6 
0.5605545455040420 4 19 17 9 
0.4048277044633564 4 19 18 5 
1.5136343312790812 4 19 19 4 
0.1775804301083840 4 19 19 11 
0.3310185679118523 4 19 21 5 
-0.0279435912828924 4 19 22 4 
-0.1055616434689416 4 19 22 11 
-0.1470825664863920 4 19 23 3 
0.8156358746074018 4 19 23 7 
0.0199451400779794 4 19 23 10 
-1.0621736198009040 4 20 0 17 
-0.2169639343172417 4 20 1 16 
-0.5328645506275528 4 20 1 23 
0.0797823573232611 4 20 2 15 
-0.3468856679442702 4 20 2 19 
-0.7264159269482509 4 20 2 22 
0.1808877215146828 4 20 3 14 
0.0841745454764548 4 20 3 18 
0.4386730773792846 4 20 3 21 
0.0811012587804596 4 20 4 13 
-1.6997813543119249 4 20 4 20 
-0.8652137908946246 4 20 5 12 
-0.2642951700230775 4 20 6 15 
-0.4381953431998848 4 20 6 19 
0.0730481598965538 4 20 6 22 
-0.4130649887637439 4 20 7 14 
-0.4381953431998848 4 20 7 18 
-0.4382226742729499 4 20 7 21 
-1.8857133768918548 4 20 8 16 
-0.2723360513782645 4 20 8 23 
0.6308779776374944 4 20 9 15 
-0.2577206477338413 4 20 9 19 
-0.4596419923231446 4 20 9 22 
-0.4811920249042567 4 20 10 14 
0.2256075364229227 4 20 10 18 
-0.2339531988642862 4 20 10 21 
-0.0186600554031159 4 20 11 13 
-0.0466472579194061 4 20 11 20 
0.8652137908946246 4 20 12 5 
-0.0811012587804596 4 20 13 4 
0.0186600554031159 4 20 13 11 
-0.1808877215146828 4 20 14 3 
0.4130649887637439 4 20 14 7 
0.4811920249042567 4 20 14 10 
-0.0797823573232611 4 20 15 2 
0.2642951700230775 4 20 15 6 
-0.6308779776374944 4 20 15 9 
0.2169639343172417 4 20 16 1 
1.8857133768918548 4 20 16 8 
1.0621736198009040 4 20 17 0 
-0.0841745454764548 4 20 18 3 
0.4381953431998848 4 20 18 7 
-0.2256075364229227 4 20 18 10 
0.3468856679442702 4 20 19 2 
0.4381953431998848 4 20 19 6 
0.2577206477338413 4 20 19 9 
1.6997813543119249 4 20 20 4 
0.0466472579194061 4 20 20 11 
-0.4386730773792846 4 20 21 3 
0.4382226742729499 4 20 21 7 
0.2339531988642862 4 20 21 10 
0.7264159269482509 4 20 22 2 
-0.0730481598965538 4 20 22 6 
0.4596419923231446 4 20 22 9 
0.5328645506275528 4 20 23 1 
0.2723360513782645 4 20 23 8 
-0.2800992347794386 4 21 1 17 
-1.0866551001192286 4 21 2 16 
-1.0527274897119903 4 21 2 23 
1.1880266104911432 4 21 3 15 
-0.2184345151977844 4 21 3 19 
-0.3666526503361496 4 21 3 22 
-0.5380025398717464 4 21 4 14 
-0.0664667293335499 4 21 4 18 
-1.7033865912520989 4 21 4 21 
0.1047012748710598 4 21 5 13 
0.5576750336112156 4 21 5 20 
-0.3023746399373937 4 21 6 16 
-0.4138843351584941 4 21 6 23 
-0.4705684641657512 4 21 7 15 
0.7589765980622819 4 21 7 19 
0.1686783642583249 4 21 7 22 
0.7463407918601687 4 21 8 17 
-1.8190157726011926 4 21 9 16 
-0.2780846247376348 4 21 9 23 
0.3470578038550804 4 21 10 15 
0.2046521145574117 4 21 10 19 
-0.5305419021180294 4 21 10 22 
-0.4926189284816812 4 21 11 14 
-0.3651722307268162 4 21 11 18 
-0.2028550269180154 4 21 11 21 
-0.1047012748710598 4 21 13 5 
0.5380025398717464 4 21 14 4 
0.4926189284816812 4 21 14 11 
-1.1880266104911432 4 21 15 3 
0.4705684641657512 4 21 15 7 
-0.3470578038550804 4 21 15 10 
1.0866551001192286 4 21 16 2 
0.3023746399373937 4 21 16 6 
1.8190157726011926 4 21 16 9 
0.2800992347794386 4 21 17 1 
-0.7463407918601687 4 21 17 8 
0.0664667293335499 4 21 18 4 
0.3651722307268162 4 21 18 11 
0.2184345151977844 4 21 19 3 
-0.7589765980622819 4 21 19 7 
-0.2046521145574117 4 21 19 10 
-0.5576750336112156 4 21 20 5 
1.7033865912520989 4 21 21 4 
0.2028550269180154 4 21 21 11 
0.3666526503361496 4 21 22 3 
-0.1686783642583249 4 21 22 7 
0.5305419021180294 4 21 22 10 
1.0527274897119903 4 21 23 2 
0.4138843351584941 4 21 23 6 
0.2780846247376348 4 21 23 9 
-0.6362418227801567 4 22 2 17 
-0.2022024289427100 4 22 3 16 
-0.7474225337275426 4 22 3 23 
0.4659910660989852 4 22 4 15 
0.0279435912828924 4 22 4 19 
-2.3973940390099631 4 22 4 22 
0.0463924984066989 4 22 5 14 
-0.3023051161158927 4 22 5 18 
0.1569561379512735 4 22 5 21 
-0.1935954947010262 4 22 6 17 
-0.1899525895952117 4 22 7 16 
0.2434496762509307 4 22 7 23 
0.2900202171089846 4 22 9 17 
-1.6524543796143847 4 22 10 16 
-0.0495215445990912 4 22 10 23 
-0.0183293246197974 4 22 11 15 
0.0214087408739458 4 22 11 19 
-0.3504399358775691 4 22 11 22 
-0.0463924984066989 4 22 14 5 
-0.4659910660989852 4 22 15 4 
0.0183293246197974 4 22 15 11 
0.2022024289427100 4 22 16 3 
0.1899525895952117 4 22 16 7 
1.6524543796143847 4 22 16 10 
0.6362418227801567 4 22 17 2 
0.1935954947010262 4 22 17 6 
-0.2900202171089846 4 22 17 9 
0.3023051161158927 4 22 18 5 
-0.0279435912828924 4 22 19 4 
-0.0214087408739458 4 22 19 11 
-0.1569561379512735 4 22 21 5 
2.3973940390099631 4 22 22 4 
0.3504399358775691 4 22 22 11 
0.7474225337275426 4 22 23 3 
-0.2434496762509307 4 22 23 7 
0.0495215445990912 4 22 23 10 
-0.0004233557040303 4 23 3 17 
-0.6461475609770495 4 23 4 16 
-1.9167777703890840 4 23 4 23 
1.0220723543290351 4 23 5 15 
0.2076913784144330 4 23 5 19 
-1.3177067933022257 4 23 5 22 
0.5355002245049180 4 23 7 17 
-0.2801460825130388 4 23 10 17 
-1.3207190040205274 4 23 11 16 
0.5999422207149906 4 23 11 23 
-1.0220723543290351 4 23 15 5 
0.6461475609770495 4 23 16 4 
1.3207190040205274 4 23 16 11 
0.0004233557040303 4 23 17 3 
-0.5355002245049180 4 23 17 7 
0.2801460825130388 4 23 17 10 
-0.2076913784144330 4 23 19 5 
1.3177067933022257 4 23 22 5 
1.9167777703890840 4 23 23 4 
-0.5999422207149906 4 23 23 11 
1.4181586741444339 5 0 0 5 
-0.6683376739938721 5 0 1 4 
0.1969598289062796 5 0 1 11 
0.3936584472944480 5 0 2 3 
0.4924693537420057 5 0 2 7 
0.1835987436607290 5 0 2 10 
-0.3936584472944480 5 0 3 2 
-0.4924693537420057 5 0 3 6 
0.1835987436607290 5 0 3 9 
0.6683376739938721 5 0 4 1 
0.1969598289062796 5 0 4 8 
-1.4181586741444339 5 0 5 0 
0.4924693537420057 5 0 6 3 
0.8727551074680914 5 0 6 7 
0.4686308135962888 5 0 6 10 
-0.4924693537420057 5 0 7 2 
-0.8727551074680914 5 0 7 6 
0.4686308135962888 5 0 7 9 
-0.1969598289062796 5 0 8 4 
1.8713509887516224 5 0 8 11 
-0.1835987436607290 5 0 9 3 
-0.4686308135962888 5 0 9 7 
-0.5830126794130323 5 0 9 10 
-0.1835987436607290 5 0 10 2 
-0.4686308135962888 5 0 10 6 
0.5830126794130323 5 0 10 9 
-0.1969598289062796 5 0 11 1 
-1.8713509887516224 5 0 11 8 
0.7498210001505619 5 1 1 5 
-0.3474447929215658 5 1 2 4 
0.3913516420768873 5 1 2 11 
0.4404779807210061 5 1 3 7 
0.4105392714089487 5 1 3 10 
0.3474447929215658 5 1 4 2 
-0.6229299342623614 5 1 4 6 
0.3848005096504984 5 1 4 9 
-0.7498210001505619 5 1 5 1 
0.1969598289062796 5 1 5 8 
0.6229299342623614 5 1 6 4 
0.3629998673156118 5 1 6 11 
-0.4404779807210061 5 1 7 3 
0.6287342133314007 5 1 7 10 
-0.1969598289062796 5 1 8 5 
-0.3848005096504984 5 1 9 4 
0.9979425632698761 5 1 9 11 
-0.4105392714089487 5 1 10 3 
-0.6287342133314007 5 1 10 7 
-0.3913516420768873 5 1 11 2 
-0.3629998673156118 5 1 11 6 
-0.9979425632698761 5 1 11 9 
0.4751417734511378 5 2 2 5 
-0.3685208537441925 5 2 3 4 
0.6664940334930611 5 2 3 11 
0.3685208537441925 5 2 4 3 
0.2202389903605030 5 2 4 7 
0.6826343211868554 5 2 4 10 
-0.4751417734511378 5 2 5 2 
-0.4924693537420057 5 2 5 6 
0.4248242839838597 5 2 5 9 
0.4924693537420057 5 2 6 5 
-0.2202389903605030 5 2 7 4 
0.5133593354973722 5 2 7 11 
-0.4248242839838597 5 2 9 5 
-0.6826343211868554 5 2 10 4 
0.7056519537228145 5 2 10 11 
-0.6664940334930611 5 2 11 3 
-0.5133593354973722 5 2 11 7 
-0.7056519537228145 5 2 11 10 
0.2004625467517137 5 3 3 5 
1.0224957100330649 5 3 4 11 
-0.2004625467517137 5 3 5 3 
0.7920217713053178 5 3 5 10 
-0.7920217713053178 5 3 10 5 
-1.0224957100330649 5 3 11 4 
0.2004625467517137 5 4 4 5 
-0.2004625467517137 5 4 5 4 
1.2933661365822267 5 4 5 11 
-1.2933661365822267 5 4 11 5 
0.4924693537420057 5 6 2 5 
-0.6607169710815093 5 6 3 4 
-0.0493271533523701 5 6 3 11 
0.6607169710815093 5 6 4 3 
0.5866147158463797 5 6 4 7 
-0.1087096214148664 5 6 4 10 
-0.4924693537420057 5 6 5 2 
-0.6488953583591806 5 6 5 6 
0.3331407519206071 5 6 5 9 
0.6488953583591806 5 6 6 5 
-0.5866147158463797 5 6 7 4 
1.4267353473136482 5 6 7 11 
-0.3331407519206071 5 6 9 5 
0.1087096214148664 5 6 10 4 
0.2806416996482677 5 6 10 11 
0.0493271533523701 5 6 11 3 
-1.4267353473136482 5 6 11 7 
-0.2806416996482677 5 6 11 10 
-0.3278088460904849 5 7 4 11 
0.6628150228750482 5 7 5 7 
0.4231994005493061 5 7 5 10 
-0.6628150228750482 5 7 7 5 
-0.4231994005493061 5 7 10 5 
0.3278088460904849 5 7 11 4 
-0.1969598289062796 5 8 1 5 
-0.0799308086264302 5 8 2 4 
-0.4065143470015986 5 8 2 11 
0.0493271533523701 5 8 3 7 
0.0519220627781111 5 8 3 10 
0.0799308086264302 5 8 4 2 
0.2580497168263055 5 8 4 6 
-0.1886657582489533 5 8 4 9 
0.1969598289062796 5 8 5 1 
0.3320718905194877 5 8 5 8 
-0.2580497168263055 5 8 6 4 
-0.0804397510743616 5 8 6 11 
-0.0493271533523701 5 8 7 3 
-0.2018074007089588 5 8 7 10 
-0.3320718905194877 5 8 8 5 
0.1886657582489533 5 8 9 4 
-0.2913629794972679 5 8 9 11 
-0.0519220627781111 5 8 10 3 
0.2018074007089588 5 8 10 7 
0.4065143470015986 5 8 11 2 
0.0804397510743616 5 8 11 6 
0.2913629794972679 5 8 11 9 
-0.4248242839838597 5 9 2 5 
-0.1384442216310417 5 9 3 4 
-0.6521814402343425 5 9 3 11 
0.1384442216310417 5 9 4 3 
0.2295359775921898 5 9 4 7 
-0.1330640791577111 5 9 4 10 
0.4248242839838597 5 9 5 2 
0.3331407519206071 5 9 5 6 
0.0885054439535576 5 9 5 9 
-0.3331407519206071 5 9 6 5 
-0.2295359775921898 5 9 7 4 
-0.2482493126452881 5 9 7 11 
-0.0885054439535576 5 9 9 5 
0.1330640791577111 5 9 10 4 
-0.3364369892892780 5 9 10 11 
0.6521814402343425 5 9 11 3 
0.2482493126452881 5 9 11 7 
0.3364369892892780 5 9 11 10 
-0.7920217713053178 5 10 3 5 
-1.0375607107891867 5 10 4 11 
0.7920217713053178 5 10 5 3 
0.4231994005493061 5 10 5 7 
-0.0602647192264699 5 10 5 10 
-0.4231994005493061 5 10 7 5 
0.0602647192264699 5 10 10 5 
1.0375607107891867 5 10 11 4 
-1.2933661365822267 5 11 4 5 
1.2933661365822267 5 11 5 4 
-1.3997498370816865 5 11 5 11 
1.3997498370816865 5 11 11 5 
-0.0089844967519277 5 12 0 17 
-0.4444911366373896 5 12 1 16 
1.0621736198009040 5 12 1 23 
0.1144931238772265 5 12 2 15 
0.0265701056626162 5 12 2 19 
-0.4290079584959792 5 12 2 22 
-0.2791653234172216 5 12 3 14 
-0.4658992480793896 5 12 3 18 
0.6126067021567083 5 12 3 21 
0.2238465373564825 5 12 4 13 
-0.8652137908946246 5 12 4 20 
-1.4271431708963616 5 12 5 12 
0.0265701056626162 5 12 6 15 
0.2175786262656689 5 12 6 19 
0.2264407316765967 5 12 6 22 
-0.4658992480793896 5 12 7 14 
-0.6551764812024227 5 12 7 18 
0.2421900819196923 5 12 7 21 
-1.0621736198009040 5 12 8 16 
1.6774851147292800 5 12 8 23 
0.4290079584959792 5 12 9 15 
-0.2264407316765967 5 12 9 19 
-0.2214121683566131 5 12 9 22 
-0.6126067021567083 5 12 10 14 
-0.2421900819196923 5 12 10 18 
0.3616005110564193 5 12 10 21 
0.8652137908946246 5 12 11 13 
-0.1938658740223431 5 12 11 20 
1.4271431708963616 5 12 12 5 
-0.2238465373564825 5 12 13 4 
-0.8652137908946246 5 12 13 11 
0.2791653234172216 5 12 14 3 
0.4658992480793896 5 12 14 7 
0.6126067021567083 5 12 14 10 
-0.1144931238772264 5 12 15 2 
-0.0265701056626162 5 12 15 6 
-0.4290079584959792 5 12 15 9 
0.4444911366373896 5 12 16 1 
1.0621736198009040 5 12 16 8 
0.0089844967519277 5 12 17 0 
0.4658992480793896 5 12 18 3 
0.6551764812024227 5 12 18 7 
0.2421900819196923 5 12 18 10 
-0.0265701056626162 5 12 19 2 
-0.2175786262656689 5 12 19 6 
0.2264407316765967 5 12 19 9 
0.8652137908946246 5 12 20 4 
0.1938658740223431 5 12 20 11 
-0.6126067021567083 5 12 21 3 
-0.2421900819196923 5 12 21 7 
-0.3616005110564193 5 12 21 10 
0.4290079584959792 5 12 22 2 
-0.2264407316765967 5 12 22 6 
0.2214121683566131 5 12 22 9 
-1.0621736198009040 5 12 23 1 
-1.6774851147292800 5 12 23 8 
-0.4534756333893172 5 13 1 17 
-0.4174181374605694 5 13 2 16 
1.0112470279175583 5 13 2 23 
-0.2209309393055034 5 13 3 15 
-0.1727089404157337 5 13 3 19 
-0.0276424830535041 5 13 3 22 
-0.0699733445390035 5 13 4 14 
-0.5893211136362798 5 13 4 18 
0.1047012748710600 5 13 4 21 
-1.2032966335398794 5 13 5 13 
-0.8652137908946246 5 13 5 20 
0.0336088206260817 5 13 6 16 
0.1754002365372963 5 13 6 23 
-0.6131869211367399 5 13 7 15 
-0.1956997100893347 5 13 7 19 
0.3178887684402019 5 13 7 22 
-1.0621736198009040 5 13 8 17 
-0.2800992347794384 5 13 9 16 
1.1278692544329005 5 13 9 23 
-0.4381817544624528 5 13 10 15 
-0.3108454448911990 5 13 10 19 
0.1253882655719211 5 13 10 22 
0.6198953858406711 5 13 11 14 
-0.1875996307783156 5 13 11 18 
0.1299266911630246 5 13 11 21 
1.2032966335398794 5 13 13 5 
0.0699733445390035 5 13 14 4 
-0.6198953858406711 5 13 14 11 
0.2209309393055034 5 13 15 3 
0.6131869211367399 5 13 15 7 
0.4381817544624528 5 13 15 10 
0.4174181374605694 5 13 16 2 
-0.0336088206260817 5 13 16 6 
0.2800992347794384 5 13 16 9 
0.4534756333893172 5 13 17 1 
1.0621736198009040 5 13 17 8 
0.5893211136362798 5 13 18 4 
0.1875996307783156 5 13 18 11 
0.1727089404157337 5 13 19 3 
0.1956997100893347 5 13 19 7 
0.3108454448911990 5 13 19 10 
0.8652137908946246 5 13 20 5 
-0.1047012748710600 5 13 21 4 
-0.1299266911630246 5 13 21 11 
0.0276424830535041 5 13 22 3 
-0.3178887684402019 5 13 22 7 
-0.1253882655719211 5 13 22 10 
-1.0112470279175583 5 13 23 2 
-0.1754002365372963 5 13 23 6 
-1.1278692544329005 5 13 23 9 
-0.7834736461494803 5 14 2 17 
-0.6636697326884439 5 14 3 16 
1.0556619516667172 5 14 3 23 
-0.2951488789442513 5 14 4 15 
-0.3810654182900444 5 14 4 19 
0.0463924984066987 5 14 4 22 
-1.2586154196006183 5 14 5 14 
-0.4658992480793897 5 14 5 18 
-0.4470594508987579 5 14 5 21 
0.0265701056626161 5 14 6 17 
-0.6013044086505475 5 14 7 16 
0.2566796677486862 5 14 7 23 
-0.8718837348826177 5 14 9 17 
-0.6362418227801566 5 14 10 16 
0.8743083156972680 5 14 10 23 
0.3891679181736559 5 14 11 15 
-0.2566796677486862 5 14 11 19 
0.1686563619744533 5 14 11 22 
1.2586154196006183 5 14 14 5 
0.2951488789442513 5 14 15 4 
-0.3891679181736559 5 14 15 11 
0.6636697326884439 5 14 16 3 
0.6013044086505475 5 14 16 7 
0.6362418227801566 5 14 16 10 
0.7834736461494803 5 14 17 2 
-0.0265701056626161 5 14 17 6 
0.8718837348826177 5 14 17 9 
0.4658992480793897 5 14 18 5 
0.3810654182900444 5 14 19 4 
0.2566796677486862 5 14 19 11 
0.4470594508987579 5 14 21 5 
-0.0463924984066987 5 14 22 4 
-0.1686563619744533 5 14 22 11 
-1.0556619516667172 5 14 23 3 
-0.2566796677486862 5 14 23 7 
-0.8743083156972680 5 14 23 10 
-1.2781438584496385 5 15 3 17 
-0.9039828562844662 5 15 4 16 
1.0220723543290349 5 15 4 23 
-1.4786064052013523 5 15 5 15 
-0.4393291424167737 5 15 5 19 
-0.2634607072380288 5 15 5 22 
-0.4393291424167737 5 15 7 17 
-1.0554824785433468 5 15 10 17 
-0.0004233557040302 5 15 11 16 
0.6021559374090395 5 15 11 23 
1.4786064052013523 5 15 15 5 
0.9039828562844662 5 15 16 4 
0.0004233557040302 5 15 16 11 
1.2781438584496385 5 15 17 3 
0.4393291424167737 5 15 17 7 
1.0554824785433468 5 15 17 10 
0.4393291424167737 5 15 19 5 
0.2634607072380288 5 15 22 5 
-1.0220723543290349 5 15 23 4 
-0.6021559374090395 5 15 23 11 
-1.9928050563505317 5 16 4 17 
-2.1932676031022456 5 16 5 16 
0.6466830682911134 5 16 5 23 
-0.6466830682911134 5 16 11 17 
2.1932676031022456 5 16 16 5 
1.9928050563505317 5 16 17 4 
0.6466830682911134 5 16 17 11 
-0.6466830682911134 5 16 23 5 
-4.1860726594527762 5 17 5 17 
4.1860726594527762 5 17 17 5 
0.0265701056626162 5 18 2 17 
-0.2321215028466954 5 18 3 16 
0.2585533113146026 5 18 3 23 
0.4285954682348138 5 18 4 15 
-0.4048277044633564 5 18 4 19 
-0.3023051161158927 5 18 4 22 
-0.4658992480793896 5 18 5 14 
-0.7894565181948735 5 18 5 18 
0.2039231864988913 5 18 5 21 
-0.1405611598356930 5 18 6 17 
-0.9914424203097362 5 18 7 16 
1.8238172605096450 5 18 7 23 
-0.1292175654217158 5 18 9 17 
-0.1935954947010262 5 18 10 16 
0.1594652819819371 5 18 10 23 
0.3078804646669727 5 18 11 15 
0.3970819131959968 5 18 11 19 
-0.1211764176663306 5 18 11 22 
0.4658992480793896 5 18 14 5 
-0.4285954682348138 5 18 15 4 
-0.3078804646669727 5 18 15 11 
0.2321215028466954 5 18 16 3 
0.9914424203097362 5 18 16 7 
0.1935954947010262 5 18 16 10 
-0.0265701056626162 5 18 17 2 
0.1405611598356930 5 18 17 6 
0.1292175654217158 5 18 17 9 
0.7894565181948735 5 18 18 5 
0.4048277044633564 5 18 19 4 
-0.3970819131959968 5 18 19 11 
-0.2039231864988913 5 18 21 5 
0.3023051161158927 5 18 22 4 
0.1211764176663306 5 18 22 11 
-0.2585533113146026 5 18 23 3 
-1.8238172605096450 5 18 23 7 
-0.1594652819819371 5 18 23 10 
-0.4393291424167737 5 19 3 17 
0.5557122930101982 5 19 4 16 
0.2076913784144330 5 19 4 23 
-0.4393291424167737 5 19 5 15 
-1.6946787845501343 5 19 5 19 
-0.2681284165833206 5 19 5 22 
-2.3574938074251826 5 19 7 17 
-0.6913278171326267 5 19 10 17 
0.5355002245049180 5 19 11 16 
0.0663182583587415 5 19 11 23 
0.4393291424167737 5 19 15 5 
-0.5557122930101982 5 19 16 4 
-0.5355002245049180 5 19 16 11 
0.4393291424167737 5 19 17 3 
2.3574938074251826 5 19 17 7 
0.6913278171326267 5 19 17 10 
1.6946787845501343 5 19 19 5 
0.2681284165833206 5 19 22 5 
-0.2076913784144330 5 19 23 4 
-0.0663182583587415 5 19 23 11 
-1.0621736198009040 5 20 1 17 
0.6681969266407319 5 20 2 16 
-0.4212664160862929 5 20 2 23 
-0.5705158458675657 5 20 3 15 
-0.2585533113146025 5 20 3 19 
-0.2982201854702999 5 20 3 22 
0.7481277352671621 5 20 4 14 
0.1579582210431509 5 20 4 18 
0.5576750336112156 5 20 4 21 
-0.8652137908946245 5 20 5 13 
-2.1317545778663045 5 20 5 20 
-0.1000914957831545 5 20 6 16 
0.3771762888150851 5 20 6 23 
-0.3078804646669726 5 20 7 15 
-0.9798345748187925 5 20 7 19 
-0.4899478444780319 5 20 7 22 
-2.4638264683857916 5 20 8 17 
0.7463407918601687 5 20 9 16 
-0.3515843305199685 5 20 9 23 
-0.3501422482484111 5 20 10 15 
-0.2881404437690731 5 20 10 19 
-0.2094144082711564 5 20 10 22 
-0.0147520690846943 5 20 11 14 
0.4576160398894468 5 20 11 18 
-0.0602213510227006 5 20 11 21 
0.8652137908946245 5 20 13 5 
-0.7481277352671621 5 20 14 4 
0.0147520690846943 5 20 14 11 
0.5705158458675657 5 20 15 3 
0.3078804646669726 5 20 15 7 
0.3501422482484111 5 20 15 10 
-0.6681969266407319 5 20 16 2 
0.1000914957831545 5 20 16 6 
-0.7463407918601687 5 20 16 9 
1.0621736198009040 5 20 17 1 
2.4638264683857916 5 20 17 8 
-0.1579582210431509 5 20 18 4 
-0.4576160398894468 5 20 18 11 
0.2585533113146025 5 20 19 3 
0.9798345748187925 5 20 19 7 
0.2881404437690731 5 20 19 10 
2.1317545778663045 5 20 20 5 
-0.5576750336112156 5 20 21 4 
0.0602213510227006 5 20 21 11 
0.2982201854702999 5 20 22 3 
0.4899478444780319 5 20 22 7 
0.2094144082711564 5 20 22 10 
0.4212664160862929 5 20 23 2 
-0.3771762888150851 5 20 23 6 
0.3515843305199685 5 20 23 9 
-0.8718837348826177 5 21 2 17 
0.2257025513712081 5 21 3 16 
-1.0278750216542103 5 21 3 23 
0.3641467730022498 5 21 4 15 
-0.3310185679118523 5 21 4 19 
0.1569561379512735 5 21 4 22 
-0.4470594508987579 5 21 5 14 
0.2039231864988913 5 21 5 18 
-1.4117992052756716 5 21 5 21 
-0.1292175654217158 5 21 6 17 
-0.5605545455040420 5 21 7 16 
-0.2721850125986986 5 21 7 23 
-1.5003046492292291 5 21 9 17 
0.2900202171089846 5 21 10 16 
-0.6153890240082727 5 21 10 23 
-0.3756935814198678 5 21 11 15 
-0.0239356999534105 5 21 11 19 
-0.2789520347189947 5 21 11 22 
0.4470594508987579 5 21 14 5 
-0.3641467730022498 5 21 15 4 
0.3756935814198678 5 21 15 11 
-0.2257025513712081 5 21 16 3 
0.5605545455040420 5 21 16 7 
-0.2900202171089846 5 21 16 10 
0.8718837348826177 5 21 17 2 
0.1292175654217158 5 21 17 6 
1.5003046492292291 5 21 17 9 
-0.2039231864988913 5 21 18 5 
0.3310185679118523 5 21 19 4 
0.0239356999534105 5 21 19 11 
1.4117992052756716 5 21 21 5 
-0.1569561379512735 5 21 22 4 
0.2789520347189947 5 21 22 11 
1.0278750216542103 5 21 23 3 
0.2721850125986986 5 21 23 7 
0.6153890240082727 5 21 23 10 
-1.0554824785433468 5 22 3 17 
0.8341729142855514 5 22 4 16 
-1.3177067933022257 5 22 4 23 
-0.2634607072380288 5 22 5 15 
-0.2681284165833206 5 22 5 19 
-1.2363169083032308 5 22 5 22 
-0.6913278171326267 5 22 7 17 
-1.1760521890767608 5 22 10 17 
-0.2801460825130388 5 22 11 16 
-0.7745220765052842 5 22 11 23 
0.2634607072380288 5 22 15 5 
-0.8341729142855514 5 22 16 4 
0.2801460825130388 5 22 16 11 
1.0554824785433468 5 22 17 3 
0.6913278171326267 5 22 17 7 
1.1760521890767608 5 22 17 10 
0.2681284165833206 5 22 19 5 
1.2363169083032308 5 22 22 5 
1.3177067933022257 5 22 23 4 
0.7745220765052842 5 22 23 11 
-0.6466830682911134 5 23 4 17 
0.6466830682911134 5 23 5 16 
-2.9374690635178635 5 23 5 23 
-1.5377192264361770 5 23 11 17 
-0.6466830682911134 5 23 16 5 
0.6466830682911134 5 23 17 4 
1.5377192264361770 5 23 17 11 
2.9374690635178635 5 23 23 5 
-0.6628150228750482 6 0 0 6 
0.4231994005493061 6 0 0 9 
-0.3278088460904849 6 0 1 8 
0.6628150228750482 6 0 6 0 
0.3278088460904849 6 0 8 1 
-0.4231994005493061 6 0 9 0 
-0.2202389903605030 6 1 0 3 
-0.5866147158463797 6 1 0 7 
0.2295359775921898 6 1 0 10 
0.2954816122452034 6 1 1 2 
-0.4004729466282023 6 1 1 6 
0.2178961808781040 6 1 1 9 
-0.2954816122452034 6 1 2 1 
-0.3925892627125146 6 1 2 8 
0.2202389903605030 6 1 3 0 
0.4004729466282023 6 1 6 1 
-0.6380554444990176 6 1 6 8 
0.5866147158463797 6 1 7 0 
0.3925892627125146 6 1 8 2 
0.6380554444990176 6 1 8 6 
-0.1255067835469210 6 1 8 9 
-0.2178961808781040 6 1 9 1 
0.1255067835469210 6 1 9 8 
-0.2295359775921898 6 1 10 0 
-0.4404779807210061 6 2 0 4 
0.0493271533523701 6 2 0 11 
0.2785827356460231 6 2 1 3 
-0.7420154444188114 6 2 1 7 
0.2521339489679668 6 2 1 10 
-0.1381308703813565 6 2 2 6 
0.0396105557955117 6 2 2 9 
-0.2785827356460231 6 2 3 1 
-0.3930058715646842 6 2 3 8 
0.4404779807210061 6 2 4 0 
0.1381308703813565 6 2 6 2 
-0.7814551333136527 6 2 6 9 
0.7420154444188114 6 2 7 1 
-0.4511733315782523 6 2 7 8 
0.3930058715646842 6 2 8 3 
0.4511733315782523 6 2 8 7 
-0.1774933954618802 6 2 8 10 
-0.0396105557955117 6 2 9 2 
0.7814551333136527 6 2 9 6 
-0.2521339489679668 6 2 10 1 
0.1774933954618802 6 2 10 8 
-0.0493271533523701 6 2 11 0 
-0.4924693537420057 6 3 0 5 
-0.0984938707484011 6 3 1 4 
0.0661793208194737 6 3 1 11 
0.3939754829936046 6 3 2 3 
-0.7870262287405371 6 3 2 7 
0.2269020457409739 6 3 2 10 
-0.3939754829936046 6 3 3 2 
0.1242112058654893 6 3 3 6 
-0.1116574746984709 6 3 3 9 
0.0984938707484011 6 3 4 1 
-0.3484697154995322 6 3 4 8 
0.4924693537420057 6 3 5 0 
-0.1242112058654893 6 3 6 3 
-0.7814551333136529 6 3 6 10 
0.7870262287405371 6 3 7 2 
-0.7814551333136529 6 3 7 9 
0.3484697154995322 6 3 8 4 
-0.1537137894739458 6 3 8 11 
0.1116574746984709 6 3 9 3 
0.7814551333136529 6 3 9 7 
-0.1537137894739458 6 3 9 10 
-0.2269020457409739 6 3 10 2 
0.7814551333136529 6 3 10 6 
0.1537137894739458 6 3 10 9 
-0.0661793208194737 6 3 11 1 
0.1537137894739458 6 3 11 8 
-0.6229299342623614 6 4 1 5 
0.3939754829936045 6 4 2 4 
0.0661793208194737 6 4 2 11 
-0.7420154444188114 6 4 3 7 
0.1757166515881474 6 4 3 10 
-0.3939754829936045 6 4 4 2 
0.3865532821123348 6 4 4 6 
-0.2359079106038438 6 4 4 9 
0.6229299342623614 6 4 5 1 
-0.2580497168263055 6 4 5 8 
-0.3865532821123348 6 4 6 4 
-0.6380554444990176 6 4 6 11 
0.7420154444188114 6 4 7 3 
-1.1051444479182426 6 4 7 10 
0.2580497168263055 6 4 8 5 
0.2359079106038438 6 4 9 4 
-0.2510135670938421 6 4 9 11 
-0.1757166515881474 6 4 10 3 
1.1051444479182426 6 4 10 7 
-0.0661793208194737 6 4 11 2 
0.6380554444990176 6 4 11 6 
0.2510135670938421 6 4 11 9 
-0.4924693537420057 6 5 2 5 
0.6607169710815093 6 5 3 4 
0.0493271533523701 6 5 3 11 
-0.6607169710815093 6 5 4 3 
-0.5866147158463797 6 5 4 7 
0.1087096214148664 6 5 4 10 
0.4924693537420057 6 5 5 2 
0.6488953583591806 6 5 5 6 
-0.3331407519206071 6 5 5 9 
-0.6488953583591806 6 5 6 5 
0.5866147158463797 6 5 7 4 
-1.4267353473136482 6 5 7 11 
0.3331407519206071 6 5 9 5 
-0.1087096214148664 6 5 10 4 
-0.2806416996482677 6 5 10 11 
-0.0493271533523701 6 5 11 3 
1.4267353473136482 6 5 11 7 
0.2806416996482677 6 5 11 10 
-0.8727551074680916 6 7 0 5 
0.8727551074680914 6 7 1 4 
-0.8727551074680914 6 7 2 3 
0.8727551074680914 6 7 3 2 
-0.8727551074680914 6 7 4 1 
0.8727551074680916 6 7 5 0 
-1.6386771644329314 6 7 6 7 
1.6386771644329314 6 7 7 6 
-0.6953825644020930 6 7 8 11 
0.6953825644020930 6 7 9 10 
-0.6953825644020930 6 7 10 9 
0.6953825644020930 6 7 11 8 
-0.5133593354973722 6 8 0 3 
-1.4267353473136482 6 8 0 7 
-0.2482493126452881 6 8 0 10 
0.6887438226337471 6 8 1 2 
0.6380554444990176 6 8 1 6 
0.2220409353769849 6 8 1 9 
-0.6887438226337471 6 8 2 1 
-0.1359717484209768 6 8 2 8 
0.5133593354973722 6 8 3 0 
-0.6380554444990176 6 8 6 1 
-0.2939600613072497 6 8 6 8 
1.4267353473136482 6 8 7 0 
0.1359717484209768 6 8 8 2 
0.2939600613072497 6 8 8 6 
-0.3385288247223238 6 8 8 9 
-0.2220409353769849 6 8 9 1 
0.3385288247223238 6 8 9 8 
0.2482493126452881 6 8 10 0 
-0.6287342133314007 6 9 0 4 
-0.2018074007089588 6 9 0 11 
0.3976464314002857 6 9 1 3 
-1.1051444479182426 6 9 1 7 
-0.0359737502990869 6 9 1 10 
0.7814551333136527 6 9 2 6 
0.1614090312021726 6 9 2 9 
-0.3976464314002857 6 9 3 1 
-0.1716928731672461 6 9 3 8 
0.6287342133314007 6 9 4 0 
-0.7814551333136527 6 9 6 2 
-0.0955321754940501 6 9 6 9 
1.1051444479182426 6 9 7 1 
-0.3436871798669372 6 9 7 8 
0.1716928731672461 6 9 8 3 
0.3436871798669372 6 9 8 7 
-0.2931745621228219 6 9 8 10 
-0.1614090312021726 6 9 9 2 
0.0955321754940501 6 9 9 6 
0.0359737502990869 6 9 10 1 
0.2931745621228219 6 9 10 8 
0.2018074007089588 6 9 11 0 
-0.4686308135962888 6 10 0 5 
-0.0937261627192578 6 10 1 4 
-0.1805020265391086 6 10 1 11 
0.3749046508770311 6 10 2 3 
-0.7814551333136529 6 10 2 7 
0.0850971828585849 6 10 2 10 
-0.3749046508770311 6 10 3 2 
0.7814551333136529 6 10 3 6 
0.0508745655623919 6 10 3 9 
0.0937261627192578 6 10 4 1 
-0.1525593765263688 6 10 4 8 
0.4686308135962888 6 10 5 0 
-0.7814551333136529 6 10 6 3 
0.1028957103191494 6 10 6 10 
0.7814551333136529 6 10 7 2 
-0.3968557716263991 6 10 7 9 
0.1525593765263688 6 10 8 4 
-0.1692644123611619 6 10 8 11 
-0.0508745655623919 6 10 9 3 
0.3968557716263991 6 10 9 7 
-0.1692644123611619 6 10 9 10 
-0.0850971828585849 6 10 10 2 
-0.1028957103191494 6 10 10 6 
0.1692644123611619 6 10 10 9 
0.1805020265391086 6 10 11 1 
0.1692644123611619 6 10 11 8 
-0.3629998673156118 6 11 1 5 
0.2295812742112490 6 11 2 4 
-0.1105344656397808 6 11 2 11 
-0.4511733315782523 6 11 3 7 
0.1129479849225417 6 11 3 10 
-0.2295812742112490 6 11 4 2 
0.6380554444990176 6 11 4 6 
-0.0487121044316779 6 11 4 9 
0.3629998673156118 6 11 5 1 
-0.0804397510743616 6 11 5 8 
-0.6380554444990176 6 11 6 4 
0.3013235961323488 6 11 6 11 
0.4511733315782523 6 11 7 3 
-0.3436871798669372 6 11 7 10 
0.0804397510743616 6 11 8 5 
0.0487121044316779 6 11 9 4 
-0.1692644123611619 6 11 9 11 
-0.1129479849225417 6 11 10 3 
0.3436871798669372 6 11 10 7 
0.1105344656397808 6 11 11 2 
-0.3013235961323488 6 11 11 6 
0.1692644123611619 6 11 11 9 
-0.4393291424167737 6 12 0 14 
-2.3574938074251826 6 12 0 18 
0.6913278171326267 6 12 0 21 
0.5557122930101982 6 12 1 13 
-0.5355002245049180 6 12 1 20 
-0.4393291424167737 6 12 2 12 
-1.6946787845501343 6 12 6 12 
-0.2076913784144330 6 12 8 13 
0.0663182583587415 6 12 8 20 
0.2681284165833206 6 12 9 12 
0.4393291424167737 6 12 12 2 
1.6946787845501343 6 12 12 6 
-0.2681284165833206 6 12 12 9 
-0.5557122930101982 6 12 13 1 
0.2076913784144330 6 12 13 8 
0.4393291424167737 6 12 14 0 
2.3574938074251826 6 12 18 0 
0.5355002245049180 6 12 20 1 
-0.0663182583587415 6 12 20 8 
-0.6913278171326267 6 12 21 0 
-0.6013044086505475 6 13 0 15 
-0.9914424203097362 6 13 0 19 
0.5605545455040420 6 13 0 22 
0.3674053773309884 6 13 1 14 
-1.9141072779072834 6 13 1 18 
0.1899525895952117 6 13 1 21 
0.0719237650857850 6 13 2 13 
-0.5396718291989067 6 13 2 20 
-0.3810654182900444 6 13 3 12 
-1.5136343312790812 6 13 6 13 
0.1775804301083840 6 13 6 20 
-0.4048277044633564 6 13 7 12 
-0.1470825664863920 6 13 8 14 
0.8156358746074018 6 13 8 18 
-0.0199451400779794 6 13 8 21 
-0.0279435912828924 6 13 9 13 
0.1055616434689416 6 13 9 20 
0.3310185679118523 6 13 10 12 
0.3810654182900444 6 13 12 3 
0.4048277044633564 6 13 12 7 
-0.3310185679118523 6 13 12 10 
-0.0719237650857850 6 13 13 2 
1.5136343312790812 6 13 13 6 
0.0279435912828924 6 13 13 9 
-0.3674053773309884 6 13 14 1 
0.1470825664863920 6 13 14 8 
0.6013044086505475 6 13 15 0 
1.9141072779072834 6 13 18 1 
-0.8156358746074018 6 13 18 8 
0.9914424203097362 6 13 19 0 
0.5396718291989067 6 13 20 2 
-0.1775804301083840 6 13 20 6 
-0.1055616434689416 6 13 20 9 
-0.1899525895952117 6 13 21 1 
0.0199451400779794 6 13 21 8 
-0.5605545455040420 6 13 22 0 
-0.6131869211367397 6 14 0 16 
0.3078804646669726 6 14 0 23 
0.0150303215127032 6 14 1 15 
-1.2540864868354988 6 14 1 19 
0.4705684641657512 6 14 1 22 
0.3514633139334188 6 14 2 14 
-1.4707207483893858 6 14 2 18 
-0.1427895624289301 6 14 2 21 
-0.2635524141333200 6 14 3 13 
-0.4263678877500485 6 14 3 20 
-0.1727089404157336 6 14 4 12 
-1.3325898780080292 6 14 6 14 
0.2174907210347557 6 14 6 21 
-0.5120710424166873 6 14 7 13 
0.1255683263356621 6 14 7 20 
-0.0333620161853643 6 14 8 15 
0.5767416579139144 6 14 8 19 
-0.0645306936792479 6 14 8 22 
-0.1824001182244418 6 14 9 14 
0.9989458543484085 6 14 9 18 
0.0419433493738246 6 14 9 21 
0.2184345151977844 6 14 10 13 
0.1129627017826323 6 14 10 20 
0.2585533113146025 6 14 11 12 
0.1727089404157336 6 14 12 4 
-0.2585533113146025 6 14 12 11 
0.2635524141333200 6 14 13 3 
0.5120710424166873 6 14 13 7 
-0.2184345151977844 6 14 13 10 
-0.3514633139334188 6 14 14 2 
1.3325898780080292 6 14 14 6 
0.1824001182244418 6 14 14 9 
-0.0150303215127032 6 14 15 1 
0.0333620161853643 6 14 15 8 
0.6131869211367397 6 14 16 0 
1.4707207483893858 6 14 18 2 
-0.9989458543484085 6 14 18 9 
1.2540864868354988 6 14 19 1 
-0.5767416579139144 6 14 19 8 
0.4263678877500485 6 14 20 3 
-0.1255683263356621 6 14 20 7 
-0.1129627017826323 6 14 20 10 
0.1427895624289301 6 14 21 2 
-0.2174907210347557 6 14 21 6 
-0.0419433493738246 6 14 21 9 
-0.4705684641657512 6 14 22 1 
0.0645306936792479 6 14 22 8 
-0.3078804646669726 6 14 23 0 
-0.4658992480793896 6 15 0 17 
-0.3567773350659420 6 15 1 16 
0.4130649887637439 6 15 1 23 
0.3727193984635117 6 15 2 15 
-1.3301595885536928 6 15 2 19 
0.2461636147663027 6 15 2 22 
-0.0212560845300930 6 15 3 14 
-1.0273342188714882 6 15 3 18 
-0.3068986389397985 6 15 3 21 
-0.2582834643175408 6 15 4 13 
-0.2642951700230775 6 15 4 20 
0.0265701056626162 6 15 5 12 
-1.1515454247369774 6 15 6 15 
0.2174907210347557 6 15 6 22 
-0.5431333598131557 6 15 7 14 
0.2174907210347557 6 15 7 21 
0.0841745454764548 6 15 8 16 
-0.0663710573935168 6 15 8 23 
-0.1952411642413276 6 15 9 15 
0.9989458543484088 6 15 9 19 
-0.0453993827066045 6 15 9 22 
0.0192615690253288 6 15 10 14 
0.9989458543484088 6 15 10 18 
0.1083144067673414 6 15 10 21 
0.3468856679442702 6 15 11 13 
0.0873427320804291 6 15 11 20 
-0.0265701056626162 6 15 12 5 
0.2582834643175408 6 15 13 4 
-0.3468856679442702 6 15 13 11 
0.0212560845300929 6 15 14 3 
0.5431333598131557 6 15 14 7 
-0.0192615690253288 6 15 14 10 
-0.3727193984635118 6 15 15 2 
1.1515454247369774 6 15 15 6 
0.1952411642413276 6 15 15 9 
0.3567773350659420 6 15 16 1 
-0.0841745454764548 6 15 16 8 
0.4658992480793896 6 15 17 0 
1.0273342188714882 6 15 18 3 
-0.9989458543484088 6 15 18 10 
1.3301595885536928 6 15 19 2 
-0.9989458543484088 6 15 19 9 
0.2642951700230775 6 15 20 4 
-0.0873427320804291 6 15 20 11 
0.3068986389397985 6 15 21 3 
-0.2174907210347557 6 15 21 7 
-0.1083144067673414 6 15 21 10 
-0.2461636147663027 6 15 22 2 
-0.2174907210347557 6 15 22 6 
0.0453993827066045 6 15 22 9 
-0.4130649887637439 6 15 23 1 
0.0663710573935168 6 15 23 8 
-0.5893211136362798 6 16 1 17 
0.1091219130134476 6 16 2 16 
0.4130649887637437 6 16 2 23 
0.2485220926206168 6 16 3 15 
-1.2540864868354988 6 16 3 19 
-0.0063979007453631 6 16 3 22 
-0.2848535699801570 6 16 4 14 
-0.5839476893535906 6 16 4 18 
-0.3023746399373937 6 16 4 21 
0.0336088206260817 6 16 5 13 
-0.1000914957831545 6 16 5 20 
-0.9705009714659255 6 16 6 16 
0.1775804301083840 6 16 6 23 
-0.5120710424166873 6 16 7 15 
0.3075783273776549 6 16 7 22 
0.1579582210431509 6 16 8 17 
-0.0664667293335499 6 16 9 16 
-0.1083834828687286 6 16 9 23 
-0.1821145523335105 6 16 10 15 
1.4127227752958975 6 16 10 19 
0.0296584267679079 6 16 10 22 
0.3468856679442701 6 16 11 14 
0.8156358746074018 6 16 11 18 
0.1426300842251135 6 16 11 21 
-0.0336088206260817 6 16 13 5 
0.2848535699801570 6 16 14 4 
-0.3468856679442701 6 16 14 11 
-0.2485220926206168 6 16 15 3 
0.5120710424166873 6 16 15 7 
0.1821145523335105 6 16 15 10 
-0.1091219130134476 6 16 16 2 
0.9705009714659255 6 16 16 6 
0.0664667293335499 6 16 16 9 
0.5893211136362798 6 16 17 1 
-0.1579582210431509 6 16 17 8 
0.5839476893535906 6 16 18 4 
-0.8156358746074018 6 16 18 11 
1.2540864868354988 6 16 19 3 
-1.4127227752958975 6 16 19 10 
0.1000914957831545 6 16 20 5 
0.3023746399373937 6 16 21 4 
-0.1426300842251135 6 16 21 11 
0.0063979007453631 6 16 22 3 
-0.3075783273776549 6 16 22 7 
-0.0296584267679079 6 16 22 10 
-0.4130649887637437 6 16 23 2 
-0.1775804301083840 6 16 23 6 
0.1083834828687286 6 16 23 9 
-0.4658992480793896 6 17 2 17 
0.4285954682348138 6 17 3 16 
0.3078804646669727 6 17 3 23 
-0.2321215028466954 6 17 4 15 
-0.9914424203097362 6 17 4 19 
-0.1935954947010262 6 17 4 22 
0.0265701056626162 6 17 5 14 
-0.1405611598356930 6 17 5 18 
-0.1292175654217158 6 17 5 21 
-0.7894565181948735 6 17 6 17 
-0.4048277044633564 6 17 7 16 
0.3970819131959968 6 17 7 23 
0.2039231864988913 6 17 9 17 
-0.3023051161158927 6 17 10 16 
-0.1211764176663306 6 17 10 23 
0.2585533113146026 6 17 11 15 
1.8238172605096450 6 17 11 19 
0.1594652819819371 6 17 11 22 
-0.0265701056626162 6 17 14 5 
0.2321215028466954 6 17 15 4 
-0.2585533113146026 6 17 15 11 
-0.4285954682348138 6 17 16 3 
0.4048277044633564 6 17 16 7 
0.3023051161158927 6 17 16 10 
0.4658992480793896 6 17 17 2 
0.7894565181948735 6 17 17 6 
-0.2039231864988913 6 17 17 9 
0.1405611598356930 6 17 18 5 
0.9914424203097362 6 17 19 4 
-1.8238172605096450 6 17 19 11 
0.1292175654217158 6 17 21 5 
0.1935954947010262 6 17 22 4 
-0.1594652819819371 6 17 22 11 
-0.3078804646669727 6 17 23 3 
-0.3970819131959968 6 17 23 7 
0.1211764176663306 6 17 23 10 
-0.1956997100893347 6 18 0 16 
0.9798345748187925 6 18 0 23 
0.2475427285267725 6 18 1 15 
-0.7589765980622819 6 18 1 22 
-0.2625587129620523 6 18 2 14 
0.5366774992517361 6 18 2 21 
0.2475427285267725 6 18 3 13 
-0.3098508986610050 6 18 3 20 
-0.1956997100893347 6 18 4 12 
-3.5938894377290089 6 18 6 18 
0.3151830036977172 6 18 6 21 
-0.5459129760866156 6 18 7 20 
-0.3098508986610050 6 18 8 15 
-0.5459129760866156 6 18 8 19 
0.0835291588868024 6 18 8 22 
0.5366774992517361 6 18 9 14 
0.3151830036977172 6 18 9 18 
-0.0964511647369568 6 18 9 21 
-0.7589765980622819 6 18 10 13 
0.0835291588868024 6 18 10 20 
0.9798345748187925 6 18 11 12 
0.1956997100893347 6 18 12 4 
-0.9798345748187925 6 18 12 11 
-0.2475427285267725 6 18 13 3 
0.7589765980622819 6 18 13 10 
0.2625587129620523 6 18 14 2 
-0.5366774992517361 6 18 14 9 
-0.2475427285267725 6 18 15 1 
0.3098508986610050 6 18 15 8 
0.1956997100893347 6 18 16 0 
3.5938894377290089 6 18 18 6 
-0.3151830036977172 6 18 18 9 
0.5459129760866156 6 18 19 8 
0.3098508986610050 6 18 20 3 
0.5459129760866156 6 18 20 7 
-0.0835291588868024 6 18 20 10 
-0.5366774992517361 6 18 21 2 
-0.3151830036977172 6 18 21 6 
0.0964511647369568 6 18 21 9 
0.7589765980622819 6 18 22 1 
-0.0835291588868024 6 18 22 8 
-0.9798345748187925 6 18 23 0 
-0.6551764812024227 6 19 0 17 
0.5676569102150720 6 19 1 16 
0.4381953431998848 6 19 1 23 
-0.4801373392277212 6 19 2 15 
-0.5366774992517362 6 19 2 22 
0.3926177682403704 6 19 3 14 
0.5366774992517362 6 19 3 21 
-0.3050981972530196 6 19 4 13 
-0.4381953431998848 6 19 4 20 
0.2175786262656689 6 19 5 12 
-2.6162833010809705 6 19 6 19 
0.3151830036977173 6 19 6 22 
-0.9776061366480389 6 19 7 18 
-0.3151830036977173 6 19 7 21 
-0.4381953431998848 6 19 8 16 
-0.2753529086483290 6 19 8 23 
0.5366774992517362 6 19 9 15 
-0.3151830036977173 6 19 9 19 
0.3235784910168074 6 19 9 22 
-0.5366774992517362 6 19 10 14 
0.3151830036977173 6 19 10 18 
-0.3718040733852858 6 19 10 21 
0.4381953431998848 6 19 11 13 
0.4200296557537641 6 19 11 20 
-0.2175786262656689 6 19 12 5 
0.3050981972530196 6 19 13 4 
-0.4381953431998848 6 19 13 11 
-0.3926177682403704 6 19 14 3 
0.5366774992517362 6 19 14 10 
0.4801373392277212 6 19 15 2 
-0.5366774992517362 6 19 15 9 
-0.5676569102150720 6 19 16 1 
0.4381953431998848 6 19 16 8 
0.6551764812024227 6 19 17 0 
0.9776061366480389 6 19 18 7 
-0.3151830036977173 6 19 18 10 
2.6162833010809705 6 19 19 6 
0.3151830036977173 6 19 19 9 
0.4381953431998848 6 19 20 4 
-0.4200296557537641 6 19 20 11 
-0.5366774992517362 6 19 21 3 
0.3151830036977173 6 19 21 7 
0.3718040733852858 6 19 21 10 
0.5366774992517362 6 19 22 2 
-0.3151830036977173 6 19 22 6 
-0.3235784910168074 6 19 22 9 
-0.4381953431998848 6 19 23 1 
0.2753529086483290 6 19 23 8 
-0.2566796677486862 6 20 0 15 
-1.8238172605096450 6 20 0 19 
-0.2721850125986986 6 20 0 22 
0.3443719113168736 6 20 1 14 
0.8156358746074018 6 20 1 18 
0.2434496762509307 6 20 1 21 
-0.3443719113168736 6 20 2 13 
-0.1490818712151350 6 20 2 20 
0.2566796677486862 6 20 3 12 
0.1775804301083840 6 20 6 13 
-1.0433935069933331 6 20 6 20 
-0.3970819131959968 6 20 7 12 
-0.0131101227941583 6 20 8 14 
-0.7494334456860834 6 20 8 18 
-0.1692644123611619 6 20 8 21 
0.0214087408739458 6 20 9 13 
0.1692644123611619 6 20 9 20 
-0.0239356999534105 6 20 10 12 
-0.2566796677486862 6 20 12 3 
0.3970819131959968 6 20 12 7 
0.0239356999534105 6 20 12 10 
0.3443719113168736 6 20 13 2 
-0.1775804301083840 6 20 13 6 
-0.0214087408739458 6 20 13 9 
-0.3443719113168736 6 20 14 1 
0.0131101227941583 6 20 14 8 
0.2566796677486862 6 20 15 0 
-0.8156358746074018 6 20 18 1 
0.7494334456860834 6 20 18 8 
1.8238172605096450 6 20 19 0 
0.1490818712151350 6 20 20 2 
1.0433935069933331 6 20 20 6 
-0.1692644123611619 6 20 20 9 
-0.2434496762509307 6 20 21 1 
0.1692644123611619 6 20 21 8 
0.2721850125986986 6 20 22 0 
-0.3178887684402019 6 21 0 16 
-0.4899478444780319 6 21 0 23 
0.2032778046426128 6 21 1 15 
-1.4127227752958975 6 21 1 19 
0.1686783642583249 6 21 1 22 
-0.0047248050729287 6 21 2 14 
0.9989458543484085 6 21 2 18 
0.0298082560086190 6 21 2 21 
-0.1943686267576729 6 21 3 13 
-0.1032822631080008 6 21 3 20 
0.3108454448911990 6 21 4 12 
0.2174907210347557 6 21 6 14 
0.3151830036977172 6 21 6 18 
-1.2100903710273221 6 21 6 21 
-0.3075783273776549 6 21 7 13 
0.2887274379692703 6 21 7 20 
0.0684106100592453 6 21 8 15 
0.6324146178362077 6 21 8 19 
0.0127617807239880 6 21 8 22 
-0.1316007751935537 6 21 9 14 
-1.1145581955332722 6 21 9 18 
-0.1840004474338288 6 21 9 21 
0.2046521145574117 6 21 10 13 
0.3059363428468100 6 21 10 20 
-0.2881404437690731 6 21 11 12 
-0.3108454448911990 6 21 12 4 
0.2881404437690731 6 21 12 11 
0.1943686267576729 6 21 13 3 
0.3075783273776549 6 21 13 7 
-0.2046521145574117 6 21 13 10 
0.0047248050729287 6 21 14 2 
-0.2174907210347557 6 21 14 6 
0.1316007751935537 6 21 14 9 
-0.2032778046426128 6 21 15 1 
-0.0684106100592453 6 21 15 8 
0.3178887684402019 6 21 16 0 
-0.9989458543484085 6 21 18 2 
-0.3151830036977172 6 21 18 6 
1.1145581955332722 6 21 18 9 
1.4127227752958975 6 21 19 1 
-0.6324146178362077 6 21 19 8 
0.1032822631080008 6 21 20 3 
-0.2887274379692703 6 21 20 7 
-0.3059363428468100 6 21 20 10 
-0.0298082560086190 6 21 21 2 
1.2100903710273221 6 21 21 6 
0.1840004474338288 6 21 21 9 
-0.1686783642583249 6 21 22 1 
-0.0127617807239880 6 21 22 8 
0.4899478444780319 6 21 23 0 
-0.2421900819196923 6 22 0 17 
-0.0421382762867002 6 22 1 16 
-0.4382226742729499 6 22 1 23 
0.1858773904142060 6 22 2 15 
-0.9989458543484088 6 22 2 19 
0.3876291016281672 6 22 2 22 
-0.1890272604628252 6 22 3 14 
0.9989458543484088 6 22 3 18 
-0.2385472304130322 6 22 3 21 
0.0515878864325576 6 22 4 13 
0.0730481598965538 6 22 4 20 
0.2264407316765967 6 22 5 12 
0.2174907210347557 6 22 6 15 
0.3151830036977173 6 22 6 19 
-1.3767872350613115 6 22 6 22 
-0.2174907210347557 6 22 7 14 
0.3151830036977173 6 22 7 18 
0.3333937280679785 6 22 7 21 
0.2256075364229227 6 22 8 16 
0.1913684649701622 6 22 8 23 
-0.2894217959754240 6 22 9 15 
0.7302494996943776 6 22 9 19 
-0.1766324298974954 6 22 9 22 
0.3025319187695823 6 22 10 14 
-1.4796829453804612 6 22 10 18 
-0.0073680175363334 6 22 10 21 
-0.2577206477338413 6 22 11 13 
0.3606328773313242 6 22 11 20 
-0.2264407316765967 6 22 12 5 
-0.0515878864325576 6 22 13 4 
0.2577206477338413 6 22 13 11 
0.1890272604628251 6 22 14 3 
0.2174907210347557 6 22 14 7 
-0.3025319187695823 6 22 14 10 
-0.1858773904142061 6 22 15 2 
-0.2174907210347557 6 22 15 6 
0.2894217959754240 6 22 15 9 
0.0421382762867002 6 22 16 1 
-0.2256075364229227 6 22 16 8 
0.2421900819196923 6 22 17 0 
-0.9989458543484088 6 22 18 3 
-0.3151830036977173 6 22 18 7 
1.4796829453804612 6 22 18 10 
0.9989458543484088 6 22 19 2 
-0.3151830036977173 6 22 19 6 
-0.7302494996943776 6 22 19 9 
-0.0730481598965538 6 22 20 4 
-0.3606328773313242 6 22 20 11 
0.2385472304130322 6 22 21 3 
-0.3333937280679785 6 22 21 7 
0.0073680175363334 6 22 21 10 
-0.3876291016281672 6 22 22 2 
1.3767872350613115 6 22 22 6 
0.1766324298974954 6 22 22 9 
0.4382226742729499 6 22 23 1 
-0.1913684649701622 6 22 23 8 
-0.1875996307783156 6 23 1 17 
0.1225062114808170 6 23 2 16 
-0.2683554864216511 6 23 2 23 
-0.0081836024421716 6 23 3 15 
-0.5767416579139144 6 23 3 19 
0.3787328784948083 6 23 3 22 
-0.1070750627304321 6 23 4 14 
0.8156358746074018 6 23 4 18 
-0.4138843351584941 6 23 4 21 
0.1754002365372963 6 23 5 13 
0.3771762888150851 6 23 5 20 
0.1775804301083840 6 23 6 16 
-1.5434840990953007 6 23 6 23 
-0.1255683263356621 6 23 7 15 
0.5459129760866156 6 23 7 19 
0.2887274379692703 6 23 7 22 
0.4576160398894468 6 23 8 17 
-0.3651722307268162 6 23 9 16 
0.1913684649701622 6 23 9 23 
0.2657848935722666 6 23 10 15 
0.6324146178362077 6 23 10 19 
-0.3186981235707979 6 23 10 22 
-0.1578210207818702 6 23 11 14 
-1.8448076952276495 6 23 11 18 
0.3606328773313242 6 23 11 21 
-0.1754002365372963 6 23 13 5 
0.1070750627304321 6 23 14 4 
0.1578210207818702 6 23 14 11 
0.0081836024421716 6 23 15 3 
0.1255683263356621 6 23 15 7 
-0.2657848935722666 6 23 15 10 
-0.1225062114808170 6 23 16 2 
-0.1775804301083840 6 23 16 6 
0.3651722307268162 6 23 16 9 
0.1875996307783156 6 23 17 1 
-0.4576160398894468 6 23 17 8 
-0.8156358746074018 6 23 18 4 
1.8448076952276495 6 23 18 11 
0.5767416579139144 6 23 19 3 
-0.5459129760866156 6 23 19 7 
-0.6324146178362077 6 23 19 10 
-0.3771762888150851 6 23 20 5 
0.4138843351584941 6 23 21 4 
-0.3606328773313242 6 23 21 11 
-0.3787328784948083 6 23 22 3 
-0.2887274379692703 6 23 22 7 
0.3186981235707979 6 23 22 10 
0.2683554864216511 6 23 23 2 
1.5434840990953007 6 23 23 6 
-0.1913684649701622 6 23 23 9 
0.4924693537420057 7 0 0 3 
0.6488953583591806 7 0 0 7 
0.3331407519206071 7 0 0 10 
-0.6607169710815093 7 0 1 2 
-0.5866147158463797 7 0 1 6 
-0.1087096214148664 7 0 1 9 
0.6607169710815093 7 0 2 1 
-0.0493271533523701 7 0 2 8 
-0.4924693537420057 7 0 3 0 
0.5866147158463797 7 0 6 1 
1.4267353473136482 7 0 6 8 
-0.6488953583591806 7 0 7 0 
0.0493271533523701 7 0 8 2 
-1.4267353473136482 7 0 8 6 
0.2806416996482677 7 0 8 9 
0.1087096214148664 7 0 9 1 
-0.2806416996482677 7 0 9 8 
-0.3331407519206071 7 0 10 0 
0.6229299342623614 7 1 0 4 
0.2580497168263055 7 1 0 11 
-0.3939754829936045 7 1 1 3 
0.3865532821123348 7 1 1 7 
0.2359079106038438 7 1 1 10 
-0.7420154444188114 7 1 2 6 
-0.1757166515881474 7 1 2 9 
0.3939754829936045 7 1 3 1 
-0.0661793208194737 7 1 3 8 
-0.6229299342623614 7 1 4 0 
0.7420154444188114 7 1 6 2 
1.1051444479182426 7 1 6 9 
-0.3865532821123348 7 1 7 1 
0.6380554444990176 7 1 7 8 
0.0661793208194737 7 1 8 3 
-0.6380554444990176 7 1 8 7 
0.2510135670938421 7 1 8 10 
0.1757166515881474 7 1 9 2 
-1.1051444479182426 7 1 9 6 
-0.2359079106038438 7 1 10 1 
-0.2510135670938421 7 1 10 8 
-0.2580497168263055 7 1 11 0 
0.4924693537420057 7 2 0 5 
0.0984938707484011 7 2 1 4 
0.3484697154995322 7 2 1 11 
-0.3939754829936046 7 2 2 3 
0.1242112058654893 7 2 2 7 
0.1116574746984709 7 2 2 10 
0.3939754829936046 7 2 3 2 
-0.7870262287405371 7 2 3 6 
-0.2269020457409739 7 2 3 9 
-0.0984938707484011 7 2 4 1 
-0.0661793208194737 7 2 4 8 
-0.4924693537420057 7 2 5 0 
0.7870262287405371 7 2 6 3 
0.7814551333136529 7 2 6 10 
-0.1242112058654893 7 2 7 2 
0.7814551333136529 7 2 7 9 
0.0661793208194737 7 2 8 4 
0.1537137894739458 7 2 8 11 
0.2269020457409739 7 2 9 3 
-0.7814551333136529 7 2 9 7 
0.1537137894739458 7 2 9 10 
-0.1116574746984709 7 2 10 2 
-0.7814551333136529 7 2 10 6 
-0.1537137894739458 7 2 10 9 
-0.3484697154995322 7 2 11 1 
-0.1537137894739458 7 2 11 8 
0.4404779807210061 7 3 1 5 
-0.2785827356460231 7 3 2 4 
0.3930058715646842 7 3 2 11 
-0.1381308703813565 7 3 3 7 
-0.0396105557955117 7 3 3 10 
0.2785827356460231 7 3 4 2 
-0.7420154444188114 7 3 4 6 
-0.2521339489679668 7 3 4 9 
-0.4404779807210061 7 3 5 1 
-0.0493271533523701 7 3 5 8 
0.7420154444188114 7 3 6 4 
0.4511733315782523 7 3 6 11 
0.1381308703813565 7 3 7 3 
0.7814551333136527 7 3 7 10 
0.0493271533523701 7 3 8 5 
0.2521339489679668 7 3 9 4 
0.1774933954618802 7 3 9 11 
0.0396105557955117 7 3 10 3 
-0.7814551333136527 7 3 10 7 
-0.3930058715646842 7 3 11 2 
-0.4511733315782523 7 3 11 6 
-0.1774933954618802 7 3 11 9 
0.2202389903605030 7 4 2 5 
-0.2954816122452034 7 4 3 4 
0.3925892627125146 7 4 3 11 
0.2954816122452034 7 4 4 3 
-0.4004729466282023 7 4 4 7 
-0.2178961808781040 7 4 4 10 
-0.2202389903605030 7 4 5 2 
-0.5866147158463797 7 4 5 6 
-0.2295359775921898 7 4 5 9 
0.5866147158463797 7 4 6 5 
0.4004729466282023 7 4 7 4 
0.6380554444990176 7 4 7 11 
0.2295359775921898 7 4 9 5 
0.2178961808781040 7 4 10 4 
0.1255067835469210 7 4 10 11 
-0.3925892627125146 7 4 11 3 
-0.6380554444990176 7 4 11 7 
-0.1255067835469210 7 4 11 10 
0.3278088460904849 7 5 4 11 
-0.6628150228750482 7 5 5 7 
-0.4231994005493061 7 5 5 10 
0.6628150228750482 7 5 7 5 
0.4231994005493061 7 5 10 5 
-0.3278088460904849 7 5 11 4 
0.8727551074680916 7 6 0 5 
-0.8727551074680914 7 6 1 4 
0.8727551074680914 7 6 2 3 
-0.8727551074680914 7 6 3 2 
0.8727551074680914 7 6 4 1 
-0.8727551074680916 7 6 5 0 
1.6386771644329314 7 6 6 7 
-1.6386771644329314 7 6 7 6 
0.6953825644020930 7 6 8 11 
-0.6953825644020930 7 6 9 10 
0.6953825644020930 7 6 10 9 
-0.6953825644020930 7 6 11 8 
-0.3629998673156118 7 8 0 4 
-0.0804397510743616 7 8 0 11 
0.2295812742112490 7 8 1 3 
-0.6380554444990176 7 8 1 7 
-0.0487121044316779 7 8 1 10 
0.4511733315782523 7 8 2 6 
0.1129479849225417 7 8 2 9 
-0.2295812742112490 7 8 3 1 
-0.1105344656397808 7 8 3 8 
0.3629998673156118 7 8 4 0 
-0.4511733315782523 7 8 6 2 
-0.3436871798669372 7 8 6 9 
0.6380554444990176 7 8 7 1 
0.3013235961323488 7 8 7 8 
0.1105344656397808 7 8 8 3 
-0.3013235961323488 7 8 8 7 
-0.1692644123611619 7 8 8 10 
-0.1129479849225417 7 8 9 2 
0.3436871798669372 7 8 9 6 
0.0487121044316779 7 8 10 1 
0.1692644123611619 7 8 10 8 
0.0804397510743616 7 8 11 0 
-0.4686308135962888 7 9 0 5 
-0.0937261627192578 7 9 1 4 
-0.1525593765263688 7 9 1 11 
0.3749046508770311 7 9 2 3 
-0.7814551333136529 7 9 2 7 
0.0508745655623919 7 9 2 10 
-0.3749046508770311 7 9 3 2 
0.7814551333136529 7 9 3 6 
0.0850971828585849 7 9 3 9 
0.0937261627192578 7 9 4 1 
-0.1805020265391086 7 9 4 8 
0.4686308135962888 7 9 5 0 
-0.7814551333136529 7 9 6 3 
-0.3968557716263991 7 9 6 10 
0.7814551333136529 7 9 7 2 
0.1028957103191494 7 9 7 9 
0.1805020265391086 7 9 8 4 
-0.1692644123611619 7 9 8 11 
-0.0850971828585849 7 9 9 3 
-0.1028957103191494 7 9 9 7 
-0.1692644123611619 7 9 9 10 
-0.0508745655623919 7 9 10 2 
0.3968557716263991 7 9 10 6 
0.1692644123611619 7 9 10 9 
0.1525593765263688 7 9 11 1 
0.1692644123611619 7 9 11 8 
-0.6287342133314007 7 10 1 5 
0.3976464314002857 7 10 2 4 
-0.1716928731672461 7 10 2 11 
-0.7814551333136527 7 10 3 7 
0.1614090312021726 7 10 3 10 
-0.3976464314002857 7 10 4 2 
1.1051444479182426 7 10 4 6 
-0.0359737502990869 7 10 4 9 
0.6287342133314007 7 10 5 1 
-0.2018074007089588 7 10 5 8 
-1.1051444479182426 7 10 6 4 
-0.3436871798669372 7 10 6 11 
0.7814551333136527 7 10 7 3 
-0.0955321754940501 7 10 7 10 
0.2018074007089588 7 10 8 5 
0.0359737502990869 7 10 9 4 
-0.2931745621228219 7 10 9 11 
-0.1614090312021726 7 10 10 3 
0.0955321754940501 7 10 10 7 
0.1716928731672461 7 10 11 2 
0.3436871798669372 7 10 11 6 
0.2931745621228219 7 10 11 9 
-0.5133593354973722 7 11 2 5 
0.6887438226337471 7 11 3 4 
-0.1359717484209768 7 11 3 11 
-0.6887438226337471 7 11 4 3 
-0.6380554444990176 7 11 4 7 
0.2220409353769849 7 11 4 10 
0.5133593354973722 7 11 5 2 
1.4267353473136482 7 11 5 6 
-0.2482493126452881 7 11 5 9 
-1.4267353473136482 7 11 6 5 
0.6380554444990176 7 11 7 4 
-0.2939600613072497 7 11 7 11 
0.2482493126452881 7 11 9 5 
-0.2220409353769849 7 11 10 4 
-0.3385288247223238 7 11 10 11 
0.1359717484209768 7 11 11 3 
0.2939600613072497 7 11 11 7 
0.3385288247223238 7 11 11 10 
0.0265701056626162 7 12 0 15 
-0.1405611598356930 7 12 0 19 
0.1292175654217158 7 12 0 22 
-0.2321215028466954 7 12 1 14 
-0.9914424203097362 7 12 1 18 
0.1935954947010262 7 12 1 21 
0.4285954682348138 7 12 2 13 
-0.3078804646669727 7 12 2 20 
-0.4658992480793896 7 12 3 12 
-0.4048277044633564 7 12 6 13 
-0.3970819131959968 7 12 6 20 
-0.7894565181948735 7 12 7 12 
-0.2585533113146026 7 12 8 14 
-1.8238172605096450 7 12 8 18 
0.1594652819819371 7 12 8 21 
0.3023051161158927 7 12 9 13 
-0.1211764176663306 7 12 9 20 
-0.2039231864988913 7 12 10 12 
0.4658992480793896 7 12 12 3 
0.7894565181948735 7 12 12 7 
0.2039231864988913 7 12 12 10 
-0.4285954682348138 7 12 13 2 
0.4048277044633564 7 12 13 6 
-0.3023051161158927 7 12 13 9 
0.2321215028466954 7 12 14 1 
0.2585533113146026 7 12 14 8 
-0.0265701056626162 7 12 15 0 
0.9914424203097362 7 12 18 1 
1.8238172605096450 7 12 18 8 
0.1405611598356930 7 12 19 0 
0.3078804646669727 7 12 20 2 
0.3970819131959968 7 12 20 6 
0.1211764176663306 7 12 20 9 
-0.1935954947010262 7 12 21 1 
-0.1594652819819371 7 12 21 8 
-0.1292175654217158 7 12 22 0 
0.0336088206260817 7 13 0 16 
0.1000914957831545 7 13 0 23 
-0.2848535699801570 7 13 1 15 
-0.5839476893535906 7 13 1 19 
0.3023746399373937 7 13 1 22 
0.2485220926206168 7 13 2 14 
-1.2540864868354988 7 13 2 18 
0.0063979007453631 7 13 2 21 
0.1091219130134476 7 13 3 13 
-0.4130649887637437 7 13 3 20 
-0.5893211136362798 7 13 4 12 
-0.5120710424166873 7 13 6 14 
-0.3075783273776549 7 13 6 21 
-0.9705009714659255 7 13 7 13 
-0.1775804301083840 7 13 7 20 
-0.3468856679442701 7 13 8 15 
-0.8156358746074018 7 13 8 19 
0.1426300842251135 7 13 8 22 
0.1821145523335105 7 13 9 14 
-1.4127227752958975 7 13 9 18 
0.0296584267679079 7 13 9 21 
0.0664667293335499 7 13 10 13 
-0.1083834828687286 7 13 10 20 
-0.1579582210431509 7 13 11 12 
0.5893211136362798 7 13 12 4 
0.1579582210431509 7 13 12 11 
-0.1091219130134476 7 13 13 3 
0.9705009714659255 7 13 13 7 
-0.0664667293335499 7 13 13 10 
-0.2485220926206168 7 13 14 2 
0.5120710424166873 7 13 14 6 
-0.1821145523335105 7 13 14 9 
0.2848535699801570 7 13 15 1 
0.3468856679442701 7 13 15 8 
-0.0336088206260817 7 13 16 0 
1.2540864868354988 7 13 18 2 
1.4127227752958975 7 13 18 9 
0.5839476893535906 7 13 19 1 
0.8156358746074018 7 13 19 8 
0.4130649887637437 7 13 20 3 
0.1775804301083840 7 13 20 7 
0.1083834828687286 7 13 20 10 
-0.0063979007453631 7 13 21 2 
0.3075783273776549 7 13 21 6 
-0.0296584267679079 7 13 21 9 
-0.3023746399373937 7 13 22 1 
-0.1426300842251135 7 13 22 8 
-0.1000914957831545 7 13 23 0 
0.0265701056626162 7 14 0 17 
-0.2582834643175408 7 14 1 16 
0.2642951700230775 7 14 1 23 
-0.0212560845300929 7 14 2 15 
-1.0273342188714882 7 14 2 19 
0.3068986389397985 7 14 2 22 
0.3727193984635118 7 14 3 14 
-1.3301595885536928 7 14 3 18 
-0.2461636147663027 7 14 3 21 
-0.3567773350659420 7 14 4 13 
-0.4130649887637439 7 14 4 20 
-0.4658992480793896 7 14 5 12 
-0.5431333598131557 7 14 6 15 
-0.2174907210347557 7 14 6 22 
-1.1515454247369774 7 14 7 14 
-0.2174907210347557 7 14 7 21 
-0.3468856679442702 7 14 8 16 
0.0873427320804291 7 14 8 23 
-0.0192615690253288 7 14 9 15 
-0.9989458543484088 7 14 9 19 
0.1083144067673414 7 14 9 22 
0.1952411642413276 7 14 10 14 
-0.9989458543484088 7 14 10 18 
-0.0453993827066045 7 14 10 21 
-0.0841745454764548 7 14 11 13 
-0.0663710573935168 7 14 11 20 
0.4658992480793896 7 14 12 5 
0.3567773350659420 7 14 13 4 
0.0841745454764548 7 14 13 11 
-0.3727193984635117 7 14 14 3 
1.1515454247369774 7 14 14 7 
-0.1952411642413276 7 14 14 10 
0.0212560845300930 7 14 15 2 
0.5431333598131557 7 14 15 6 
0.0192615690253288 7 14 15 9 
0.2582834643175408 7 14 16 1 
0.3468856679442702 7 14 16 8 
-0.0265701056626162 7 14 17 0 
1.3301595885536928 7 14 18 3 
0.9989458543484088 7 14 18 10 
1.0273342188714882 7 14 19 2 
0.9989458543484088 7 14 19 9 
0.4130649887637439 7 14 20 4 
0.0663710573935168 7 14 20 11 
0.2461636147663027 7 14 21 3 
0.2174907210347557 7 14 21 7 
0.0453993827066045 7 14 21 10 
-0.3068986389397985 7 14 22 2 
0.2174907210347557 7 14 22 6 
-0.1083144067673414 7 14 22 9 
-0.2642951700230775 7 14 23 1 
-0.0873427320804291 7 14 23 8 
-0.1727089404157336 7 15 1 17 
-0.2635524141333200 7 15 2 16 
0.4263678877500485 7 15 2 23 
0.3514633139334188 7 15 3 15 
-1.4707207483893858 7 15 3 19 
0.1427895624289301 7 15 3 22 
0.0150303215127032 7 15 4 14 
-1.2540864868354988 7 15 4 18 
-0.4705684641657512 7 15 4 21 
-0.6131869211367397 7 15 5 13 
-0.3078804646669726 7 15 5 20 
-0.5120710424166873 7 15 6 16 
-0.1255683263356621 7 15 6 23 
-1.3325898780080292 7 15 7 15 
-0.2174907210347557 7 15 7 22 
-0.2585533113146025 7 15 8 17 
-0.2184345151977844 7 15 9 16 
0.1129627017826323 7 15 9 23 
0.1824001182244418 7 15 10 15 
-0.9989458543484085 7 15 10 19 
0.0419433493738246 7 15 10 22 
0.0333620161853643 7 15 11 14 
-0.5767416579139144 7 15 11 18 
-0.0645306936792479 7 15 11 21 
0.6131869211367397 7 15 13 5 
-0.0150303215127032 7 15 14 4 
-0.0333620161853643 7 15 14 11 
-0.3514633139334188 7 15 15 3 
1.3325898780080292 7 15 15 7 
-0.1824001182244418 7 15 15 10 
0.2635524141333200 7 15 16 2 
0.5120710424166873 7 15 16 6 
0.2184345151977844 7 15 16 9 
0.1727089404157336 7 15 17 1 
0.2585533113146025 7 15 17 8 
1.2540864868354988 7 15 18 4 
0.5767416579139144 7 15 18 11 
1.4707207483893858 7 15 19 3 
0.9989458543484085 7 15 19 10 
0.3078804646669726 7 15 20 5 
0.4705684641657512 7 15 21 4 
0.0645306936792479 7 15 21 11 
-0.1427895624289301 7 15 22 3 
0.2174907210347557 7 15 22 7 
-0.0419433493738246 7 15 22 10 
-0.4263678877500485 7 15 23 2 
0.1255683263356621 7 15 23 6 
-0.1129627017826323 7 15 23 9 
-0.3810654182900444 7 16 2 17 
0.0719237650857850 7 16 3 16 
0.5396718291989067 7 16 3 23 
0.3674053773309884 7 16 4 15 
-1.9141072779072834 7 16 4 19 
-0.1899525895952117 7 16 4 22 
-0.6013044086505475 7 16 5 14 
-0.9914424203097362 7 16 5 18 
-0.5605545455040420 7 16 5 21 
-0.4048277044633564 7 16 6 17 
-1.5136343312790812 7 16 7 16 
-0.1775804301083840 7 16 7 23 
-0.3310185679118523 7 16 9 17 
0.0279435912828924 7 16 10 16 
0.1055616434689416 7 16 10 23 
0.1470825664863920 7 16 11 15 
-0.8156358746074018 7 16 11 19 
-0.0199451400779794 7 16 11 22 
0.6013044086505475 7 16 14 5 
-0.3674053773309884 7 16 15 4 
-0.1470825664863920 7 16 15 11 
-0.0719237650857850 7 16 16 3 
1.5136343312790812 7 16 16 7 
-0.0279435912828924 7 16 16 10 
0.3810654182900444 7 16 17 2 
0.4048277044633564 7 16 17 6 
0.3310185679118523 7 16 17 9 
0.9914424203097362 7 16 18 5 
1.9141072779072834 7 16 19 4 
0.8156358746074018 7 16 19 11 
0.5605545455040420 7 16 21 5 
0.1899525895952117 7 16 22 4 
0.0199451400779794 7 16 22 11 
-0.5396718291989067 7 16 23 3 
0.1775804301083840 7 16 23 7 
-0.1055616434689416 7 16 23 10 
-0.4393291424167737 7 17 3 17 
0.5557122930101982 7 17 4 16 
0.5355002245049180 7 17 4 23 
-0.4393291424167737 7 17 5 15 
-2.3574938074251826 7 17 5 19 
-0.6913278171326267 7 17 5 22 
-1.6946787845501343 7 17 7 17 
-0.2681284165833206 7 17 10 17 
0.2076913784144330 7 17 11 16 
0.0663182583587415 7 17 11 23 
0.4393291424167737 7 17 15 5 
-0.5557122930101982 7 17 16 4 
-0.2076913784144330 7 17 16 11 
0.4393291424167737 7 17 17 3 
1.6946787845501343 7 17 17 7 
0.2681284165833206 7 17 17 10 
2.3574938074251826 7 17 19 5 
0.6913278171326267 7 17 22 5 
-0.5355002245049180 7 17 23 4 
-0.0663182583587415 7 17 23 11 
0.2175786262656689 7 18 0 17 
-0.3050981972530196 7 18 1 16 
0.4381953431998848 7 18 1 23 
0.3926177682403704 7 18 2 15 
-0.5366774992517362 7 18 2 22 
-0.4801373392277212 7 18 3 14 
0.5366774992517362 7 18 3 21 
0.5676569102150720 7 18 4 13 
-0.4381953431998848 7 18 4 20 
-0.6551764812024227 7 18 5 12 
-0.9776061366480389 7 18 6 19 
0.3151830036977173 7 18 6 22 
-2.6162833010809705 7 18 7 18 
-0.3151830036977173 7 18 7 21 
-0.4381953431998848 7 18 8 16 
0.4200296557537641 7 18 8 23 
0.5366774992517362 7 18 9 15 
-0.3151830036977173 7 18 9 19 
-0.3718040733852858 7 18 9 22 
-0.5366774992517362 7 18 10 14 
0.3151830036977173 7 18 10 18 
0.3235784910168074 7 18 10 21 
0.4381953431998848 7 18 11 13 
-0.2753529086483290 7 18 11 20 
0.6551764812024227 7 18 12 5 
-0.5676569102150720 7 18 13 4 
-0.4381953431998848 7 18 13 11 
0.4801373392277212 7 18 14 3 
0.5366774992517362 7 18 14 10 
-0.3926177682403704 7 18 15 2 
-0.5366774992517362 7 18 15 9 
0.3050981972530196 7 18 16 1 
0.4381953431998848 7 18 16 8 
-0.2175786262656689 7 18 17 0 
2.6162833010809705 7 18 18 7 
-0.3151830036977173 7 18 18 10 
0.9776061366480389 7 18 19 6 
0.3151830036977173 7 18 19 9 
0.4381953431998848 7 18 20 4 
0.2753529086483290 7 18 20 11 
-0.5366774992517362 7 18 21 3 
0.3151830036977173 7 18 21 7 
-0.3235784910168074 7 18 21 10 
0.5366774992517362 7 18 22 2 
-0.3151830036977173 7 18 22 6 
0.3718040733852858 7 18 22 9 
-0.4381953431998848 7 18 23 1 
-0.4200296557537641 7 18 23 8 
-0.1956997100893347 7 19 1 17 
0.2475427285267725 7 19 2 16 
0.3098508986610050 7 19 2 23 
-0.2625587129620523 7 19 3 15 
-0.5366774992517361 7 19 3 22 
0.2475427285267725 7 19 4 14 
0.7589765980622819 7 19 4 21 
-0.1956997100893347 7 19 5 13 
-0.9798345748187925 7 19 5 20 
0.5459129760866156 7 19 6 23 
-3.5938894377290089 7 19 7 19 
-0.3151830036977172 7 19 7 22 
-0.9798345748187925 7 19 8 17 
0.7589765980622819 7 19 9 16 
0.0835291588868024 7 19 9 23 
-0.5366774992517361 7 19 10 15 
-0.3151830036977172 7 19 10 19 
-0.0964511647369568 7 19 10 22 
0.3098508986610050 7 19 11 14 
0.5459129760866156 7 19 11 18 
0.0835291588868024 7 19 11 21 
0.1956997100893347 7 19 13 5 
-0.2475427285267725 7 19 14 4 
-0.3098508986610050 7 19 14 11 
0.2625587129620523 7 19 15 3 
0.5366774992517361 7 19 15 10 
-0.2475427285267725 7 19 16 2 
-0.7589765980622819 7 19 16 9 
0.1956997100893347 7 19 17 1 
0.9798345748187925 7 19 17 8 
-0.5459129760866156 7 19 18 11 
3.5938894377290089 7 19 19 7 
0.3151830036977172 7 19 19 10 
0.9798345748187925 7 19 20 5 
-0.7589765980622819 7 19 21 4 
-0.0835291588868024 7 19 21 11 
0.5366774992517361 7 19 22 3 
0.3151830036977172 7 19 22 7 
0.0964511647369568 7 19 22 10 
-0.3098508986610050 7 19 23 2 
-0.5459129760866156 7 19 23 6 
-0.0835291588868024 7 19 23 9 
-0.1754002365372963 7 20 0 16 
0.3771762888150851 7 20 0 23 
0.1070750627304321 7 20 1 15 
-0.8156358746074018 7 20 1 19 
-0.4138843351584941 7 20 1 22 
0.0081836024421716 7 20 2 14 
0.5767416579139144 7 20 2 18 
0.3787328784948083 7 20 2 21 
-0.1225062114808170 7 20 3 13 
-0.2683554864216511 7 20 3 20 
0.1875996307783156 7 20 4 12 
0.1255683263356621 7 20 6 14 
-0.5459129760866156 7 20 6 18 
0.2887274379692703 7 20 6 21 
-0.1775804301083840 7 20 7 13 
-1.5434840990953007 7 20 7 20 
-0.1578210207818702 7 20 8 15 
-1.8448076952276495 7 20 8 19 
-0.3606328773313242 7 20 8 22 
0.2657848935722666 7 20 9 14 
0.6324146178362077 7 20 9 18 
0.3186981235707979 7 20 9 21 
-0.3651722307268162 7 20 10 13 
-0.1913684649701622 7 20 10 20 
0.4576160398894468 7 20 11 12 
-0.1875996307783156 7 20 12 4 
-0.4576160398894468 7 20 12 11 
0.1225062114808170 7 20 13 3 
0.1775804301083840 7 20 13 7 
0.3651722307268162 7 20 13 10 
-0.0081836024421716 7 20 14 2 
-0.1255683263356621 7 20 14 6 
-0.2657848935722666 7 20 14 9 
-0.1070750627304321 7 20 15 1 
0.1578210207818702 7 20 15 8 
0.1754002365372963 7 20 16 0 
-0.5767416579139144 7 20 18 2 
0.5459129760866156 7 20 18 6 
-0.6324146178362077 7 20 18 9 
0.8156358746074018 7 20 19 1 
1.8448076952276495 7 20 19 8 
0.2683554864216511 7 20 20 3 
1.5434840990953007 7 20 20 7 
0.1913684649701622 7 20 20 10 
-0.3787328784948083 7 20 21 2 
-0.2887274379692703 7 20 21 6 
-0.3186981235707979 7 20 21 9 
0.4138843351584941 7 20 22 1 
0.3606328773313242 7 20 22 8 
-0.3771762888150851 7 20 23 0 
-0.2264407316765967 7 21 0 17 
-0.0515878864325576 7 21 1 16 
0.0730481598965538 7 21 1 23 
0.1890272604628251 7 21 2 15 
-0.9989458543484088 7 21 2 19 
-0.2385472304130322 7 21 2 22 
-0.1858773904142061 7 21 3 14 
0.9989458543484088 7 21 3 18 
0.3876291016281672 7 21 3 21 
0.0421382762867002 7 21 4 13 
-0.4382226742729499 7 21 4 20 
0.2421900819196923 7 21 5 12 
0.2174907210347557 7 21 6 15 
-0.3151830036977173 7 21 6 19 
0.3333937280679785 7 21 6 22 
-0.2174907210347557 7 21 7 14 
-0.3151830036977173 7 21 7 18 
-1.3767872350613115 7 21 7 21 
-0.2577206477338413 7 21 8 16 
-0.3606328773313242 7 21 8 23 
0.3025319187695823 7 21 9 15 
-1.4796829453804612 7 21 9 19 
0.0073680175363334 7 21 9 22 
-0.2894217959754240 7 21 10 14 
0.7302494996943776 7 21 10 18 
0.1766324298974954 7 21 10 21 
0.2256075364229227 7 21 11 13 
-0.1913684649701622 7 21 11 20 
-0.2421900819196923 7 21 12 5 
-0.0421382762867002 7 21 13 4 
-0.2256075364229227 7 21 13 11 
0.1858773904142060 7 21 14 3 
0.2174907210347557 7 21 14 7 
0.2894217959754240 7 21 14 10 
-0.1890272604628252 7 21 15 2 
-0.2174907210347557 7 21 15 6 
-0.3025319187695823 7 21 15 9 
0.0515878864325576 7 21 16 1 
0.2577206477338413 7 21 16 8 
0.2264407316765967 7 21 17 0 
-0.9989458543484088 7 21 18 3 
0.3151830036977173 7 21 18 7 
-0.7302494996943776 7 21 18 10 
0.9989458543484088 7 21 19 2 
0.3151830036977173 7 21 19 6 
1.4796829453804612 7 21 19 9 
0.4382226742729499 7 21 20 4 
0.1913684649701622 7 21 20 11 
-0.3876291016281672 7 21 21 3 
1.3767872350613115 7 21 21 7 
-0.1766324298974954 7 21 21 10 
0.2385472304130322 7 21 22 2 
-0.3333937280679785 7 21 22 6 
-0.0073680175363334 7 21 22 9 
-0.0730481598965538 7 21 23 1 
0.3606328773313242 7 21 23 8 
-0.3108454448911990 7 22 1 17 
0.1943686267576729 7 22 2 16 
-0.1032822631080008 7 22 2 23 
0.0047248050729287 7 22 3 15 
-0.9989458543484085 7 22 3 19 
0.0298082560086190 7 22 3 22 
-0.2032778046426128 7 22 4 14 
1.4127227752958975 7 22 4 18 
0.1686783642583249 7 22 4 21 
0.3178887684402019 7 22 5 13 
-0.4899478444780319 7 22 5 20 
0.3075783273776549 7 22 6 16 
0.2887274379692703 7 22 6 23 
-0.2174907210347557 7 22 7 15 
-0.3151830036977172 7 22 7 19 
-1.2100903710273221 7 22 7 22 
-0.2881404437690731 7 22 8 17 
0.2046521145574117 7 22 9 16 
-0.3059363428468100 7 22 9 23 
-0.1316007751935537 7 22 10 15 
-1.1145581955332722 7 22 10 19 
0.1840004474338288 7 22 10 22 
0.0684106100592453 7 22 11 14 
0.6324146178362077 7 22 11 18 
-0.0127617807239880 7 22 11 21 
-0.3178887684402019 7 22 13 5 
0.2032778046426128 7 22 14 4 
-0.0684106100592453 7 22 14 11 
-0.0047248050729287 7 22 15 3 
0.2174907210347557 7 22 15 7 
0.1316007751935537 7 22 15 10 
-0.1943686267576729 7 22 16 2 
-0.3075783273776549 7 22 16 6 
-0.2046521145574117 7 22 16 9 
0.3108454448911990 7 22 17 1 
0.2881404437690731 7 22 17 8 
-1.4127227752958975 7 22 18 4 
-0.6324146178362077 7 22 18 11 
0.9989458543484085 7 22 19 3 
0.3151830036977172 7 22 19 7 
1.1145581955332722 7 22 19 10 
0.4899478444780319 7 22 20 5 
-0.1686783642583249 7 22 21 4 
0.0127617807239880 7 22 21 11 
-0.0298082560086190 7 22 22 3 
1.2100903710273221 7 22 22 7 
-0.1840004474338288 7 22 22 10 
0.1032822631080008 7 22 23 2 
-0.2887274379692703 7 22 23 6 
0.3059363428468100 7 22 23 9 
-0.2566796677486862 7 23 2 17 
0.3443719113168736 7 23 3 16 
-0.1490818712151350 7 23 3 23 
-0.3443719113168736 7 23 4 15 
-0.8156358746074018 7 23 4 19 
0.2434496762509307 7 23 4 22 
0.2566796677486862 7 23 5 14 
1.8238172605096450 7 23 5 18 
-0.2721850125986986 7 23 5 21 
0.3970819131959968 7 23 6 17 
-0.1775804301083840 7 23 7 16 
-1.0433935069933331 7 23 7 23 
-0.0239356999534105 7 23 9 17 
0.0214087408739458 7 23 10 16 
-0.1692644123611619 7 23 10 23 
-0.0131101227941583 7 23 11 15 
-0.7494334456860834 7 23 11 19 
0.1692644123611619 7 23 11 22 
-0.2566796677486862 7 23 14 5 
0.3443719113168736 7 23 15 4 
0.0131101227941583 7 23 15 11 
-0.3443719113168736 7 23 16 3 
0.1775804301083840 7 23 16 7 
-0.0214087408739458 7 23 16 10 
0.2566796677486862 7 23 17 2 
-0.3970819131959968 7 23 17 6 
0.0239356999534105 7 23 17 9 
-1.8238172605096450 7 23 18 5 
0.8156358746074018 7 23 19 4 
0.7494334456860834 7 23 19 11 
0.2721850125986986 7 23 21 5 
-0.2434496762509307 7 23 22 4 
-0.1692644123611619 7 23 22 11 
0.1490818712151350 7 23 23 3 
1.0433935069933331 7 23 23 7 
0.1692644123611619 7 23 23 10 
1.2933661365822267 8 0 0 1 
1.3997498370816865 8 0 0 8 
-1.2933661365822267 8 0 1 0 
-1.3997498370816865 8 0 8 0 
1.0224957100330649 8 1 0 2 
-0.3278088460904849 8 1 0 6 
1.0375607107891867 8 1 0 9 
0.5960587663685566 8 1 1 8 
-1.0224957100330649 8 1 2 0 
0.3278088460904849 8 1 6 0 
-0.5960587663685566 8 1 8 1 
-1.0375607107891867 8 1 9 0 
0.6664940334930611 8 2 0 3 
-0.0493271533523701 8 2 0 7 
0.6521814402343425 8 2 0 10 
0.3991705572891228 8 2 1 2 
-0.3925892627125146 8 2 1 6 
0.7290932091077451 8 2 1 9 
-0.3991705572891228 8 2 2 1 
0.1495821820579833 8 2 2 8 
-0.6664940334930611 8 2 3 0 
0.3925892627125146 8 2 6 1 
0.1359717484209768 8 2 6 8 
0.0493271533523701 8 2 7 0 
-0.1495821820579833 8 2 8 2 
-0.1359717484209768 8 2 8 6 
0.1842741282128616 8 2 8 9 
-0.7290932091077451 8 2 9 1 
-0.1842741282128616 8 2 9 8 
-0.6521814402343425 8 2 10 0 
0.3913516420768873 8 3 0 4 
0.4065143470015986 8 3 0 11 
0.3991705572891229 8 3 1 3 
-0.0661793208194737 8 3 1 7 
0.5601085612303089 8 3 1 10 
-0.3930058715646842 8 3 2 6 
0.3772635665691301 8 3 2 9 
-0.3991705572891229 8 3 3 1 
-0.0682310396561424 8 3 3 8 
-0.3913516420768873 8 3 4 0 
0.3930058715646842 8 3 6 2 
0.1716928731672461 8 3 6 9 
0.0661793208194737 8 3 7 1 
0.1105344656397808 8 3 7 8 
0.0682310396561424 8 3 8 3 
-0.1105344656397808 8 3 8 7 
0.2764111923192923 8 3 8 10 
-0.3772635665691301 8 3 9 2 
-0.1716928731672461 8 3 9 6 
-0.5601085612303089 8 3 10 1 
-0.2764111923192923 8 3 10 8 
-0.4065143470015986 8 3 11 0 
0.1969598289062796 8 4 0 5 
0.2980651930977013 8 4 1 4 
0.5142044952244369 8 4 1 11 
0.1011053641914217 8 4 2 3 
-0.0661793208194737 8 4 2 7 
0.2452239020439941 8 4 2 10 
-0.1011053641914217 8 4 3 2 
-0.3484697154995322 8 4 3 6 
0.1922049002582099 8 4 3 9 
-0.2980651930977013 8 4 4 1 
-0.1859320225799297 8 4 4 8 
-0.1969598289062796 8 4 5 0 
0.3484697154995322 8 4 6 3 
0.1525593765263688 8 4 6 10 
0.0661793208194737 8 4 7 2 
0.1805020265391086 8 4 7 9 
0.1859320225799297 8 4 8 4 
0.2256887934588583 8 4 8 11 
-0.1922049002582099 8 4 9 3 
-0.1805020265391086 8 4 9 7 
0.2256887934588583 8 4 9 10 
-0.2452239020439941 8 4 10 2 
-0.1525593765263688 8 4 10 6 
-0.2256887934588583 8 4 10 9 
-0.5142044952244369 8 4 11 1 
-0.2256887934588583 8 4 11 8 
0.1969598289062796 8 5 1 5 
0.0799308086264302 8 5 2 4 
0.4065143470015986 8 5 2 11 
-0.0493271533523701 8 5 3 7 
-0.0519220627781111 8 5 3 10 
-0.0799308086264302 8 5 4 2 
-0.2580497168263055 8 5 4 6 
0.1886657582489533 8 5 4 9 
-0.1969598289062796 8 5 5 1 
-0.3320718905194877 8 5 5 8 
0.2580497168263055 8 5 6 4 
0.0804397510743616 8 5 6 11 
0.0493271533523701 8 5 7 3 
0.2018074007089588 8 5 7 10 
0.3320718905194877 8 5 8 5 
-0.1886657582489533 8 5 9 4 
0.2913629794972679 8 5 9 11 
0.0519220627781111 8 5 10 3 
-0.2018074007089588 8 5 10 7 
-0.4065143470015986 8 5 11 2 
-0.0804397510743616 8 5 11 6 
-0.2913629794972679 8 5 11 9 
0.5133593354973722 8 6 0 3 
1.4267353473136482 8 6 0 7 
0.2482493126452881 8 6 0 10 
-0.6887438226337471 8 6 1 2 
-0.6380554444990176 8 6 1 6 
-0.2220409353769849 8 6 1 9 
0.6887438226337471 8 6 2 1 
0.1359717484209768 8 6 2 8 
-0.5133593354973722 8 6 3 0 
0.6380554444990176 8 6 6 1 
0.2939600613072497 8 6 6 8 
-1.4267353473136482 8 6 7 0 
-0.1359717484209768 8 6 8 2 
-0.2939600613072497 8 6 8 6 
0.3385288247223238 8 6 8 9 
0.2220409353769849 8 6 9 1 
-0.3385288247223238 8 6 9 8 
-0.2482493126452881 8 6 10 0 
0.3629998673156118 8 7 0 4 
0.0804397510743616 8 7 0 11 
-0.2295812742112490 8 7 1 3 
0.6380554444990176 8 7 1 7 
0.0487121044316779 8 7 1 10 
-0.4511733315782523 8 7 2 6 
-0.1129479849225417 8 7 2 9 
0.2295812742112490 8 7 3 1 
0.1105344656397808 8 7 3 8 
-0.3629998673156118 8 7 4 0 
0.4511733315782523 8 7 6 2 
0.3436871798669372 8 7 6 9 
-0.6380554444990176 8 7 7 1 
-0.3013235961323488 8 7 7 8 
-0.1105344656397808 8 7 8 3 
0.3013235961323488 8 7 8 7 
0.1692644123611619 8 7 8 10 
0.1129479849225417 8 7 9 2 
-0.3436871798669372 8 7 9 6 
-0.0487121044316779 8 7 10 1 
-0.1692644123611619 8 7 10 8 
-0.0804397510743616 8 7 11 0 
-0.7056519537228146 8 9 0 3 
-0.2806416996482677 8 9 0 7 
-0.3364369892892780 8 9 0 10 
0.9467314421878495 8 9 1 2 
0.1255067835469210 8 9 1 6 
0.3009183912784777 8 9 1 9 
-0.9467314421878495 8 9 2 1 
-0.1842741282128616 8 9 2 8 
0.7056519537228146 8 9 3 0 
-0.1255067835469210 8 9 6 1 
-0.3385288247223238 8 9 6 8 
0.2806416996482677 8 9 7 0 
0.1842741282128616 8 9 8 2 
0.3385288247223238 8 9 8 6 
-0.0943695121006135 8 9 8 9 
-0.3009183912784777 8 9 9 1 
0.0943695121006135 8 9 9 8 
0.3364369892892780 8 9 10 0 
-0.9979425632698761 8 10 0 4 
-0.2913629794972679 8 10 0 11 
0.6311542947918997 8 10 1 3 
-0.2510135670938421 8 10 1 7 
-0.0752295978196195 8 10 1 10 
0.1774933954618802 8 10 2 6 
0.2659767938209481 8 10 2 9 
-0.6311542947918997 8 10 3 1 
-0.2764111923192923 8 10 3 8 
0.9979425632698761 8 10 4 0 
-0.1774933954618802 8 10 6 2 
-0.2931745621228219 8 10 6 9 
0.2510135670938421 8 10 7 1 
-0.1692644123611619 8 10 7 8 
0.2764111923192923 8 10 8 3 
0.1692644123611619 8 10 8 7 
-0.0943695121006135 8 10 8 10 
-0.2659767938209481 8 10 9 2 
0.2931745621228219 8 10 9 6 
0.0752295978196195 8 10 10 1 
0.0943695121006135 8 10 10 8 
0.2913629794972679 8 10 11 0 
-1.8713509887516224 8 11 0 5 
1.0983480031484683 8 11 1 4 
-0.2256887934588583 8 11 1 11 
-0.7118465103468912 8 11 2 3 
-0.1537137894739458 8 11 2 7 
0.0921370641064308 8 11 2 10 
0.7118465103468911 8 11 3 2 
0.1537137894739458 8 11 3 6 
0.0921370641064308 8 11 3 9 
-1.0983480031484683 8 11 4 1 
-0.2256887934588583 8 11 4 8 
1.8713509887516224 8 11 5 0 
-0.1537137894739458 8 11 6 3 
-0.6953825644020930 8 11 6 7 
-0.1692644123611619 8 11 6 10 
0.1537137894739458 8 11 7 2 
0.6953825644020930 8 11 7 6 
-0.1692644123611619 8 11 7 9 
0.2256887934588583 8 11 8 4 
-0.9672390547232278 8 11 8 11 
-0.0921370641064308 8 11 9 3 
0.1692644123611619 8 11 9 7 
0.8728695426226144 8 11 9 10 
-0.0921370641064308 8 11 10 2 
0.1692644123611619 8 11 10 6 
-0.8728695426226144 8 11 10 9 
0.2256887934588583 8 11 11 1 
0.9672390547232278 8 11 11 8 
0.6466830682911134 8 12 0 13 
-1.5377192264361770 8 12 0 20 
-0.6466830682911134 8 12 1 12 
-2.9374690635178635 8 12 8 12 
0.6466830682911134 8 12 12 1 
2.9374690635178635 8 12 12 8 
-0.6466830682911134 8 12 13 0 
1.5377192264361770 8 12 20 0 
0.0004233557040303 8 13 0 14 
-0.5355002245049180 8 13 0 18 
-0.2801460825130388 8 13 0 21 
0.6461475609770495 8 13 1 13 
-1.3207190040205274 8 13 1 20 
-1.0220723543290351 8 13 2 12 
-0.2076913784144330 8 13 6 12 
-1.9167777703890840 8 13 8 13 
-0.5999422207149906 8 13 8 20 
-1.3177067933022257 8 13 9 12 
1.0220723543290351 8 13 12 2 
0.2076913784144330 8 13 12 6 
1.3177067933022257 8 13 12 9 
-0.6461475609770495 8 13 13 1 
1.9167777703890840 8 13 13 8 
-0.0004233557040303 8 13 14 0 
0.5355002245049180 8 13 18 0 
1.3207190040205274 8 13 20 1 
0.5999422207149906 8 13 20 8 
0.2801460825130388 8 13 21 0 
-0.3891679181736558 8 14 0 15 
-0.3078804646669727 8 14 0 19 
-0.3756935814198678 8 14 0 22 
0.5226590591330861 8 14 1 14 
-0.5396718291989067 8 14 1 18 
-0.0183293246197974 8 14 1 21 
0.1234885018439633 8 14 2 13 
-1.3094946308584425 8 14 2 20 
-1.0556619516667172 8 14 3 12 
-0.1470825664863920 8 14 6 13 
-0.0131101227941583 8 14 6 20 
-0.2585533113146026 8 14 7 12 
-1.4590768129164258 8 14 8 14 
-0.1490818712151350 8 14 8 18 
-0.3977137078615461 8 14 8 21 
-0.7474225337275426 8 14 9 13 
-0.5819878360744077 8 14 9 20 
-1.0278750216542103 8 14 10 12 
1.0556619516667172 8 14 12 3 
0.2585533113146026 8 14 12 7 
1.0278750216542103 8 14 12 10 
-0.1234885018439633 8 14 13 2 
0.1470825664863920 8 14 13 6 
0.7474225337275426 8 14 13 9 
-0.5226590591330861 8 14 14 1 
1.4590768129164258 8 14 14 8 
0.3891679181736558 8 14 15 0 
0.5396718291989067 8 14 18 1 
0.1490818712151350 8 14 18 8 
0.3078804646669727 8 14 19 0 
1.3094946308584425 8 14 20 2 
0.0131101227941583 8 14 20 6 
0.5819878360744077 8 14 20 9 
0.0183293246197974 8 14 21 1 
0.3977137078615461 8 14 21 8 
0.3756935814198678 8 14 22 0 
-0.6198953858406711 8 15 0 16 
-0.0147520690846943 8 15 0 23 
0.2619889802951424 8 15 1 15 
-0.4130649887637437 8 15 1 19 
-0.4926189284816812 8 15 1 22 
0.2764823705981130 8 15 2 14 
-0.4263678877500485 8 15 2 18 
0.3288930002704052 8 15 2 21 
-0.1371815769939805 8 15 3 13 
-1.4993810930991449 8 15 3 20 
-1.0112470279175583 8 15 4 12 
-0.0333620161853643 8 15 6 14 
-0.3098508986610050 8 15 6 18 
0.0684106100592453 8 15 6 21 
-0.3468856679442701 8 15 7 13 
-0.1578210207818702 8 15 7 20 
-1.4311500534430026 8 15 8 15 
-0.2683554864216511 8 15 8 19 
-0.1718319851779822 8 15 8 22 
-0.0483705662987250 8 15 9 14 
-0.1032822631080008 8 15 9 18 
-0.4904458630870121 8 15 9 21 
-1.0527274897119903 8 15 10 13 
-0.4482431774972745 8 15 10 20 
-0.4212664160862929 8 15 11 12 
1.0112470279175583 8 15 12 4 
0.4212664160862929 8 15 12 11 
0.1371815769939805 8 15 13 3 
0.3468856679442701 8 15 13 7 
1.0527274897119903 8 15 13 10 
-0.2764823705981130 8 15 14 2 
0.0333620161853643 8 15 14 6 
0.0483705662987250 8 15 14 9 
-0.2619889802951424 8 15 15 1 
1.4311500534430026 8 15 15 8 
0.6198953858406711 8 15 16 0 
0.4263678877500485 8 15 18 2 
0.3098508986610050 8 15 18 6 
0.1032822631080008 8 15 18 9 
0.4130649887637437 8 15 19 1 
0.2683554864216511 8 15 19 8 
1.4993810930991449 8 15 20 3 
0.1578210207818702 8 15 20 7 
0.4482431774972745 8 15 20 10 
-0.3288930002704052 8 15 21 2 
-0.0684106100592453 8 15 21 6 
0.4904458630870121 8 15 21 9 
0.4926189284816812 8 15 22 1 
0.1718319851779822 8 15 22 8 
0.0147520690846943 8 15 23 0 
-0.8652137908946246 8 16 0 17 
0.0811012587804596 8 16 1 16 
-0.0186600554031159 8 16 1 23 
0.1808877215146828 8 16 2 15 
-0.4130649887637439 8 16 2 19 
-0.4811920249042567 8 16 2 22 
0.0797823573232611 8 16 3 14 
-0.2642951700230775 8 16 3 18 
0.6308779776374944 8 16 3 21 
-0.2169639343172417 8 16 4 13 
-1.8857133768918548 8 16 4 20 
-1.0621736198009040 8 16 5 12 
0.0841745454764548 8 16 6 15 
-0.4381953431998848 8 16 6 19 
0.2256075364229227 8 16 6 22 
-0.3468856679442702 8 16 7 14 
-0.4381953431998848 8 16 7 18 
-0.2577206477338413 8 16 7 21 
-1.6997813543119249 8 16 8 16 
-0.0466472579194061 8 16 8 23 
0.4386730773792846 8 16 9 15 
-0.4382226742729499 8 16 9 19 
-0.2339531988642862 8 16 9 22 
-0.7264159269482509 8 16 10 14 
0.0730481598965538 8 16 10 18 
-0.4596419923231446 8 16 10 21 
-0.5328645506275528 8 16 11 13 
-0.2723360513782645 8 16 11 20 
1.0621736198009040 8 16 12 5 
0.2169639343172417 8 16 13 4 
0.5328645506275528 8 16 13 11 
-0.0797823573232611 8 16 14 3 
0.3468856679442702 8 16 14 7 
0.7264159269482509 8 16 14 10 
-0.1808877215146828 8 16 15 2 
-0.0841745454764548 8 16 15 6 
-0.4386730773792846 8 16 15 9 
-0.0811012587804596 8 16 16 1 
1.6997813543119249 8 16 16 8 
0.8652137908946246 8 16 17 0 
0.2642951700230775 8 16 18 3 
0.4381953431998848 8 16 18 7 
-0.0730481598965538 8 16 18 10 
0.4130649887637439 8 16 19 2 
0.4381953431998848 8 16 19 6 
0.4382226742729499 8 16 19 9 
1.8857133768918548 8 16 20 4 
0.2723360513782645 8 16 20 11 
-0.6308779776374944 8 16 21 3 
0.2577206477338413 8 16 21 7 
0.4596419923231446 8 16 21 10 
0.4811920249042567 8 16 22 2 
-0.2256075364229227 8 16 22 6 
0.2339531988642862 8 16 22 9 
0.0186600554031159 8 16 23 1 
0.0466472579194061 8 16 23 8 
-0.8652137908946245 8 17 1 17 
0.7481277352671621 8 17 2 16 
-0.0147520690846943 8 17 2 23 
-0.5705158458675657 8 17 3 15 
-0.3078804646669726 8 17 3 19 
-0.3501422482484111 8 17 3 22 
0.6681969266407319 8 17 4 14 
-0.1000914957831545 8 17 4 18 
0.7463407918601687 8 17 4 21 
-1.0621736198009040 8 17 5 13 
-2.4638264683857916 8 17 5 20 
0.1579582210431509 8 17 6 16 
0.4576160398894468 8 17 6 23 
-0.2585533113146025 8 17 7 15 
-0.9798345748187925 8 17 7 19 
-0.2881404437690731 8 17 7 22 
-2.1317545778663045 8 17 8 17 
0.5576750336112156 8 17 9 16 
-0.0602213510227006 8 17 9 23 
-0.2982201854702999 8 17 10 15 
-0.4899478444780319 8 17 10 19 
-0.2094144082711564 8 17 10 22 
-0.4212664160862929 8 17 11 14 
0.3771762888150851 8 17 11 18 
-0.3515843305199685 8 17 11 21 
1.0621736198009040 8 17 13 5 
-0.6681969266407319 8 17 14 4 
0.4212664160862929 8 17 14 11 
0.5705158458675657 8 17 15 3 
0.2585533113146025 8 17 15 7 
0.2982201854702999 8 17 15 10 
-0.7481277352671621 8 17 16 2 
-0.1579582210431509 8 17 16 6 
-0.5576750336112156 8 17 16 9 
0.8652137908946245 8 17 17 1 
2.1317545778663045 8 17 17 8 
0.1000914957831545 8 17 18 4 
-0.3771762888150851 8 17 18 11 
0.3078804646669726 8 17 19 3 
0.9798345748187925 8 17 19 7 
0.4899478444780319 8 17 19 10 
2.4638264683857916 8 17 20 5 
-0.7463407918601687 8 17 21 4 
0.3515843305199685 8 17 21 11 
0.3501422482484111 8 17 22 3 
0.2881404437690731 8 17 22 7 
0.2094144082711564 8 17 22 10 
0.0147520690846943 8 17 23 2 
-0.4576160398894468 8 17 23 6 
0.0602213510227006 8 17 23 9 
0.2566796677486862 8 18 0 15 
-0.3970819131959968 8 18 0 19 
-0.0239356999534105 8 18 0 22 
-0.3443719113168736 8 18 1 14 
0.1775804301083840 8 18 1 18 
0.0214087408739458 8 18 1 21 
0.3443719113168736 8 18 2 13 
-0.0131101227941583 8 18 2 20 
-0.2566796677486862 8 18 3 12 
0.8156358746074018 8 18 6 13 
-0.7494334456860834 8 18 6 20 
-1.8238172605096450 8 18 7 12 
-0.1490818712151350 8 18 8 14 
-1.0433935069933331 8 18 8 18 
0.1692644123611619 8 18 8 21 
0.2434496762509307 8 18 9 13 
-0.1692644123611619 8 18 9 20 
-0.2721850125986986 8 18 10 12 
0.2566796677486862 8 18 12 3 
1.8238172605096450 8 18 12 7 
0.2721850125986986 8 18 12 10 
-0.3443719113168736 8 18 13 2 
-0.8156358746074018 8 18 13 6 
-0.2434496762509307 8 18 13 9 
0.3443719113168736 8 18 14 1 
0.1490818712151350 8 18 14 8 
-0.2566796677486862 8 18 15 0 
-0.1775804301083840 8 18 18 1 
1.0433935069933331 8 18 18 8 
0.3970819131959968 8 18 19 0 
0.0131101227941583 8 18 20 2 
0.7494334456860834 8 18 20 6 
0.1692644123611619 8 18 20 9 
-0.0214087408739458 8 18 21 1 
-0.1692644123611619 8 18 21 8 
0.0239356999534105 8 18 22 0 
0.1875996307783156 8 19 0 16 
0.4576160398894468 8 19 0 23 
-0.1225062114808170 8 19 1 15 
-0.1775804301083840 8 19 1 19 
-0.3651722307268162 8 19 1 22 
0.0081836024421716 8 19 2 14 
0.1255683263356621 8 19 2 18 
0.2657848935722666 8 19 2 21 
0.1070750627304321 8 19 3 13 
-0.1578210207818702 8 19 3 20 
-0.1754002365372963 8 19 4 12 
0.5767416579139144 8 19 6 14 
-0.5459129760866156 8 19 6 18 
0.6324146178362077 8 19 6 21 
-0.8156358746074018 8 19 7 13 
-1.8448076952276495 8 19 7 20 
-0.2683554864216511 8 19 8 15 
-1.5434840990953007 8 19 8 19 
-0.1913684649701622 8 19 8 22 
0.3787328784948083 8 19 9 14 
0.2887274379692703 8 19 9 18 
0.3186981235707979 8 19 9 21 
-0.4138843351584941 8 19 10 13 
-0.3606328773313242 8 19 10 20 
0.3771762888150851 8 19 11 12 
0.1754002365372963 8 19 12 4 
-0.3771762888150851 8 19 12 11 
-0.1070750627304321 8 19 13 3 
0.8156358746074018 8 19 13 7 
0.4138843351584941 8 19 13 10 
-0.0081836024421716 8 19 14 2 
-0.5767416579139144 8 19 14 6 
-0.3787328784948083 8 19 14 9 
0.1225062114808170 8 19 15 1 
0.2683554864216511 8 19 15 8 
-0.1875996307783156 8 19 16 0 
-0.1255683263356621 8 19 18 2 
0.5459129760866156 8 19 18 6 
-0.2887274379692703 8 19 18 9 
0.1775804301083840 8 19 19 1 
1.5434840990953007 8 19 19 8 
0.1578210207818702 8 19 20 3 
1.8448076952276495 8 19 20 7 
0.3606328773313242 8 19 20 10 
-0.2657848935722666 8 19 21 2 
-0.6324146178362077 8 19 21 6 
-0.3186981235707979 8 19 21 9 
0.3651722307268162 8 19 22 1 
0.1913684649701622 8 19 22 8 
-0.4576160398894468 8 19 23 0 
0.6021559374090395 8 20 0 14 
0.0663182583587415 8 20 0 18 
0.7745220765052842 8 20 0 21 
-0.7616737075225419 8 20 1 13 
-0.5999422207149906 8 20 1 20 
0.6021559374090395 8 20 2 12 
0.0663182583587415 8 20 6 12 
-0.5999422207149906 8 20 8 13 
-2.8737163541110831 8 20 8 20 
0.7745220765052842 8 20 9 12 
-0.6021559374090395 8 20 12 2 
-0.0663182583587415 8 20 12 6 
-0.7745220765052842 8 20 12 9 
0.7616737075225419 8 20 13 1 
0.5999422207149906 8 20 13 8 
-0.6021559374090395 8 20 14 0 
-0.0663182583587415 8 20 18 0 
0.5999422207149906 8 20 20 1 
2.8737163541110831 8 20 20 8 
-0.7745220765052842 8 20 21 0 
0.1686563619744533 8 21 0 15 
-0.1211764176663306 8 21 0 19 
0.2789520347189947 8 21 0 22 
0.2401517293534123 8 21 1 14 
0.1055616434689416 8 21 1 18 
0.3504399358775691 8 21 1 21 
-0.7065797128344374 8 21 2 13 
-0.5819878360744077 8 21 2 20 
0.8743083156972680 8 21 3 12 
-0.0199451400779794 8 21 6 13 
-0.1692644123611619 8 21 6 20 
0.1594652819819371 8 21 7 12 
-0.3977137078615461 8 21 8 14 
0.1692644123611619 8 21 8 18 
-1.4840429331058480 8 21 8 21 
0.0495215445990912 8 21 9 13 
-1.3896734210052346 8 21 9 20 
0.6153890240082727 8 21 10 12 
-0.8743083156972680 8 21 12 3 
-0.1594652819819371 8 21 12 7 
-0.6153890240082727 8 21 12 10 
0.7065797128344374 8 21 13 2 
0.0199451400779794 8 21 13 6 
-0.0495215445990912 8 21 13 9 
-0.2401517293534123 8 21 14 1 
0.3977137078615461 8 21 14 8 
-0.1686563619744533 8 21 15 0 
-0.1055616434689416 8 21 18 1 
-0.1692644123611619 8 21 18 8 
0.1211764176663306 8 21 19 0 
0.5819878360744077 8 21 20 2 
0.1692644123611619 8 21 20 6 
1.3896734210052346 8 21 20 9 
-0.3504399358775691 8 21 21 1 
1.4840429331058480 8 21 21 8 
-0.2789520347189947 8 21 22 0 
0.1299266911630246 8 22 0 16 
0.0602213510227006 8 22 0 23 
-0.0134948730846962 8 22 1 15 
-0.1083834828687286 8 22 1 19 
0.2028550269180154 8 22 1 22 
0.1841263907436352 8 22 2 14 
0.1129627017826323 8 22 2 18 
0.1043582899260997 8 22 2 21 
-0.6446491678765960 8 22 3 13 
-0.4482431774972744 8 22 3 20 
1.1278692544329005 8 22 4 12 
-0.0645306936792479 8 22 6 14 
0.0835291588868024 8 22 6 18 
0.0127617807239880 8 22 6 21 
0.1426300842251135 8 22 7 13 
-0.3606328773313242 8 22 7 20 
-0.1718319851779821 8 22 8 15 
-0.1913684649701622 8 22 8 19 
-1.1039101366217139 8 22 8 22 
-0.1616185038948485 8 22 9 14 
0.3059363428468100 8 22 9 18 
-0.4389395447558401 8 22 9 21 
0.2780846247376348 8 22 10 13 
-1.0095406245211005 8 22 10 20 
0.3515843305199685 8 22 11 12 
-1.1278692544329005 8 22 12 4 
-0.3515843305199685 8 22 12 11 
0.6446491678765960 8 22 13 3 
-0.1426300842251135 8 22 13 7 
-0.2780846247376348 8 22 13 10 
-0.1841263907436352 8 22 14 2 
0.0645306936792479 8 22 14 6 
0.1616185038948485 8 22 14 9 
0.0134948730846962 8 22 15 1 
0.1718319851779821 8 22 15 8 
-0.1299266911630246 8 22 16 0 
-0.1129627017826323 8 22 18 2 
-0.0835291588868024 8 22 18 6 
-0.3059363428468100 8 22 18 9 
0.1083834828687286 8 22 19 1 
0.1913684649701622 8 22 19 8 
0.4482431774972744 8 22 20 3 
0.3606328773313242 8 22 20 7 
1.0095406245211005 8 22 20 10 
-0.1043582899260997 8 22 21 2 
-0.0127617807239880 8 22 21 6 
0.4389395447558401 8 22 21 9 
-0.2028550269180154 8 22 22 1 
1.1039101366217139 8 22 22 8 
-0.0602213510227006 8 22 23 0 
-0.1938658740223431 8 23 0 17 
0.2945066562427888 8 23 1 16 
0.0466472579194061 8 23 1 23 
-0.3027705445430698 8 23 2 15 
-0.0663710573935168 8 23 2 19 
0.0956573319762844 8 23 2 22 
0.4090759658038216 8 23 3 14 
0.0873427320804291 8 23 3 18 
-0.0035202678698537 8 23 3 21 
-0.8038413469056797 8 23 4 13 
-0.2723360513782645 8 23 4 20 
1.6774851147292800 8 23 5 12 
-0.0663710573935168 8 23 6 15 
-0.2753529086483290 8 23 6 19 
0.1913684649701622 8 23 6 22 
0.0873427320804291 8 23 7 14 
0.4200296557537641 8 23 7 18 
-0.3606328773313242 8 23 7 21 
-0.0466472579194061 8 23 8 16 
-1.3502785096909542 8 23 8 23 
-0.0956573319762844 8 23 9 15 
-0.1913684649701622 8 23 9 19 
0.2463683730692401 8 23 9 22 
0.0035202678698537 8 23 10 14 
0.3606328773313242 8 23 10 18 
-0.6265011695533745 8 23 10 21 
0.2723360513782645 8 23 11 13 
-0.3830394549677261 8 23 11 20 
-1.6774851147292800 8 23 12 5 
0.8038413469056797 8 23 13 4 
-0.2723360513782645 8 23 13 11 
-0.4090759658038216 8 23 14 3 
-0.0873427320804291 8 23 14 7 
-0.0035202678698537 8 23 14 10 
0.3027705445430698 8 23 15 2 
0.0663710573935168 8 23 15 6 
0.0956573319762844 8 23 15 9 
-0.2945066562427888 8 23 16 1 
0.0466472579194061 8 23 16 8 
0.1938658740223431 8 23 17 0 
-0.0873427320804291 8 23 18 3 
-0.4200296557537641 8 23 18 7 
-0.3606328773313242 8 23 18 10 
0.0663710573935168 8 23 19 2 
0.2753529086483290 8 23 19 6 
0.1913684649701622 8 23 19 9 
0.2723360513782645 8 23 20 4 
0.3830394549677261 8 23 20 11 
0.0035202678698537 8 23 21 3 
0.3606328773313242 8 23 21 7 
0.6265011695533745 8 23 21 10 
-0.0956573319762844 8 23 22 2 
-0.1913684649701622 8 23 22 6 
-0.2463683730692401 8 23 22 9 
-0.0466472579194061 8 23 23 1 
1.3502785096909542 8 23 23 8 
0.7920217713053178 9 0 0 2 
0.4231994005493061 9 0 0 6 
0.0602647192264699 9 0 0 9 
1.0375607107891867 9 0 1 8 
-0.7920217713053178 9 0 2 0 
-0.4231994005493061 9 0 6 0 
-1.0375607107891867 9 0 8 1 
-0.0602647192264699 9 0 9 0 
0.6826343211868555 9 1 0 3 
-0.1087096214148664 9 1 0 7 
0.1330640791577111 9 1 0 10 
0.6681934950416950 9 1 1 2 
0.2178961808781040 9 1 1 6 
0.7449396593955777 9 1 1 9 
-0.6681934950416950 9 1 2 1 
0.7290932091077451 9 1 2 8 
-0.6826343211868555 9 1 3 0 
-0.2178961808781040 9 1 6 1 
-0.2220409353769849 9 1 6 8 
0.1087096214148664 9 1 7 0 
-0.7290932091077451 9 1 8 2 
0.2220409353769849 9 1 8 6 
-0.3009183912784777 9 1 8 9 
-0.7449396593955777 9 1 9 1 
0.3009183912784777 9 1 9 8 
-0.1330640791577111 9 1 10 0 
0.4105392714089486 9 2 0 4 
-0.0519220627781111 9 2 0 11 
0.8604400973550779 9 2 1 3 
-0.1757166515881474 9 2 1 7 
0.7137104541912299 9 2 1 10 
0.0396105557955117 9 2 2 6 
0.6867467417438013 9 2 2 9 
-0.8604400973550779 9 2 3 1 
0.3772635665691301 9 2 3 8 
-0.4105392714089486 9 2 4 0 
-0.0396105557955117 9 2 6 2 
-0.1614090312021726 9 2 6 9 
0.1757166515881474 9 2 7 1 
-0.1129479849225417 9 2 7 8 
-0.3772635665691301 9 2 8 3 
0.1129479849225417 9 2 8 7 
-0.2659767938209481 9 2 8 10 
-0.6867467417438013 9 2 9 2 
0.1614090312021726 9 2 9 6 
-0.7137104541912299 9 2 10 1 
0.2659767938209481 9 2 10 8 
0.0519220627781111 9 2 11 0 
0.1835987436607290 9 3 0 5 
0.6703371657764001 9 3 1 4 
0.2452239020439941 9 3 1 11 
0.4867384221156710 9 3 2 3 
-0.2269020457409739 9 3 2 7 
0.9498309386526880 9 3 2 10 
-0.4867384221156710 9 3 3 2 
-0.1116574746984709 9 3 3 6 
0.2713393376894683 9 3 3 9 
-0.6703371657764001 9 3 4 1 
0.1922049002582099 9 3 4 8 
-0.1835987436607290 9 3 5 0 
0.1116574746984709 9 3 6 3 
-0.0508745655623919 9 3 6 10 
0.2269020457409739 9 3 7 2 
-0.0850971828585849 9 3 7 9 
-0.1922049002582099 9 3 8 4 
-0.0921370641064308 9 3 8 11 
-0.2713393376894683 9 3 9 3 
0.0850971828585849 9 3 9 7 
-0.0921370641064308 9 3 9 10 
-0.9498309386526880 9 3 10 2 
0.0508745655623919 9 3 10 6 
0.0921370641064308 9 3 10 9 
-0.2452239020439941 9 3 11 1 
0.0921370641064308 9 3 11 8 
0.3848005096504983 9 4 1 5 
0.5486525602474822 9 4 2 4 
0.5601085612303089 9 4 2 11 
-0.2521339489679668 9 4 3 7 
0.7137104541912299 9 4 3 10 
-0.5486525602474822 9 4 4 2 
-0.2359079106038438 9 4 4 6 
-0.1156291813490938 9 4 4 9 
-0.3848005096504983 9 4 5 1 
0.1886657582489533 9 4 5 8 
0.2359079106038438 9 4 6 4 
0.0487121044316779 9 4 6 11 
0.2521339489679668 9 4 7 3 
0.0359737502990869 9 4 7 10 
-0.1886657582489533 9 4 8 5 
0.1156291813490938 9 4 9 4 
0.0752295978196195 9 4 9 11 
-0.7137104541912299 9 4 10 3 
-0.0359737502990869 9 4 10 7 
-0.5601085612303089 9 4 11 2 
-0.0487121044316779 9 4 11 6 
-0.0752295978196195 9 4 11 9 
0.4248242839838597 9 5 2 5 
0.1384442216310417 9 5 3 4 
0.6521814402343425 9 5 3 11 
-0.1384442216310417 9 5 4 3 
-0.2295359775921898 9 5 4 7 
0.1330640791577111 9 5 4 10 
-0.4248242839838597 9 5 5 2 
-0.3331407519206071 9 5 5 6 
-0.0885054439535576 9 5 5 9 
0.3331407519206071 9 5 6 5 
0.2295359775921898 9 5 7 4 
0.2482493126452881 9 5 7 11 
0.0885054439535576 9 5 9 5 
-0.1330640791577111 9 5 10 4 
0.3364369892892780 9 5 10 11 
-0.6521814402343425 9 5 11 3 
-0.2482493126452881 9 5 11 7 
-0.3364369892892780 9 5 11 10 
0.6287342133314007 9 6 0 4 
0.2018074007089588 9 6 0 11 
-0.3976464314002857 9 6 1 3 
1.1051444479182426 9 6 1 7 
0.0359737502990869 9 6 1 10 
-0.7814551333136527 9 6 2 6 
-0.1614090312021726 9 6 2 9 
0.3976464314002857 9 6 3 1 
0.1716928731672461 9 6 3 8 
-0.6287342133314007 9 6 4 0 
0.7814551333136527 9 6 6 2 
0.0955321754940501 9 6 6 9 
-1.1051444479182426 9 6 7 1 
0.3436871798669372 9 6 7 8 
-0.1716928731672461 9 6 8 3 
-0.3436871798669372 9 6 8 7 
0.2931745621228219 9 6 8 10 
0.1614090312021726 9 6 9 2 
-0.0955321754940501 9 6 9 6 
-0.0359737502990869 9 6 10 1 
-0.2931745621228219 9 6 10 8 
-0.2018074007089588 9 6 11 0 
0.4686308135962888 9 7 0 5 
0.0937261627192578 9 7 1 4 
0.1525593765263688 9 7 1 11 
-0.3749046508770311 9 7 2 3 
0.7814551333136529 9 7 2 7 
-0.0508745655623919 9 7 2 10 
0.3749046508770311 9 7 3 2 
-0.7814551333136529 9 7 3 6 
-0.0850971828585849 9 7 3 9 
-0.0937261627192578 9 7 4 1 
0.1805020265391086 9 7 4 8 
-0.4686308135962888 9 7 5 0 
0.7814551333136529 9 7 6 3 
0.3968557716263991 9 7 6 10 
-0.7814551333136529 9 7 7 2 
-0.1028957103191494 9 7 7 9 
-0.1805020265391086 9 7 8 4 
0.1692644123611619 9 7 8 11 
0.0850971828585849 9 7 9 3 
0.1028957103191494 9 7 9 7 
0.1692644123611619 9 7 9 10 
0.0508745655623919 9 7 10 2 
-0.3968557716263991 9 7 10 6 
-0.1692644123611619 9 7 10 9 
-0.1525593765263688 9 7 11 1 
-0.1692644123611619 9 7 11 8 
0.7056519537228146 9 8 0 3 
0.2806416996482677 9 8 0 7 
0.3364369892892780 9 8 0 10 
-0.9467314421878495 9 8 1 2 
-0.1255067835469210 9 8 1 6 
-0.3009183912784777 9 8 1 9 
0.9467314421878495 9 8 2 1 
0.1842741282128616 9 8 2 8 
-0.7056519537228146 9 8 3 0 
0.1255067835469210 9 8 6 1 
0.3385288247223238 9 8 6 8 
-0.2806416996482677 9 8 7 0 
-0.1842741282128616 9 8 8 2 
-0.3385288247223238 9 8 8 6 
0.0943695121006135 9 8 8 9 
0.3009183912784777 9 8 9 1 
-0.0943695121006135 9 8 9 8 
-0.3364369892892780 9 8 10 0 
0.5830126794130323 9 10 0 5 
-1.3560156650161861 9 10 1 4 
-0.2256887934588583 9 10 1 11 
1.7425171578177632 9 10 2 3 
-0.1537137894739458 9 10 2 7 
0.0921370641064308 9 10 2 10 
-1.7425171578177632 9 10 3 2 
0.1537137894739458 9 10 3 6 
0.0921370641064308 9 10 3 9 
1.3560156650161861 9 10 4 1 
-0.2256887934588583 9 10 4 8 
-0.5830126794130323 9 10 5 0 
-0.1537137894739458 9 10 6 3 
0.6953825644020930 9 10 6 7 
-0.1692644123611619 9 10 6 10 
0.1537137894739458 9 10 7 2 
-0.6953825644020930 9 10 7 6 
-0.1692644123611619 9 10 7 9 
0.2256887934588583 9 10 8 4 
0.8728695426226144 9 10 8 11 
-0.0921370641064308 9 10 9 3 
0.1692644123611619 9 10 9 7 
-0.9672390547232278 9 10 9 10 
-0.0921370641064308 9 10 10 2 
0.1692644123611619 9 10 10 6 
0.9672390547232278 9 10 10 9 
0.2256887934588583 9 10 11 1 
-0.8728695426226144 9 10 11 8 
-0.9979425632698761 9 11 1 5 
0.6311542947918997 9 11 2 4 
-0.2764111923192923 9 11 2 11 
-0.1774933954618802 9 11 3 7 
0.2659767938209481 9 11 3 10 
-0.6311542947918997 9 11 4 2 
0.2510135670938421 9 11 4 6 
-0.0752295978196195 9 11 4 9 
0.9979425632698761 9 11 5 1 
-0.2913629794972679 9 11 5 8 
-0.2510135670938421 9 11 6 4 
-0.1692644123611619 9 11 6 11 
0.1774933954618802 9 11 7 3 
-0.2931745621228219 9 11 7 10 
0.2913629794972679 9 11 8 5 
0.0752295978196195 9 11 9 4 
-0.0943695121006135 9 11 9 11 
-0.2659767938209481 9 11 10 3 
0.2931745621228219 9 11 10 7 
0.2764111923192923 9 11 11 2 
0.1692644123611619 9 11 11 6 
0.0943695121006135 9 11 11 9 
1.0554824785433468 9 12 0 14 
0.6913278171326267 9 12 0 18 
-1.1760521890767608 9 12 0 21 
-0.8341729142855514 9 12 1 13 
-0.2801460825130388 9 12 1 20 
0.2634607072380288 9 12 2 12 
0.2681284165833206 9 12 6 12 
-1.3177067933022257 9 12 8 13 
0.7745220765052842 9 12 8 20 
-1.2363169083032308 9 12 9 12 
-0.2634607072380288 9 12 12 2 
-0.2681284165833206 9 12 12 6 
1.2363169083032308 9 12 12 9 
0.8341729142855514 9 12 13 1 
1.3177067933022257 9 12 13 8 
-1.0554824785433468 9 12 14 0 
-0.6913278171326267 9 12 18 0 
0.2801460825130388 9 12 20 1 
-0.7745220765052842 9 12 20 8 
1.1760521890767608 9 12 21 0 
0.6362418227801567 9 13 0 15 
0.1935954947010262 9 13 0 19 
0.2900202171089846 9 13 0 22 
0.2022024289427100 9 13 1 14 
0.1899525895952117 9 13 1 18 
-1.6524543796143847 9 13 1 21 
-0.4659910660989852 9 13 2 13 
-0.0183293246197974 9 13 2 20 
-0.0463924984066989 9 13 3 12 
-0.0279435912828924 9 13 6 13 
0.0214087408739458 9 13 6 20 
0.3023051161158927 9 13 7 12 
-0.7474225337275426 9 13 8 14 
0.2434496762509307 9 13 8 18 
0.0495215445990912 9 13 8 21 
-2.3973940390099631 9 13 9 13 
0.3504399358775691 9 13 9 20 
0.1569561379512735 9 13 10 12 
0.0463924984066989 9 13 12 3 
-0.3023051161158927 9 13 12 7 
-0.1569561379512735 9 13 12 10 
0.4659910660989852 9 13 13 2 
0.0279435912828924 9 13 13 6 
2.3973940390099631 9 13 13 9 
-0.2022024289427100 9 13 14 1 
0.7474225337275426 9 13 14 8 
-0.6362418227801567 9 13 15 0 
-0.1899525895952117 9 13 18 1 
-0.2434496762509307 9 13 18 8 
-0.1935954947010262 9 13 19 0 
0.0183293246197974 9 13 20 2 
-0.0214087408739458 9 13 20 6 
-0.3504399358775691 9 13 20 9 
1.6524543796143847 9 13 21 1 
-0.0495215445990912 9 13 21 8 
-0.2900202171089846 9 13 22 0 
0.4381817544624528 9 14 0 16 
-0.3501422482484111 9 14 0 23 
-0.0509198014279566 9 14 1 15 
0.0063979007453631 9 14 1 19 
0.3470578038550804 9 14 1 22 
0.5762730353520815 9 14 2 14 
-0.1427895624289301 9 14 2 18 
-1.9090856793461073 9 14 2 21 
-0.9113598987830348 9 14 3 13 
0.3288930002704052 9 14 3 20 
0.0276424830535041 9 14 4 12 
-0.1824001182244418 9 14 6 14 
0.5366774992517361 9 14 6 18 
-0.1316007751935537 9 14 6 21 
0.1821145523335105 9 14 7 13 
0.2657848935722666 9 14 7 20 
-0.0483705662987250 9 14 8 15 
0.3787328784948083 9 14 8 19 
-0.1616185038948485 9 14 8 22 
-2.5958324210899089 9 14 9 14 
0.0298082560086190 9 14 9 18 
-0.1302243907072796 9 14 9 21 
-0.3666526503361496 9 14 10 13 
0.1043582899260997 9 14 10 20 
-0.2982201854702999 9 14 11 12 
-0.0276424830535041 9 14 12 4 
0.2982201854702999 9 14 12 11 
0.9113598987830348 9 14 13 3 
-0.1821145523335105 9 14 13 7 
0.3666526503361496 9 14 13 10 
-0.5762730353520815 9 14 14 2 
0.1824001182244418 9 14 14 6 
2.5958324210899089 9 14 14 9 
0.0509198014279566 9 14 15 1 
0.0483705662987250 9 14 15 8 
-0.4381817544624528 9 14 16 0 
0.1427895624289301 9 14 18 2 
-0.5366774992517361 9 14 18 6 
-0.0298082560086190 9 14 18 9 
-0.0063979007453631 9 14 19 1 
-0.3787328784948083 9 14 19 8 
-0.3288930002704052 9 14 20 3 
-0.2657848935722666 9 14 20 7 
-0.1043582899260997 9 14 20 10 
1.9090856793461073 9 14 21 2 
0.1316007751935537 9 14 21 6 
0.1302243907072796 9 14 21 9 
-0.3470578038550804 9 14 22 1 
0.1616185038948485 9 14 22 8 
0.3501422482484111 9 14 23 0 
0.6126067021567083 9 15 0 17 
-0.5048930896201567 9 15 1 16 
-0.4811920249042567 9 15 1 23 
0.6113193142793794 9 15 2 15 
-0.2461636147663027 9 15 2 19 
0.3611128690782887 9 15 2 22 
0.1245808921637083 9 15 3 14 
-0.3068986389397985 9 15 3 18 
-1.9599411298242644 9 15 3 21 
-1.1752302553965568 9 15 4 13 
0.6308779776374944 9 15 4 20 
0.4290079584959792 9 15 5 12 
-0.1952411642413276 9 15 6 15 
0.5366774992517362 9 15 6 19 
-0.2894217959754240 9 15 6 22 
-0.0192615690253288 9 15 7 14 
0.5366774992517362 9 15 7 18 
0.3025319187695823 9 15 7 21 
0.4386730773792846 9 15 8 16 
-0.0956573319762844 9 15 8 23 
-2.2312804675137325 9 15 9 15 
0.3876291016281672 9 15 9 19 
-0.3561061133908437 9 15 9 22 
-0.5887180695743992 9 15 10 14 
-0.2385472304130322 9 15 10 18 
-0.2639690492844129 9 15 10 21 
-0.7264159269482509 9 15 11 13 
-0.0035202678698536 9 15 11 20 
-0.4290079584959792 9 15 12 5 
1.1752302553965568 9 15 13 4 
0.7264159269482509 9 15 13 11 
-0.1245808921637083 9 15 14 3 
0.0192615690253288 9 15 14 7 
0.5887180695743992 9 15 14 10 
-0.6113193142793794 9 15 15 2 
0.1952411642413276 9 15 15 6 
2.2312804675137325 9 15 15 9 
0.5048930896201567 9 15 16 1 
-0.4386730773792846 9 15 16 8 
-0.6126067021567083 9 15 17 0 
0.3068986389397985 9 15 18 3 
-0.5366774992517362 9 15 18 7 
0.2385472304130322 9 15 18 10 
0.2461636147663027 9 15 19 2 
-0.5366774992517362 9 15 19 6 
-0.3876291016281672 9 15 19 9 
-0.6308779776374944 9 15 20 4 
0.0035202678698536 9 15 20 11 
1.9599411298242644 9 15 21 3 
-0.3025319187695823 9 15 21 7 
0.2639690492844129 9 15 21 10 
-0.3611128690782887 9 15 22 2 
0.2894217959754240 9 15 22 6 
0.3561061133908437 9 15 22 9 
0.4811920249042567 9 15 23 1 
0.0956573319762844 9 15 23 8 
0.1047012748710598 9 16 1 17 
-0.5380025398717464 9 16 2 16 
-0.4926189284816812 9 16 2 23 
1.1880266104911432 9 16 3 15 
-0.4705684641657512 9 16 3 19 
0.3470578038550804 9 16 3 22 
-1.0866551001192286 9 16 4 14 
-0.3023746399373937 9 16 4 18 
-1.8190157726011926 9 16 4 21 
-0.2800992347794386 9 16 5 13 
0.7463407918601687 9 16 5 20 
-0.0664667293335499 9 16 6 16 
-0.3651722307268162 9 16 6 23 
-0.2184345151977844 9 16 7 15 
0.7589765980622819 9 16 7 19 
0.2046521145574117 9 16 7 22 
0.5576750336112156 9 16 8 17 
-1.7033865912520989 9 16 9 16 
-0.2028550269180154 9 16 9 23 
-0.3666526503361496 9 16 10 15 
0.1686783642583249 9 16 10 19 
-0.5305419021180294 9 16 10 22 
-1.0527274897119903 9 16 11 14 
-0.4138843351584941 9 16 11 18 
-0.2780846247376348 9 16 11 21 
0.2800992347794386 9 16 13 5 
1.0866551001192286 9 16 14 4 
1.0527274897119903 9 16 14 11 
-1.1880266104911432 9 16 15 3 
0.2184345151977844 9 16 15 7 
0.3666526503361496 9 16 15 10 
0.5380025398717464 9 16 16 2 
0.0664667293335499 9 16 16 6 
1.7033865912520989 9 16 16 9 
-0.1047012748710598 9 16 17 1 
-0.5576750336112156 9 16 17 8 
0.3023746399373937 9 16 18 4 
0.4138843351584941 9 16 18 11 
0.4705684641657512 9 16 19 3 
-0.7589765980622819 9 16 19 7 
-0.1686783642583249 9 16 19 10 
-0.7463407918601687 9 16 20 5 
1.8190157726011926 9 16 21 4 
0.2780846247376348 9 16 21 11 
-0.3470578038550804 9 16 22 3 
-0.2046521145574117 9 16 22 7 
0.5305419021180294 9 16 22 10 
0.4926189284816812 9 16 23 2 
0.3651722307268162 9 16 23 6 
0.2028550269180154 9 16 23 9 
-0.4470594508987579 9 17 2 17 
0.3641467730022498 9 17 3 16 
-0.3756935814198678 9 17 3 23 
0.2257025513712081 9 17 4 15 
-0.5605545455040420 9 17 4 19 
0.2900202171089846 9 17 4 22 
-0.8718837348826177 9 17 5 14 
-0.1292175654217158 9 17 5 18 
-1.5003046492292291 9 17 5 21 
0.2039231864988913 9 17 6 17 
-0.3310185679118523 9 17 7 16 
-0.0239356999534105 9 17 7 23 
-1.4117992052756716 9 17 9 17 
0.1569561379512735 9 17 10 16 
-0.2789520347189947 9 17 10 23 
-1.0278750216542103 9 17 11 15 
-0.2721850125986986 9 17 11 19 
-0.6153890240082727 9 17 11 22 
0.8718837348826177 9 17 14 5 
-0.2257025513712081 9 17 15 4 
1.0278750216542103 9 17 15 11 
-0.3641467730022498 9 17 16 3 
0.3310185679118523 9 17 16 7 
-0.1569561379512735 9 17 16 10 
0.4470594508987579 9 17 17 2 
-0.2039231864988913 9 17 17 6 
1.4117992052756716 9 17 17 9 
0.1292175654217158 9 17 18 5 
0.5605545455040420 9 17 19 4 
0.2721850125986986 9 17 19 11 
1.5003046492292291 9 17 21 5 
-0.2900202171089846 9 17 22 4 
0.6153890240082727 9 17 22 11 
0.3756935814198678 9 17 23 3 
0.0239356999534105 9 17 23 7 
0.2789520347189947 9 17 23 10 
0.3108454448911990 9 18 0 16 
-0.2881404437690731 9 18 0 23 
-0.1943686267576729 9 18 1 15 
-0.3075783273776549 9 18 1 19 
0.2046521145574117 9 18 1 22 
-0.0047248050729287 9 18 2 14 
0.2174907210347557 9 18 2 18 
-0.1316007751935537 9 18 2 21 
0.2032778046426128 9 18 3 13 
0.0684106100592453 9 18 3 20 
-0.3178887684402019 9 18 4 12 
0.9989458543484085 9 18 6 14 
0.3151830036977172 9 18 6 18 
-1.1145581955332722 9 18 6 21 
-1.4127227752958975 9 18 7 13 
0.6324146178362077 9 18 7 20 
-0.1032822631080008 9 18 8 15 
0.2887274379692703 9 18 8 19 
0.3059363428468100 9 18 8 22 
0.0298082560086190 9 18 9 14 
-1.2100903710273221 9 18 9 18 
-0.1840004474338288 9 18 9 21 
0.1686783642583249 9 18 10 13 
0.0127617807239880 9 18 10 20 
-0.4899478444780319 9 18 11 12 
0.3178887684402019 9 18 12 4 
0.4899478444780319 9 18 12 11 
-0.2032778046426128 9 18 13 3 
1.4127227752958975 9 18 13 7 
-0.1686783642583249 9 18 13 10 
0.0047248050729287 9 18 14 2 
-0.9989458543484085 9 18 14 6 
-0.0298082560086190 9 18 14 9 
0.1943686267576729 9 18 15 1 
0.1032822631080008 9 18 15 8 
-0.3108454448911990 9 18 16 0 
-0.2174907210347557 9 18 18 2 
-0.3151830036977172 9 18 18 6 
1.2100903710273221 9 18 18 9 
0.3075783273776549 9 18 19 1 
-0.2887274379692703 9 18 19 8 
-0.0684106100592453 9 18 20 3 
-0.6324146178362077 9 18 20 7 
-0.0127617807239880 9 18 20 10 
0.1316007751935537 9 18 21 2 
1.1145581955332722 9 18 21 6 
0.1840004474338288 9 18 21 9 
-0.2046521145574117 9 18 22 1 
-0.3059363428468100 9 18 22 8 
0.2881404437690731 9 18 23 0 
0.2421900819196923 9 19 0 17 
0.0421382762867002 9 19 1 16 
0.2256075364229227 9 19 1 23 
-0.1858773904142060 9 19 2 15 
-0.2174907210347557 9 19 2 19 
-0.2894217959754240 9 19 2 22 
0.1890272604628252 9 19 3 14 
0.2174907210347557 9 19 3 18 
0.3025319187695823 9 19 3 21 
-0.0515878864325576 9 19 4 13 
-0.2577206477338413 9 19 4 20 
-0.2264407316765967 9 19 5 12 
0.9989458543484088 9 19 6 15 
-0.3151830036977173 9 19 6 19 
0.7302494996943776 9 19 6 22 
-0.9989458543484088 9 19 7 14 
-0.3151830036977173 9 19 7 18 
-1.4796829453804612 9 19 7 21 
-0.4382226742729499 9 19 8 16 
-0.1913684649701622 9 19 8 23 
0.3876291016281672 9 19 9 15 
-1.3767872350613115 9 19 9 19 
0.1766324298974954 9 19 9 22 
-0.2385472304130322 9 19 10 14 
0.3333937280679785 9 19 10 18 
0.0073680175363334 9 19 10 21 
0.0730481598965538 9 19 11 13 
-0.3606328773313242 9 19 11 20 
0.2264407316765967 9 19 12 5 
0.0515878864325576 9 19 13 4 
-0.0730481598965538 9 19 13 11 
-0.1890272604628251 9 19 14 3 
0.9989458543484088 9 19 14 7 
0.2385472304130322 9 19 14 10 
0.1858773904142061 9 19 15 2 
-0.9989458543484088 9 19 15 6 
-0.3876291016281672 9 19 15 9 
-0.0421382762867002 9 19 16 1 
0.4382226742729499 9 19 16 8 
-0.2421900819196923 9 19 17 0 
-0.2174907210347557 9 19 18 3 
0.3151830036977173 9 19 18 7 
-0.3333937280679785 9 19 18 10 
0.2174907210347557 9 19 19 2 
0.3151830036977173 9 19 19 6 
1.3767872350613115 9 19 19 9 
0.2577206477338413 9 19 20 4 
0.3606328773313242 9 19 20 11 
-0.3025319187695823 9 19 21 3 
1.4796829453804612 9 19 21 7 
-0.0073680175363334 9 19 21 10 
0.2894217959754240 9 19 22 2 
-0.7302494996943776 9 19 22 6 
-0.1766324298974954 9 19 22 9 
-0.2256075364229227 9 19 23 1 
0.1913684649701622 9 19 23 8 
0.8743083156972680 9 20 0 15 
0.1594652819819371 9 20 0 19 
0.6153890240082727 9 20 0 22 
-0.7065797128344374 9 20 1 14 
-0.0199451400779794 9 20 1 18 
0.0495215445990912 9 20 1 21 
0.2401517293534123 9 20 2 13 
-0.3977137078615461 9 20 2 20 
0.1686563619744533 9 20 3 12 
0.1055616434689416 9 20 6 13 
0.1692644123611619 9 20 6 20 
-0.1211764176663306 9 20 7 12 
-0.5819878360744077 9 20 8 14 
-0.1692644123611619 9 20 8 18 
-1.3896734210052346 9 20 8 21 
0.3504399358775691 9 20 9 13 
-1.4840429331058480 9 20 9 20 
0.2789520347189947 9 20 10 12 
-0.1686563619744533 9 20 12 3 
0.1211764176663306 9 20 12 7 
-0.2789520347189947 9 20 12 10 
-0.2401517293534123 9 20 13 2 
-0.1055616434689416 9 20 13 6 
-0.3504399358775691 9 20 13 9 
0.7065797128344374 9 20 14 1 
0.5819878360744077 9 20 14 8 
-0.8743083156972680 9 20 15 0 
0.0199451400779794 9 20 18 1 
0.1692644123611619 9 20 18 8 
-0.1594652819819371 9 20 19 0 
0.3977137078615461 9 20 20 2 
-0.1692644123611619 9 20 20 6 
1.4840429331058480 9 20 20 9 
-0.0495215445990912 9 20 21 1 
1.3896734210052346 9 20 21 8 
-0.6153890240082727 9 20 22 0 
0.1253882655719211 9 21 0 16 
0.2094144082711565 9 21 0 23 
0.6492719610348944 9 21 1 15 
0.0296584267679079 9 21 1 19 
0.5305419021180294 9 21 1 22 
-0.9742845500440457 9 21 2 14 
0.0419433493738246 9 21 2 18 
-0.1302243907072796 9 21 2 21 
0.6492719610348944 9 21 3 13 
-0.4904458630870120 9 21 3 20 
0.1253882655719211 9 21 4 12 
0.0419433493738246 9 21 6 14 
-0.0964511647369568 9 21 6 18 
-0.1840004474338288 9 21 6 21 
0.0296584267679079 9 21 7 13 
0.3186981235707979 9 21 7 20 
-0.4904458630870120 9 21 8 15 
0.3186981235707979 9 21 8 19 
-0.4389395447558401 9 21 8 22 
-0.1302243907072796 9 21 9 14 
-0.1840004474338288 9 21 9 18 
-2.3668726254655708 9 21 9 21 
0.5305419021180294 9 21 10 13 
-0.4389395447558401 9 21 10 20 
0.2094144082711565 9 21 11 12 
-0.1253882655719211 9 21 12 4 
-0.2094144082711565 9 21 12 11 
-0.6492719610348944 9 21 13 3 
-0.0296584267679079 9 21 13 7 
-0.5305419021180294 9 21 13 10 
0.9742845500440457 9 21 14 2 
-0.0419433493738246 9 21 14 6 
0.1302243907072796 9 21 14 9 
-0.6492719610348944 9 21 15 1 
0.4904458630870120 9 21 15 8 
-0.1253882655719211 9 21 16 0 
-0.0419433493738246 9 21 18 2 
0.0964511647369568 9 21 18 6 
0.1840004474338288 9 21 18 9 
-0.0296584267679079 9 21 19 1 
-0.3186981235707979 9 21 19 8 
0.4904458630870120 9 21 20 3 
-0.3186981235707979 9 21 20 7 
0.4389395447558401 9 21 20 10 
0.1302243907072796 9 21 21 2 
0.1840004474338288 9 21 21 6 
2.3668726254655708 9 21 21 9 
-0.5305419021180294 9 21 22 1 
0.4389395447558401 9 21 22 8 
-0.2094144082711565 9 21 23 0 
0.3616005110564193 9 22 0 17 
-0.1488090546761286 9 22 1 16 
0.2339531988642862 9 22 1 23 
0.5996497728579092 9 22 2 15 
-0.0453993827066045 9 22 2 19 
0.3561061133908437 9 22 2 22 
-1.1428673849598545 9 22 3 14 
0.1083144067673414 9 22 3 18 
-0.2639690492844129 9 22 3 21 
1.2072066103400581 9 22 4 13 
-0.4596419923231446 9 22 4 20 
-0.2214121683566131 9 22 5 12 
-0.0453993827066045 9 22 6 15 
0.3235784910168074 9 22 6 19 
-0.1766324298974954 9 22 6 22 
0.1083144067673414 9 22 7 14 
-0.3718040733852858 9 22 7 18 
0.0073680175363334 9 22 7 21 
-0.2339531988642862 9 22 8 16 
0.2463683730692400 9 22 8 23 
-0.3561061133908437 9 22 9 15 
0.1766324298974954 9 22 9 19 
-1.8571222383364665 9 22 9 22 
0.2639690492844129 9 22 10 14 
-0.0073680175363334 9 22 10 18 
-0.8898831836132387 9 22 10 21 
0.4596419923231446 9 22 11 13 
-0.6265011695533746 9 22 11 20 
0.2214121683566131 9 22 12 5 
-1.2072066103400581 9 22 13 4 
-0.4596419923231446 9 22 13 11 
1.1428673849598545 9 22 14 3 
-0.1083144067673414 9 22 14 7 
-0.2639690492844129 9 22 14 10 
-0.5996497728579092 9 22 15 2 
0.0453993827066045 9 22 15 6 
0.3561061133908437 9 22 15 9 
0.1488090546761286 9 22 16 1 
0.2339531988642862 9 22 16 8 
-0.3616005110564193 9 22 17 0 
-0.1083144067673414 9 22 18 3 
0.3718040733852858 9 22 18 7 
0.0073680175363334 9 22 18 10 
0.0453993827066045 9 22 19 2 
-0.3235784910168074 9 22 19 6 
-0.1766324298974954 9 22 19 9 
0.4596419923231446 9 22 20 4 
0.6265011695533746 9 22 20 11 
0.2639690492844129 9 22 21 3 
-0.0073680175363334 9 22 21 7 
0.8898831836132387 9 22 21 10 
-0.3561061133908437 9 22 22 2 
0.1766324298974954 9 22 22 6 
1.8571222383364665 9 22 22 9 
-0.2339531988642862 9 22 23 1 
-0.2463683730692400 9 22 23 8 
0.1299266911630246 9 23 1 17 
-0.0134948730846962 9 23 2 16 
0.1718319851779821 9 23 2 23 
0.1841263907436352 9 23 3 15 
-0.0645306936792479 9 23 3 19 
0.1616185038948485 9 23 3 22 
-0.6446491678765960 9 23 4 14 
0.1426300842251135 9 23 4 18 
-0.2780846247376348 9 23 4 21 
1.1278692544329005 9 23 5 13 
-0.3515843305199685 9 23 5 20 
-0.1083834828687286 9 23 6 16 
0.1913684649701622 9 23 6 23 
0.1129627017826323 9 23 7 15 
0.0835291588868024 9 23 7 19 
-0.3059363428468100 9 23 7 22 
-0.0602213510227006 9 23 8 17 
-0.2028550269180154 9 23 9 16 
-1.1039101366217139 9 23 9 23 
-0.1043582899260997 9 23 10 15 
-0.0127617807239880 9 23 10 19 
-0.4389395447558401 9 23 10 22 
0.4482431774972744 9 23 11 14 
0.3606328773313242 9 23 11 18 
-1.0095406245211005 9 23 11 21 
-1.1278692544329005 9 23 13 5 
0.6446491678765960 9 23 14 4 
-0.4482431774972744 9 23 14 11 
-0.1841263907436352 9 23 15 3 
-0.1129627017826323 9 23 15 7 
0.1043582899260997 9 23 15 10 
0.0134948730846962 9 23 16 2 
0.1083834828687286 9 23 16 6 
0.2028550269180154 9 23 16 9 
-0.1299266911630246 9 23 17 1 
0.0602213510227006 9 23 17 8 
-0.1426300842251135 9 23 18 4 
-0.3606328773313242 9 23 18 11 
0.0645306936792479 9 23 19 3 
-0.0835291588868024 9 23 19 7 
0.0127617807239880 9 23 19 10 
0.3515843305199685 9 23 20 5 
0.2780846247376348 9 23 21 4 
1.0095406245211005 9 23 21 11 
-0.1616185038948485 9 23 22 3 
0.3059363428468100 9 23 22 7 
0.4389395447558401 9 23 22 10 
-0.1718319851779821 9 23 23 2 
-0.1913684649701622 9 23 23 6 
1.1039101366217139 9 23 23 9 
0.4248242839838597 10 0 0 3 
0.3331407519206071 10 0 0 7 
-0.0885054439535576 10 0 0 10 
0.1384442216310417 10 0 1 2 
0.2295359775921898 10 0 1 6 
0.1330640791577111 10 0 1 9 
-0.1384442216310417 10 0 2 1 
0.6521814402343425 10 0 2 8 
-0.4248242839838597 10 0 3 0 
-0.2295359775921898 10 0 6 1 
0.2482493126452881 10 0 6 8 
-0.3331407519206071 10 0 7 0 
-0.6521814402343425 10 0 8 2 
-0.2482493126452881 10 0 8 6 
0.3364369892892780 10 0 8 9 
-0.1330640791577111 10 0 9 1 
-0.3364369892892780 10 0 9 8 
0.0885054439535576 10 0 10 0 
0.3848005096504983 10 1 0 4 
0.1886657582489533 10 1 0 11 
0.5486525602474822 10 1 1 3 
0.2359079106038438 10 1 1 7 
-0.1156291813490938 10 1 1 10 
0.2521339489679668 10 1 2 6 
0.7137104541912299 10 1 2 9 
-0.5486525602474822 10 1 3 1 
0.5601085612303089 10 1 3 8 
-0.3848005096504983 10 1 4 0 
-0.2521339489679668 10 1 6 2 
0.0359737502990869 10 1 6 9 
-0.2359079106038438 10 1 7 1 
0.0487121044316779 10 1 7 8 
-0.5601085612303089 10 1 8 3 
-0.0487121044316779 10 1 8 7 
0.0752295978196195 10 1 8 10 
-0.7137104541912299 10 1 9 2 
-0.0359737502990869 10 1 9 6 
0.1156291813490938 10 1 10 1 
-0.0752295978196195 10 1 10 8 
-0.1886657582489533 10 1 11 0 
0.1835987436607290 10 2 0 5 
0.6703371657764001 10 2 1 4 
0.1922049002582099 10 2 1 11 
0.4867384221156710 10 2 2 3 
0.1116574746984709 10 2 2 7 
0.2713393376894683 10 2 2 10 
-0.4867384221156710 10 2 3 2 
0.2269020457409739 10 2 3 6 
0.9498309386526880 10 2 3 9 
-0.6703371657764001 10 2 4 1 
0.2452239020439941 10 2 4 8 
-0.1835987436607290 10 2 5 0 
-0.2269020457409739 10 2 6 3 
-0.0850971828585849 10 2 6 10 
-0.1116574746984709 10 2 7 2 
-0.0508745655623919 10 2 7 9 
-0.2452239020439941 10 2 8 4 
-0.0921370641064308 10 2 8 11 
-0.9498309386526880 10 2 9 3 
0.0508745655623919 10 2 9 7 
-0.0921370641064308 10 2 9 10 
-0.2713393376894683 10 2 10 2 
0.0850971828585849 10 2 10 6 
0.0921370641064308 10 2 10 9 
-0.1922049002582099 10 2 11 1 
0.0921370641064308 10 2 11 8 
0.4105392714089486 10 3 1 5 
0.8604400973550779 10 3 2 4 
0.3772635665691301 10 3 2 11 
-0.0396105557955117 10 3 3 7 
0.6867467417438013 10 3 3 10 
-0.8604400973550779 10 3 4 2 
0.1757166515881474 10 3 4 6 
0.7137104541912299 10 3 4 9 
-0.4105392714089486 10 3 5 1 
-0.0519220627781111 10 3 5 8 
-0.1757166515881474 10 3 6 4 
-0.1129479849225417 10 3 6 11 
0.0396105557955117 10 3 7 3 
-0.1614090312021726 10 3 7 10 
0.0519220627781111 10 3 8 5 
-0.7137104541912299 10 3 9 4 
-0.2659767938209481 10 3 9 11 
-0.6867467417438013 10 3 10 3 
0.1614090312021726 10 3 10 7 
-0.3772635665691301 10 3 11 2 
0.1129479849225417 10 3 11 6 
0.2659767938209481 10 3 11 9 
0.6826343211868555 10 4 2 5 
0.6681934950416950 10 4 3 4 
0.7290932091077451 10 4 3 11 
-0.6681934950416950 10 4 4 3 
-0.2178961808781040 10 4 4 7 
0.7449396593955777 10 4 4 10 
-0.6826343211868555 10 4 5 2 
0.1087096214148664 10 4 5 6 
0.1330640791577111 10 4 5 9 
-0.1087096214148664 10 4 6 5 
0.2178961808781040 10 4 7 4 
-0.2220409353769849 10 4 7 11 
-0.1330640791577111 10 4 9 5 
-0.7449396593955777 10 4 10 4 
-0.3009183912784777 10 4 10 11 
-0.7290932091077451 10 4 11 3 
0.2220409353769849 10 4 11 7 
0.3009183912784777 10 4 11 10 
0.7920217713053178 10 5 3 5 
1.0375607107891867 10 5 4 11 
-0.7920217713053178 10 5 5 3 
-0.4231994005493061 10 5 5 7 
0.0602647192264699 10 5 5 10 
0.4231994005493061 10 5 7 5 
-0.0602647192264699 10 5 10 5 
-1.0375607107891867 10 5 11 4 
0.4686308135962888 10 6 0 5 
0.0937261627192578 10 6 1 4 
0.1805020265391086 10 6 1 11 
-0.3749046508770311 10 6 2 3 
0.7814551333136529 10 6 2 7 
-0.0850971828585849 10 6 2 10 
0.3749046508770311 10 6 3 2 
-0.7814551333136529 10 6 3 6 
-0.0508745655623919 10 6 3 9 
-0.0937261627192578 10 6 4 1 
0.1525593765263688 10 6 4 8 
-0.4686308135962888 10 6 5 0 
0.7814551333136529 10 6 6 3 
-0.1028957103191494 10 6 6 10 
-0.7814551333136529 10 6 7 2 
0.3968557716263991 10 6 7 9 
-0.1525593765263688 10 6 8 4 
0.1692644123611619 10 6 8 11 
0.0508745655623919 10 6 9 3 
-0.3968557716263991 10 6 9 7 
0.1692644123611619 10 6 9 10 
0.0850971828585849 10 6 10 2 
0.1028957103191494 10 6 10 6 
-0.1692644123611619 10 6 10 9 
-0.1805020265391086 10 6 11 1 
-0.1692644123611619 10 6 11 8 
0.6287342133314007 10 7 1 5 
-0.3976464314002857 10 7 2 4 
0.1716928731672461 10 7 2 11 
0.7814551333136527 10 7 3 7 
-0.1614090312021726 10 7 3 10 
0.3976464314002857 10 7 4 2 
-1.1051444479182426 10 7 4 6 
0.0359737502990869 10 7 4 9 
-0.6287342133314007 10 7 5 1 
0.2018074007089588 10 7 5 8 
1.1051444479182426 10 7 6 4 
0.3436871798669372 10 7 6 11 
-0.7814551333136527 10 7 7 3 
0.0955321754940501 10 7 7 10 
-0.2018074007089588 10 7 8 5 
-0.0359737502990869 10 7 9 4 
0.2931745621228219 10 7 9 11 
0.1614090312021726 10 7 10 3 
-0.0955321754940501 10 7 10 7 
-0.1716928731672461 10 7 11 2 
-0.3436871798669372 10 7 11 6 
-0.2931745621228219 10 7 11 9 
0.9979425632698761 10 8 0 4 
0.2913629794972679 10 8 0 11 
-0.6311542947918997 10 8 1 3 
0.2510135670938421 10 8 1 7 
0.0752295978196195 10 8 1 10 
-0.1774933954618802 10 8 2 6 
-0.2659767938209481 10 8 2 9 
0.6311542947918997 10 8 3 1 
0.2764111923192923 10 8 3 8 
-0.9979425632698761 10 8 4 0 
0.1774933954618802 10 8 6 2 
0.2931745621228219 10 8 6 9 
-0.2510135670938421 10 8 7 1 
0.1692644123611619 10 8 7 8 
-0.2764111923192923 10 8 8 3 
-0.1692644123611619 10 8 8 7 
0.0943695121006135 10 8 8 10 
0.2659767938209481 10 8 9 2 
-0.2931745621228219 10 8 9 6 
-0.0752295978196195 10 8 10 1 
-0.0943695121006135 10 8 10 8 
-0.2913629794972679 10 8 11 0 
-0.5830126794130323 10 9 0 5 
1.3560156650161861 10 9 1 4 
0.2256887934588583 10 9 1 11 
-1.7425171578177632 10 9 2 3 
0.1537137894739458 10 9 2 7 
-0.0921370641064308 10 9 2 10 
1.7425171578177632 10 9 3 2 
-0.1537137894739458 10 9 3 6 
-0.0921370641064308 10 9 3 9 
-1.3560156650161861 10 9 4 1 
0.2256887934588583 10 9 4 8 
0.5830126794130323 10 9 5 0 
0.1537137894739458 10 9 6 3 
-0.6953825644020930 10 9 6 7 
0.1692644123611619 10 9 6 10 
-0.1537137894739458 10 9 7 2 
0.6953825644020930 10 9 7 6 
0.1692644123611619 10 9 7 9 
-0.2256887934588583 10 9 8 4 
-0.8728695426226144 10 9 8 11 
0.0921370641064308 10 9 9 3 
-0.1692644123611619 10 9 9 7 
0.9672390547232278 10 9 9 10 
0.0921370641064308 10 9 10 2 
-0.1692644123611619 10 9 10 6 
-0.9672390547232278 10 9 10 9 
-0.2256887934588583 10 9 11 1 
0.8728695426226144 10 9 11 8 
-0.7056519537228146 10 11 2 5 
0.9467314421878495 10 11 3 4 
-0.1842741282128616 10 11 3 11 
-0.9467314421878495 10 11 4 3 
-0.1255067835469210 10 11 4 7 
0.3009183912784777 10 11 4 10 
0.7056519537228146 10 11 5 2 
0.2806416996482677 10 11 5 6 
-0.3364369892892780 10 11 5 9 
-0.2806416996482677 10 11 6 5 
0.1255067835469210 10 11 7 4 
-0.3385288247223238 10 11 7 11 
0.3364369892892780 10 11 9 5 
-0.3009183912784777 10 11 10 4 
-0.0943695121006135 10 11 10 11 
0.1842741282128616 10 11 11 3 
0.3385288247223238 10 11 11 7 
0.0943695121006135 10 11 11 10 
0.8718837348826177 10 12 0 15 
0.1292175654217158 10 12 0 19 
-1.5003046492292291 10 12 0 22 
-0.2257025513712081 10 12 1 14 
0.5605545455040420 10 12 1 18 
0.2900202171089846 10 12 1 21 
-0.3641467730022498 10 12 2 13 
-0.3756935814198678 10 12 2 20 
0.4470594508987579 10 12 3 12 
0.3310185679118523 10 12 6 13 
-0.0239356999534105 10 12 6 20 
-0.2039231864988913 10 12 7 12 
-1.0278750216542103 10 12 8 14 
-0.2721850125986986 10 12 8 18 
0.6153890240082727 10 12 8 21 
0.1569561379512735 10 12 9 13 
0.2789520347189947 10 12 9 20 
-1.4117992052756716 10 12 10 12 
-0.4470594508987579 10 12 12 3 
0.2039231864988913 10 12 12 7 
1.4117992052756716 10 12 12 10 
0.3641467730022498 10 12 13 2 
-0.3310185679118523 10 12 13 6 
-0.1569561379512735 10 12 13 9 
0.2257025513712081 10 12 14 1 
1.0278750216542103 10 12 14 8 
-0.8718837348826177 10 12 15 0 
-0.5605545455040420 10 12 18 1 
0.2721850125986986 10 12 18 8 
-0.1292175654217158 10 12 19 0 
0.3756935814198678 10 12 20 2 
0.0239356999534105 10 12 20 6 
-0.2789520347189947 10 12 20 9 
-0.2900202171089846 10 12 21 1 
-0.6153890240082727 10 12 21 8 
1.5003046492292291 10 12 22 0 
0.2800992347794386 10 13 0 16 
0.7463407918601687 10 13 0 23 
1.0866551001192286 10 13 1 15 
0.3023746399373937 10 13 1 19 
-1.8190157726011926 10 13 1 22 
-1.1880266104911432 10 13 2 14 
0.4705684641657512 10 13 2 18 
0.3470578038550804 10 13 2 21 
0.5380025398717464 10 13 3 13 
-0.4926189284816812 10 13 3 20 
-0.1047012748710598 10 13 4 12 
0.2184345151977844 10 13 6 14 
-0.7589765980622819 10 13 6 18 
0.2046521145574117 10 13 6 21 
0.0664667293335499 10 13 7 13 
-0.3651722307268162 10 13 7 20 
-1.0527274897119903 10 13 8 15 
-0.4138843351584941 10 13 8 19 
0.2780846247376348 10 13 8 22 
-0.3666526503361496 10 13 9 14 
0.1686783642583249 10 13 9 18 
0.5305419021180294 10 13 9 21 
-1.7033865912520989 10 13 10 13 
0.2028550269180154 10 13 10 20 
0.5576750336112156 10 13 11 12 
0.1047012748710598 10 13 12 4 
-0.5576750336112156 10 13 12 11 
-0.5380025398717464 10 13 13 3 
-0.0664667293335499 10 13 13 7 
1.7033865912520989 10 13 13 10 
1.1880266104911432 10 13 14 2 
-0.2184345151977844 10 13 14 6 
0.3666526503361496 10 13 14 9 
-1.0866551001192286 10 13 15 1 
1.0527274897119903 10 13 15 8 
-0.2800992347794386 10 13 16 0 
-0.4705684641657512 10 13 18 2 
0.7589765980622819 10 13 18 6 
-0.1686783642583249 10 13 18 9 
-0.3023746399373937 10 13 19 1 
0.4138843351584941 10 13 19 8 
0.4926189284816812 10 13 20 3 
0.3651722307268162 10 13 20 7 
-0.2028550269180154 10 13 20 10 
-0.3470578038550804 10 13 21 2 
-0.2046521145574117 10 13 21 6 
-0.5305419021180294 10 13 21 9 
1.8190157726011926 10 13 22 1 
-0.2780846247376348 10 13 22 8 
-0.7463407918601687 10 13 23 0 
-0.4290079584959792 10 14 0 17 
1.1752302553965568 10 14 1 16 
0.6308779776374944 10 14 1 23 
-0.1245808921637083 10 14 2 15 
0.3068986389397985 10 14 2 19 
-1.9599411298242644 10 14 2 22 
-0.6113193142793794 10 14 3 14 
0.2461636147663027 10 14 3 18 
0.3611128690782887 10 14 3 21 
0.5048930896201567 10 14 4 13 
-0.4811920249042567 10 14 4 20 
-0.6126067021567083 10 14 5 12 
0.0192615690253288 10 14 6 15 
-0.5366774992517362 10 14 6 19 
0.3025319187695823 10 14 6 22 
0.1952411642413276 10 14 7 14 
-0.5366774992517362 10 14 7 18 
-0.2894217959754240 10 14 7 21 
-0.7264159269482509 10 14 8 16 
0.0035202678698536 10 14 8 23 
-0.5887180695743992 10 14 9 15 
-0.2385472304130322 10 14 9 19 
0.2639690492844129 10 14 9 22 
-2.2312804675137325 10 14 10 14 
0.3876291016281672 10 14 10 18 
0.3561061133908437 10 14 10 21 
0.4386730773792846 10 14 11 13 
0.0956573319762844 10 14 11 20 
0.6126067021567083 10 14 12 5 
-0.5048930896201567 10 14 13 4 
-0.4386730773792846 10 14 13 11 
0.6113193142793794 10 14 14 3 
-0.1952411642413276 10 14 14 7 
2.2312804675137325 10 14 14 10 
0.1245808921637083 10 14 15 2 
-0.0192615690253288 10 14 15 6 
0.5887180695743992 10 14 15 9 
-1.1752302553965568 10 14 16 1 
0.7264159269482509 10 14 16 8 
0.4290079584959792 10 14 17 0 
-0.2461636147663027 10 14 18 3 
0.5366774992517362 10 14 18 7 
-0.3876291016281672 10 14 18 10 
-0.3068986389397985 10 14 19 2 
0.5366774992517362 10 14 19 6 
0.2385472304130322 10 14 19 9 
0.4811920249042567 10 14 20 4 
-0.0956573319762844 10 14 20 11 
-0.3611128690782887 10 14 21 3 
0.2894217959754240 10 14 21 7 
-0.3561061133908437 10 14 21 10 
1.9599411298242644 10 14 22 2 
-0.3025319187695823 10 14 22 6 
-0.2639690492844129 10 14 22 9 
-0.6308779776374944 10 14 23 1 
-0.0035202678698536 10 14 23 8 
-0.0276424830535041 10 15 1 17 
0.9113598987830348 10 15 2 16 
0.3288930002704052 10 15 2 23 
-0.5762730353520815 10 15 3 15 
0.1427895624289301 10 15 3 19 
-1.9090856793461073 10 15 3 22 
0.0509198014279566 10 15 4 14 
-0.0063979007453631 10 15 4 18 
0.3470578038550804 10 15 4 21 
-0.4381817544624528 10 15 5 13 
-0.3501422482484111 10 15 5 20 
-0.1821145523335105 10 15 6 16 
0.2657848935722666 10 15 6 23 
0.1824001182244418 10 15 7 15 
-0.5366774992517361 10 15 7 19 
-0.1316007751935537 10 15 7 22 
-0.2982201854702999 10 15 8 17 
-0.3666526503361496 10 15 9 16 
-0.1043582899260997 10 15 9 23 
-2.5958324210899089 10 15 10 15 
0.0298082560086190 10 15 10 19 
0.1302243907072796 10 15 10 22 
-0.0483705662987250 10 15 11 14 
0.3787328784948083 10 15 11 18 
0.1616185038948485 10 15 11 21 
0.4381817544624528 10 15 13 5 
-0.0509198014279566 10 15 14 4 
0.0483705662987250 10 15 14 11 
0.5762730353520815 10 15 15 3 
-0.1824001182244418 10 15 15 7 
2.5958324210899089 10 15 15 10 
-0.9113598987830348 10 15 16 2 
0.1821145523335105 10 15 16 6 
0.3666526503361496 10 15 16 9 
0.0276424830535041 10 15 17 1 
0.2982201854702999 10 15 17 8 
0.0063979007453631 10 15 18 4 
-0.3787328784948083 10 15 18 11 
-0.1427895624289301 10 15 19 3 
0.5366774992517361 10 15 19 7 
-0.0298082560086190 10 15 19 10 
0.3501422482484111 10 15 20 5 
-0.3470578038550804 10 15 21 4 
-0.1616185038948485 10 15 21 11 
1.9090856793461073 10 15 22 3 
0.1316007751935537 10 15 22 7 
-0.1302243907072796 10 15 22 10 
-0.3288930002704052 10 15 23 2 
-0.2657848935722666 10 15 23 6 
0.1043582899260997 10 15 23 9 
0.0463924984066989 10 16 2 17 
0.4659910660989852 10 16 3 16 
-0.0183293246197974 10 16 3 23 
-0.2022024289427100 10 16 4 15 
-0.1899525895952117 10 16 4 19 
-1.6524543796143847 10 16 4 22 
-0.6362418227801567 10 16 5 14 
-0.1935954947010262 10 16 5 18 
0.2900202171089846 10 16 5 21 
-0.3023051161158927 10 16 6 17 
0.0279435912828924 10 16 7 16 
0.0214087408739458 10 16 7 23 
0.1569561379512735 10 16 9 17 
-2.3973940390099631 10 16 10 16 
-0.3504399358775691 10 16 10 23 
-0.7474225337275426 10 16 11 15 
0.2434496762509307 10 16 11 19 
-0.0495215445990912 10 16 11 22 
0.6362418227801567 10 16 14 5 
0.2022024289427100 10 16 15 4 
0.7474225337275426 10 16 15 11 
-0.4659910660989852 10 16 16 3 
-0.0279435912828924 10 16 16 7 
2.3973940390099631 10 16 16 10 
-0.0463924984066989 10 16 17 2 
0.3023051161158927 10 16 17 6 
-0.1569561379512735 10 16 17 9 
0.1935954947010262 10 16 18 5 
0.1899525895952117 10 16 19 4 
-0.2434496762509307 10 16 19 11 
-0.2900202171089846 10 16 21 5 
1.6524543796143847 10 16 22 4 
0.0495215445990912 10 16 22 11 
0.0183293246197974 10 16 23 3 
-0.0214087408739458 10 16 23 7 
0.3504399358775691 10 16 23 10 
-0.2634607072380288 10 17 3 17 
0.8341729142855514 10 17 4 16 
-0.2801460825130388 10 17 4 23 
-1.0554824785433468 10 17 5 15 
-0.6913278171326267 10 17 5 19 
-1.1760521890767608 10 17 5 22 
-0.2681284165833206 10 17 7 17 
-1.2363169083032308 10 17 10 17 
-1.3177067933022257 10 17 11 16 
-0.7745220765052842 10 17 11 23 
1.0554824785433468 10 17 15 5 
-0.8341729142855514 10 17 16 4 
1.3177067933022257 10 17 16 11 
0.2634607072380288 10 17 17 3 
0.2681284165833206 10 17 17 7 
1.2363169083032308 10 17 17 10 
0.6913278171326267 10 17 19 5 
1.1760521890767608 10 17 22 5 
0.2801460825130388 10 17 23 4 
0.7745220765052842 10 17 23 11 
0.2264407316765967 10 18 0 17 
0.0515878864325576 10 18 1 16 
-0.2577206477338413 10 18 1 23 
-0.1890272604628251 10 18 2 15 
-0.2174907210347557 10 18 2 19 
0.3025319187695823 10 18 2 22 
0.1858773904142061 10 18 3 14 
0.2174907210347557 10 18 3 18 
-0.2894217959754240 10 18 3 21 
-0.0421382762867002 10 18 4 13 
0.2256075364229227 10 18 4 20 
-0.2421900819196923 10 18 5 12 
0.9989458543484088 10 18 6 15 
0.3151830036977173 10 18 6 19 
-1.4796829453804612 10 18 6 22 
-0.9989458543484088 10 18 7 14 
0.3151830036977173 10 18 7 18 
0.7302494996943776 10 18 7 21 
0.0730481598965538 10 18 8 16 
0.3606328773313242 10 18 8 23 
-0.2385472304130322 10 18 9 15 
0.3333937280679785 10 18 9 19 
-0.0073680175363334 10 18 9 22 
0.3876291016281672 10 18 10 14 
-1.3767872350613115 10 18 10 18 
-0.1766324298974954 10 18 10 21 
-0.4382226742729499 10 18 11 13 
0.1913684649701622 10 18 11 20 
0.2421900819196923 10 18 12 5 
0.0421382762867002 10 18 13 4 
0.4382226742729499 10 18 13 11 
-0.1858773904142060 10 18 14 3 
0.9989458543484088 10 18 14 7 
-0.3876291016281672 10 18 14 10 
0.1890272604628252 10 18 15 2 
-0.9989458543484088 10 18 15 6 
0.2385472304130322 10 18 15 9 
-0.0515878864325576 10 18 16 1 
-0.0730481598965538 10 18 16 8 
-0.2264407316765967 10 18 17 0 
-0.2174907210347557 10 18 18 3 
-0.3151830036977173 10 18 18 7 
1.3767872350613115 10 18 18 10 
0.2174907210347557 10 18 19 2 
-0.3151830036977173 10 18 19 6 
-0.3333937280679785 10 18 19 9 
-0.2256075364229227 10 18 20 4 
-0.1913684649701622 10 18 20 11 
0.2894217959754240 10 18 21 3 
-0.7302494996943776 10 18 21 7 
0.1766324298974954 10 18 21 10 
-0.3025319187695823 10 18 22 2 
1.4796829453804612 10 18 22 6 
0.0073680175363334 10 18 22 9 
0.2577206477338413 10 18 23 1 
-0.3606328773313242 10 18 23 8 
0.3178887684402019 10 19 1 17 
-0.2032778046426128 10 19 2 16 
0.0684106100592453 10 19 2 23 
0.0047248050729287 10 19 3 15 
-0.2174907210347557 10 19 3 19 
-0.1316007751935537 10 19 3 22 
0.1943686267576729 10 19 4 14 
0.3075783273776549 10 19 4 18 
0.2046521145574117 10 19 4 21 
-0.3108454448911990 10 19 5 13 
-0.2881404437690731 10 19 5 20 
1.4127227752958975 10 19 6 16 
0.6324146178362077 10 19 6 23 
-0.9989458543484085 10 19 7 15 
-0.3151830036977172 10 19 7 19 
-1.1145581955332722 10 19 7 22 
-0.4899478444780319 10 19 8 17 
0.1686783642583249 10 19 9 16 
-0.0127617807239880 10 19 9 23 
0.0298082560086190 10 19 10 15 
-1.2100903710273221 10 19 10 19 
0.1840004474338288 10 19 10 22 
-0.1032822631080008 10 19 11 14 
0.2887274379692703 10 19 11 18 
-0.3059363428468100 10 19 11 21 
0.3108454448911990 10 19 13 5 
-0.1943686267576729 10 19 14 4 
0.1032822631080008 10 19 14 11 
-0.0047248050729287 10 19 15 3 
0.9989458543484085 10 19 15 7 
-0.0298082560086190 10 19 15 10 
0.2032778046426128 10 19 16 2 
-1.4127227752958975 10 19 16 6 
-0.1686783642583249 10 19 16 9 
-0.3178887684402019 10 19 17 1 
0.4899478444780319 10 19 17 8 
-0.3075783273776549 10 19 18 4 
-0.2887274379692703 10 19 18 11 
0.2174907210347557 10 19 19 3 
0.3151830036977172 10 19 19 7 
1.2100903710273221 10 19 19 10 
0.2881404437690731 10 19 20 5 
-0.2046521145574117 10 19 21 4 
0.3059363428468100 10 19 21 11 
0.1316007751935537 10 19 22 3 
1.1145581955332722 10 19 22 7 
-0.1840004474338288 10 19 22 10 
-0.0684106100592453 10 19 23 2 
-0.6324146178362077 10 19 23 6 
0.0127617807239880 10 19 23 9 
1.1278692544329005 10 20 0 16 
0.3515843305199685 10 20 0 23 
-0.6446491678765960 10 20 1 15 
0.1426300842251135 10 20 1 19 
0.2780846247376348 10 20 1 22 
0.1841263907436352 10 20 2 14 
-0.0645306936792479 10 20 2 18 
-0.1616185038948485 10 20 2 21 
-0.0134948730846962 10 20 3 13 
-0.1718319851779821 10 20 3 20 
0.1299266911630246 10 20 4 12 
0.1129627017826323 10 20 6 14 
0.0835291588868024 10 20 6 18 
0.3059363428468100 10 20 6 21 
-0.1083834828687286 10 20 7 13 
-0.1913684649701622 10 20 7 20 
-0.4482431774972744 10 20 8 15 
-0.3606328773313242 10 20 8 19 
-1.0095406245211005 10 20 8 22 
0.1043582899260997 10 20 9 14 
0.0127617807239880 10 20 9 18 
-0.4389395447558401 10 20 9 21 
0.2028550269180154 10 20 10 13 
-1.1039101366217139 10 20 10 20 
0.0602213510227006 10 20 11 12 
-0.1299266911630246 10 20 12 4 
-0.0602213510227006 10 20 12 11 
0.0134948730846962 10 20 13 3 
0.1083834828687286 10 20 13 7 
-0.2028550269180154 10 20 13 10 
-0.1841263907436352 10 20 14 2 
-0.1129627017826323 10 20 14 6 
-0.1043582899260997 10 20 14 9 
0.6446491678765960 10 20 15 1 
0.4482431774972744 10 20 15 8 
-1.1278692544329005 10 20 16 0 
0.0645306936792479 10 20 18 2 
-0.0835291588868024 10 20 18 6 
-0.0127617807239880 10 20 18 9 
-0.1426300842251135 10 20 19 1 
0.3606328773313242 10 20 19 8 
0.1718319851779821 10 20 20 3 
0.1913684649701622 10 20 20 7 
1.1039101366217139 10 20 20 10 
0.1616185038948485 10 20 21 2 
-0.3059363428468100 10 20 21 6 
0.4389395447558401 10 20 21 9 
-0.2780846247376348 10 20 22 1 
1.0095406245211005 10 20 22 8 
-0.3515843305199685 10 20 23 0 
-0.2214121683566131 10 21 0 17 
1.2072066103400581 10 21 1 16 
0.4596419923231446 10 21 1 23 
-1.1428673849598545 10 21 2 15 
0.1083144067673414 10 21 2 19 
0.2639690492844129 10 21 2 22 
0.5996497728579092 10 21 3 14 
-0.0453993827066045 10 21 3 18 
-0.3561061133908437 10 21 3 21 
-0.1488090546761286 10 21 4 13 
-0.2339531988642862 10 21 4 20 
0.3616005110564193 10 21 5 12 
0.1083144067673414 10 21 6 15 
-0.3718040733852858 10 21 6 19 
-0.0073680175363334 10 21 6 22 
-0.0453993827066045 10 21 7 14 
0.3235784910168074 10 21 7 18 
0.1766324298974954 10 21 7 21 
-0.4596419923231446 10 21 8 16 
-0.6265011695533746 10 21 8 23 
-0.2639690492844129 10 21 9 15 
0.0073680175363334 10 21 9 19 
-0.8898831836132387 10 21 9 22 
0.3561061133908437 10 21 10 14 
-0.1766324298974954 10 21 10 18 
-1.8571222383364665 10 21 10 21 
0.2339531988642862 10 21 11 13 
0.2463683730692400 10 21 11 20 
-0.3616005110564193 10 21 12 5 
0.1488090546761286 10 21 13 4 
-0.2339531988642862 10 21 13 11 
-0.5996497728579092 10 21 14 3 
0.0453993827066045 10 21 14 7 
-0.3561061133908437 10 21 14 10 
1.1428673849598545 10 21 15 2 
-0.1083144067673414 10 21 15 6 
0.2639690492844129 10 21 15 9 
-1.2072066103400581 10 21 16 1 
0.4596419923231446 10 21 16 8 
0.2214121683566131 10 21 17 0 
0.0453993827066045 10 21 18 3 
-0.3235784910168074 10 21 18 7 
0.1766324298974954 10 21 18 10 
-0.1083144067673414 10 21 19 2 
0.3718040733852858 10 21 19 6 
-0.0073680175363334 10 21 19 9 
0.2339531988642862 10 21 20 4 
-0.2463683730692400 10 21 20 11 
0.3561061133908437 10 21 21 3 
-0.1766324298974954 10 21 21 7 
1.8571222383364665 10 21 21 10 
-0.2639690492844129 10 21 22 2 
0.0073680175363334 10 21 22 6 
0.8898831836132387 10 21 22 9 
-0.4596419923231446 10 21 23 1 
0.6265011695533746 10 21 23 8 
0.1253882655719211 10 22 1 17 
0.6492719610348944 10 22 2 16 
0.4904458630870120 10 22 2 23 
-0.9742845500440457 10 22 3 15 
0.0419433493738246 10 22 3 19 
0.1302243907072796 10 22 3 22 
0.6492719610348944 10 22 4 14 
0.0296584267679079 10 22 4 18 
-0.5305419021180294 10 22 4 21 
0.1253882655719211 10 22 5 13 
-0.2094144082711565 10 22 5 20 
0.0296584267679079 10 22 6 16 
-0.3186981235707979 10 22 6 23 
0.0419433493738246 10 22 7 15 
-0.0964511647369568 10 22 7 19 
0.1840004474338288 10 22 7 22 
-0.2094144082711565 10 22 8 17 
-0.5305419021180294 10 22 9 16 
-0.4389395447558401 10 22 9 23 
0.1302243907072796 10 22 10 15 
0.1840004474338288 10 22 10 19 
-2.3668726254655708 10 22 10 22 
0.4904458630870120 10 22 11 14 
-0.3186981235707979 10 22 11 18 
-0.4389395447558401 10 22 11 21 
-0.1253882655719211 10 22 13 5 
-0.6492719610348944 10 22 14 4 
-0.4904458630870120 10 22 14 11 
0.9742845500440457 10 22 15 3 
-0.0419433493738246 10 22 15 7 
-0.1302243907072796 10 22 15 10 
-0.6492719610348944 10 22 16 2 
-0.0296584267679079 10 22 16 6 
0.5305419021180294 10 22 16 9 
-0.1253882655719211 10 22 17 1 
0.2094144082711565 10 22 17 8 
-0.0296584267679079 10 22 18 4 
0.3186981235707979 10 22 18 11 
-0.0419433493738246 10 22 19 3 
0.0964511647369568 10 22 19 7 
-0.1840004474338288 10 22 19 10 
0.2094144082711565 10 22 20 5 
0.5305419021180294 10 22 21 4 
0.4389395447558401 10 22 21 11 
-0.1302243907072796 10 22 22 3 
-0.1840004474338288 10 22 22 7 
2.3668726254655708 10 22 22 10 
-0.4904458630870120 10 22 23 2 
0.3186981235707979 10 22 23 6 
0.4389395447558401 10 22 23 9 
0.1686563619744533 10 23 2 17 
0.2401517293534123 10 23 3 16 
0.3977137078615461 10 23 3 23 
-0.7065797128344374 10 23 4 15 
-0.0199451400779794 10 23 4 19 
-0.0495215445990912 10 23 4 22 
0.8743083156972680 10 23 5 14 
0.1594652819819371 10 23 5 18 
-0.6153890240082727 10 23 5 21 
-0.1211764176663306 10 23 6 17 
0.1055616434689416 10 23 7 16 
-0.1692644123611619 10 23 7 23 
-0.2789520347189947 10 23 9 17 
-0.3504399358775691 10 23 10 16 
-1.4840429331058480 10 23 10 23 
0.5819878360744077 10 23 11 15 
0.1692644123611619 10 23 11 19 
-1.3896734210052346 10 23 11 22 
-0.8743083156972680 10 23 14 5 
0.7065797128344374 10 23 15 4 
-0.5819878360744077 10 23 15 11 
-0.2401517293534123 10 23 16 3 
-0.1055616434689416 10 23 16 7 
0.3504399358775691 10 23 16 10 
-0.1686563619744533 10 23 17 2 
0.1211764176663306 10 23 17 6 
0.2789520347189947 10 23 17 9 
-0.1594652819819371 10 23 18 5 
0.0199451400779794 10 23 19 4 
-0.1692644123611619 10 23 19 11 
0.6153890240082727 10 23 21 5 
0.0495215445990912 10 23 22 4 
1.3896734210052346 10 23 22 11 
-0.3977137078615461 10 23 23 3 
0.1692644123611619 10 23 23 7 
1.4840429331058480 10 23 23 10 
0.1969598289062796 11 0 0 4 
-0.3320718905194877 11 0 0 11 
0.0799308086264302 11 0 1 3 
0.2580497168263055 11 0 1 7 
0.1886657582489533 11 0 1 10 
0.0493271533523701 11 0 2 6 
-0.0519220627781111 11 0 2 9 
-0.0799308086264302 11 0 3 1 
0.4065143470015986 11 0 3 8 
-0.1969598289062796 11 0 4 0 
-0.0493271533523701 11 0 6 2 
0.2018074007089588 11 0 6 9 
-0.2580497168263055 11 0 7 1 
0.0804397510743616 11 0 7 8 
-0.4065143470015986 11 0 8 3 
-0.0804397510743616 11 0 8 7 
0.2913629794972679 11 0 8 10 
0.0519220627781111 11 0 9 2 
-0.2018074007089588 11 0 9 6 
-0.1886657582489533 11 0 10 1 
-0.2913629794972679 11 0 10 8 
0.3320718905194877 11 0 11 0 
0.1969598289062796 11 1 0 5 
0.2980651930977013 11 1 1 4 
-0.1859320225799297 11 1 1 11 
0.1011053641914217 11 1 2 3 
0.3484697154995322 11 1 2 7 
0.1922049002582099 11 1 2 10 
-0.1011053641914217 11 1 3 2 
0.0661793208194737 11 1 3 6 
0.2452239020439941 11 1 3 9 
-0.2980651930977013 11 1 4 1 
0.5142044952244369 11 1 4 8 
-0.1969598289062796 11 1 5 0 
-0.0661793208194737 11 1 6 3 
0.1805020265391086 11 1 6 10 
-0.3484697154995322 11 1 7 2 
0.1525593765263688 11 1 7 9 
-0.5142044952244369 11 1 8 4 
0.2256887934588583 11 1 8 11 
-0.2452239020439941 11 1 9 3 
-0.1525593765263688 11 1 9 7 
0.2256887934588583 11 1 9 10 
-0.1922049002582099 11 1 10 2 
-0.1805020265391086 11 1 10 6 
-0.2256887934588583 11 1 10 9 
0.1859320225799297 11 1 11 1 
-0.2256887934588583 11 1 11 8 
0.3913516420768873 11 2 1 5 
0.3991705572891229 11 2 2 4 
-0.0682310396561424 11 2 2 11 
0.3930058715646842 11 2 3 7 
0.3772635665691301 11 2 3 10 
-0.3991705572891229 11 2 4 2 
0.0661793208194737 11 2 4 6 
0.5601085612303089 11 2 4 9 
-0.3913516420768873 11 2 5 1 
0.4065143470015986 11 2 5 8 
-0.0661793208194737 11 2 6 4 
0.1105344656397808 11 2 6 11 
-0.3930058715646842 11 2 7 3 
0.1716928731672461 11 2 7 10 
-0.4065143470015986 11 2 8 5 
-0.5601085612303089 11 2 9 4 
0.2764111923192923 11 2 9 11 
-0.3772635665691301 11 2 10 3 
-0.1716928731672461 11 2 10 7 
0.0682310396561424 11 2 11 2 
-0.1105344656397808 11 2 11 6 
-0.2764111923192923 11 2 11 9 
0.6664940334930611 11 3 2 5 
0.3991705572891228 11 3 3 4 
0.1495821820579833 11 3 3 11 
-0.3991705572891228 11 3 4 3 
0.3925892627125146 11 3 4 7 
0.7290932091077451 11 3 4 10 
-0.6664940334930611 11 3 5 2 
0.0493271533523701 11 3 5 6 
0.6521814402343425 11 3 5 9 
-0.0493271533523701 11 3 6 5 
-0.3925892627125146 11 3 7 4 
0.1359717484209768 11 3 7 11 
-0.6521814402343425 11 3 9 5 
-0.7290932091077451 11 3 10 4 
0.1842741282128616 11 3 10 11 
-0.1495821820579833 11 3 11 3 
-0.1359717484209768 11 3 11 7 
-0.1842741282128616 11 3 11 10 
1.0224957100330649 11 4 3 5 
0.5960587663685566 11 4 4 11 
-1.0224957100330649 11 4 5 3 
0.3278088460904849 11 4 5 7 
1.0375607107891867 11 4 5 10 
-0.3278088460904849 11 4 7 5 
-1.0375607107891867 11 4 10 5 
-0.5960587663685566 11 4 11 4 
1.2933661365822267 11 5 4 5 
-1.2933661365822267 11 5 5 4 
1.3997498370816865 11 5 5 11 
-1.3997498370816865 11 5 11 5 
0.3629998673156118 11 6 1 5 
-0.2295812742112490 11 6 2 4 
0.1105344656397808 11 6 2 11 
0.4511733315782523 11 6 3 7 
-0.1129479849225417 11 6 3 10 
0.2295812742112490 11 6 4 2 
-0.6380554444990176 11 6 4 6 
0.0487121044316779 11 6 4 9 
-0.3629998673156118 11 6 5 1 
0.0804397510743616 11 6 5 8 
0.6380554444990176 11 6 6 4 
-0.3013235961323488 11 6 6 11 
-0.4511733315782523 11 6 7 3 
0.3436871798669372 11 6 7 10 
-0.0804397510743616 11 6 8 5 
-0.0487121044316779 11 6 9 4 
0.1692644123611619 11 6 9 11 
0.1129479849225417 11 6 10 3 
-0.3436871798669372 11 6 10 7 
-0.1105344656397808 11 6 11 2 
0.3013235961323488 11 6 11 6 
-0.1692644123611619 11 6 11 9 
0.5133593354973722 11 7 2 5 
-0.6887438226337471 11 7 3 4 
0.1359717484209768 11 7 3 11 
0.6887438226337471 11 7 4 3 
0.6380554444990176 11 7 4 7 
-0.2220409353769849 11 7 4 10 
-0.5133593354973722 11 7 5 2 
-1.4267353473136482 11 7 5 6 
0.2482493126452881 11 7 5 9 
1.4267353473136482 11 7 6 5 
-0.6380554444990176 11 7 7 4 
0.2939600613072497 11 7 7 11 
-0.2482493126452881 11 7 9 5 
0.2220409353769849 11 7 10 4 
0.3385288247223238 11 7 10 11 
-0.1359717484209768 11 7 11 3 
-0.2939600613072497 11 7 11 7 
-0.3385288247223238 11 7 11 10 
1.8713509887516224 11 8 0 5 
-1.0983480031484683 11 8 1 4 
0.2256887934588583 11 8 1 11 
0.7118465103468912 11 8 2 3 
0.1537137894739458 11 8 2 7 
-0.0921370641064308 11 8 2 10 
-0.7118465103468911 11 8 3 2 
-0.1537137894739458 11 8 3 6 
-0.0921370641064308 11 8 3 9 
1.0983480031484683 11 8 4 1 
0.2256887934588583 11 8 4 8 
-1.8713509887516224 11 8 5 0 
0.1537137894739458 11 8 6 3 
0.6953825644020930 11 8 6 7 
0.1692644123611619 11 8 6 10 
-0.1537137894739458 11 8 7 2 
-0.6953825644020930 11 8 7 6 
0.1692644123611619 11 8 7 9 
-0.2256887934588583 11 8 8 4 
0.9672390547232278 11 8 8 11 
0.0921370641064308 11 8 9 3 
-0.1692644123611619 11 8 9 7 
-0.8728695426226144 11 8 9 10 
0.0921370641064308 11 8 10 2 
-0.1692644123611619 11 8 10 6 
0.8728695426226144 11 8 10 9 
-0.2256887934588583 11 8 11 1 
-0.9672390547232278 11 8 11 8 
0.9979425632698761 11 9 1 5 
-0.6311542947918997 11 9 2 4 
0.2764111923192923 11 9 2 11 
0.1774933954618802 11 9 3 7 
-0.2659767938209481 11 9 3 10 
0.6311542947918997 11 9 4 2 
-0.2510135670938421 11 9 4 6 
0.0752295978196195 11 9 4 9 
-0.9979425632698761 11 9 5 1 
0.2913629794972679 11 9 5 8 
0.2510135670938421 11 9 6 4 
0.1692644123611619 11 9 6 11 
-0.1774933954618802 11 9 7 3 
0.2931745621228219 11 9 7 10 
-0.2913629794972679 11 9 8 5 
-0.0752295978196195 11 9 9 4 
0.0943695121006135 11 9 9 11 
0.2659767938209481 11 9 10 3 
-0.2931745621228219 11 9 10 7 
-0.2764111923192923 11 9 11 2 
-0.1692644123611619 11 9 11 6 
-0.0943695121006135 11 9 11 9 
0.7056519537228146 11 10 2 5 
-0.9467314421878495 11 10 3 4 
0.1842741282128616 11 10 3 11 
0.9467314421878495 11 10 4 3 
0.1255067835469210 11 10 4 7 
-0.3009183912784777 11 10 4 10 
-0.7056519537228146 11 10 5 2 
-0.2806416996482677 11 10 5 6 
0.3364369892892780 11 10 5 9 
0.2806416996482677 11 10 6 5 
-0.1255067835469210 11 10 7 4 
0.3385288247223238 11 10 7 11 
-0.3364369892892780 11 10 9 5 
0.3009183912784777 11 10 10 4 
0.0943695121006135 11 10 10 11 
-0.1842741282128616 11 10 11 3 
-0.3385288247223238 11 10 11 7 
-0.0943695121006135 11 10 11 10 
1.0621736198009040 11 12 0 16 
-2.4638264683857916 11 12 0 23 
-0.6681969266407319 11 12 1 15 
0.1000914957831545 11 12 1 19 
0.7463407918601687 11 12 1 22 
0.5705158458675657 11 12 2 14 
0.3078804646669726 11 12 2 18 
-0.3501422482484111 11 12 2 21 
-0.7481277352671621 11 12 3 13 
-0.0147520690846943 11 12 3 20 
0.8652137908946245 11 12 4 12 
0.2585533113146025 11 12 6 14 
0.9798345748187925 11 12 6 18 
-0.2881404437690731 11 12 6 21 
-0.1579582210431509 11 12 7 13 
0.4576160398894468 11 12 7 20 
-0.4212664160862929 11 12 8 15 
0.3771762888150851 11 12 8 19 
0.3515843305199685 11 12 8 22 
-0.2982201854702999 11 12 9 14 
-0.4899478444780319 11 12 9 18 
0.2094144082711564 11 12 9 21 
0.5576750336112156 11 12 10 13 
0.0602213510227006 11 12 10 20 
-2.1317545778663045 11 12 11 12 
-0.8652137908946245 11 12 12 4 
2.1317545778663045 11 12 12 11 
0.7481277352671621 11 12 13 3 
0.1579582210431509 11 12 13 7 
-0.5576750336112156 11 12 13 10 
-0.5705158458675657 11 12 14 2 
-0.2585533113146025 11 12 14 6 
0.2982201854702999 11 12 14 9 
0.6681969266407319 11 12 15 1 
0.4212664160862929 11 12 15 8 
-1.0621736198009040 11 12 16 0 
-0.3078804646669726 11 12 18 2 
-0.9798345748187925 11 12 18 6 
0.4899478444780319 11 12 18 9 
-0.1000914957831545 11 12 19 1 
-0.3771762888150851 11 12 19 8 
0.0147520690846943 11 12 20 3 
-0.4576160398894468 11 12 20 7 
-0.0602213510227006 11 12 20 10 
0.3501422482484111 11 12 21 2 
0.2881404437690731 11 12 21 6 
-0.2094144082711564 11 12 21 9 
-0.7463407918601687 11 12 22 1 
-0.3515843305199685 11 12 22 8 
2.4638264683857916 11 12 23 0 
1.0621736198009040 11 13 0 17 
0.2169639343172417 11 13 1 16 
-1.8857133768918548 11 13 1 23 
-0.0797823573232611 11 13 2 15 
0.2642951700230775 11 13 2 19 
0.6308779776374944 11 13 2 22 
-0.1808877215146828 11 13 3 14 
0.4130649887637439 11 13 3 18 
-0.4811920249042567 11 13 3 21 
-0.0811012587804596 11 13 4 13 
-0.0186600554031159 11 13 4 20 
0.8652137908946246 11 13 5 12 
0.3468856679442702 11 13 6 15 
0.4381953431998848 11 13 6 19 
-0.2577206477338413 11 13 6 22 
-0.0841745454764548 11 13 7 14 
0.4381953431998848 11 13 7 18 
0.2256075364229227 11 13 7 21 
-0.5328645506275528 11 13 8 16 
0.2723360513782645 11 13 8 23 
-0.7264159269482509 11 13 9 15 
0.0730481598965538 11 13 9 19 
0.4596419923231446 11 13 9 22 
0.4386730773792846 11 13 10 14 
-0.4382226742729499 11 13 10 18 
0.2339531988642862 11 13 10 21 
-1.6997813543119249 11 13 11 13 
0.0466472579194061 11 13 11 20 
-0.8652137908946246 11 13 12 5 
0.0811012587804596 11 13 13 4 
1.6997813543119249 11 13 13 11 
0.1808877215146828 11 13 14 3 
0.0841745454764548 11 13 14 7 
-0.4386730773792846 11 13 14 10 
0.0797823573232611 11 13 15 2 
-0.3468856679442702 11 13 15 6 
0.7264159269482509 11 13 15 9 
-0.2169639343172417 11 13 16 1 
0.5328645506275528 11 13 16 8 
-1.0621736198009040 11 13 17 0 
-0.4130649887637439 11 13 18 3 
-0.4381953431998848 11 13 18 7 
0.4382226742729499 11 13 18 10 
-0.2642951700230775 11 13 19 2 
-0.4381953431998848 11 13 19 6 
-0.0730481598965538 11 13 19 9 
0.0186600554031159 11 13 20 4 
-0.0466472579194061 11 13 20 11 
0.4811920249042567 11 13 21 3 
-0.2256075364229227 11 13 21 7 
-0.2339531988642862 11 13 21 10 
-0.6308779776374944 11 13 22 2 
0.2577206477338413 11 13 22 6 
-0.4596419923231446 11 13 22 9 
1.8857133768918548 11 13 23 1 
-0.2723360513782645 11 13 23 8 
1.0112470279175583 11 14 1 17 
0.1371815769939805 11 14 2 16 
-1.4993810930991449 11 14 2 23 
-0.2764823705981130 11 14 3 15 
0.4263678877500485 11 14 3 19 
0.3288930002704052 11 14 3 22 
-0.2619889802951424 11 14 4 14 
0.4130649887637437 11 14 4 18 
-0.4926189284816812 11 14 4 21 
0.6198953858406711 11 14 5 13 
-0.0147520690846943 11 14 5 20 
0.3468856679442701 11 14 6 16 
-0.1578210207818702 11 14 6 23 
0.0333620161853643 11 14 7 15 
0.3098508986610050 11 14 7 19 
0.0684106100592453 11 14 7 22 
-0.4212664160862929 11 14 8 17 
-1.0527274897119903 11 14 9 16 
0.4482431774972745 11 14 9 23 
-0.0483705662987250 11 14 10 15 
-0.1032822631080008 11 14 10 19 
0.4904458630870121 11 14 10 22 
-1.4311500534430026 11 14 11 14 
-0.2683554864216511 11 14 11 18 
0.1718319851779822 11 14 11 21 
-0.6198953858406711 11 14 13 5 
0.2619889802951424 11 14 14 4 
1.4311500534430026 11 14 14 11 
0.2764823705981130 11 14 15 3 
-0.0333620161853643 11 14 15 7 
0.0483705662987250 11 14 15 10 
-0.1371815769939805 11 14 16 2 
-0.3468856679442701 11 14 16 6 
1.0527274897119903 11 14 16 9 
-1.0112470279175583 11 14 17 1 
0.4212664160862929 11 14 17 8 
-0.4130649887637437 11 14 18 4 
0.2683554864216511 11 14 18 11 
-0.4263678877500485 11 14 19 3 
-0.3098508986610050 11 14 19 7 
0.1032822631080008 11 14 19 10 
0.0147520690846943 11 14 20 5 
0.4926189284816812 11 14 21 4 
-0.1718319851779822 11 14 21 11 
-0.3288930002704052 11 14 22 3 
-0.0684106100592453 11 14 22 7 
-0.4904458630870121 11 14 22 10 
1.4993810930991449 11 14 23 2 
0.1578210207818702 11 14 23 6 
-0.4482431774972745 11 14 23 9 
1.0556619516667172 11 15 2 17 
-0.1234885018439633 11 15 3 16 
-1.3094946308584425 11 15 3 23 
-0.5226590591330861 11 15 4 15 
0.5396718291989067 11 15 4 19 
-0.0183293246197974 11 15 4 22 
0.3891679181736558 11 15 5 14 
0.3078804646669727 11 15 5 18 
-0.3756935814198678 11 15 5 21 
0.2585533113146026 11 15 6 17 
0.1470825664863920 11 15 7 16 
-0.0131101227941583 11 15 7 23 
-1.0278750216542103 11 15 9 17 
-0.7474225337275426 11 15 10 16 
0.5819878360744077 11 15 10 23 
-1.4590768129164258 11 15 11 15 
-0.1490818712151350 11 15 11 19 
0.3977137078615461 11 15 11 22 
-0.3891679181736558 11 15 14 5 
0.5226590591330861 11 15 15 4 
1.4590768129164258 11 15 15 11 
0.1234885018439633 11 15 16 3 
-0.1470825664863920 11 15 16 7 
0.7474225337275426 11 15 16 10 
-1.0556619516667172 11 15 17 2 
-0.2585533113146026 11 15 17 6 
1.0278750216542103 11 15 17 9 
-0.3078804646669727 11 15 18 5 
-0.5396718291989067 11 15 19 4 
0.1490818712151350 11 15 19 11 
0.3756935814198678 11 15 21 5 
0.0183293246197974 11 15 22 4 
-0.3977137078615461 11 15 22 11 
1.3094946308584425 11 15 23 3 
0.0131101227941583 11 15 23 7 
-0.5819878360744077 11 15 23 10 
1.0220723543290351 11 16 3 17 
-0.6461475609770495 11 16 4 16 
-1.3207190040205274 11 16 4 23 
-0.0004233557040303 11 16 5 15 
0.5355002245049180 11 16 5 19 
-0.2801460825130388 11 16 5 22 
0.2076913784144330 11 16 7 17 
-1.3177067933022257 11 16 10 17 
-1.9167777703890840 11 16 11 16 
0.5999422207149906 11 16 11 23 
0.0004233557040303 11 16 15 5 
0.6461475609770495 11 16 16 4 
1.9167777703890840 11 16 16 11 
-1.0220723543290351 11 16 17 3 
-0.2076913784144330 11 16 17 7 
1.3177067933022257 11 16 17 10 
-0.5355002245049180 11 16 19 5 
0.2801460825130388 11 16 22 5 
1.3207190040205274 11 16 23 4 
-0.5999422207149906 11 16 23 11 
0.6466830682911134 11 17 4 17 
-0.6466830682911134 11 17 5 16 
-1.5377192264361770 11 17 5 23 
-2.9374690635178635 11 17 11 17 
0.6466830682911134 11 17 16 5 
-0.6466830682911134 11 17 17 4 
2.9374690635178635 11 17 17 11 
1.5377192264361770 11 17 23 5 
0.1754002365372963 11 18 1 17 
-0.1070750627304321 11 18 2 16 
-0.1578210207818702 11 18 2 23 
-0.0081836024421716 11 18 3 15 
-0.1255683263356621 11 18 3 19 
0.2657848935722666 11 18 3 22 
0.1225062114808170 11 18 4 14 
0.1775804301083840 11 18 4 18 
-0.3651722307268162 11 18 4 21 
-0.1875996307783156 11 18 5 13 
0.4576160398894468 11 18 5 20 
0.8156358746074018 11 18 6 16 
-1.8448076952276495 11 18 6 23 
-0.5767416579139144 11 18 7 15 
0.5459129760866156 11 18 7 19 
0.6324146178362077 11 18 7 22 
0.3771762888150851 11 18 8 17 
-0.4138843351584941 11 18 9 16 
0.3606328773313242 11 18 9 23 
0.3787328784948083 11 18 10 15 
0.2887274379692703 11 18 10 19 
-0.3186981235707979 11 18 10 22 
-0.2683554864216511 11 18 11 14 
-1.5434840990953007 11 18 11 18 
0.1913684649701622 11 18 11 21 
0.1875996307783156 11 18 13 5 
-0.1225062114808170 11 18 14 4 
0.2683554864216511 11 18 14 11 
0.0081836024421716 11 18 15 3 
0.5767416579139144 11 18 15 7 
-0.3787328784948083 11 18 15 10 
0.1070750627304321 11 18 16 2 
-0.8156358746074018 11 18 16 6 
0.4138843351584941 11 18 16 9 
-0.1754002365372963 11 18 17 1 
-0.3771762888150851 11 18 17 8 
-0.1775804301083840 11 18 18 4 
1.5434840990953007 11 18 18 11 
0.1255683263356621 11 18 19 3 
-0.5459129760866156 11 18 19 7 
-0.2887274379692703 11 18 19 10 
-0.4576160398894468 11 18 20 5 
0.3651722307268162 11 18 21 4 
-0.1913684649701622 11 18 21 11 
-0.2657848935722666 11 18 22 3 
-0.6324146178362077 11 18 22 7 
0.3186981235707979 11 18 22 10 
0.1578210207818702 11 18 23 2 
1.8448076952276495 11 18 23 6 
-0.3606328773313242 11 18 23 9 
0.2566796677486862 11 19 2 17 
-0.3443719113168736 11 19 3 16 
-0.0131101227941583 11 19 3 23 
0.3443719113168736 11 19 4 15 
-0.1775804301083840 11 19 4 19 
0.0214087408739458 11 19 4 22 
-0.2566796677486862 11 19 5 14 
0.3970819131959968 11 19 5 18 
-0.0239356999534105 11 19 5 21 
1.8238172605096450 11 19 6 17 
-0.8156358746074018 11 19 7 16 
-0.7494334456860834 11 19 7 23 
-0.2721850125986986 11 19 9 17 
0.2434496762509307 11 19 10 16 
0.1692644123611619 11 19 10 23 
-0.1490818712151350 11 19 11 15 
-1.0433935069933331 11 19 11 19 
-0.1692644123611619 11 19 11 22 
0.2566796677486862 11 19 14 5 
-0.3443719113168736 11 19 15 4 
0.1490818712151350 11 19 15 11 
0.3443719113168736 11 19 16 3 
0.8156358746074018 11 19 16 7 
-0.2434496762509307 11 19 16 10 
-0.2566796677486862 11 19 17 2 
-1.8238172605096450 11 19 17 6 
0.2721850125986986 11 19 17 9 
-0.3970819131959968 11 19 18 5 
0.1775804301083840 11 19 19 4 
1.0433935069933331 11 19 19 11 
0.0239356999534105 11 19 21 5 
-0.0214087408739458 11 19 22 4 
0.1692644123611619 11 19 22 11 
0.0131101227941583 11 19 23 3 
0.7494334456860834 11 19 23 7 
-0.1692644123611619 11 19 23 10 
1.6774851147292800 11 20 0 17 
-0.8038413469056797 11 20 1 16 
0.2723360513782645 11 20 1 23 
0.4090759658038216 11 20 2 15 
0.0873427320804291 11 20 2 19 
0.0035202678698537 11 20 2 22 
-0.3027705445430698 11 20 3 14 
-0.0663710573935168 11 20 3 18 
-0.0956573319762844 11 20 3 21 
0.2945066562427888 11 20 4 13 
-0.0466472579194061 11 20 4 20 
-0.1938658740223431 11 20 5 12 
0.0873427320804291 11 20 6 15 
0.4200296557537641 11 20 6 19 
0.3606328773313242 11 20 6 22 
-0.0663710573935168 11 20 7 14 
-0.2753529086483290 11 20 7 18 
-0.1913684649701622 11 20 7 21 
-0.2723360513782645 11 20 8 16 
-0.3830394549677261 11 20 8 23 
-0.0035202678698537 11 20 9 15 
-0.3606328773313242 11 20 9 19 
-0.6265011695533745 11 20 9 22 
0.0956573319762844 11 20 10 14 
0.1913684649701622 11 20 10 18 
0.2463683730692401 11 20 10 21 
0.0466472579194061 11 20 11 13 
-1.3502785096909542 11 20 11 20 
0.1938658740223431 11 20 12 5 
-0.2945066562427888 11 20 13 4 
-0.0466472579194061 11 20 13 11 
0.3027705445430698 11 20 14 3 
0.0663710573935168 11 20 14 7 
-0.0956573319762844 11 20 14 10 
-0.4090759658038216 11 20 15 2 
-0.0873427320804291 11 20 15 6 
0.0035202678698537 11 20 15 9 
0.8038413469056797 11 20 16 1 
0.2723360513782645 11 20 16 8 
-1.6774851147292800 11 20 17 0 
0.0663710573935168 11 20 18 3 
0.2753529086483290 11 20 18 7 
-0.1913684649701622 11 20 18 10 
-0.0873427320804291 11 20 19 2 
-0.4200296557537641 11 20 19 6 
0.3606328773313242 11 20 19 9 
0.0466472579194061 11 20 20 4 
1.3502785096909542 11 20 20 11 
0.0956573319762844 11 20 21 3 
0.1913684649701622 11 20 21 7 
-0.2463683730692401 11 20 21 10 
-0.0035202678698537 11 20 22 2 
-0.3606328773313242 11 20 22 6 
0.6265011695533745 11 20 22 9 
-0.2723360513782645 11 20 23 1 
0.3830394549677261 11 20 23 8 
1.1278692544329005 11 21 1 17 
-0.6446491678765960 11 21 2 16 
0.4482431774972744 11 21 2 23 
0.1841263907436352 11 21 3 15 
0.1129627017826323 11 21 3 19 
-0.1043582899260997 11 21 3 22 
-0.0134948730846962 11 21 4 14 
-0.1083834828687286 11 21 4 18 
-0.2028550269180154 11 21 4 21 
0.1299266911630246 11 21 5 13 
-0.0602213510227006 11 21 5 20 
0.1426300842251135 11 21 6 16 
0.3606328773313242 11 21 6 23 
-0.0645306936792479 11 21 7 15 
0.0835291588868024 11 21 7 19 
-0.0127617807239880 11 21 7 22 
-0.3515843305199685 11 21 8 17 
-0.2780846247376348 11 21 9 16 
-1.0095406245211005 11 21 9 23 
0.1616185038948485 11 21 10 15 
-0.3059363428468100 11 21 10 19 
-0.4389395447558401 11 21 10 22 
0.1718319851779821 11 21 11 14 
0.1913684649701622 11 21 11 18 
-1.1039101366217139 11 21 11 21 
-0.1299266911630246 11 21 13 5 
0.0134948730846962 11 21 14 4 
-0.1718319851779821 11 21 14 11 
-0.1841263907436352 11 21 15 3 
0.0645306936792479 11 21 15 7 
-0.1616185038948485 11 21 15 10 
0.6446491678765960 11 21 16 2 
-0.1426300842251135 11 21 16 6 
0.2780846247376348 11 21 16 9 
-1.1278692544329005 11 21 17 1 
0.3515843305199685 11 21 17 8 
0.1083834828687286 11 21 18 4 
-0.1913684649701622 11 21 18 11 
-0.1129627017826323 11 21 19 3 
-0.0835291588868024 11 21 19 7 
0.3059363428468100 11 21 19 10 
0.0602213510227006 11 21 20 5 
0.2028550269180154 11 21 21 4 
1.1039101366217139 11 21 21 11 
0.1043582899260997 11 21 22 3 
0.0127617807239880 11 21 22 7 
0.4389395447558401 11 21 22 10 
-0.4482431774972744 11 21 23 2 
-0.3606328773313242 11 21 23 6 
1.0095406245211005 11 21 23 9 
0.8743083156972680 11 22 2 17 
-0.7065797128344374 11 22 3 16 
0.5819878360744077 11 22 3 23 
0.2401517293534123 11 22 4 15 
0.1055616434689416 11 22 4 19 
-0.3504399358775691 11 22 4 22 
0.1686563619744533 11 22 5 14 
-0.1211764176663306 11 22 5 18 
-0.2789520347189947 11 22 5 21 
0.1594652819819371 11 22 6 17 
-0.0199451400779794 11 22 7 16 
0.1692644123611619 11 22 7 23 
-0.6153890240082727 11 22 9 17 
-0.0495215445990912 11 22 10 16 
-1.3896734210052346 11 22 10 23 
0.3977137078615461 11 22 11 15 
-0.1692644123611619 11 22 11 19 
-1.4840429331058480 11 22 11 22 
-0.1686563619744533 11 22 14 5 
-0.2401517293534123 11 22 15 4 
-0.3977137078615461 11 22 15 11 
0.7065797128344374 11 22 16 3 
0.0199451400779794 11 22 16 7 
0.0495215445990912 11 22 16 10 
-0.8743083156972680 11 22 17 2 
-0.1594652819819371 11 22 17 6 
0.6153890240082727 11 22 17 9 
0.1211764176663306 11 22 18 5 
-0.1055616434689416 11 22 19 4 
0.1692644123611619 11 22 19 11 
0.2789520347189947 11 22 21 5 
0.3504399358775691 11 22 22 4 
1.4840429331058480 11 22 22 11 
-0.5819878360744077 11 22 23 3 
-0.1692644123611619 11 22 23 7 
1.3896734210052346 11 22 23 10 
0.6021559374090395 11 23 3 17 
-0.7616737075225419 11 23 4 16 
0.5999422207149906 11 23 4 23 
0.6021559374090395 11 23 5 15 
0.0663182583587415 11 23 5 19 
-0.7745220765052842 11 23 5 22 
0.0663182583587415 11 23 7 17 
-0.7745220765052842 11 23 10 17 
0.5999422207149906 11 23 11 16 
-2.8737163541110831 11 23 11 23 
-0.6021559374090395 11 23 15 5 
0.7616737075225419 11 23 16 4 
-0.5999422207149906 11 23 16 11 
-0.6021559374090395 11 23 17 3 
-0.0663182583587415 11 23 17 7 
0.7745220765052842 11 23 17 10 
-0.0663182583587415 11 23 19 5 
0.7745220765052842 11 23 22 5 
-0.5999422207149906 11 23 23 4 
2.8737163541110831 11 23 23 11 
4.1860726594527762 12 0 0 12 
-4.1860726594527762 12 0 12 0 
1.9928050563505317 12 1 0 13 
-0.6466830682911134 12 1 0 20 
2.1932676031022456 12 1 1 12 
0.6466830682911134 12 1 8 12 
-2.1932676031022456 12 1 12 1 
-0.6466830682911134 12 1 12 8 
-1.9928050563505317 12 1 13 0 
0.6466830682911134 12 1 20 0 
1.2781438584496385 12 2 0 14 
0.4393291424167737 12 2 0 18 
-1.0554824785433468 12 2 0 21 
0.9039828562844660 12 2 1 13 
-0.0004233557040302 12 2 1 20 
1.4786064052013523 12 2 2 12 
0.4393291424167737 12 2 6 12 
1.0220723543290349 12 2 8 13 
-0.6021559374090395 12 2 8 20 
-0.2634607072380288 12 2 9 12 
-1.4786064052013523 12 2 12 2 
-0.4393291424167737 12 2 12 6 
0.2634607072380288 12 2 12 9 
-0.9039828562844660 12 2 13 1 
-1.0220723543290349 12 2 13 8 
-1.2781438584496385 12 2 14 0 
-0.4393291424167737 12 2 18 0 
0.0004233557040302 12 2 20 1 
0.6021559374090395 12 2 20 8 
1.0554824785433468 12 2 21 0 
0.7834736461494803 12 3 0 15 
-0.0265701056626161 12 3 0 19 
-0.8718837348826177 12 3 0 22 
0.6636697326884439 12 3 1 14 
0.6013044086505475 12 3 1 18 
-0.6362418227801566 12 3 1 21 
0.2951488789442513 12 3 2 13 
0.3891679181736559 12 3 2 20 
1.2586154196006183 12 3 3 12 
0.3810654182900444 12 3 6 13 
-0.2566796677486862 12 3 6 20 
0.4658992480793897 12 3 7 12 
1.0556619516667172 12 3 8 14 
0.2566796677486862 12 3 8 18 
-0.8743083156972680 12 3 8 21 
0.0463924984066987 12 3 9 13 
-0.1686563619744533 12 3 9 20 
-0.4470594508987579 12 3 10 12 
-1.2586154196006183 12 3 12 3 
-0.4658992480793897 12 3 12 7 
0.4470594508987579 12 3 12 10 
-0.2951488789442513 12 3 13 2 
-0.3810654182900444 12 3 13 6 
-0.0463924984066987 12 3 13 9 
-0.6636697326884439 12 3 14 1 
-1.0556619516667172 12 3 14 8 
-0.7834736461494803 12 3 15 0 
-0.6013044086505475 12 3 18 1 
-0.2566796677486862 12 3 18 8 
0.0265701056626161 12 3 19 0 
-0.3891679181736559 12 3 20 2 
0.2566796677486862 12 3 20 6 
0.1686563619744533 12 3 20 9 
0.6362418227801566 12 3 21 1 
0.8743083156972680 12 3 21 8 
0.8718837348826177 12 3 22 0 
0.4534756333893172 12 4 0 16 
-1.0621736198009040 12 4 0 23 
0.4174181374605694 12 4 1 15 
-0.0336088206260817 12 4 1 19 
-0.2800992347794384 12 4 1 22 
0.2209309393055034 12 4 2 14 
0.6131869211367399 12 4 2 18 
-0.4381817544624528 12 4 2 21 
0.0699733445390035 12 4 3 13 
0.6198953858406711 12 4 3 20 
1.2032966335398794 12 4 4 12 
0.1727089404157337 12 4 6 14 
0.1956997100893347 12 4 6 18 
-0.3108454448911990 12 4 6 21 
0.5893211136362798 12 4 7 13 
-0.1875996307783156 12 4 7 20 
1.0112470279175583 12 4 8 15 
0.1754002365372963 12 4 8 19 
-1.1278692544329005 12 4 8 22 
-0.0276424830535041 12 4 9 14 
0.3178887684402019 12 4 9 18 
-0.1253882655719211 12 4 9 21 
0.1047012748710600 12 4 10 13 
-0.1299266911630246 12 4 10 20 
-0.8652137908946246 12 4 11 12 
-1.2032966335398794 12 4 12 4 
0.8652137908946246 12 4 12 11 
-0.0699733445390035 12 4 13 3 
-0.5893211136362798 12 4 13 7 
-0.1047012748710600 12 4 13 10 
-0.2209309393055034 12 4 14 2 
-0.1727089404157337 12 4 14 6 
0.0276424830535041 12 4 14 9 
-0.4174181374605694 12 4 15 1 
-1.0112470279175583 12 4 15 8 
-0.4534756333893172 12 4 16 0 
-0.6131869211367399 12 4 18 2 
-0.1956997100893347 12 4 18 6 
-0.3178887684402019 12 4 18 9 
0.0336088206260817 12 4 19 1 
-0.1754002365372963 12 4 19 8 
-0.6198953858406711 12 4 20 3 
0.1875996307783156 12 4 20 7 
0.1299266911630246 12 4 20 10 
0.4381817544624528 12 4 21 2 
0.3108454448911990 12 4 21 6 
0.1253882655719211 12 4 21 9 
0.2800992347794384 12 4 22 1 
1.1278692544329005 12 4 22 8 
1.0621736198009040 12 4 23 0 
0.0089844967519277 12 5 0 17 
0.4444911366373896 12 5 1 16 
-1.0621736198009040 12 5 1 23 
-0.1144931238772265 12 5 2 15 
-0.0265701056626162 12 5 2 19 
0.4290079584959792 12 5 2 22 
0.2791653234172216 12 5 3 14 
0.4658992480793896 12 5 3 18 
-0.6126067021567083 12 5 3 21 
-0.2238465373564825 12 5 4 13 
0.8652137908946246 12 5 4 20 
1.4271431708963616 12 5 5 12 
-0.0265701056626162 12 5 6 15 
-0.2175786262656689 12 5 6 19 
-0.2264407316765967 12 5 6 22 
0.4658992480793896 12 5 7 14 
0.6551764812024227 12 5 7 18 
-0.2421900819196923 12 5 7 21 
1.0621736198009040 12 5 8 16 
-1.6774851147292800 12 5 8 23 
-0.4290079584959792 12 5 9 15 
0.2264407316765967 12 5 9 19 
0.2214121683566131 12 5 9 22 
0.6126067021567083 12 5 10 14 
0.2421900819196923 12 5 10 18 
-0.3616005110564193 12 5 10 21 
-0.8652137908946246 12 5 11 13 
0.1938658740223431 12 5 11 20 
-1.4271431708963616 12 5 12 5 
0.2238465373564825 12 5 13 4 
0.8652137908946246 12 5 13 11 
-0.2791653234172216 12 5 14 3 
-0.4658992480793896 12 5 14 7 
-0.6126067021567083 12 5 14 10 
0.1144931238772264 12 5 15 2 
0.0265701056626162 12 5 15 6 
0.4290079584959792 12 5 15 9 
-0.4444911366373896 12 5 16 1 
-1.0621736198009040 12 5 16 8 
-0.0089844967519277 12 5 17 0 
-0.4658992480793896 12 5 18 3 
-0.6551764812024227 12 5 18 7 
-0.2421900819196923 12 5 18 10 
0.0265701056626162 12 5 19 2 
0.2175786262656689 12 5 19 6 
-0.2264407316765967 12 5 19 9 
-0.8652137908946246 12 5 20 4 
-0.1938658740223431 12 5 20 11 
0.6126067021567083 12 5 21 3 
0.2421900819196923 12 5 21 7 
0.3616005110564193 12 5 21 10 
-0.4290079584959792 12 5 22 2 
0.2264407316765967 12 5 22 6 
-0.2214121683566131 12 5 22 9 
1.0621736198009040 12 5 23 1 
1.6774851147292800 12 5 23 8 
0.4393291424167737 12 6 0 14 
2.3574938074251826 12 6 0 18 
-0.6913278171326267 12 6 0 21 
-0.5557122930101982 12 6 1 13 
0.5355002245049180 12 6 1 20 
0.4393291424167737 12 6 2 12 
1.6946787845501343 12 6 6 12 
0.2076913784144330 12 6 8 13 
-0.0663182583587415 12 6 8 20 
-0.2681284165833206 12 6 9 12 
-0.4393291424167737 12 6 12 2 
-1.6946787845501343 12 6 12 6 
0.2681284165833206 12 6 12 9 
0.5557122930101982 12 6 13 1 
-0.2076913784144330 12 6 13 8 
-0.4393291424167737 12 6 14 0 
-2.3574938074251826 12 6 18 0 
-0.5355002245049180 12 6 20 1 
0.0663182583587415 12 6 20 8 
0.6913278171326267 12 6 21 0 
-0.0265701056626162 12 7 0 15 
0.1405611598356930 12 7 0 19 
-0.1292175654217158 12 7 0 22 
0.2321215028466954 12 7 1 14 
0.9914424203097362 12 7 1 18 
-0.1935954947010262 12 7 1 21 
-0.4285954682348138 12 7 2 13 
0.3078804646669727 12 7 2 20 
0.4658992480793896 12 7 3 12 
0.4048277044633564 12 7 6 13 
0.3970819131959968 12 7 6 20 
0.7894565181948735 12 7 7 12 
0.2585533113146026 12 7 8 14 
1.8238172605096450 12 7 8 18 
-0.1594652819819371 12 7 8 21 
-0.3023051161158927 12 7 9 13 
0.1211764176663306 12 7 9 20 
0.2039231864988913 12 7 10 12 
-0.4658992480793896 12 7 12 3 
-0.7894565181948735 12 7 12 7 
-0.2039231864988913 12 7 12 10 
0.4285954682348138 12 7 13 2 
-0.4048277044633564 12 7 13 6 
0.3023051161158927 12 7 13 9 
-0.2321215028466954 12 7 14 1 
-0.2585533113146026 12 7 14 8 
0.0265701056626162 12 7 15 0 
-0.9914424203097362 12 7 18 1 
-1.8238172605096450 12 7 18 8 
-0.1405611598356930 12 7 19 0 
-0.3078804646669727 12 7 20 2 
-0.3970819131959968 12 7 20 6 
-0.1211764176663306 12 7 20 9 
0.1935954947010262 12 7 21 1 
0.1594652819819371 12 7 21 8 
0.1292175654217158 12 7 22 0 
-0.6466830682911134 12 8 0 13 
1.5377192264361770 12 8 0 20 
0.6466830682911134 12 8 1 12 
2.9374690635178635 12 8 8 12 
-0.6466830682911134 12 8 12 1 
-2.9374690635178635 12 8 12 8 
0.6466830682911134 12 8 13 0 
-1.5377192264361770 12 8 20 0 
-1.0554824785433468 12 9 0 14 
-0.6913278171326267 12 9 0 18 
1.1760521890767608 12 9 0 21 
0.8341729142855514 12 9 1 13 
0.2801460825130388 12 9 1 20 
-0.2634607072380288 12 9 2 12 
-0.2681284165833206 12 9 6 12 
1.3177067933022257 12 9 8 13 
-0.7745220765052842 12 9 8 20 
1.2363169083032308 12 9 9 12 
0.2634607072380288 12 9 12 2 
0.2681284165833206 12 9 12 6 
-1.2363169083032308 12 9 12 9 
-0.8341729142855514 12 9 13 1 
-1.3177067933022257 12 9 13 8 
1.0554824785433468 12 9 14 0 
0.6913278171326267 12 9 18 0 
-0.2801460825130388 12 9 20 1 
0.7745220765052842 12 9 20 8 
-1.1760521890767608 12 9 21 0 
-0.8718837348826177 12 10 0 15 
-0.1292175654217158 12 10 0 19 
1.5003046492292291 12 10 0 22 
0.2257025513712081 12 10 1 14 
-0.5605545455040420 12 10 1 18 
-0.2900202171089846 12 10 1 21 
0.3641467730022498 12 10 2 13 
0.3756935814198678 12 10 2 20 
-0.4470594508987579 12 10 3 12 
-0.3310185679118523 12 10 6 13 
0.0239356999534105 12 10 6 20 
0.2039231864988913 12 10 7 12 
1.0278750216542103 12 10 8 14 
0.2721850125986986 12 10 8 18 
-0.6153890240082727 12 10 8 21 
-0.1569561379512735 12 10 9 13 
-0.2789520347189947 12 10 9 20 
1.4117992052756716 12 10 10 12 
0.4470594508987579 12 10 12 3 
-0.2039231864988913 12 10 12 7 
-1.4117992052756716 12 10 12 10 
-0.3641467730022498 12 10 13 2 
0.3310185679118523 12 10 13 6 
0.1569561379512735 12 10 13 9 
-0.2257025513712081 12 10 14 1 
-1.0278750216542103 12 10 14 8 
0.8718837348826177 12 10 15 0 
0.5605545455040420 12 10 18 1 
-0.2721850125986986 12 10 18 8 
0.1292175654217158 12 10 19 0 
-0.3756935814198678 12 10 20 2 
-0.0239356999534105 12 10 20 6 
0.2789520347189947 12 10 20 9 
0.2900202171089846 12 10 21 1 
0.6153890240082727 12 10 21 8 
-1.5003046492292291 12 10 22 0 
-1.0621736198009040 12 11 0 16 
2.4638264683857916 12 11 0 23 
0.6681969266407319 12 11 1 15 
-0.1000914957831545 12 11 1 19 
-0.7463407918601687 12 11 1 22 
-0.5705158458675657 12 11 2 14 
-0.3078804646669726 12 11 2 18 
0.3501422482484111 12 11 2 21 
0.7481277352671621 12 11 3 13 
0.0147520690846943 12 11 3 20 
-0.8652137908946245 12 11 4 12 
-0.2585533113146025 12 11 6 14 
-0.9798345748187925 12 11 6 18 
0.2881404437690731 12 11 6 21 
0.1579582210431509 12 11 7 13 
-0.4576160398894468 12 11 7 20 
0.4212664160862929 12 11 8 15 
-0.3771762888150851 12 11 8 19 
-0.3515843305199685 12 11 8 22 
0.2982201854702999 12 11 9 14 
0.4899478444780319 12 11 9 18 
-0.2094144082711564 12 11 9 21 
-0.5576750336112156 12 11 10 13 
-0.0602213510227006 12 11 10 20 
2.1317545778663045 12 11 11 12 
0.8652137908946245 12 11 12 4 
-2.1317545778663045 12 11 12 11 
-0.7481277352671621 12 11 13 3 
-0.1579582210431509 12 11 13 7 
0.5576750336112156 12 11 13 10 
0.5705158458675657 12 11 14 2 
0.2585533113146025 12 11 14 6 
-0.2982201854702999 12 11 14 9 
-0.6681969266407319 12 11 15 1 
-0.4212664160862929 12 11 15 8 
1.0621736198009040 12 11 16 0 
0.3078804646669726 12 11 18 2 
0.9798345748187925 12 11 18 6 
-0.4899478444780319 12 11 18 9 
0.1000914957831545 12 11 19 1 
0.3771762888150851 12 11 19 8 
-0.0147520690846943 12 11 20 3 
0.4576160398894468 12 11 20 7 
0.0602213510227006 12 11 20 10 
-0.3501422482484111 12 11 21 2 
-0.2881404437690731 12 11 21 6 
0.2094144082711564 12 11 21 9 
0.7463407918601687 12 11 22 1 
0.3515843305199685 12 11 22 8 
-2.4638264683857916 12 11 23 0 
-0.2004625467517137 12 13 12 13 
-1.2933661365822267 12 13 12 20 
0.2004625467517137 12 13 13 12 
1.2933661365822267 12 13 20 12 
-0.2004625467517137 12 14 12 14 
-0.7920217713053178 12 14 12 21 
-1.0224957100330649 12 14 13 20 
0.2004625467517137 12 14 14 12 
1.0224957100330649 12 14 20 13 
0.7920217713053178 12 14 21 12 
-0.4751417734511378 12 15 12 15 
-0.4924693537420057 12 15 12 19 
-0.4248242839838597 12 15 12 22 
0.3685208537441925 12 15 13 14 
0.2202389903605030 12 15 13 18 
-0.6826343211868554 12 15 13 21 
-0.3685208537441925 12 15 14 13 
-0.6664940334930611 12 15 14 20 
0.4751417734511378 12 15 15 12 
-0.2202389903605030 12 15 18 13 
-0.5133593354973722 12 15 18 20 
0.4924693537420057 12 15 19 12 
0.6664940334930611 12 15 20 14 
0.5133593354973722 12 15 20 18 
-0.7056519537228145 12 15 20 21 
0.6826343211868554 12 15 21 13 
0.7056519537228145 12 15 21 20 
0.4248242839838597 12 15 22 12 
-0.7498210001505619 12 16 12 16 
-0.1969598289062796 12 16 12 23 
0.3474447929215658 12 16 13 15 
-0.6229299342623614 12 16 13 19 
-0.3848005096504984 12 16 13 22 
0.4404779807210061 12 16 14 18 
-0.4105392714089487 12 16 14 21 
-0.3474447929215658 12 16 15 13 
-0.3913516420768873 12 16 15 20 
0.7498210001505619 12 16 16 12 
-0.4404779807210061 12 16 18 14 
-0.6287342133314007 12 16 18 21 
0.6229299342623614 12 16 19 13 
-0.3629998673156118 12 16 19 20 
0.3913516420768873 12 16 20 15 
0.3629998673156118 12 16 20 19 
-0.9979425632698761 12 16 20 22 
0.4105392714089487 12 16 21 14 
0.6287342133314007 12 16 21 18 
0.3848005096504984 12 16 22 13 
0.9979425632698761 12 16 22 20 
0.1969598289062796 12 16 23 12 
-1.4181586741444339 12 17 12 17 
0.6683376739938721 12 17 13 16 
-0.1969598289062796 12 17 13 23 
-0.3936584472944480 12 17 14 15 
-0.4924693537420057 12 17 14 19 
-0.1835987436607290 12 17 14 22 
0.3936584472944480 12 17 15 14 
0.4924693537420057 12 17 15 18 
-0.1835987436607290 12 17 15 21 
-0.6683376739938721 12 17 16 13 
-0.1969598289062796 12 17 16 20 
1.4181586741444339 12 17 17 12 
-0.4924693537420057 12 17 18 15 
-0.8727551074680914 12 17 18 19 
-0.4686308135962888 12 17 18 22 
0.4924693537420057 12 17 19 14 
0.8727551074680914 12 17 19 18 
-0.4686308135962888 12 17 19 21 
0.1969598289062796 12 17 20 16 
-1.8713509887516224 12 17 20 23 
0.1835987436607290 12 17 21 15 
0.4686308135962888 12 17 21 19 
0.5830126794130323 12 17 21 22 
0.1835987436607290 12 17 22 14 
0.4686308135962888 12 17 22 18 
-0.5830126794130323 12 17 22 21 
0.1969598289062796 12 17 23 13 
1.8713509887516224 12 17 23 20 
0.6628150228750482 12 18 12 18 
-0.4231994005493061 12 18 12 21 
0.3278088460904849 12 18 13 20 
-0.6628150228750482 12 18 18 12 
-0.3278088460904849 12 18 20 13 
0.4231994005493061 12 18 21 12 
-0.4924693537420057 12 19 12 15 
-0.6488953583591806 12 19 12 19 
-0.3331407519206071 12 19 12 22 
0.6607169710815093 12 19 13 14 
0.5866147158463797 12 19 13 18 
0.1087096214148664 12 19 13 21 
-0.6607169710815093 12 19 14 13 
0.0493271533523701 12 19 14 20 
0.4924693537420057 12 19 15 12 
-0.5866147158463797 12 19 18 13 
-1.4267353473136482 12 19 18 20 
0.6488953583591806 12 19 19 12 
-0.0493271533523701 12 19 20 14 
1.4267353473136482 12 19 20 18 
-0.2806416996482677 12 19 20 21 
-0.1087096214148664 12 19 21 13 
0.2806416996482677 12 19 21 20 
0.3331407519206071 12 19 22 12 
-1.2933661365822267 12 20 12 13 
-1.3997498370816865 12 20 12 20 
1.2933661365822267 12 20 13 12 
1.3997498370816865 12 20 20 12 
-0.7920217713053178 12 21 12 14 
-0.4231994005493061 12 21 12 18 
-0.0602647192264699 12 21 12 21 
-1.0375607107891867 12 21 13 20 
0.7920217713053178 12 21 14 12 
0.4231994005493061 12 21 18 12 
1.0375607107891867 12 21 20 13 
0.0602647192264699 12 21 21 12 
-0.4248242839838597 12 22 12 15 
-0.3331407519206071 12 22 12 19 
0.0885054439535576 12 22 12 22 
-0.1384442216310417 12 22 13 14 
-0.2295359775921898 12 22 13 18 
-0.1330640791577111 12 22 13 21 
0.1384442216310417 12 22 14 13 
-0.6521814402343425 12 22 14 20 
0.4248242839838597 12 22 15 12 
0.2295359775921898 12 22 18 13 
-0.2482493126452881 12 22 18 20 
0.3331407519206071 12 22 19 12 
0.6521814402343425 12 22 20 14 
0.2482493126452881 12 22 20 18 
-0.3364369892892780 12 22 20 21 
0.1330640791577111 12 22 21 13 
0.3364369892892780 12 22 21 20 
-0.0885054439535576 12 22 22 12 
-0.1969598289062796 12 23 12 16 
0.3320718905194877 12 23 12 23 
-0.0799308086264302 12 23 13 15 
-0.2580497168263055 12 23 13 19 
-0.1886657582489533 12 23 13 22 
-0.0493271533523701 12 23 14 18 
0.0519220627781111 12 23 14 21 
0.0799308086264302 12 23 15 13 
-0.4065143470015986 12 23 15 20 
0.1969598289062796 12 23 16 12 
0.0493271533523701 12 23 18 14 
-0.2018074007089588 12 23 18 21 
0.2580497168263055 12 23 19 13 
-0.0804397510743616 12 23 19 20 
0.4065143470015986 12 23 20 15 
0.0804397510743616 12 23 20 19 
-0.2913629794972679 12 23 20 22 
-0.0519220627781111 12 23 21 14 
0.2018074007089588 12 23 21 18 
0.1886657582489533 12 23 22 13 
0.2913629794972679 12 23 22 20 
-0.3320718905194877 12 23 23 12 
2.1932676031022456 13 0 0 13 
0.6466830682911134 13 0 0 20 
1.9928050563505317 13 0 1 12 
-0.6466830682911134 13 0 8 12 
-1.9928050563505317 13 0 12 1 
0.6466830682911134 13 0 12 8 
-2.1932676031022456 13 0 13 0 
-0.6466830682911134 13 0 20 0 
0.9039828562844662 13 1 0 14 
-0.5557122930101982 13 1 0 18 
0.8341729142855514 13 1 0 21 
3.0426147428113484 13 1 1 13 
-0.6461475609770495 13 1 1 20 
0.9039828562844664 13 1 2 12 
-0.5557122930101982 13 1 6 12 
-0.6461475609770495 13 1 8 13 
0.7616737075225419 13 1 8 20 
0.8341729142855514 13 1 9 12 
-0.9039828562844662 13 1 12 2 
0.5557122930101982 13 1 12 6 
-0.8341729142855514 13 1 12 9 
-3.0426147428113484 13 1 13 1 
0.6461475609770495 13 1 13 8 
-0.9039828562844664 13 1 14 0 
0.5557122930101982 13 1 18 0 
0.6461475609770495 13 1 20 1 
-0.7616737075225419 13 1 20 8 
-0.8341729142855514 13 1 21 0 
0.6636697326884441 13 2 0 15 
0.2321215028466954 13 2 0 19 
0.2257025513712081 13 2 0 22 
1.5311953929507816 13 2 1 14 
-0.3674053773309884 13 2 1 18 
-0.2022024289427100 13 2 1 21 
2.2260805477614589 13 2 2 13 
-0.5226590591330861 13 2 2 20 
0.2951488789442516 13 2 3 12 
-0.0719237650857850 13 2 6 13 
0.3443719113168736 13 2 6 20 
-0.4285954682348138 13 2 7 12 
-0.1234885018439633 13 2 8 14 
-0.3443719113168736 13 2 8 18 
0.7065797128344374 13 2 8 21 
0.4659910660989852 13 2 9 13 
-0.2401517293534123 13 2 9 20 
0.3641467730022498 13 2 10 12 
-0.2951488789442516 13 2 12 3 
0.4285954682348138 13 2 12 7 
-0.3641467730022498 13 2 12 10 
-2.2260805477614589 13 2 13 2 
0.0719237650857850 13 2 13 6 
-0.4659910660989852 13 2 13 9 
-1.5311953929507816 13 2 14 1 
0.1234885018439633 13 2 14 8 
-0.6636697326884441 13 2 15 0 
0.3674053773309884 13 2 18 1 
0.3443719113168736 13 2 18 8 
-0.2321215028466954 13 2 19 0 
0.5226590591330861 13 2 20 2 
-0.3443719113168736 13 2 20 6 
0.2401517293534123 13 2 20 9 
0.2022024289427100 13 2 21 1 
-0.7065797128344374 13 2 21 8 
-0.2257025513712081 13 2 22 0 
0.4174181374605694 13 3 0 16 
0.6681969266407319 13 3 0 23 
1.1458832078735037 13 3 1 15 
0.2848535699801570 13 3 1 19 
-1.0866551001192286 13 3 1 22 
0.9333622807655698 13 3 2 14 
-0.0150303215127032 13 3 2 18 
0.0509198014279566 13 3 2 21 
1.5660891359847569 13 3 3 13 
-0.2619889802951424 13 3 3 20 
0.0699733445390035 13 3 4 12 
0.2635524141333200 13 3 6 14 
-0.2475427285267725 13 3 6 18 
0.1943686267576729 13 3 6 21 
-0.1091219130134476 13 3 7 13 
0.1225062114808170 13 3 7 20 
0.1371815769939805 13 3 8 15 
-0.1070750627304321 13 3 8 19 
0.6446491678765958 13 3 8 22 
0.9113598987830348 13 3 9 14 
-0.2032778046426128 13 3 9 18 
-0.6492719610348943 13 3 9 21 
-0.5380025398717464 13 3 10 13 
0.0134948730846963 13 3 10 20 
0.7481277352671621 13 3 11 12 
-0.0699733445390035 13 3 12 4 
-0.7481277352671621 13 3 12 11 
-1.5660891359847569 13 3 13 3 
0.1091219130134476 13 3 13 7 
0.5380025398717464 13 3 13 10 
-0.9333622807655698 13 3 14 2 
-0.2635524141333200 13 3 14 6 
-0.9113598987830348 13 3 14 9 
-1.1458832078735037 13 3 15 1 
-0.1371815769939805 13 3 15 8 
-0.4174181374605694 13 3 16 0 
0.0150303215127032 13 3 18 2 
0.2475427285267725 13 3 18 6 
0.2032778046426128 13 3 18 9 
-0.2848535699801570 13 3 19 1 
0.1070750627304321 13 3 19 8 
0.2619889802951424 13 3 20 3 
-0.1225062114808170 13 3 20 7 
-0.0134948730846963 13 3 20 10 
-0.0509198014279566 13 3 21 2 
-0.1943686267576729 13 3 21 6 
0.6492719610348943 13 3 21 9 
1.0866551001192286 13 3 22 1 
-0.6446491678765958 13 3 22 8 
-0.6681969266407319 13 3 23 0 
0.4444911366373896 13 4 0 17 
0.5369813171681888 13 4 1 16 
-0.2169639343172417 13 4 1 23 
0.9388999034654786 13 4 2 15 
0.2582834643175408 13 4 2 19 
-1.1752302553965566 13 4 2 22 
0.1057546934519520 13 4 3 14 
0.3567773350659420 13 4 3 18 
0.5048930896201568 13 4 3 21 
1.5156532285935442 13 4 4 13 
-0.0811012587804596 13 4 4 20 
-0.2238465373564825 13 4 5 12 
0.2582834643175408 13 4 6 15 
0.3050981972530196 13 4 6 19 
-0.0515878864325576 13 4 6 22 
0.3567773350659420 13 4 7 14 
-0.5676569102150720 13 4 7 18 
-0.0421382762867002 13 4 7 21 
0.2169639343172417 13 4 8 16 
0.8038413469056797 13 4 8 23 
1.1752302553965566 13 4 9 15 
0.0515878864325576 13 4 9 19 
-1.2072066103400581 13 4 9 22 
-0.5048930896201568 13 4 10 14 
0.0421382762867002 13 4 10 18 
0.1488090546761286 13 4 10 21 
0.0811012587804596 13 4 11 13 
-0.2945066562427888 13 4 11 20 
0.2238465373564825 13 4 12 5 
-1.5156532285935442 13 4 13 4 
-0.0811012587804596 13 4 13 11 
-0.1057546934519520 13 4 14 3 
-0.3567773350659420 13 4 14 7 
0.5048930896201568 13 4 14 10 
-0.9388999034654786 13 4 15 2 
-0.2582834643175408 13 4 15 6 
-1.1752302553965566 13 4 15 9 
-0.5369813171681888 13 4 16 1 
-0.2169639343172417 13 4 16 8 
-0.4444911366373896 13 4 17 0 
-0.3567773350659420 13 4 18 3 
0.5676569102150720 13 4 18 7 
-0.0421382762867002 13 4 18 10 
-0.2582834643175408 13 4 19 2 
-0.3050981972530196 13 4 19 6 
-0.0515878864325576 13 4 19 9 
0.0811012587804596 13 4 20 4 
0.2945066562427888 13 4 20 11 
-0.5048930896201568 13 4 21 3 
0.0421382762867002 13 4 21 7 
-0.1488090546761286 13 4 21 10 
1.1752302553965566 13 4 22 2 
0.0515878864325576 13 4 22 6 
1.2072066103400581 13 4 22 9 
0.2169639343172417 13 4 23 1 
-0.8038413469056797 13 4 23 8 
0.4534756333893172 13 5 1 17 
0.4174181374605694 13 5 2 16 
-1.0112470279175583 13 5 2 23 
0.2209309393055034 13 5 3 15 
0.1727089404157337 13 5 3 19 
0.0276424830535041 13 5 3 22 
0.0699733445390035 13 5 4 14 
0.5893211136362798 13 5 4 18 
-0.1047012748710600 13 5 4 21 
1.2032966335398794 13 5 5 13 
0.8652137908946246 13 5 5 20 
-0.0336088206260817 13 5 6 16 
-0.1754002365372963 13 5 6 23 
0.6131869211367399 13 5 7 15 
0.1956997100893347 13 5 7 19 
-0.3178887684402019 13 5 7 22 
1.0621736198009040 13 5 8 17 
0.2800992347794384 13 5 9 16 
-1.1278692544329005 13 5 9 23 
0.4381817544624528 13 5 10 15 
0.3108454448911990 13 5 10 19 
-0.1253882655719211 13 5 10 22 
-0.6198953858406711 13 5 11 14 
0.1875996307783156 13 5 11 18 
-0.1299266911630246 13 5 11 21 
-1.2032966335398794 13 5 13 5 
-0.0699733445390035 13 5 14 4 
0.6198953858406711 13 5 14 11 
-0.2209309393055034 13 5 15 3 
-0.6131869211367399 13 5 15 7 
-0.4381817544624528 13 5 15 10 
-0.4174181374605694 13 5 16 2 
0.0336088206260817 13 5 16 6 
-0.2800992347794384 13 5 16 9 
-0.4534756333893172 13 5 17 1 
-1.0621736198009040 13 5 17 8 
-0.5893211136362798 13 5 18 4 
-0.1875996307783156 13 5 18 11 
-0.1727089404157337 13 5 19 3 
-0.1956997100893347 13 5 19 7 
-0.3108454448911990 13 5 19 10 
-0.8652137908946246 13 5 20 5 
0.1047012748710600 13 5 21 4 
0.1299266911630246 13 5 21 11 
-0.0276424830535041 13 5 22 3 
0.3178887684402019 13 5 22 7 
0.1253882655719211 13 5 22 10 
1.0112470279175583 13 5 23 2 
0.1754002365372963 13 5 23 6 
1.1278692544329005 13 5 23 9 
0.6013044086505475 13 6 0 15 
0.9914424203097362 13 6 0 19 
-0.5605545455040420 13 6 0 22 
-0.3674053773309884 13 6 1 14 
1.9141072779072834 13 6 1 18 
-0.1899525895952117 13 6 1 21 
-0.0719237650857850 13 6 2 13 
0.5396718291989067 13 6 2 20 
0.3810654182900444 13 6 3 12 
1.5136343312790812 13 6 6 13 
-0.1775804301083840 13 6 6 20 
0.4048277044633564 13 6 7 12 
0.1470825664863920 13 6 8 14 
-0.8156358746074018 13 6 8 18 
0.0199451400779794 13 6 8 21 
0.0279435912828924 13 6 9 13 
-0.1055616434689416 13 6 9 20 
-0.3310185679118523 13 6 10 12 
-0.3810654182900444 13 6 12 3 
-0.4048277044633564 13 6 12 7 
0.3310185679118523 13 6 12 10 
0.0719237650857850 13 6 13 2 
-1.5136343312790812 13 6 13 6 
-0.0279435912828924 13 6 13 9 
0.3674053773309884 13 6 14 1 
-0.1470825664863920 13 6 14 8 
-0.6013044086505475 13 6 15 0 
-1.9141072779072834 13 6 18 1 
0.8156358746074018 13 6 18 8 
-0.9914424203097362 13 6 19 0 
-0.5396718291989067 13 6 20 2 
0.1775804301083840 13 6 20 6 
0.1055616434689416 13 6 20 9 
0.1899525895952117 13 6 21 1 
-0.0199451400779794 13 6 21 8 
0.5605545455040420 13 6 22 0 
-0.0336088206260817 13 7 0 16 
-0.1000914957831545 13 7 0 23 
0.2848535699801570 13 7 1 15 
0.5839476893535906 13 7 1 19 
-0.3023746399373937 13 7 1 22 
-0.2485220926206168 13 7 2 14 
1.2540864868354988 13 7 2 18 
-0.0063979007453631 13 7 2 21 
-0.1091219130134476 13 7 3 13 
0.4130649887637437 13 7 3 20 
0.5893211136362798 13 7 4 12 
0.5120710424166873 13 7 6 14 
0.3075783273776549 13 7 6 21 
0.9705009714659255 13 7 7 13 
0.1775804301083840 13 7 7 20 
0.3468856679442701 13 7 8 15 
0.8156358746074018 13 7 8 19 
-0.1426300842251135 13 7 8 22 
-0.1821145523335105 13 7 9 14 
1.4127227752958975 13 7 9 18 
-0.0296584267679079 13 7 9 21 
-0.0664667293335499 13 7 10 13 
0.1083834828687286 13 7 10 20 
0.1579582210431509 13 7 11 12 
-0.5893211136362798 13 7 12 4 
-0.1579582210431509 13 7 12 11 
0.1091219130134476 13 7 13 3 
-0.9705009714659255 13 7 13 7 
0.0664667293335499 13 7 13 10 
0.2485220926206168 13 7 14 2 
-0.5120710424166873 13 7 14 6 
0.1821145523335105 13 7 14 9 
-0.2848535699801570 13 7 15 1 
-0.3468856679442701 13 7 15 8 
0.0336088206260817 13 7 16 0 
-1.2540864868354988 13 7 18 2 
-1.4127227752958975 13 7 18 9 
-0.5839476893535906 13 7 19 1 
-0.8156358746074018 13 7 19 8 
-0.4130649887637437 13 7 20 3 
-0.1775804301083840 13 7 20 7 
-0.1083834828687286 13 7 20 10 
0.0063979007453631 13 7 21 2 
-0.3075783273776549 13 7 21 6 
0.0296584267679079 13 7 21 9 
0.3023746399373937 13 7 22 1 
0.1426300842251135 13 7 22 8 
0.1000914957831545 13 7 23 0 
-0.0004233557040303 13 8 0 14 
0.5355002245049180 13 8 0 18 
0.2801460825130388 13 8 0 21 
-0.6461475609770495 13 8 1 13 
1.3207190040205274 13 8 1 20 
1.0220723543290351 13 8 2 12 
0.2076913784144330 13 8 6 12 
1.9167777703890840 13 8 8 13 
0.5999422207149906 13 8 8 20 
1.3177067933022257 13 8 9 12 
-1.0220723543290351 13 8 12 2 
-0.2076913784144330 13 8 12 6 
-1.3177067933022257 13 8 12 9 
0.6461475609770495 13 8 13 1 
-1.9167777703890840 13 8 13 8 
0.0004233557040303 13 8 14 0 
-0.5355002245049180 13 8 18 0 
-1.3207190040205274 13 8 20 1 
-0.5999422207149906 13 8 20 8 
-0.2801460825130388 13 8 21 0 
-0.6362418227801567 13 9 0 15 
-0.1935954947010262 13 9 0 19 
-0.2900202171089846 13 9 0 22 
-0.2022024289427100 13 9 1 14 
-0.1899525895952117 13 9 1 18 
1.6524543796143847 13 9 1 21 
0.4659910660989852 13 9 2 13 
0.0183293246197974 13 9 2 20 
0.0463924984066989 13 9 3 12 
0.0279435912828924 13 9 6 13 
-0.0214087408739458 13 9 6 20 
-0.3023051161158927 13 9 7 12 
0.7474225337275426 13 9 8 14 
-0.2434496762509307 13 9 8 18 
-0.0495215445990912 13 9 8 21 
2.3973940390099631 13 9 9 13 
-0.3504399358775691 13 9 9 20 
-0.1569561379512735 13 9 10 12 
-0.0463924984066989 13 9 12 3 
0.3023051161158927 13 9 12 7 
0.1569561379512735 13 9 12 10 
-0.4659910660989852 13 9 13 2 
-0.0279435912828924 13 9 13 6 
-2.3973940390099631 13 9 13 9 
0.2022024289427100 13 9 14 1 
-0.7474225337275426 13 9 14 8 
0.6362418227801567 13 9 15 0 
0.1899525895952117 13 9 18 1 
0.2434496762509307 13 9 18 8 
0.1935954947010262 13 9 19 0 
-0.0183293246197974 13 9 20 2 
0.0214087408739458 13 9 20 6 
0.3504399358775691 13 9 20 9 
-1.6524543796143847 13 9 21 1 
0.0495215445990912 13 9 21 8 
0.2900202171089846 13 9 22 0 
-0.2800992347794386 13 10 0 16 
-0.7463407918601687 13 10 0 23 
-1.0866551001192286 13 10 1 15 
-0.3023746399373937 13 10 1 19 
1.8190157726011926 13 10 1 22 
1.1880266104911432 13 10 2 14 
-0.4705684641657512 13 10 2 18 
-0.3470578038550804 13 10 2 21 
-0.5380025398717464 13 10 3 13 
0.4926189284816812 13 10 3 20 
0.1047012748710598 13 10 4 12 
-0.2184345151977844 13 10 6 14 
0.7589765980622819 13 10 6 18 
-0.2046521145574117 13 10 6 21 
-0.0664667293335499 13 10 7 13 
0.3651722307268162 13 10 7 20 
1.0527274897119903 13 10 8 15 
0.4138843351584941 13 10 8 19 
-0.2780846247376348 13 10 8 22 
0.3666526503361496 13 10 9 14 
-0.1686783642583249 13 10 9 18 
-0.5305419021180294 13 10 9 21 
1.7033865912520989 13 10 10 13 
-0.2028550269180154 13 10 10 20 
-0.5576750336112156 13 10 11 12 
-0.1047012748710598 13 10 12 4 
0.5576750336112156 13 10 12 11 
0.5380025398717464 13 10 13 3 
0.0664667293335499 13 10 13 7 
-1.7033865912520989 13 10 13 10 
-1.1880266104911432 13 10 14 2 
0.2184345151977844 13 10 14 6 
-0.3666526503361496 13 10 14 9 
1.0866551001192286 13 10 15 1 
-1.0527274897119903 13 10 15 8 
0.2800992347794386 13 10 16 0 
0.4705684641657512 13 10 18 2 
-0.7589765980622819 13 10 18 6 
0.1686783642583249 13 10 18 9 
0.3023746399373937 13 10 19 1 
-0.4138843351584941 13 10 19 8 
-0.4926189284816812 13 10 20 3 
-0.3651722307268162 13 10 20 7 
0.2028550269180154 13 10 20 10 
0.3470578038550804 13 10 21 2 
0.2046521145574117 13 10 21 6 
0.5305419021180294 13 10 21 9 
-1.8190157726011926 13 10 22 1 
0.2780846247376348 13 10 22 8 
0.7463407918601687 13 10 23 0 
-1.0621736198009040 13 11 0 17 
-0.2169639343172417 13 11 1 16 
1.8857133768918548 13 11 1 23 
0.0797823573232611 13 11 2 15 
-0.2642951700230775 13 11 2 19 
-0.6308779776374944 13 11 2 22 
0.1808877215146828 13 11 3 14 
-0.4130649887637439 13 11 3 18 
0.4811920249042567 13 11 3 21 
0.0811012587804596 13 11 4 13 
0.0186600554031159 13 11 4 20 
-0.8652137908946246 13 11 5 12 
-0.3468856679442702 13 11 6 15 
-0.4381953431998848 13 11 6 19 
0.2577206477338413 13 11 6 22 
0.0841745454764548 13 11 7 14 
-0.4381953431998848 13 11 7 18 
-0.2256075364229227 13 11 7 21 
0.5328645506275528 13 11 8 16 
-0.2723360513782645 13 11 8 23 
0.7264159269482509 13 11 9 15 
-0.0730481598965538 13 11 9 19 
-0.4596419923231446 13 11 9 22 
-0.4386730773792846 13 11 10 14 
0.4382226742729499 13 11 10 18 
-0.2339531988642862 13 11 10 21 
1.6997813543119249 13 11 11 13 
-0.0466472579194061 13 11 11 20 
0.8652137908946246 13 11 12 5 
-0.0811012587804596 13 11 13 4 
-1.6997813543119249 13 11 13 11 
-0.1808877215146828 13 11 14 3 
-0.0841745454764548 13 11 14 7 
0.4386730773792846 13 11 14 10 
-0.0797823573232611 13 11 15 2 
0.3468856679442702 13 11 15 6 
-0.7264159269482509 13 11 15 9 
0.2169639343172417 13 11 16 1 
-0.5328645506275528 13 11 16 8 
1.0621736198009040 13 11 17 0 
0.4130649887637439 13 11 18 3 
0.4381953431998848 13 11 18 7 
-0.4382226742729499 13 11 18 10 
0.2642951700230775 13 11 19 2 
0.4381953431998848 13 11 19 6 
0.0730481598965538 13 11 19 9 
-0.0186600554031159 13 11 20 4 
0.0466472579194061 13 11 20 11 
-0.4811920249042567 13 11 21 3 
0.2256075364229227 13 11 21 7 
0.2339531988642862 13 11 21 10 
0.6308779776374944 13 11 22 2 
-0.2577206477338413 13 11 22 6 
0.4596419923231446 13 11 22 9 
-1.8857133768918548 13 11 23 1 
0.2723360513782645 13 11 23 8 
0.2004625467517137 13 12 12 13 
1.2933661365822267 13 12 12 20 
-0.2004625467517137 13 12 13 12 
-1.2933661365822267 13 12 20 12 
0.3685208537441925 13 14 12 15 
0.6607169710815093 13 14 12 19 
-0.1384442216310417 13 14 12 22 
-0.6948851548106771 13 14 13 14 
-0.2954816122452034 13 14 13 18 
-0.6681934950416950 13 14 13 21 
0.6948851548106771 13 14 14 13 
-0.3991705572891228 13 14 14 20 
-0.3685208537441925 13 14 15 12 
0.2954816122452034 13 14 18 13 
0.6887438226337471 13 14 18 20 
-0.6607169710815093 13 14 19 12 
0.3991705572891228 13 14 20 14 
-0.6887438226337471 13 14 20 18 
0.9467314421878495 13 14 20 21 
0.6681934950416950 13 14 21 13 
-0.9467314421878495 13 14 21 20 
0.1384442216310417 13 14 22 12 
0.3474447929215658 13 15 12 16 
-0.0799308086264302 13 15 12 23 
-0.4202059281112529 13 15 13 15 
0.3939754829936045 13 15 13 19 
-0.5486525602474822 13 15 13 22 
-0.2785827356460231 13 15 14 18 
-0.8604400973550779 13 15 14 21 
0.4202059281112529 13 15 15 13 
-0.3991705572891229 13 15 15 20 
-0.3474447929215658 13 15 16 12 
0.2785827356460231 13 15 18 14 
0.3976464314002857 13 15 18 21 
-0.3939754829936045 13 15 19 13 
0.2295812742112490 13 15 19 20 
0.3991705572891229 13 15 20 15 
-0.2295812742112490 13 15 20 19 
0.6311542947918996 13 15 20 22 
0.8604400973550779 13 15 21 14 
-0.3976464314002857 13 15 21 18 
0.5486525602474822 13 15 22 13 
-0.6311542947918996 13 15 22 20 
0.0799308086264302 13 15 23 12 
0.6683376739938721 13 16 12 17 
-0.9786719114253553 13 16 13 16 
-0.2980651930977013 13 16 13 23 
0.8331452100135263 13 16 14 15 
-0.0984938707484011 13 16 14 19 
-0.6703371657764000 13 16 14 22 
-0.8331452100135263 13 16 15 14 
0.0984938707484011 13 16 15 18 
-0.6703371657764000 13 16 15 21 
0.9786719114253553 13 16 16 13 
-0.2980651930977013 13 16 16 20 
-0.6683376739938721 13 16 17 12 
-0.0984938707484011 13 16 18 15 
0.8727551074680914 13 16 18 19 
-0.0937261627192578 13 16 18 22 
0.0984938707484011 13 16 19 14 
-0.8727551074680914 13 16 19 18 
-0.0937261627192578 13 16 19 21 
0.2980651930977013 13 16 20 16 
1.0983480031484683 13 16 20 23 
0.6703371657764000 13 16 21 15 
0.0937261627192578 13 16 21 19 
-1.3560156650161861 13 16 21 22 
0.6703371657764000 13 16 22 14 
0.0937261627192578 13 16 22 18 
1.3560156650161861 13 16 22 21 
0.2980651930977013 13 16 23 13 
-1.0983480031484683 13 16 23 20 
-0.7498210001505619 13 17 13 17 
0.3474447929215658 13 17 14 16 
-0.3913516420768873 13 17 14 23 
-0.4404779807210061 13 17 15 19 
-0.4105392714089487 13 17 15 22 
-0.3474447929215658 13 17 16 14 
0.6229299342623614 13 17 16 18 
-0.3848005096504984 13 17 16 21 
0.7498210001505619 13 17 17 13 
-0.1969598289062796 13 17 17 20 
-0.6229299342623614 13 17 18 16 
-0.3629998673156118 13 17 18 23 
0.4404779807210061 13 17 19 15 
-0.6287342133314007 13 17 19 22 
0.1969598289062796 13 17 20 17 
0.3848005096504984 13 17 21 16 
-0.9979425632698761 13 17 21 23 
0.4105392714089487 13 17 22 15 
0.6287342133314007 13 17 22 19 
0.3913516420768873 13 17 23 14 
0.3629998673156118 13 17 23 18 
0.9979425632698761 13 17 23 21 
0.2202389903605030 13 18 12 15 
0.5866147158463797 13 18 12 19 
-0.2295359775921898 13 18 12 22 
-0.2954816122452034 13 18 13 14 
0.4004729466282023 13 18 13 18 
-0.2178961808781040 13 18 13 21 
0.2954816122452034 13 18 14 13 
0.3925892627125146 13 18 14 20 
-0.2202389903605030 13 18 15 12 
-0.4004729466282023 13 18 18 13 
0.6380554444990176 13 18 18 20 
-0.5866147158463797 13 18 19 12 
-0.3925892627125146 13 18 20 14 
-0.6380554444990176 13 18 20 18 
0.1255067835469210 13 18 20 21 
0.2178961808781040 13 18 21 13 
-0.1255067835469210 13 18 21 20 
0.2295359775921898 13 18 22 12 
-0.6229299342623614 13 19 12 16 
-0.2580497168263055 13 19 12 23 
0.3939754829936045 13 19 13 15 
-0.3865532821123348 13 19 13 19 
-0.2359079106038438 13 19 13 22 
0.7420154444188114 13 19 14 18 
0.1757166515881474 13 19 14 21 
-0.3939754829936045 13 19 15 13 
0.0661793208194737 13 19 15 20 
0.6229299342623614 13 19 16 12 
-0.7420154444188114 13 19 18 14 
-1.1051444479182426 13 19 18 21 
0.3865532821123348 13 19 19 13 
-0.6380554444990176 13 19 19 20 
-0.0661793208194737 13 19 20 15 
0.6380554444990176 13 19 20 19 
-0.2510135670938421 13 19 20 22 
-0.1757166515881474 13 19 21 14 
1.1051444479182426 13 19 21 18 
0.2359079106038438 13 19 22 13 
0.2510135670938421 13 19 22 20 
0.2580497168263055 13 19 23 12 
-1.0224957100330649 13 20 12 14 
0.3278088460904849 13 20 12 18 
-1.0375607107891867 13 20 12 21 
-0.5960587663685566 13 20 13 20 
1.0224957100330649 13 20 14 12 
-0.3278088460904849 13 20 18 12 
0.5960587663685566 13 20 20 13 
1.0375607107891867 13 20 21 12 
-0.6826343211868555 13 21 12 15 
0.1087096214148664 13 21 12 19 
-0.1330640791577111 13 21 12 22 
-0.6681934950416950 13 21 13 14 
-0.2178961808781040 13 21 13 18 
-0.7449396593955777 13 21 13 21 
0.6681934950416950 13 21 14 13 
-0.7290932091077451 13 21 14 20 
0.6826343211868555 13 21 15 12 
0.2178961808781040 13 21 18 13 
0.2220409353769849 13 21 18 20 
-0.1087096214148664 13 21 19 12 
0.7290932091077451 13 21 20 14 
-0.2220409353769849 13 21 20 18 
0.3009183912784777 13 21 20 21 
0.7449396593955777 13 21 21 13 
-0.3009183912784777 13 21 21 20 
0.1330640791577111 13 21 22 12 
-0.3848005096504983 13 22 12 16 
-0.1886657582489533 13 22 12 23 
-0.5486525602474822 13 22 13 15 
-0.2359079106038438 13 22 13 19 
0.1156291813490938 13 22 13 22 
-0.2521339489679668 13 22 14 18 
-0.7137104541912299 13 22 14 21 
0.5486525602474822 13 22 15 13 
-0.5601085612303089 13 22 15 20 
0.3848005096504983 13 22 16 12 
0.2521339489679668 13 22 18 14 
-0.0359737502990869 13 22 18 21 
0.2359079106038438 13 22 19 13 
-0.0487121044316779 13 22 19 20 
0.5601085612303089 13 22 20 15 
0.0487121044316779 13 22 20 19 
-0.0752295978196195 13 22 20 22 
0.7137104541912299 13 22 21 14 
0.0359737502990869 13 22 21 18 
-0.1156291813490938 13 22 22 13 
0.0752295978196195 13 22 22 20 
0.1886657582489533 13 22 23 12 
-0.1969598289062796 13 23 12 17 
-0.2980651930977013 13 23 13 16 
0.1859320225799297 13 23 13 23 
-0.1011053641914217 13 23 14 15 
-0.3484697154995322 13 23 14 19 
-0.1922049002582099 13 23 14 22 
0.1011053641914217 13 23 15 14 
-0.0661793208194737 13 23 15 18 
-0.2452239020439941 13 23 15 21 
0.2980651930977013 13 23 16 13 
-0.5142044952244369 13 23 16 20 
0.1969598289062796 13 23 17 12 
0.0661793208194737 13 23 18 15 
-0.1805020265391086 13 23 18 22 
0.3484697154995322 13 23 19 14 
-0.1525593765263688 13 23 19 21 
0.5142044952244369 13 23 20 16 
-0.2256887934588583 13 23 20 23 
0.2452239020439941 13 23 21 15 
0.1525593765263688 13 23 21 19 
-0.2256887934588583 13 23 21 22 
0.1922049002582099 13 23 22 14 
0.1805020265391086 13 23 22 18 
0.2256887934588583 13 23 22 21 
-0.1859320225799297 13 23 23 13 
0.2256887934588583 13 23 23 20 
1.4786064052013523 14 0 0 14 
0.4393291424167737 14 0 0 18 
-0.2634607072380288 14 0 0 21 
0.9039828562844662 14 0 1 13 
1.0220723543290349 14 0 1 20 
1.2781438584496385 14 0 2 12 
0.4393291424167737 14 0 6 12 
-0.0004233557040302 14 0 8 13 
-0.6021559374090395 14 0 8 20 
-1.0554824785433468 14 0 9 12 
-1.2781438584496385 14 0 12 2 
-0.4393291424167737 14 0 12 6 
1.0554824785433468 14 0 12 9 
-0.9039828562844662 14 0 13 1 
0.0004233557040302 14 0 13 8 
-1.4786064052013523 14 0 14 0 
-0.4393291424167737 14 0 18 0 
-1.0220723543290349 14 0 20 1 
0.6021559374090395 14 0 20 8 
0.2634607072380288 14 0 21 0 
0.2951488789442516 14 1 0 15 
-0.4285954682348138 14 1 0 19 
0.3641467730022498 14 1 0 22 
2.2260805477614589 14 1 1 14 
-0.0719237650857850 14 1 1 18 
0.4659910660989852 14 1 1 21 
1.5311953929507816 14 1 2 13 
-0.1234885018439633 14 1 2 20 
0.6636697326884441 14 1 3 12 
-0.3674053773309884 14 1 6 13 
-0.3443719113168736 14 1 6 20 
0.2321215028466954 14 1 7 12 
-0.5226590591330861 14 1 8 14 
0.3443719113168736 14 1 8 18 
-0.2401517293534123 14 1 8 21 
-0.2022024289427100 14 1 9 13 
0.7065797128344374 14 1 9 20 
0.2257025513712081 14 1 10 12 
-0.6636697326884441 14 1 12 3 
-0.2321215028466954 14 1 12 7 
-0.2257025513712081 14 1 12 10 
-1.5311953929507816 14 1 13 2 
0.3674053773309884 14 1 13 6 
0.2022024289427100 14 1 13 9 
-2.2260805477614589 14 1 14 1 
0.5226590591330861 14 1 14 8 
-0.2951488789442516 14 1 15 0 
0.0719237650857850 14 1 18 1 
-0.3443719113168736 14 1 18 8 
0.4285954682348138 14 1 19 0 
0.1234885018439633 14 1 20 2 
0.3443719113168736 14 1 20 6 
-0.7065797128344374 14 1 20 9 
-0.4659910660989852 14 1 21 1 
0.2401517293534123 14 1 21 8 
-0.3641467730022498 14 1 22 0 
0.2209309393055034 14 2 0 16 
-0.5705158458675657 14 2 0 23 
0.9333622807655700 14 2 1 15 
-0.2485220926206168 14 2 1 19 
1.1880266104911432 14 2 1 22 
2.7672957436626255 14 2 2 14 
-0.3514633139334188 14 2 2 18 
-0.5762730353520815 14 2 2 21 
0.9333622807655700 14 2 3 13 
-0.2764823705981130 14 2 3 20 
0.2209309393055034 14 2 4 12 
-0.3514633139334188 14 2 6 14 
0.2625587129620523 14 2 6 18 
0.0047248050729287 14 2 6 21 
-0.2485220926206168 14 2 7 13 
-0.0081836024421716 14 2 7 20 
-0.2764823705981130 14 2 8 15 
-0.0081836024421716 14 2 8 19 
-0.1841263907436352 14 2 8 22 
-0.5762730353520815 14 2 9 14 
0.0047248050729287 14 2 9 18 
0.9742845500440457 14 2 9 21 
1.1880266104911432 14 2 10 13 
-0.1841263907436352 14 2 10 20 
-0.5705158458675657 14 2 11 12 
-0.2209309393055034 14 2 12 4 
0.5705158458675657 14 2 12 11 
-0.9333622807655700 14 2 13 3 
0.2485220926206168 14 2 13 7 
-1.1880266104911432 14 2 13 10 
-2.7672957436626255 14 2 14 2 
0.3514633139334188 14 2 14 6 
0.5762730353520815 14 2 14 9 
-0.9333622807655700 14 2 15 1 
0.2764823705981130 14 2 15 8 
-0.2209309393055034 14 2 16 0 
0.3514633139334188 14 2 18 2 
-0.2625587129620523 14 2 18 6 
-0.0047248050729287 14 2 18 9 
0.2485220926206168 14 2 19 1 
0.0081836024421716 14 2 19 8 
0.2764823705981130 14 2 20 3 
0.0081836024421716 14 2 20 7 
0.1841263907436352 14 2 20 10 
0.5762730353520815 14 2 21 2 
-0.0047248050729287 14 2 21 6 
-0.9742845500440457 14 2 21 9 
-1.1880266104911432 14 2 22 1 
0.1841263907436352 14 2 22 8 
0.5705158458675657 14 2 23 0 
-0.1144931238772265 14 3 0 17 
0.9388999034654786 14 3 1 16 
0.0797823573232610 14 3 1 23 
1.1969635014576405 14 3 2 15 
0.0212560845300929 14 3 2 19 
0.1245808921637084 14 3 2 22 
2.4503146395824205 14 3 3 14 
-0.3727193984635117 14 3 3 18 
-0.6113193142793795 14 3 3 21 
0.1057546934519520 14 3 4 13 
-0.1808877215146828 14 3 4 20 
0.2791653234172217 14 3 5 12 
0.0212560845300929 14 3 6 15 
-0.3926177682403704 14 3 6 19 
0.1890272604628251 14 3 6 22 
-0.3727193984635117 14 3 7 14 
0.4801373392277212 14 3 7 18 
0.1858773904142060 14 3 7 21 
-0.0797823573232610 14 3 8 16 
-0.4090759658038216 14 3 8 23 
-0.1245808921637084 14 3 9 15 
-0.1890272604628251 14 3 9 19 
1.1428673849598545 14 3 9 22 
0.6113193142793795 14 3 10 14 
-0.1858773904142060 14 3 10 18 
-0.5996497728579092 14 3 10 21 
0.1808877215146828 14 3 11 13 
0.3027705445430698 14 3 11 20 
-0.2791653234172217 14 3 12 5 
-0.1057546934519520 14 3 13 4 
-0.1808877215146828 14 3 13 11 
-2.4503146395824205 14 3 14 3 
0.3727193984635117 14 3 14 7 
-0.6113193142793795 14 3 14 10 
-1.1969635014576405 14 3 15 2 
-0.0212560845300929 14 3 15 6 
0.1245808921637084 14 3 15 9 
-0.9388999034654786 14 3 16 1 
0.0797823573232610 14 3 16 8 
0.1144931238772265 14 3 17 0 
0.3727193984635117 14 3 18 3 
-0.4801373392277212 14 3 18 7 
0.1858773904142060 14 3 18 10 
-0.0212560845300929 14 3 19 2 
0.3926177682403704 14 3 19 6 
0.1890272604628251 14 3 19 9 
0.1808877215146828 14 3 20 4 
-0.3027705445430698 14 3 20 11 
0.6113193142793795 14 3 21 3 
-0.1858773904142060 14 3 21 7 
0.5996497728579092 14 3 21 10 
-0.1245808921637084 14 3 22 2 
-0.1890272604628251 14 3 22 6 
-1.1428673849598545 14 3 22 9 
-0.0797823573232610 14 3 23 1 
0.4090759658038216 14 3 23 8 
0.4174181374605694 14 4 1 17 
1.1458832078735037 14 4 2 16 
-0.1371815769939805 14 4 2 23 
0.9333622807655698 14 4 3 15 
0.2635524141333200 14 4 3 19 
-0.9113598987830348 14 4 3 22 
1.5660891359847569 14 4 4 14 
-0.1091219130134476 14 4 4 18 
0.5380025398717464 14 4 4 21 
0.0699733445390035 14 4 5 13 
-0.7481277352671621 14 4 5 20 
0.2848535699801570 14 4 6 16 
0.1070750627304321 14 4 6 23 
-0.0150303215127032 14 4 7 15 
-0.2475427285267725 14 4 7 19 
0.2032778046426128 14 4 7 22 
-0.6681969266407319 14 4 8 17 
1.0866551001192286 14 4 9 16 
0.6446491678765958 14 4 9 23 
-0.0509198014279566 14 4 10 15 
-0.1943686267576729 14 4 10 19 
-0.6492719610348943 14 4 10 22 
0.2619889802951424 14 4 11 14 
-0.1225062114808170 14 4 11 18 
0.0134948730846963 14 4 11 21 
-0.0699733445390035 14 4 13 5 
-1.5660891359847569 14 4 14 4 
-0.2619889802951424 14 4 14 11 
-0.9333622807655698 14 4 15 3 
0.0150303215127032 14 4 15 7 
0.0509198014279566 14 4 15 10 
-1.1458832078735037 14 4 16 2 
-0.2848535699801570 14 4 16 6 
-1.0866551001192286 14 4 16 9 
-0.4174181374605694 14 4 17 1 
0.6681969266407319 14 4 17 8 
0.1091219130134476 14 4 18 4 
0.1225062114808170 14 4 18 11 
-0.2635524141333200 14 4 19 3 
0.2475427285267725 14 4 19 7 
0.1943686267576729 14 4 19 10 
0.7481277352671621 14 4 20 5 
-0.5380025398717464 14 4 21 4 
-0.0134948730846963 14 4 21 11 
0.9113598987830348 14 4 22 3 
-0.2032778046426128 14 4 22 7 
0.6492719610348943 14 4 22 10 
0.1371815769939805 14 4 23 2 
-0.1070750627304321 14 4 23 6 
-0.6446491678765958 14 4 23 9 
0.7834736461494803 14 5 2 17 
0.6636697326884439 14 5 3 16 
-1.0556619516667172 14 5 3 23 
0.2951488789442513 14 5 4 15 
0.3810654182900444 14 5 4 19 
-0.0463924984066987 14 5 4 22 
1.2586154196006183 14 5 5 14 
0.4658992480793897 14 5 5 18 
0.4470594508987579 14 5 5 21 
-0.0265701056626161 14 5 6 17 
0.6013044086505475 14 5 7 16 
-0.2566796677486862 14 5 7 23 
0.8718837348826177 14 5 9 17 
0.6362418227801566 14 5 10 16 
-0.8743083156972680 14 5 10 23 
-0.3891679181736559 14 5 11 15 
0.2566796677486862 14 5 11 19 
-0.1686563619744533 14 5 11 22 
-1.2586154196006183 14 5 14 5 
-0.2951488789442513 14 5 15 4 
0.3891679181736559 14 5 15 11 
-0.6636697326884439 14 5 16 3 
-0.6013044086505475 14 5 16 7 
-0.6362418227801566 14 5 16 10 
-0.7834736461494803 14 5 17 2 
0.0265701056626161 14 5 17 6 
-0.8718837348826177 14 5 17 9 
-0.4658992480793897 14 5 18 5 
-0.3810654182900444 14 5 19 4 
-0.2566796677486862 14 5 19 11 
-0.4470594508987579 14 5 21 5 
0.0463924984066987 14 5 22 4 
0.1686563619744533 14 5 22 11 
1.0556619516667172 14 5 23 3 
0.2566796677486862 14 5 23 7 
0.8743083156972680 14 5 23 10 
0.6131869211367397 14 6 0 16 
-0.3078804646669726 14 6 0 23 
-0.0150303215127032 14 6 1 15 
1.2540864868354988 14 6 1 19 
-0.4705684641657512 14 6 1 22 
-0.3514633139334188 14 6 2 14 
1.4707207483893858 14 6 2 18 
0.1427895624289301 14 6 2 21 
0.2635524141333200 14 6 3 13 
0.4263678877500485 14 6 3 20 
0.1727089404157336 14 6 4 12 
1.3325898780080292 14 6 6 14 
-0.2174907210347557 14 6 6 21 
0.5120710424166873 14 6 7 13 
-0.1255683263356621 14 6 7 20 
0.0333620161853643 14 6 8 15 
-0.5767416579139144 14 6 8 19 
0.0645306936792479 14 6 8 22 
0.1824001182244418 14 6 9 14 
-0.9989458543484085 14 6 9 18 
-0.0419433493738246 14 6 9 21 
-0.2184345151977844 14 6 10 13 
-0.1129627017826323 14 6 10 20 
-0.2585533113146025 14 6 11 12 
-0.1727089404157336 14 6 12 4 
0.2585533113146025 14 6 12 11 
-0.2635524141333200 14 6 13 3 
-0.5120710424166873 14 6 13 7 
0.2184345151977844 14 6 13 10 
0.3514633139334188 14 6 14 2 
-1.3325898780080292 14 6 14 6 
-0.1824001182244418 14 6 14 9 
0.0150303215127032 14 6 15 1 
-0.0333620161853643 14 6 15 8 
-0.6131869211367397 14 6 16 0 
-1.4707207483893858 14 6 18 2 
0.9989458543484085 14 6 18 9 
-1.2540864868354988 14 6 19 1 
0.5767416579139144 14 6 19 8 
-0.4263678877500485 14 6 20 3 
0.1255683263356621 14 6 20 7 
0.1129627017826323 14 6 20 10 
-0.1427895624289301 14 6 21 2 
0.2174907210347557 14 6 21 6 
0.0419433493738246 14 6 21 9 
0.4705684641657512 14 6 22 1 
-0.0645306936792479 14 6 22 8 
0.3078804646669726 14 6 23 0 
-0.0265701056626162 14 7 0 17 
0.2582834643175408 14 7 1 16 
-0.2642951700230775 14 7 1 23 
0.0212560845300929 14 7 2 15 
1.0273342188714882 14 7 2 19 
-0.3068986389397985 14 7 2 22 
-0.3727193984635118 14 7 3 14 
1.3301595885536928 14 7 3 18 
0.2461636147663027 14 7 3 21 
0.3567773350659420 14 7 4 13 
0.4130649887637439 14 7 4 20 
0.4658992480793896 14 7 5 12 
0.5431333598131557 14 7 6 15 
0.2174907210347557 14 7 6 22 
1.1515454247369774 14 7 7 14 
0.2174907210347557 14 7 7 21 
0.3468856679442702 14 7 8 16 
-0.0873427320804291 14 7 8 23 
0.0192615690253288 14 7 9 15 
0.9989458543484088 14 7 9 19 
-0.1083144067673414 14 7 9 22 
-0.1952411642413276 14 7 10 14 
0.9989458543484088 14 7 10 18 
0.0453993827066045 14 7 10 21 
0.0841745454764548 14 7 11 13 
0.0663710573935168 14 7 11 20 
-0.4658992480793896 14 7 12 5 
-0.3567773350659420 14 7 13 4 
-0.0841745454764548 14 7 13 11 
0.3727193984635117 14 7 14 3 
-1.1515454247369774 14 7 14 7 
0.1952411642413276 14 7 14 10 
-0.0212560845300930 14 7 15 2 
-0.5431333598131557 14 7 15 6 
-0.0192615690253288 14 7 15 9 
-0.2582834643175408 14 7 16 1 
-0.3468856679442702 14 7 16 8 
0.0265701056626162 14 7 17 0 
-1.3301595885536928 14 7 18 3 
-0.9989458543484088 14 7 18 10 
-1.0273342188714882 14 7 19 2 
-0.9989458543484088 14 7 19 9 
-0.4130649887637439 14 7 20 4 
-0.0663710573935168 14 7 20 11 
-0.2461636147663027 14 7 21 3 
-0.2174907210347557 14 7 21 7 
-0.0453993827066045 14 7 21 10 
0.3068986389397985 14 7 22 2 
-0.2174907210347557 14 7 22 6 
0.1083144067673414 14 7 22 9 
0.2642951700230775 14 7 23 1 
0.0873427320804291 14 7 23 8 
0.3891679181736558 14 8 0 15 
0.3078804646669727 14 8 0 19 
0.3756935814198678 14 8 0 22 
-0.5226590591330861 14 8 1 14 
0.5396718291989067 14 8 1 18 
0.0183293246197974 14 8 1 21 
-0.1234885018439633 14 8 2 13 
1.3094946308584425 14 8 2 20 
1.0556619516667172 14 8 3 12 
0.1470825664863920 14 8 6 13 
0.0131101227941583 14 8 6 20 
0.2585533113146026 14 8 7 12 
1.4590768129164258 14 8 8 14 
0.1490818712151350 14 8 8 18 
0.3977137078615461 14 8 8 21 
0.7474225337275426 14 8 9 13 
0.5819878360744077 14 8 9 20 
1.0278750216542103 14 8 10 12 
-1.0556619516667172 14 8 12 3 
-0.2585533113146026 14 8 12 7 
-1.0278750216542103 14 8 12 10 
0.1234885018439633 14 8 13 2 
-0.1470825664863920 14 8 13 6 
-0.7474225337275426 14 8 13 9 
0.5226590591330861 14 8 14 1 
-1.4590768129164258 14 8 14 8 
-0.3891679181736558 14 8 15 0 
-0.5396718291989067 14 8 18 1 
-0.1490818712151350 14 8 18 8 
-0.3078804646669727 14 8 19 0 
-1.3094946308584425 14 8 20 2 
-0.0131101227941583 14 8 20 6 
-0.5819878360744077 14 8 20 9 
-0.0183293246197974 14 8 21 1 
-0.3977137078615461 14 8 21 8 
-0.3756935814198678 14 8 22 0 
-0.4381817544624528 14 9 0 16 
0.3501422482484111 14 9 0 23 
0.0509198014279566 14 9 1 15 
-0.0063979007453631 14 9 1 19 
-0.3470578038550804 14 9 1 22 
-0.5762730353520815 14 9 2 14 
0.1427895624289301 14 9 2 18 
1.9090856793461073 14 9 2 21 
0.9113598987830348 14 9 3 13 
-0.3288930002704052 14 9 3 20 
-0.0276424830535041 14 9 4 12 
0.1824001182244418 14 9 6 14 
-0.5366774992517361 14 9 6 18 
0.1316007751935537 14 9 6 21 
-0.1821145523335105 14 9 7 13 
-0.2657848935722666 14 9 7 20 
0.0483705662987250 14 9 8 15 
-0.3787328784948083 14 9 8 19 
0.1616185038948485 14 9 8 22 
2.5958324210899089 14 9 9 14 
-0.0298082560086190 14 9 9 18 
0.1302243907072796 14 9 9 21 
0.3666526503361496 14 9 10 13 
-0.1043582899260997 14 9 10 20 
0.2982201854702999 14 9 11 12 
0.0276424830535041 14 9 12 4 
-0.2982201854702999 14 9 12 11 
-0.9113598987830348 14 9 13 3 
0.1821145523335105 14 9 13 7 
-0.3666526503361496 14 9 13 10 
0.5762730353520815 14 9 14 2 
-0.1824001182244418 14 9 14 6 
-2.5958324210899089 14 9 14 9 
-0.0509198014279566 14 9 15 1 
-0.0483705662987250 14 9 15 8 
0.4381817544624528 14 9 16 0 
-0.1427895624289301 14 9 18 2 
0.5366774992517361 14 9 18 6 
0.0298082560086190 14 9 18 9 
0.0063979007453631 14 9 19 1 
0.3787328784948083 14 9 19 8 
0.3288930002704052 14 9 20 3 
0.2657848935722666 14 9 20 7 
0.1043582899260997 14 9 20 10 
-1.9090856793461073 14 9 21 2 
-0.1316007751935537 14 9 21 6 
-0.1302243907072796 14 9 21 9 
0.3470578038550804 14 9 22 1 
-0.1616185038948485 14 9 22 8 
-0.3501422482484111 14 9 23 0 
0.4290079584959792 14 10 0 17 
-1.1752302553965568 14 10 1 16 
-0.6308779776374944 14 10 1 23 
0.1245808921637083 14 10 2 15 
-0.3068986389397985 14 10 2 19 
1.9599411298242644 14 10 2 22 
0.6113193142793794 14 10 3 14 
-0.2461636147663027 14 10 3 18 
-0.3611128690782887 14 10 3 21 
-0.5048930896201567 14 10 4 13 
0.4811920249042567 14 10 4 20 
0.6126067021567083 14 10 5 12 
-0.0192615690253288 14 10 6 15 
0.5366774992517362 14 10 6 19 
-0.3025319187695823 14 10 6 22 
-0.1952411642413276 14 10 7 14 
0.5366774992517362 14 10 7 18 
0.2894217959754240 14 10 7 21 
0.7264159269482509 14 10 8 16 
-0.0035202678698536 14 10 8 23 
0.5887180695743992 14 10 9 15 
0.2385472304130322 14 10 9 19 
-0.2639690492844129 14 10 9 22 
2.2312804675137325 14 10 10 14 
-0.3876291016281672 14 10 10 18 
-0.3561061133908437 14 10 10 21 
-0.4386730773792846 14 10 11 13 
-0.0956573319762844 14 10 11 20 
-0.6126067021567083 14 10 12 5 
0.5048930896201567 14 10 13 4 
0.4386730773792846 14 10 13 11 
-0.6113193142793794 14 10 14 3 
0.1952411642413276 14 10 14 7 
-2.2312804675137325 14 10 14 10 
-0.1245808921637083 14 10 15 2 
0.0192615690253288 14 10 15 6 
-0.5887180695743992 14 10 15 9 
1.1752302553965568 14 10 16 1 
-0.7264159269482509 14 10 16 8 
-0.4290079584959792 14 10 17 0 
0.2461636147663027 14 10 18 3 
-0.5366774992517362 14 10 18 7 
0.3876291016281672 14 10 18 10 
0.3068986389397985 14 10 19 2 
-0.5366774992517362 14 10 19 6 
-0.2385472304130322 14 10 19 9 
-0.4811920249042567 14 10 20 4 
0.0956573319762844 14 10 20 11 
0.3611128690782887 14 10 21 3 
-0.2894217959754240 14 10 21 7 
0.3561061133908437 14 10 21 10 
-1.9599411298242644 14 10 22 2 
0.3025319187695823 14 10 22 6 
0.2639690492844129 14 10 22 9 
0.6308779776374944 14 10 23 1 
0.0035202678698536 14 10 23 8 
-1.0112470279175583 14 11 1 17 
-0.1371815769939805 14 11 2 16 
1.4993810930991449 14 11 2 23 
0.2764823705981130 14 11 3 15 
-0.4263678877500485 14 11 3 19 
-0.3288930002704052 14 11 3 22 
0.2619889802951424 14 11 4 14 
-0.4130649887637437 14 11 4 18 
0.4926189284816812 14 11 4 21 
-0.6198953858406711 14 11 5 13 
0.0147520690846943 14 11 5 20 
-0.3468856679442701 14 11 6 16 
0.1578210207818702 14 11 6 23 
-0.0333620161853643 14 11 7 15 
-0.3098508986610050 14 11 7 19 
-0.0684106100592453 14 11 7 22 
0.4212664160862929 14 11 8 17 
1.0527274897119903 14 11 9 16 
-0.4482431774972745 14 11 9 23 
0.0483705662987250 14 11 10 15 
0.1032822631080008 14 11 10 19 
-0.4904458630870121 14 11 10 22 
1.4311500534430026 14 11 11 14 
0.2683554864216511 14 11 11 18 
-0.1718319851779822 14 11 11 21 
0.6198953858406711 14 11 13 5 
-0.2619889802951424 14 11 14 4 
-1.4311500534430026 14 11 14 11 
-0.2764823705981130 14 11 15 3 
0.0333620161853643 14 11 15 7 
-0.0483705662987250 14 11 15 10 
0.1371815769939805 14 11 16 2 
0.3468856679442701 14 11 16 6 
-1.0527274897119903 14 11 16 9 
1.0112470279175583 14 11 17 1 
-0.4212664160862929 14 11 17 8 
0.4130649887637437 14 11 18 4 
-0.2683554864216511 14 11 18 11 
0.4263678877500485 14 11 19 3 
0.3098508986610050 14 11 19 7 
-0.1032822631080008 14 11 19 10 
-0.0147520690846943 14 11 20 5 
-0.4926189284816812 14 11 21 4 
0.1718319851779822 14 11 21 11 
0.3288930002704052 14 11 22 3 
0.0684106100592453 14 11 22 7 
0.4904458630870121 14 11 22 10 
-1.4993810930991449 14 11 23 2 
-0.1578210207818702 14 11 23 6 
0.4482431774972745 14 11 23 9 
0.2004625467517137 14 12 12 14 
0.7920217713053178 14 12 12 21 
1.0224957100330649 14 12 13 20 
-0.2004625467517137 14 12 14 12 
-1.0224957100330649 14 12 20 13 
-0.7920217713053178 14 12 21 12 
-0.3685208537441925 14 13 12 15 
-0.6607169710815093 14 13 12 19 
0.1384442216310417 14 13 12 22 
0.6948851548106771 14 13 13 14 
0.2954816122452034 14 13 13 18 
0.6681934950416950 14 13 13 21 
-0.6948851548106771 14 13 14 13 
0.3991705572891228 14 13 14 20 
0.3685208537441925 14 13 15 12 
-0.2954816122452034 14 13 18 13 
-0.6887438226337471 14 13 18 20 
0.6607169710815093 14 13 19 12 
-0.3991705572891228 14 13 20 14 
0.6887438226337471 14 13 20 18 
-0.9467314421878495 14 13 20 21 
-0.6681934950416950 14 13 21 13 
0.9467314421878495 14 13 21 20 
-0.1384442216310417 14 13 22 12 
-0.3936584472944480 14 15 12 17 
0.8331452100135263 14 15 13 16 
-0.1011053641914217 14 15 13 23 
-1.2533511381247791 14 15 14 15 
0.3939754829936046 14 15 14 19 
-0.4867384221156710 14 15 14 22 
1.2533511381247791 14 15 15 14 
-0.3939754829936046 14 15 15 18 
-0.4867384221156710 14 15 15 21 
-0.8331452100135263 14 15 16 13 
-0.1011053641914217 14 15 16 20 
0.3936584472944480 14 15 17 12 
0.3939754829936046 14 15 18 15 
-0.8727551074680914 14 15 18 19 
0.3749046508770311 14 15 18 22 
-0.3939754829936046 14 15 19 14 
0.8727551074680914 14 15 19 18 
0.3749046508770311 14 15 19 21 
0.1011053641914217 14 15 20 16 
-0.7118465103468912 14 15 20 23 
0.4867384221156710 14 15 21 15 
-0.3749046508770311 14 15 21 19 
1.7425171578177632 14 15 21 22 
0.4867384221156710 14 15 22 14 
-0.3749046508770311 14 15 22 18 
-1.7425171578177632 14 15 22 21 
0.1011053641914217 14 15 23 13 
0.7118465103468912 14 15 23 20 
0.3474447929215658 14 16 13 17 
-0.4202059281112529 14 16 14 16 
-0.3991705572891229 14 16 14 23 
0.2785827356460231 14 16 15 19 
-0.8604400973550779 14 16 15 22 
0.4202059281112529 14 16 16 14 
-0.3939754829936045 14 16 16 18 
-0.5486525602474822 14 16 16 21 
-0.3474447929215658 14 16 17 13 
-0.0799308086264302 14 16 17 20 
0.3939754829936045 14 16 18 16 
0.2295812742112490 14 16 18 23 
-0.2785827356460231 14 16 19 15 
0.3976464314002857 14 16 19 22 
0.0799308086264302 14 16 20 17 
0.5486525602474822 14 16 21 16 
0.6311542947918996 14 16 21 23 
0.8604400973550779 14 16 22 15 
-0.3976464314002857 14 16 22 19 
0.3991705572891229 14 16 23 14 
-0.2295812742112490 14 16 23 18 
-0.6311542947918996 14 16 23 21 
-0.4751417734511378 14 17 14 17 
0.3685208537441925 14 17 15 16 
-0.6664940334930611 14 17 15 23 
-0.3685208537441925 14 17 16 15 
-0.2202389903605030 14 17 16 19 
-0.6826343211868554 14 17 16 22 
0.4751417734511378 14 17 17 14 
0.4924693537420057 14 17 17 18 
-0.4248242839838597 14 17 17 21 
-0.4924693537420057 14 17 18 17 
0.2202389903605030 14 17 19 16 
-0.5133593354973722 14 17 19 23 
0.4248242839838597 14 17 21 17 
0.6826343211868554 14 17 22 16 
-0.7056519537228145 14 17 22 23 
0.6664940334930611 14 17 23 15 
0.5133593354973722 14 17 23 19 
0.7056519537228145 14 17 23 22 
0.4404779807210061 14 18 12 16 
-0.0493271533523701 14 18 12 23 
-0.2785827356460231 14 18 13 15 
0.7420154444188114 14 18 13 19 
-0.2521339489679668 14 18 13 22 
0.1381308703813565 14 18 14 18 
-0.0396105557955117 14 18 14 21 
0.2785827356460231 14 18 15 13 
0.3930058715646842 14 18 15 20 
-0.4404779807210061 14 18 16 12 
-0.1381308703813565 14 18 18 14 
0.7814551333136527 14 18 18 21 
-0.7420154444188114 14 18 19 13 
0.4511733315782523 14 18 19 20 
-0.3930058715646842 14 18 20 15 
-0.4511733315782523 14 18 20 19 
0.1774933954618802 14 18 20 22 
0.0396105557955117 14 18 21 14 
-0.7814551333136527 14 18 21 18 
0.2521339489679668 14 18 22 13 
-0.1774933954618802 14 18 22 20 
0.0493271533523701 14 18 23 12 
-0.4924693537420057 14 19 12 17 
-0.0984938707484011 14 19 13 16 
-0.3484697154995322 14 19 13 23 
0.3939754829936046 14 19 14 15 
-0.1242112058654893 14 19 14 19 
-0.1116574746984709 14 19 14 22 
-0.3939754829936046 14 19 15 14 
0.7870262287405371 14 19 15 18 
0.2269020457409739 14 19 15 21 
0.0984938707484011 14 19 16 13 
0.0661793208194737 14 19 16 20 
0.4924693537420057 14 19 17 12 
-0.7870262287405371 14 19 18 15 
-0.7814551333136529 14 19 18 22 
0.1242112058654893 14 19 19 14 
-0.7814551333136529 14 19 19 21 
-0.0661793208194737 14 19 20 16 
-0.1537137894739458 14 19 20 23 
-0.2269020457409739 14 19 21 15 
0.7814551333136529 14 19 21 19 
-0.1537137894739458 14 19 21 22 
0.1116574746984709 14 19 22 14 
0.7814551333136529 14 19 22 18 
0.1537137894739458 14 19 22 21 
0.3484697154995322 14 19 23 13 
0.1537137894739458 14 19 23 20 
-0.6664940334930611 14 20 12 15 
0.0493271533523701 14 20 12 19 
-0.6521814402343425 14 20 12 22 
-0.3991705572891228 14 20 13 14 
0.3925892627125146 14 20 13 18 
-0.7290932091077451 14 20 13 21 
0.3991705572891228 14 20 14 13 
-0.1495821820579833 14 20 14 20 
0.6664940334930611 14 20 15 12 
-0.3925892627125146 14 20 18 13 
-0.1359717484209768 14 20 18 20 
-0.0493271533523701 14 20 19 12 
0.1495821820579833 14 20 20 14 
0.1359717484209768 14 20 20 18 
-0.1842741282128616 14 20 20 21 
0.7290932091077451 14 20 21 13 
0.1842741282128616 14 20 21 20 
0.6521814402343425 14 20 22 12 
-0.4105392714089486 14 21 12 16 
0.0519220627781111 14 21 12 23 
-0.8604400973550779 14 21 13 15 
0.1757166515881474 14 21 13 19 
-0.7137104541912299 14 21 13 22 
-0.0396105557955117 14 21 14 18 
-0.6867467417438013 14 21 14 21 
0.8604400973550779 14 21 15 13 
-0.3772635665691301 14 21 15 20 
0.4105392714089486 14 21 16 12 
0.0396105557955117 14 21 18 14 
0.1614090312021726 14 21 18 21 
-0.1757166515881474 14 21 19 13 
0.1129479849225417 14 21 19 20 
0.3772635665691301 14 21 20 15 
-0.1129479849225417 14 21 20 19 
0.2659767938209481 14 21 20 22 
0.6867467417438013 14 21 21 14 
-0.1614090312021726 14 21 21 18 
0.7137104541912299 14 21 22 13 
-0.2659767938209481 14 21 22 20 
-0.0519220627781111 14 21 23 12 
-0.1835987436607290 14 22 12 17 
-0.6703371657764001 14 22 13 16 
-0.1922049002582099 14 22 13 23 
-0.4867384221156710 14 22 14 15 
-0.1116574746984709 14 22 14 19 
-0.2713393376894683 14 22 14 22 
0.4867384221156710 14 22 15 14 
-0.2269020457409739 14 22 15 18 
-0.9498309386526880 14 22 15 21 
0.6703371657764001 14 22 16 13 
-0.2452239020439941 14 22 16 20 
0.1835987436607290 14 22 17 12 
0.2269020457409739 14 22 18 15 
0.0850971828585849 14 22 18 22 
0.1116574746984709 14 22 19 14 
0.0508745655623919 14 22 19 21 
0.2452239020439941 14 22 20 16 
0.0921370641064308 14 22 20 23 
0.9498309386526880 14 22 21 15 
-0.0508745655623919 14 22 21 19 
0.0921370641064308 14 22 21 22 
0.2713393376894683 14 22 22 14 
-0.0850971828585849 14 22 22 18 
-0.0921370641064308 14 22 22 21 
0.1922049002582099 14 22 23 13 
-0.0921370641064308 14 22 23 20 
-0.3913516420768873 14 23 13 17 
-0.3991705572891229 14 23 14 16 
0.0682310396561424 14 23 14 23 
-0.3930058715646842 14 23 15 19 
-0.3772635665691301 14 23 15 22 
0.3991705572891229 14 23 16 14 
-0.0661793208194737 14 23 16 18 
-0.5601085612303089 14 23 16 21 
0.3913516420768873 14 23 17 13 
-0.4065143470015986 14 23 17 20 
0.0661793208194737 14 23 18 16 
-0.1105344656397808 14 23 18 23 
0.3930058715646842 14 23 19 15 
-0.1716928731672461 14 23 19 22 
0.4065143470015986 14 23 20 17 
0.5601085612303089 14 23 21 16 
-0.2764111923192923 14 23 21 23 
0.3772635665691301 14 23 22 15 
0.1716928731672461 14 23 22 19 
-0.0682310396561424 14 23 23 14 
0.1105344656397808 14 23 23 18 
0.2764111923192923 14 23 23 21 
1.2586154196006183 15 0 0 15 
0.4658992480793897 15 0 0 19 
-0.4470594508987579 15 0 0 22 
0.2951488789442513 15 0 1 14 
0.3810654182900444 15 0 1 18 
0.0463924984066987 15 0 1 21 
0.6636697326884439 15 0 2 13 
1.0556619516667172 15 0 2 20 
0.7834736461494803 15 0 3 12 
0.6013044086505475 15 0 6 13 
0.2566796677486862 15 0 6 20 
-0.0265701056626161 15 0 7 12 
0.3891679181736559 15 0 8 14 
-0.2566796677486862 15 0 8 18 
-0.1686563619744533 15 0 8 21 
-0.6362418227801566 15 0 9 13 
-0.8743083156972680 15 0 9 20 
-0.8718837348826177 15 0 10 12 
-0.7834736461494803 15 0 12 3 
0.0265701056626161 15 0 12 7 
0.8718837348826177 15 0 12 10 
-0.6636697326884439 15 0 13 2 
-0.6013044086505475 15 0 13 6 
0.6362418227801566 15 0 13 9 
-0.2951488789442513 15 0 14 1 
-0.3891679181736559 15 0 14 8 
-1.2586154196006183 15 0 15 0 
-0.3810654182900444 15 0 18 1 
0.2566796677486862 15 0 18 8 
-0.4658992480793897 15 0 19 0 
-1.0556619516667172 15 0 20 2 
-0.2566796677486862 15 0 20 6 
0.8743083156972680 15 0 20 9 
-0.0463924984066987 15 0 21 1 
0.1686563619744533 15 0 21 8 
0.4470594508987579 15 0 22 0 
0.0699733445390035 15 1 0 16 
0.7481277352671621 15 1 0 23 
1.5660891359847569 15 1 1 15 
-0.1091219130134476 15 1 1 19 
-0.5380025398717464 15 1 1 22 
0.9333622807655698 15 1 2 14 
0.2635524141333200 15 1 2 18 
0.9113598987830348 15 1 2 21 
1.1458832078735037 15 1 3 13 
0.1371815769939805 15 1 3 20 
0.4174181374605694 15 1 4 12 
-0.0150303215127032 15 1 6 14 
-0.2475427285267725 15 1 6 18 
-0.2032778046426128 15 1 6 21 
0.2848535699801570 15 1 7 13 
-0.1070750627304321 15 1 7 20 
-0.2619889802951424 15 1 8 15 
0.1225062114808170 15 1 8 19 
0.0134948730846963 15 1 8 22 
0.0509198014279566 15 1 9 14 
0.1943686267576729 15 1 9 18 
-0.6492719610348943 15 1 9 21 
-1.0866551001192286 15 1 10 13 
0.6446491678765958 15 1 10 20 
0.6681969266407319 15 1 11 12 
-0.4174181374605694 15 1 12 4 
-0.6681969266407319 15 1 12 11 
-1.1458832078735037 15 1 13 3 
-0.2848535699801570 15 1 13 7 
1.0866551001192286 15 1 13 10 
-0.9333622807655698 15 1 14 2 
0.0150303215127032 15 1 14 6 
-0.0509198014279566 15 1 14 9 
-1.5660891359847569 15 1 15 1 
0.2619889802951424 15 1 15 8 
-0.0699733445390035 15 1 16 0 
-0.2635524141333200 15 1 18 2 
0.2475427285267725 15 1 18 6 
-0.1943686267576729 15 1 18 9 
0.1091219130134476 15 1 19 1 
-0.1225062114808170 15 1 19 8 
-0.1371815769939805 15 1 20 3 
0.1070750627304321 15 1 20 7 
-0.6446491678765958 15 1 20 10 
-0.9113598987830348 15 1 21 2 
0.2032778046426128 15 1 21 6 
0.6492719610348943 15 1 21 9 
0.5380025398717464 15 1 22 1 
-0.0134948730846963 15 1 22 8 
-0.7481277352671621 15 1 23 0 
0.2791653234172216 15 2 0 17 
0.1057546934519520 15 2 1 16 
0.1808877215146828 15 2 1 23 
2.4503146395824205 15 2 2 15 
-0.3727193984635118 15 2 2 19 
0.6113193142793795 15 2 2 22 
1.1969635014576405 15 2 3 14 
0.0212560845300930 15 2 3 18 
-0.1245808921637084 15 2 3 21 
0.9388999034654786 15 2 4 13 
-0.0797823573232610 15 2 4 20 
-0.1144931238772264 15 2 5 12 
-0.3727193984635118 15 2 6 15 
0.4801373392277212 15 2 6 19 
-0.1858773904142061 15 2 6 22 
0.0212560845300930 15 2 7 14 
-0.3926177682403704 15 2 7 18 
-0.1890272604628252 15 2 7 21 
-0.1808877215146828 15 2 8 16 
0.3027705445430698 15 2 8 23 
-0.6113193142793795 15 2 9 15 
0.1858773904142061 15 2 9 19 
-0.5996497728579092 15 2 9 22 
0.1245808921637084 15 2 10 14 
0.1890272604628252 15 2 10 18 
1.1428673849598545 15 2 10 21 
0.0797823573232610 15 2 11 13 
-0.4090759658038216 15 2 11 20 
0.1144931238772264 15 2 12 5 
-0.9388999034654786 15 2 13 4 
-0.0797823573232610 15 2 13 11 
-1.1969635014576405 15 2 14 3 
-0.0212560845300930 15 2 14 7 
-0.1245808921637084 15 2 14 10 
-2.4503146395824205 15 2 15 2 
0.3727193984635118 15 2 15 6 
0.6113193142793795 15 2 15 9 
-0.1057546934519520 15 2 16 1 
0.1808877215146828 15 2 16 8 
-0.2791653234172216 15 2 17 0 
-0.0212560845300930 15 2 18 3 
0.3926177682403704 15 2 18 7 
-0.1890272604628252 15 2 18 10 
0.3727193984635118 15 2 19 2 
-0.4801373392277212 15 2 19 6 
-0.1858773904142061 15 2 19 9 
0.0797823573232610 15 2 20 4 
0.4090759658038216 15 2 20 11 
0.1245808921637084 15 2 21 3 
0.1890272604628252 15 2 21 7 
-1.1428673849598545 15 2 21 10 
-0.6113193142793795 15 2 22 2 
0.1858773904142061 15 2 22 6 
0.5996497728579092 15 2 22 9 
-0.1808877215146828 15 2 23 1 
-0.3027705445430698 15 2 23 8 
0.2209309393055034 15 3 1 17 
0.9333622807655700 15 3 2 16 
0.2764823705981130 15 3 2 23 
2.7672957436626255 15 3 3 15 
-0.3514633139334188 15 3 3 19 
0.5762730353520815 15 3 3 22 
0.9333622807655700 15 3 4 14 
-0.2485220926206168 15 3 4 18 
-1.1880266104911432 15 3 4 21 
0.2209309393055034 15 3 5 13 
0.5705158458675657 15 3 5 20 
-0.2485220926206168 15 3 6 16 
0.0081836024421716 15 3 6 23 
-0.3514633139334188 15 3 7 15 
0.2625587129620523 15 3 7 19 
-0.0047248050729287 15 3 7 22 
0.5705158458675657 15 3 8 17 
-1.1880266104911432 15 3 9 16 
-0.1841263907436352 15 3 9 23 
0.5762730353520815 15 3 10 15 
-0.0047248050729287 15 3 10 19 
0.9742845500440457 15 3 10 22 
0.2764823705981130 15 3 11 14 
0.0081836024421716 15 3 11 18 
-0.1841263907436352 15 3 11 21 
-0.2209309393055034 15 3 13 5 
-0.9333622807655700 15 3 14 4 
-0.2764823705981130 15 3 14 11 
-2.7672957436626255 15 3 15 3 
0.3514633139334188 15 3 15 7 
-0.5762730353520815 15 3 15 10 
-0.9333622807655700 15 3 16 2 
0.2485220926206168 15 3 16 6 
1.1880266104911432 15 3 16 9 
-0.2209309393055034 15 3 17 1 
-0.5705158458675657 15 3 17 8 
0.2485220926206168 15 3 18 4 
-0.0081836024421716 15 3 18 11 
0.3514633139334188 15 3 19 3 
-0.2625587129620523 15 3 19 7 
0.0047248050729287 15 3 19 10 
-0.5705158458675657 15 3 20 5 
1.1880266104911432 15 3 21 4 
0.1841263907436352 15 3 21 11 
-0.5762730353520815 15 3 22 3 
0.0047248050729287 15 3 22 7 
-0.9742845500440457 15 3 22 10 
-0.2764823705981130 15 3 23 2 
-0.0081836024421716 15 3 23 6 
0.1841263907436352 15 3 23 9 
0.6636697326884441 15 4 2 17 
1.5311953929507816 15 4 3 16 
0.1234885018439633 15 4 3 23 
2.2260805477614589 15 4 4 15 
-0.0719237650857850 15 4 4 19 
-0.4659910660989852 15 4 4 22 
0.2951488789442516 15 4 5 14 
-0.4285954682348138 15 4 5 18 
-0.3641467730022498 15 4 5 21 
0.2321215028466954 15 4 6 17 
-0.3674053773309884 15 4 7 16 
0.3443719113168736 15 4 7 23 
-0.2257025513712081 15 4 9 17 
0.2022024289427100 15 4 10 16 
0.7065797128344374 15 4 10 23 
0.5226590591330861 15 4 11 15 
-0.3443719113168736 15 4 11 19 
-0.2401517293534123 15 4 11 22 
-0.2951488789442516 15 4 14 5 
-2.2260805477614589 15 4 15 4 
-0.5226590591330861 15 4 15 11 
-1.5311953929507816 15 4 16 3 
0.3674053773309884 15 4 16 7 
-0.2022024289427100 15 4 16 10 
-0.6636697326884441 15 4 17 2 
-0.2321215028466954 15 4 17 6 
0.2257025513712081 15 4 17 9 
0.4285954682348138 15 4 18 5 
0.0719237650857850 15 4 19 4 
0.3443719113168736 15 4 19 11 
0.3641467730022498 15 4 21 5 
0.4659910660989852 15 4 22 4 
0.2401517293534123 15 4 22 11 
-0.1234885018439633 15 4 23 3 
-0.3443719113168736 15 4 23 7 
-0.7065797128344374 15 4 23 10 
1.2781438584496385 15 5 3 17 
0.9039828562844660 15 5 4 16 
-1.0220723543290349 15 5 4 23 
1.4786064052013523 15 5 5 15 
0.4393291424167737 15 5 5 19 
0.2634607072380288 15 5 5 22 
0.4393291424167737 15 5 7 17 
1.0554824785433468 15 5 10 17 
0.0004233557040302 15 5 11 16 
-0.6021559374090395 15 5 11 23 
-1.4786064052013523 15 5 15 5 
-0.9039828562844660 15 5 16 4 
-0.0004233557040302 15 5 16 11 
-1.2781438584496385 15 5 17 3 
-0.4393291424167737 15 5 17 7 
-1.0554824785433468 15 5 17 10 
-0.4393291424167737 15 5 19 5 
-0.2634607072380288 15 5 22 5 
1.0220723543290349 15 5 23 4 
0.6021559374090395 15 5 23 11 
0.4658992480793896 15 6 0 17 
0.3567773350659420 15 6 1 16 
-0.4130649887637439 15 6 1 23 
-0.3727193984635117 15 6 2 15 
1.3301595885536928 15 6 2 19 
-0.2461636147663027 15 6 2 22 
0.0212560845300930 15 6 3 14 
1.0273342188714882 15 6 3 18 
0.3068986389397985 15 6 3 21 
0.2582834643175408 15 6 4 13 
0.2642951700230775 15 6 4 20 
-0.0265701056626162 15 6 5 12 
1.1515454247369774 15 6 6 15 
-0.2174907210347557 15 6 6 22 
0.5431333598131557 15 6 7 14 
-0.2174907210347557 15 6 7 21 
-0.0841745454764548 15 6 8 16 
0.0663710573935168 15 6 8 23 
0.1952411642413276 15 6 9 15 
-0.9989458543484088 15 6 9 19 
0.0453993827066045 15 6 9 22 
-0.0192615690253288 15 6 10 14 
-0.9989458543484088 15 6 10 18 
-0.1083144067673414 15 6 10 21 
-0.3468856679442702 15 6 11 13 
-0.0873427320804291 15 6 11 20 
0.0265701056626162 15 6 12 5 
-0.2582834643175408 15 6 13 4 
0.3468856679442702 15 6 13 11 
-0.0212560845300929 15 6 14 3 
-0.5431333598131557 15 6 14 7 
0.0192615690253288 15 6 14 10 
0.3727193984635118 15 6 15 2 
-1.1515454247369774 15 6 15 6 
-0.1952411642413276 15 6 15 9 
-0.3567773350659420 15 6 16 1 
0.0841745454764548 15 6 16 8 
-0.4658992480793896 15 6 17 0 
-1.0273342188714882 15 6 18 3 
0.9989458543484088 15 6 18 10 
-1.3301595885536928 15 6 19 2 
0.9989458543484088 15 6 19 9 
-0.2642951700230775 15 6 20 4 
0.0873427320804291 15 6 20 11 
-0.3068986389397985 15 6 21 3 
0.2174907210347557 15 6 21 7 
0.1083144067673414 15 6 21 10 
0.2461636147663027 15 6 22 2 
0.2174907210347557 15 6 22 6 
-0.0453993827066045 15 6 22 9 
0.4130649887637439 15 6 23 1 
-0.0663710573935168 15 6 23 8 
0.1727089404157336 15 7 1 17 
0.2635524141333200 15 7 2 16 
-0.4263678877500485 15 7 2 23 
-0.3514633139334188 15 7 3 15 
1.4707207483893858 15 7 3 19 
-0.1427895624289301 15 7 3 22 
-0.0150303215127032 15 7 4 14 
1.2540864868354988 15 7 4 18 
0.4705684641657512 15 7 4 21 
0.6131869211367397 15 7 5 13 
0.3078804646669726 15 7 5 20 
0.5120710424166873 15 7 6 16 
0.1255683263356621 15 7 6 23 
1.3325898780080292 15 7 7 15 
0.2174907210347557 15 7 7 22 
0.2585533113146025 15 7 8 17 
0.2184345151977844 15 7 9 16 
-0.1129627017826323 15 7 9 23 
-0.1824001182244418 15 7 10 15 
0.9989458543484085 15 7 10 19 
-0.0419433493738246 15 7 10 22 
-0.0333620161853643 15 7 11 14 
0.5767416579139144 15 7 11 18 
0.0645306936792479 15 7 11 21 
-0.6131869211367397 15 7 13 5 
0.0150303215127032 15 7 14 4 
0.0333620161853643 15 7 14 11 
0.3514633139334188 15 7 15 3 
-1.3325898780080292 15 7 15 7 
0.1824001182244418 15 7 15 10 
-0.2635524141333200 15 7 16 2 
-0.5120710424166873 15 7 16 6 
-0.2184345151977844 15 7 16 9 
-0.1727089404157336 15 7 17 1 
-0.2585533113146025 15 7 17 8 
-1.2540864868354988 15 7 18 4 
-0.5767416579139144 15 7 18 11 
-1.4707207483893858 15 7 19 3 
-0.9989458543484085 15 7 19 10 
-0.3078804646669726 15 7 20 5 
-0.4705684641657512 15 7 21 4 
-0.0645306936792479 15 7 21 11 
0.1427895624289301 15 7 22 3 
-0.2174907210347557 15 7 22 7 
0.0419433493738246 15 7 22 10 
0.4263678877500485 15 7 23 2 
-0.1255683263356621 15 7 23 6 
0.1129627017826323 15 7 23 9 
0.6198953858406711 15 8 0 16 
0.0147520690846943 15 8 0 23 
-0.2619889802951424 15 8 1 15 
0.4130649887637437 15 8 1 19 
0.4926189284816812 15 8 1 22 
-0.2764823705981130 15 8 2 14 
0.4263678877500485 15 8 2 18 
-0.3288930002704052 15 8 2 21 
0.1371815769939805 15 8 3 13 
1.4993810930991449 15 8 3 20 
1.0112470279175583 15 8 4 12 
0.0333620161853643 15 8 6 14 
0.3098508986610050 15 8 6 18 
-0.0684106100592453 15 8 6 21 
0.3468856679442701 15 8 7 13 
0.1578210207818702 15 8 7 20 
1.4311500534430026 15 8 8 15 
0.2683554864216511 15 8 8 19 
0.1718319851779822 15 8 8 22 
0.0483705662987250 15 8 9 14 
0.1032822631080008 15 8 9 18 
0.4904458630870121 15 8 9 21 
1.0527274897119903 15 8 10 13 
0.4482431774972745 15 8 10 20 
0.4212664160862929 15 8 11 12 
-1.0112470279175583 15 8 12 4 
-0.4212664160862929 15 8 12 11 
-0.1371815769939805 15 8 13 3 
-0.3468856679442701 15 8 13 7 
-1.0527274897119903 15 8 13 10 
0.2764823705981130 15 8 14 2 
-0.0333620161853643 15 8 14 6 
-0.0483705662987250 15 8 14 9 
0.2619889802951424 15 8 15 1 
-1.4311500534430026 15 8 15 8 
-0.6198953858406711 15 8 16 0 
-0.4263678877500485 15 8 18 2 
-0.3098508986610050 15 8 18 6 
-0.1032822631080008 15 8 18 9 
-0.4130649887637437 15 8 19 1 
-0.2683554864216511 15 8 19 8 
-1.4993810930991449 15 8 20 3 
-0.1578210207818702 15 8 20 7 
-0.4482431774972745 15 8 20 10 
0.3288930002704052 15 8 21 2 
0.0684106100592453 15 8 21 6 
-0.4904458630870121 15 8 21 9 
-0.4926189284816812 15 8 22 1 
-0.1718319851779822 15 8 22 8 
-0.0147520690846943 15 8 23 0 
-0.6126067021567083 15 9 0 17 
0.5048930896201567 15 9 1 16 
0.4811920249042567 15 9 1 23 
-0.6113193142793794 15 9 2 15 
0.2461636147663027 15 9 2 19 
-0.3611128690782887 15 9 2 22 
-0.1245808921637083 15 9 3 14 
0.3068986389397985 15 9 3 18 
1.9599411298242644 15 9 3 21 
1.1752302553965568 15 9 4 13 
-0.6308779776374944 15 9 4 20 
-0.4290079584959792 15 9 5 12 
0.1952411642413276 15 9 6 15 
-0.5366774992517362 15 9 6 19 
0.2894217959754240 15 9 6 22 
0.0192615690253288 15 9 7 14 
-0.5366774992517362 15 9 7 18 
-0.3025319187695823 15 9 7 21 
-0.4386730773792846 15 9 8 16 
0.0956573319762844 15 9 8 23 
2.2312804675137325 15 9 9 15 
-0.3876291016281672 15 9 9 19 
0.3561061133908437 15 9 9 22 
0.5887180695743992 15 9 10 14 
0.2385472304130322 15 9 10 18 
0.2639690492844129 15 9 10 21 
0.7264159269482509 15 9 11 13 
0.0035202678698536 15 9 11 20 
0.4290079584959792 15 9 12 5 
-1.1752302553965568 15 9 13 4 
-0.7264159269482509 15 9 13 11 
0.1245808921637083 15 9 14 3 
-0.0192615690253288 15 9 14 7 
-0.5887180695743992 15 9 14 10 
0.6113193142793794 15 9 15 2 
-0.1952411642413276 15 9 15 6 
-2.2312804675137325 15 9 15 9 
-0.5048930896201567 15 9 16 1 
0.4386730773792846 15 9 16 8 
0.6126067021567083 15 9 17 0 
-0.3068986389397985 15 9 18 3 
0.5366774992517362 15 9 18 7 
-0.2385472304130322 15 9 18 10 
-0.2461636147663027 15 9 19 2 
0.5366774992517362 15 9 19 6 
0.3876291016281672 15 9 19 9 
0.6308779776374944 15 9 20 4 
-0.0035202678698536 15 9 20 11 
-1.9599411298242644 15 9 21 3 
0.3025319187695823 15 9 21 7 
-0.2639690492844129 15 9 21 10 
0.3611128690782887 15 9 22 2 
-0.2894217959754240 15 9 22 6 
-0.3561061133908437 15 9 22 9 
-0.4811920249042567 15 9 23 1 
-0.0956573319762844 15 9 23 8 
0.0276424830535041 15 10 1 17 
-0.9113598987830348 15 10 2 16 
-0.3288930002704052 15 10 2 23 
0.5762730353520815 15 10 3 15 
-0.1427895624289301 15 10 3 19 
1.9090856793461073 15 10 3 22 
-0.0509198014279566 15 10 4 14 
0.0063979007453631 15 10 4 18 
-0.3470578038550804 15 10 4 21 
0.4381817544624528 15 10 5 13 
0.3501422482484111 15 10 5 20 
0.1821145523335105 15 10 6 16 
-0.2657848935722666 15 10 6 23 
-0.1824001182244418 15 10 7 15 
0.5366774992517361 15 10 7 19 
0.1316007751935537 15 10 7 22 
0.2982201854702999 15 10 8 17 
0.3666526503361496 15 10 9 16 
0.1043582899260997 15 10 9 23 
2.5958324210899089 15 10 10 15 
-0.0298082560086190 15 10 10 19 
-0.1302243907072796 15 10 10 22 
0.0483705662987250 15 10 11 14 
-0.3787328784948083 15 10 11 18 
-0.1616185038948485 15 10 11 21 
-0.4381817544624528 15 10 13 5 
0.0509198014279566 15 10 14 4 
-0.0483705662987250 15 10 14 11 
-0.5762730353520815 15 10 15 3 
0.1824001182244418 15 10 15 7 
-2.5958324210899089 15 10 15 10 
0.9113598987830348 15 10 16 2 
-0.1821145523335105 15 10 16 6 
-0.3666526503361496 15 10 16 9 
-0.0276424830535041 15 10 17 1 
-0.2982201854702999 15 10 17 8 
-0.0063979007453631 15 10 18 4 
0.3787328784948083 15 10 18 11 
0.1427895624289301 15 10 19 3 
-0.5366774992517361 15 10 19 7 
0.0298082560086190 15 10 19 10 
-0.3501422482484111 15 10 20 5 
0.3470578038550804 15 10 21 4 
0.1616185038948485 15 10 21 11 
-1.9090856793461073 15 10 22 3 
-0.1316007751935537 15 10 22 7 
0.1302243907072796 15 10 22 10 
0.3288930002704052 15 10 23 2 
0.2657848935722666 15 10 23 6 
-0.1043582899260997 15 10 23 9 
-1.0556619516667172 15 11 2 17 
0.1234885018439633 15 11 3 16 
1.3094946308584425 15 11 3 23 
0.5226590591330861 15 11 4 15 
-0.5396718291989067 15 11 4 19 
0.0183293246197974 15 11 4 22 
-0.3891679181736558 15 11 5 14 
-0.3078804646669727 15 11 5 18 
0.3756935814198678 15 11 5 21 
-0.2585533113146026 15 11 6 17 
-0.1470825664863920 15 11 7 16 
0.0131101227941583 15 11 7 23 
1.0278750216542103 15 11 9 17 
0.7474225337275426 15 11 10 16 
-0.5819878360744077 15 11 10 23 
1.4590768129164258 15 11 11 15 
0.1490818712151350 15 11 11 19 
-0.3977137078615461 15 11 11 22 
0.3891679181736558 15 11 14 5 
-0.5226590591330861 15 11 15 4 
-1.4590768129164258 15 11 15 11 
-0.1234885018439633 15 11 16 3 
0.1470825664863920 15 11 16 7 
-0.7474225337275426 15 11 16 10 
1.0556619516667172 15 11 17 2 
0.2585533113146026 15 11 17 6 
-1.0278750216542103 15 11 17 9 
0.3078804646669727 15 11 18 5 
0.5396718291989067 15 11 19 4 
-0.1490818712151350 15 11 19 11 
-0.3756935814198678 15 11 21 5 
-0.0183293246197974 15 11 22 4 
0.3977137078615461 15 11 22 11 
-1.3094946308584425 15 11 23 3 
-0.0131101227941583 15 11 23 7 
0.5819878360744077 15 11 23 10 
0.4751417734511378 15 12 12 15 
0.4924693537420057 15 12 12 19 
0.4248242839838597 15 12 12 22 
-0.3685208537441925 15 12 13 14 
-0.2202389903605030 15 12 13 18 
0.6826343211868554 15 12 13 21 
0.3685208537441925 15 12 14 13 
0.6664940334930611 15 12 14 20 
-0.4751417734511378 15 12 15 12 
0.2202389903605030 15 12 18 13 
0.5133593354973722 15 12 18 20 
-0.4924693537420057 15 12 19 12 
-0.6664940334930611 15 12 20 14 
-0.5133593354973722 15 12 20 18 
0.7056519537228145 15 12 20 21 
-0.6826343211868554 15 12 21 13 
-0.7056519537228145 15 12 21 20 
-0.4248242839838597 15 12 22 12 
-0.3474447929215658 15 13 12 16 
0.0799308086264302 15 13 12 23 
0.4202059281112529 15 13 13 15 
-0.3939754829936045 15 13 13 19 
0.5486525602474822 15 13 13 22 
0.2785827356460231 15 13 14 18 
0.8604400973550779 15 13 14 21 
-0.4202059281112529 15 13 15 13 
0.3991705572891229 15 13 15 20 
0.3474447929215658 15 13 16 12 
-0.2785827356460231 15 13 18 14 
-0.3976464314002857 15 13 18 21 
0.3939754829936045 15 13 19 13 
-0.2295812742112490 15 13 19 20 
-0.3991705572891229 15 13 20 15 
0.2295812742112490 15 13 20 19 
-0.6311542947918996 15 13 20 22 
-0.8604400973550779 15 13 21 14 
0.3976464314002857 15 13 21 18 
-0.5486525602474822 15 13 22 13 
0.6311542947918996 15 13 22 20 
-0.0799308086264302 15 13 23 12 
0.3936584472944480 15 14 12 17 
-0.8331452100135263 15 14 13 16 
0.1011053641914217 15 14 13 23 
1.2533511381247791 15 14 14 15 
-0.3939754829936046 15 14 14 19 
0.4867384221156710 15 14 14 22 
-1.2533511381247793 15 14 15 14 
0.3939754829936046 15 14 15 18 
0.4867384221156710 15 14 15 21 
0.8331452100135263 15 14 16 13 
0.1011053641914217 15 14 16 20 
-0.3936584472944480 15 14 17 12 
-0.3939754829936046 15 14 18 15 
0.8727551074680914 15 14 18 19 
-0.3749046508770311 15 14 18 22 
0.3939754829936046 15 14 19 14 
-0.8727551074680914 15 14 19 18 
-0.3749046508770311 15 14 19 21 
-0.1011053641914217 15 14 20 16 
0.7118465103468911 15 14 20 23 
-0.4867384221156710 15 14 21 15 
0.3749046508770311 15 14 21 19 
-1.7425171578177632 15 14 21 22 
-0.4867384221156710 15 14 22 14 
0.3749046508770311 15 14 22 18 
1.7425171578177632 15 14 22 21 
-0.1011053641914217 15 14 23 13 
-0.7118465103468911 15 14 23 20 
0.3685208537441925 15 16 14 17 
-0.6948851548106771 15 16 15 16 
-0.3991705572891228 15 16 15 23 
0.6948851548106771 15 16 16 15 
0.2954816122452034 15 16 16 19 
-0.6681934950416950 15 16 16 22 
-0.3685208537441925 15 16 17 14 
-0.6607169710815093 15 16 17 18 
-0.1384442216310417 15 16 17 21 
0.6607169710815093 15 16 18 17 
-0.2954816122452034 15 16 19 16 
0.6887438226337471 15 16 19 23 
0.1384442216310417 15 16 21 17 
0.6681934950416950 15 16 22 16 
0.9467314421878495 15 16 22 23 
0.3991705572891228 15 16 23 15 
-0.6887438226337471 15 16 23 19 
-0.9467314421878495 15 16 23 22 
-0.2004625467517137 15 17 15 17 
-1.0224957100330649 15 17 16 23 
0.2004625467517137 15 17 17 15 
-0.7920217713053178 15 17 17 22 
0.7920217713053178 15 17 22 17 
1.0224957100330649 15 17 23 16 
0.4924693537420057 15 18 12 17 
0.0984938707484011 15 18 13 16 
-0.0661793208194737 15 18 13 23 
-0.3939754829936046 15 18 14 15 
0.7870262287405371 15 18 14 19 
-0.2269020457409739 15 18 14 22 
0.3939754829936046 15 18 15 14 
-0.1242112058654893 15 18 15 18 
0.1116574746984709 15 18 15 21 
-0.0984938707484011 15 18 16 13 
0.3484697154995322 15 18 16 20 
-0.4924693537420057 15 18 17 12 
0.1242112058654893 15 18 18 15 
0.7814551333136529 15 18 18 22 
-0.7870262287405371 15 18 19 14 
0.7814551333136529 15 18 19 21 
-0.3484697154995322 15 18 20 16 
0.1537137894739458 15 18 20 23 
-0.1116574746984709 15 18 21 15 
-0.7814551333136529 15 18 21 19 
0.1537137894739458 15 18 21 22 
0.2269020457409739 15 18 22 14 
-0.7814551333136529 15 18 22 18 
-0.1537137894739458 15 18 22 21 
0.0661793208194737 15 18 23 13 
-0.1537137894739458 15 18 23 20 
-0.4404779807210061 15 19 13 17 
0.2785827356460231 15 19 14 16 
-0.3930058715646842 15 19 14 23 
0.1381308703813565 15 19 15 19 
0.0396105557955117 15 19 15 22 
-0.2785827356460231 15 19 16 14 
0.7420154444188114 15 19 16 18 
0.2521339489679668 15 19 16 21 
0.4404779807210061 15 19 17 13 
0.0493271533523701 15 19 17 20 
-0.7420154444188114 15 19 18 16 
-0.4511733315782523 15 19 18 23 
-0.1381308703813565 15 19 19 15 
-0.7814551333136527 15 19 19 22 
-0.0493271533523701 15 19 20 17 
-0.2521339489679668 15 19 21 16 
-0.1774933954618802 15 19 21 23 
-0.0396105557955117 15 19 22 15 
0.7814551333136527 15 19 22 19 
0.3930058715646842 15 19 23 14 
0.4511733315782523 15 19 23 18 
0.1774933954618802 15 19 23 21 
-0.3913516420768873 15 20 12 16 
-0.4065143470015986 15 20 12 23 
-0.3991705572891229 15 20 13 15 
0.0661793208194737 15 20 13 19 
-0.5601085612303089 15 20 13 22 
0.3930058715646842 15 20 14 18 
-0.3772635665691301 15 20 14 21 
0.3991705572891229 15 20 15 13 
0.0682310396561424 15 20 15 20 
0.3913516420768873 15 20 16 12 
-0.3930058715646842 15 20 18 14 
-0.1716928731672461 15 20 18 21 
-0.0661793208194737 15 20 19 13 
-0.1105344656397808 15 20 19 20 
-0.0682310396561424 15 20 20 15 
0.1105344656397808 15 20 20 19 
-0.2764111923192923 15 20 20 22 
0.3772635665691301 15 20 21 14 
0.1716928731672461 15 20 21 18 
0.5601085612303089 15 20 22 13 
0.2764111923192923 15 20 22 20 
0.4065143470015986 15 20 23 12 
-0.1835987436607290 15 21 12 17 
-0.6703371657764001 15 21 13 16 
-0.2452239020439941 15 21 13 23 
-0.4867384221156710 15 21 14 15 
0.2269020457409739 15 21 14 19 
-0.9498309386526880 15 21 14 22 
0.4867384221156710 15 21 15 14 
0.1116574746984709 15 21 15 18 
-0.2713393376894683 15 21 15 21 
0.6703371657764001 15 21 16 13 
-0.1922049002582099 15 21 16 20 
0.1835987436607290 15 21 17 12 
-0.1116574746984709 15 21 18 15 
0.0508745655623919 15 21 18 22 
-0.2269020457409739 15 21 19 14 
0.0850971828585849 15 21 19 21 
0.1922049002582099 15 21 20 16 
0.0921370641064308 15 21 20 23 
0.2713393376894683 15 21 21 15 
-0.0850971828585849 15 21 21 19 
0.0921370641064308 15 21 21 22 
0.9498309386526880 15 21 22 14 
-0.0508745655623919 15 21 22 18 
-0.0921370641064308 15 21 22 21 
0.2452239020439941 15 21 23 13 
-0.0921370641064308 15 21 23 20 
-0.4105392714089486 15 22 13 17 
-0.8604400973550779 15 22 14 16 
-0.3772635665691301 15 22 14 23 
0.0396105557955117 15 22 15 19 
-0.6867467417438013 15 22 15 22 
0.8604400973550779 15 22 16 14 
-0.1757166515881474 15 22 16 18 
-0.7137104541912299 15 22 16 21 
0.4105392714089486 15 22 17 13 
0.0519220627781111 15 22 17 20 
0.1757166515881474 15 22 18 16 
0.1129479849225417 15 22 18 23 
-0.0396105557955117 15 22 19 15 
0.1614090312021726 15 22 19 22 
-0.0519220627781111 15 22 20 17 
0.7137104541912299 15 22 21 16 
0.2659767938209481 15 22 21 23 
0.6867467417438013 15 22 22 15 
-0.1614090312021726 15 22 22 19 
0.3772635665691301 15 22 23 14 
-0.1129479849225417 15 22 23 18 
-0.2659767938209481 15 22 23 21 
-0.6664940334930611 15 23 14 17 
-0.3991705572891228 15 23 15 16 
-0.1495821820579833 15 23 15 23 
0.3991705572891228 15 23 16 15 
-0.3925892627125146 15 23 16 19 
-0.7290932091077451 15 23 16 22 
0.6664940334930611 15 23 17 14 
-0.0493271533523701 15 23 17 18 
-0.6521814402343425 15 23 17 21 
0.0493271533523701 15 23 18 17 
0.3925892627125146 15 23 19 16 
-0.1359717484209768 15 23 19 23 
0.6521814402343425 15 23 21 17 
0.7290932091077451 15 23 22 16 
-0.1842741282128616 15 23 22 23 
0.1495821820579833 15 23 23 15 
0.1359717484209768 15 23 23 19 
0.1842741282128616 15 23 23 22 
1.2032966335398794 16 0 0 16 
-0.8652137908946246 16 0 0 23 
0.0699733445390035 16 0 1 15 
0.5893211136362798 16 0 1 19 
0.1047012748710600 16 0 1 22 
0.2209309393055034 16 0 2 14 
0.1727089404157337 16 0 2 18 
-0.0276424830535041 16 0 2 21 
0.4174181374605694 16 0 3 13 
1.0112470279175583 16 0 3 20 
0.4534756333893172 16 0 4 12 
0.6131869211367399 16 0 6 14 
0.1956997100893347 16 0 6 18 
0.3178887684402019 16 0 6 21 
-0.0336088206260817 16 0 7 13 
0.1754002365372963 16 0 7 20 
0.6198953858406711 16 0 8 15 
-0.1875996307783156 16 0 8 19 
-0.1299266911630246 16 0 8 22 
-0.4381817544624528 16 0 9 14 
-0.3108454448911990 16 0 9 18 
-0.1253882655719211 16 0 9 21 
-0.2800992347794384 16 0 10 13 
-1.1278692544329005 16 0 10 20 
-1.0621736198009040 16 0 11 12 
-0.4534756333893172 16 0 12 4 
1.0621736198009040 16 0 12 11 
-0.4174181374605694 16 0 13 3 
0.0336088206260817 16 0 13 7 
0.2800992347794384 16 0 13 10 
-0.2209309393055034 16 0 14 2 
-0.6131869211367399 16 0 14 6 
0.4381817544624528 16 0 14 9 
-0.0699733445390035 16 0 15 1 
-0.6198953858406711 16 0 15 8 
-1.2032966335398794 16 0 16 0 
-0.1727089404157337 16 0 18 2 
-0.1956997100893347 16 0 18 6 
0.3108454448911990 16 0 18 9 
-0.5893211136362798 16 0 19 1 
0.1875996307783156 16 0 19 8 
-1.0112470279175583 16 0 20 3 
-0.1754002365372963 16 0 20 7 
1.1278692544329005 16 0 20 10 
0.0276424830535041 16 0 21 2 
-0.3178887684402019 16 0 21 6 
0.1253882655719211 16 0 21 9 
-0.1047012748710600 16 0 22 1 
0.1299266911630246 16 0 22 8 
0.8652137908946246 16 0 23 0 
-0.2238465373564825 16 1 0 17 
1.5156532285935442 16 1 1 16 
0.0811012587804596 16 1 1 23 
0.1057546934519520 16 1 2 15 
0.3567773350659420 16 1 2 19 
-0.5048930896201568 16 1 2 22 
0.9388999034654786 16 1 3 14 
0.2582834643175408 16 1 3 18 
1.1752302553965566 16 1 3 21 
0.5369813171681888 16 1 4 13 
0.2169639343172417 16 1 4 20 
0.4444911366373896 16 1 5 12 
0.3567773350659420 16 1 6 15 
-0.5676569102150720 16 1 6 19 
0.0421382762867002 16 1 6 22 
0.2582834643175408 16 1 7 14 
0.3050981972530196 16 1 7 18 
0.0515878864325576 16 1 7 21 
-0.0811012587804596 16 1 8 16 
-0.2945066562427888 16 1 8 23 
0.5048930896201568 16 1 9 15 
-0.0421382762867002 16 1 9 19 
0.1488090546761286 16 1 9 22 
-1.1752302553965566 16 1 10 14 
-0.0515878864325576 16 1 10 18 
-1.2072066103400581 16 1 10 21 
-0.2169639343172417 16 1 11 13 
0.8038413469056797 16 1 11 20 
-0.4444911366373896 16 1 12 5 
-0.5369813171681888 16 1 13 4 
0.2169639343172417 16 1 13 11 
-0.9388999034654786 16 1 14 3 
-0.2582834643175408 16 1 14 7 
1.1752302553965566 16 1 14 10 
-0.1057546934519520 16 1 15 2 
-0.3567773350659420 16 1 15 6 
-0.5048930896201568 16 1 15 9 
-1.5156532285935442 16 1 16 1 
0.0811012587804596 16 1 16 8 
0.2238465373564825 16 1 17 0 
-0.2582834643175408 16 1 18 3 
-0.3050981972530196 16 1 18 7 
0.0515878864325576 16 1 18 10 
-0.3567773350659420 16 1 19 2 
0.5676569102150720 16 1 19 6 
0.0421382762867002 16 1 19 9 
-0.2169639343172417 16 1 20 4 
-0.8038413469056797 16 1 20 11 
-1.1752302553965566 16 1 21 3 
-0.0515878864325576 16 1 21 7 
1.2072066103400581 16 1 21 10 
0.5048930896201568 16 1 22 2 
-0.0421382762867002 16 1 22 6 
-0.1488090546761286 16 1 22 9 
-0.0811012587804596 16 1 23 1 
0.2945066562427888 16 1 23 8 
0.0699733445390035 16 2 1 17 
1.5660891359847569 16 2 2 16 
0.2619889802951424 16 2 2 23 
0.9333622807655698 16 2 3 15 
-0.0150303215127032 16 2 3 19 
-0.0509198014279566 16 2 3 22 
1.1458832078735037 16 2 4 14 
0.2848535699801570 16 2 4 18 
1.0866551001192286 16 2 4 21 
0.4174181374605694 16 2 5 13 
-0.6681969266407319 16 2 5 20 
-0.1091219130134476 16 2 6 16 
-0.1225062114808170 16 2 6 23 
0.2635524141333200 16 2 7 15 
-0.2475427285267725 16 2 7 19 
-0.1943686267576729 16 2 7 22 
-0.7481277352671621 16 2 8 17 
0.5380025398717464 16 2 9 16 
0.0134948730846963 16 2 9 23 
-0.9113598987830348 16 2 10 15 
0.2032778046426128 16 2 10 19 
-0.6492719610348943 16 2 10 22 
-0.1371815769939805 16 2 11 14 
0.1070750627304321 16 2 11 18 
0.6446491678765958 16 2 11 21 
-0.4174181374605694 16 2 13 5 
-1.1458832078735037 16 2 14 4 
0.1371815769939805 16 2 14 11 
-0.9333622807655698 16 2 15 3 
-0.2635524141333200 16 2 15 7 
0.9113598987830348 16 2 15 10 
-1.5660891359847569 16 2 16 2 
0.1091219130134476 16 2 16 6 
-0.5380025398717464 16 2 16 9 
-0.0699733445390035 16 2 17 1 
0.7481277352671621 16 2 17 8 
-0.2848535699801570 16 2 18 4 
-0.1070750627304321 16 2 18 11 
0.0150303215127032 16 2 19 3 
0.2475427285267725 16 2 19 7 
-0.2032778046426128 16 2 19 10 
0.6681969266407319 16 2 20 5 
-1.0866551001192286 16 2 21 4 
-0.6446491678765958 16 2 21 11 
0.0509198014279566 16 2 22 3 
0.1943686267576729 16 2 22 7 
0.6492719610348943 16 2 22 10 
-0.2619889802951424 16 2 23 2 
0.1225062114808170 16 2 23 6 
-0.0134948730846963 16 2 23 9 
0.2951488789442516 16 3 2 17 
2.2260805477614589 16 3 3 16 
0.5226590591330861 16 3 3 23 
1.5311953929507816 16 3 4 15 
-0.3674053773309884 16 3 4 19 
0.2022024289427100 16 3 4 22 
0.6636697326884441 16 3 5 14 
0.2321215028466954 16 3 5 18 
-0.2257025513712081 16 3 5 21 
-0.4285954682348138 16 3 6 17 
-0.0719237650857850 16 3 7 16 
-0.3443719113168736 16 3 7 23 
-0.3641467730022498 16 3 9 17 
-0.4659910660989852 16 3 10 16 
-0.2401517293534123 16 3 10 23 
0.1234885018439633 16 3 11 15 
0.3443719113168736 16 3 11 19 
0.7065797128344374 16 3 11 22 
-0.6636697326884441 16 3 14 5 
-1.5311953929507816 16 3 15 4 
-0.1234885018439633 16 3 15 11 
-2.2260805477614589 16 3 16 3 
0.0719237650857850 16 3 16 7 
0.4659910660989852 16 3 16 10 
-0.2951488789442516 16 3 17 2 
0.4285954682348138 16 3 17 6 
0.3641467730022498 16 3 17 9 
-0.2321215028466954 16 3 18 5 
0.3674053773309884 16 3 19 4 
-0.3443719113168736 16 3 19 11 
0.2257025513712081 16 3 21 5 
-0.2022024289427100 16 3 22 4 
-0.7065797128344374 16 3 22 11 
-0.5226590591330861 16 3 23 3 
0.3443719113168736 16 3 23 7 
0.2401517293534123 16 3 23 10 
0.9039828562844662 16 4 3 17 
3.0426147428113484 16 4 4 16 
0.6461475609770495 16 4 4 23 
0.9039828562844664 16 4 5 15 
-0.5557122930101982 16 4 5 19 
-0.8341729142855514 16 4 5 22 
-0.5557122930101982 16 4 7 17 
-0.8341729142855514 16 4 10 17 
0.6461475609770495 16 4 11 16 
0.7616737075225419 16 4 11 23 
-0.9039828562844662 16 4 15 5 
-3.0426147428113484 16 4 16 4 
-0.6461475609770495 16 4 16 11 
-0.9039828562844664 16 4 17 3 
0.5557122930101982 16 4 17 7 
0.8341729142855514 16 4 17 10 
0.5557122930101982 16 4 19 5 
0.8341729142855514 16 4 22 5 
-0.6461475609770495 16 4 23 4 
-0.7616737075225419 16 4 23 11 
1.9928050563505317 16 5 4 17 
2.1932676031022456 16 5 5 16 
-0.6466830682911134 16 5 5 23 
0.6466830682911134 16 5 11 17 
-2.1932676031022456 16 5 16 5 
-1.9928050563505317 16 5 17 4 
-0.6466830682911134 16 5 17 11 
0.6466830682911134 16 5 23 5 
0.5893211136362798 16 6 1 17 
-0.1091219130134476 16 6 2 16 
-0.4130649887637437 16 6 2 23 
-0.2485220926206168 16 6 3 15 
1.2540864868354988 16 6 3 19 
0.0063979007453631 16 6 3 22 
0.2848535699801570 16 6 4 14 
0.5839476893535906 16 6 4 18 
0.3023746399373937 16 6 4 21 
-0.0336088206260817 16 6 5 13 
0.1000914957831545 16 6 5 20 
0.9705009714659255 16 6 6 16 
-0.1775804301083840 16 6 6 23 
0.5120710424166873 16 6 7 15 
-0.3075783273776549 16 6 7 22 
-0.1579582210431509 16 6 8 17 
0.0664667293335499 16 6 9 16 
0.1083834828687286 16 6 9 23 
0.1821145523335105 16 6 10 15 
-1.4127227752958975 16 6 10 19 
-0.0296584267679079 16 6 10 22 
-0.3468856679442701 16 6 11 14 
-0.8156358746074018 16 6 11 18 
-0.1426300842251135 16 6 11 21 
0.0336088206260817 16 6 13 5 
-0.2848535699801570 16 6 14 4 
0.3468856679442701 16 6 14 11 
0.2485220926206168 16 6 15 3 
-0.5120710424166873 16 6 15 7 
-0.1821145523335105 16 6 15 10 
0.1091219130134476 16 6 16 2 
-0.9705009714659255 16 6 16 6 
-0.0664667293335499 16 6 16 9 
-0.5893211136362798 16 6 17 1 
0.1579582210431509 16 6 17 8 
-0.5839476893535906 16 6 18 4 
0.8156358746074018 16 6 18 11 
-1.2540864868354988 16 6 19 3 
1.4127227752958975 16 6 19 10 
-0.1000914957831545 16 6 20 5 
-0.3023746399373937 16 6 21 4 
0.1426300842251135 16 6 21 11 
-0.0063979007453631 16 6 22 3 
0.3075783273776549 16 6 22 7 
0.0296584267679079 16 6 22 10 
0.4130649887637437 16 6 23 2 
0.1775804301083840 16 6 23 6 
-0.1083834828687286 16 6 23 9 
0.3810654182900444 16 7 2 17 
-0.0719237650857850 16 7 3 16 
-0.5396718291989067 16 7 3 23 
-0.3674053773309884 16 7 4 15 
1.9141072779072834 16 7 4 19 
0.1899525895952117 16 7 4 22 
0.6013044086505475 16 7 5 14 
0.9914424203097362 16 7 5 18 
0.5605545455040420 16 7 5 21 
0.4048277044633564 16 7 6 17 
1.5136343312790812 16 7 7 16 
0.1775804301083840 16 7 7 23 
0.3310185679118523 16 7 9 17 
-0.0279435912828924 16 7 10 16 
-0.1055616434689416 16 7 10 23 
-0.1470825664863920 16 7 11 15 
0.8156358746074018 16 7 11 19 
0.0199451400779794 16 7 11 22 
-0.6013044086505475 16 7 14 5 
0.3674053773309884 16 7 15 4 
0.1470825664863920 16 7 15 11 
0.0719237650857850 16 7 16 3 
-1.5136343312790812 16 7 16 7 
0.0279435912828924 16 7 16 10 
-0.3810654182900444 16 7 17 2 
-0.4048277044633564 16 7 17 6 
-0.3310185679118523 16 7 17 9 
-0.9914424203097362 16 7 18 5 
-1.9141072779072834 16 7 19 4 
-0.8156358746074018 16 7 19 11 
-0.5605545455040420 16 7 21 5 
-0.1899525895952117 16 7 22 4 
-0.0199451400779794 16 7 22 11 
0.5396718291989067 16 7 23 3 
-0.1775804301083840 16 7 23 7 
0.1055616434689416 16 7 23 10 
0.8652137908946246 16 8 0 17 
-0.0811012587804596 16 8 1 16 
0.0186600554031159 16 8 1 23 
-0.1808877215146828 16 8 2 15 
0.4130649887637439 16 8 2 19 
0.4811920249042567 16 8 2 22 
-0.0797823573232611 16 8 3 14 
0.2642951700230775 16 8 3 18 
-0.6308779776374944 16 8 3 21 
0.2169639343172417 16 8 4 13 
1.8857133768918548 16 8 4 20 
1.0621736198009040 16 8 5 12 
-0.0841745454764548 16 8 6 15 
0.4381953431998848 16 8 6 19 
-0.2256075364229227 16 8 6 22 
0.3468856679442702 16 8 7 14 
0.4381953431998848 16 8 7 18 
0.2577206477338413 16 8 7 21 
1.6997813543119249 16 8 8 16 
0.0466472579194061 16 8 8 23 
-0.4386730773792846 16 8 9 15 
0.4382226742729499 16 8 9 19 
0.2339531988642862 16 8 9 22 
0.7264159269482509 16 8 10 14 
-0.0730481598965538 16 8 10 18 
0.4596419923231446 16 8 10 21 
0.5328645506275528 16 8 11 13 
0.2723360513782645 16 8 11 20 
-1.0621736198009040 16 8 12 5 
-0.2169639343172417 16 8 13 4 
-0.5328645506275528 16 8 13 11 
0.0797823573232611 16 8 14 3 
-0.3468856679442702 16 8 14 7 
-0.7264159269482509 16 8 14 10 
0.1808877215146828 16 8 15 2 
0.0841745454764548 16 8 15 6 
0.4386730773792846 16 8 15 9 
0.0811012587804596 16 8 16 1 
-1.6997813543119249 16 8 16 8 
-0.8652137908946246 16 8 17 0 
-0.2642951700230775 16 8 18 3 
-0.4381953431998848 16 8 18 7 
0.0730481598965538 16 8 18 10 
-0.4130649887637439 16 8 19 2 
-0.4381953431998848 16 8 19 6 
-0.4382226742729499 16 8 19 9 
-1.8857133768918548 16 8 20 4 
-0.2723360513782645 16 8 20 11 
0.6308779776374944 16 8 21 3 
-0.2577206477338413 16 8 21 7 
-0.4596419923231446 16 8 21 10 
-0.4811920249042567 16 8 22 2 
0.2256075364229227 16 8 22 6 
-0.2339531988642862 16 8 22 9 
-0.0186600554031159 16 8 23 1 
-0.0466472579194061 16 8 23 8 
-0.1047012748710598 16 9 1 17 
0.5380025398717464 16 9 2 16 
0.4926189284816812 16 9 2 23 
-1.1880266104911432 16 9 3 15 
0.4705684641657512 16 9 3 19 
-0.3470578038550804 16 9 3 22 
1.0866551001192286 16 9 4 14 
0.3023746399373937 16 9 4 18 
1.8190157726011926 16 9 4 21 
0.2800992347794386 16 9 5 13 
-0.7463407918601687 16 9 5 20 
0.0664667293335499 16 9 6 16 
0.3651722307268162 16 9 6 23 
0.2184345151977844 16 9 7 15 
-0.7589765980622819 16 9 7 19 
-0.2046521145574117 16 9 7 22 
-0.5576750336112156 16 9 8 17 
1.7033865912520989 16 9 9 16 
0.2028550269180154 16 9 9 23 
0.3666526503361496 16 9 10 15 
-0.1686783642583249 16 9 10 19 
0.5305419021180294 16 9 10 22 
1.0527274897119903 16 9 11 14 
0.4138843351584941 16 9 11 18 
0.2780846247376348 16 9 11 21 
-0.2800992347794386 16 9 13 5 
-1.0866551001192286 16 9 14 4 
-1.0527274897119903 16 9 14 11 
1.1880266104911432 16 9 15 3 
-0.2184345151977844 16 9 15 7 
-0.3666526503361496 16 9 15 10 
-0.5380025398717464 16 9 16 2 
-0.0664667293335499 16 9 16 6 
-1.7033865912520989 16 9 16 9 
0.1047012748710598 16 9 17 1 
0.5576750336112156 16 9 17 8 
-0.3023746399373937 16 9 18 4 
-0.4138843351584941 16 9 18 11 
-0.4705684641657512 16 9 19 3 
0.7589765980622819 16 9 19 7 
0.1686783642583249 16 9 19 10 
0.7463407918601687 16 9 20 5 
-1.8190157726011926 16 9 21 4 
-0.2780846247376348 16 9 21 11 
0.3470578038550804 16 9 22 3 
0.2046521145574117 16 9 22 7 
-0.5305419021180294 16 9 22 10 
-0.4926189284816812 16 9 23 2 
-0.3651722307268162 16 9 23 6 
-0.2028550269180154 16 9 23 9 
-0.0463924984066989 16 10 2 17 
-0.4659910660989852 16 10 3 16 
0.0183293246197974 16 10 3 23 
0.2022024289427100 16 10 4 15 
0.1899525895952117 16 10 4 19 
1.6524543796143847 16 10 4 22 
0.6362418227801567 16 10 5 14 
0.1935954947010262 16 10 5 18 
-0.2900202171089846 16 10 5 21 
0.3023051161158927 16 10 6 17 
-0.0279435912828924 16 10 7 16 
-0.0214087408739458 16 10 7 23 
-0.1569561379512735 16 10 9 17 
2.3973940390099631 16 10 10 16 
0.3504399358775691 16 10 10 23 
0.7474225337275426 16 10 11 15 
-0.2434496762509307 16 10 11 19 
0.0495215445990912 16 10 11 22 
-0.6362418227801567 16 10 14 5 
-0.2022024289427100 16 10 15 4 
-0.7474225337275426 16 10 15 11 
0.4659910660989852 16 10 16 3 
0.0279435912828924 16 10 16 7 
-2.3973940390099631 16 10 16 10 
0.0463924984066989 16 10 17 2 
-0.3023051161158927 16 10 17 6 
0.1569561379512735 16 10 17 9 
-0.1935954947010262 16 10 18 5 
-0.1899525895952117 16 10 19 4 
0.2434496762509307 16 10 19 11 
0.2900202171089846 16 10 21 5 
-1.6524543796143847 16 10 22 4 
-0.0495215445990912 16 10 22 11 
-0.0183293246197974 16 10 23 3 
0.0214087408739458 16 10 23 7 
-0.3504399358775691 16 10 23 10 
-1.0220723543290351 16 11 3 17 
0.6461475609770495 16 11 4 16 
1.3207190040205274 16 11 4 23 
0.0004233557040303 16 11 5 15 
-0.5355002245049180 16 11 5 19 
0.2801460825130388 16 11 5 22 
-0.2076913784144330 16 11 7 17 
1.3177067933022257 16 11 10 17 
1.9167777703890840 16 11 11 16 
-0.5999422207149906 16 11 11 23 
-0.0004233557040303 16 11 15 5 
-0.6461475609770495 16 11 16 4 
-1.9167777703890840 16 11 16 11 
1.0220723543290351 16 11 17 3 
0.2076913784144330 16 11 17 7 
-1.3177067933022257 16 11 17 10 
0.5355002245049180 16 11 19 5 
-0.2801460825130388 16 11 22 5 
-1.3207190040205274 16 11 23 4 
0.5999422207149906 16 11 23 11 
0.7498210001505619 16 12 12 16 
0.1969598289062796 16 12 12 23 
-0.3474447929215658 16 12 13 15 
0.6229299342623614 16 12 13 19 
0.3848005096504984 16 12 13 22 
-0.4404779807210061 16 12 14 18 
0.4105392714089487 16 12 14 21 
0.3474447929215658 16 12 15 13 
0.3913516420768873 16 12 15 20 
-0.7498210001505619 16 12 16 12 
0.4404779807210061 16 12 18 14 
0.6287342133314007 16 12 18 21 
-0.6229299342623614 16 12 19 13 
0.3629998673156118 16 12 19 20 
-0.3913516420768873 16 12 20 15 
-0.3629998673156118 16 12 20 19 
0.9979425632698761 16 12 20 22 
-0.4105392714089487 16 12 21 14 
-0.6287342133314007 16 12 21 18 
-0.3848005096504984 16 12 22 13 
-0.9979425632698761 16 12 22 20 
-0.1969598289062796 16 12 23 12 
-0.6683376739938721 16 13 12 17 
0.9786719114253553 16 13 13 16 
0.2980651930977013 16 13 13 23 
-0.8331452100135263 16 13 14 15 
0.0984938707484011 16 13 14 19 
0.6703371657764000 16 13 14 22 
0.8331452100135263 16 13 15 14 
-0.0984938707484011 16 13 15 18 
0.6703371657764000 16 13 15 21 
-0.9786719114253553 16 13 16 13 
0.2980651930977013 16 13 16 20 
0.6683376739938721 16 13 17 12 
0.0984938707484011 16 13 18 15 
-0.8727551074680914 16 13 18 19 
0.0937261627192578 16 13 18 22 
-0.0984938707484011 16 13 19 14 
0.8727551074680914 16 13 19 18 
0.0937261627192578 16 13 19 21 
-0.2980651930977013 16 13 20 16 
-1.0983480031484683 16 13 20 23 
-0.6703371657764000 16 13 21 15 
-0.0937261627192578 16 13 21 19 
1.3560156650161861 16 13 21 22 
-0.6703371657764000 16 13 22 14 
-0.0937261627192578 16 13 22 18 
-1.3560156650161861 16 13 22 21 
-0.2980651930977013 16 13 23 13 
1.0983480031484683 16 13 23 20 
-0.3474447929215658 16 14 13 17 
0.4202059281112529 16 14 14 16 
0.3991705572891229 16 14 14 23 
-0.2785827356460231 16 14 15 19 
0.8604400973550779 16 14 15 22 
-0.4202059281112529 16 14 16 14 
0.3939754829936045 16 14 16 18 
0.5486525602474822 16 14 16 21 
0.3474447929215658 16 14 17 13 
0.0799308086264302 16 14 17 20 
-0.3939754829936045 16 14 18 16 
-0.2295812742112490 16 14 18 23 
0.2785827356460231 16 14 19 15 
-0.3976464314002857 16 14 19 22 
-0.0799308086264302 16 14 20 17 
-0.5486525602474822 16 14 21 16 
-0.6311542947918996 16 14 21 23 
-0.8604400973550779 16 14 22 15 
0.3976464314002857 16 14 22 19 
-0.3991705572891229 16 14 23 14 
0.2295812742112490 16 14 23 18 
0.6311542947918996 16 14 23 21 
-0.3685208537441925 16 15 14 17 
0.6948851548106771 16 15 15 16 
0.3991705572891228 16 15 15 23 
-0.6948851548106771 16 15 16 15 
-0.2954816122452034 16 15 16 19 
0.6681934950416950 16 15 16 22 
0.3685208537441925 16 15 17 14 
0.6607169710815093 16 15 17 18 
0.1384442216310417 16 15 17 21 
-0.6607169710815093 16 15 18 17 
0.2954816122452034 16 15 19 16 
-0.6887438226337471 16 15 19 23 
-0.1384442216310417 16 15 21 17 
-0.6681934950416950 16 15 22 16 
-0.9467314421878495 16 15 22 23 
-0.3991705572891228 16 15 23 15 
0.6887438226337471 16 15 23 19 
0.9467314421878495 16 15 23 22 
-0.2004625467517137 16 17 16 17 
0.2004625467517137 16 17 17 16 
-1.2933661365822267 16 17 17 23 
1.2933661365822267 16 17 23 17 
0.6229299342623614 16 18 13 17 
-0.3939754829936045 16 18 14 16 
-0.0661793208194737 16 18 14 23 
0.7420154444188114 16 18 15 19 
-0.1757166515881474 16 18 15 22 
0.3939754829936045 16 18 16 14 
-0.3865532821123348 16 18 16 18 
0.2359079106038438 16 18 16 21 
-0.6229299342623614 16 18 17 13 
0.2580497168263055 16 18 17 20 
0.3865532821123348 16 18 18 16 
0.6380554444990176 16 18 18 23 
-0.7420154444188114 16 18 19 15 
1.1051444479182426 16 18 19 22 
-0.2580497168263055 16 18 20 17 
-0.2359079106038438 16 18 21 16 
0.2510135670938421 16 18 21 23 
0.1757166515881474 16 18 22 15 
-1.1051444479182426 16 18 22 19 
0.0661793208194737 16 18 23 14 
-0.6380554444990176 16 18 23 18 
-0.2510135670938421 16 18 23 21 
-0.2202389903605030 16 19 14 17 
0.2954816122452034 16 19 15 16 
-0.3925892627125146 16 19 15 23 
-0.2954816122452034 16 19 16 15 
0.4004729466282023 16 19 16 19 
0.2178961808781040 16 19 16 22 
0.2202389903605030 16 19 17 14 
0.5866147158463797 16 19 17 18 
0.2295359775921898 16 19 17 21 
-0.5866147158463797 16 19 18 17 
-0.4004729466282023 16 19 19 16 
-0.6380554444990176 16 19 19 23 
-0.2295359775921898 16 19 21 17 
-0.2178961808781040 16 19 22 16 
-0.1255067835469210 16 19 22 23 
0.3925892627125146 16 19 23 15 
0.6380554444990176 16 19 23 19 
0.1255067835469210 16 19 23 22 
-0.1969598289062796 16 20 12 17 
-0.2980651930977013 16 20 13 16 
-0.5142044952244369 16 20 13 23 
-0.1011053641914217 16 20 14 15 
0.0661793208194737 16 20 14 19 
-0.2452239020439941 16 20 14 22 
0.1011053641914217 16 20 15 14 
0.3484697154995322 16 20 15 18 
-0.1922049002582099 16 20 15 21 
0.2980651930977013 16 20 16 13 
0.1859320225799297 16 20 16 20 
0.1969598289062796 16 20 17 12 
-0.3484697154995322 16 20 18 15 
-0.1525593765263688 16 20 18 22 
-0.0661793208194737 16 20 19 14 
-0.1805020265391086 16 20 19 21 
-0.1859320225799297 16 20 20 16 
-0.2256887934588583 16 20 20 23 
0.1922049002582099 16 20 21 15 
0.1805020265391086 16 20 21 19 
-0.2256887934588583 16 20 21 22 
0.2452239020439941 16 20 22 14 
0.1525593765263688 16 20 22 18 
0.2256887934588583 16 20 22 21 
0.5142044952244369 16 20 23 13 
0.2256887934588583 16 20 23 20 
-0.3848005096504983 16 21 13 17 
-0.5486525602474822 16 21 14 16 
-0.5601085612303089 16 21 14 23 
0.2521339489679668 16 21 15 19 
-0.7137104541912299 16 21 15 22 
0.5486525602474822 16 21 16 14 
0.2359079106038438 16 21 16 18 
0.1156291813490938 16 21 16 21 
0.3848005096504983 16 21 17 13 
-0.1886657582489533 16 21 17 20 
-0.2359079106038438 16 21 18 16 
-0.0487121044316779 16 21 18 23 
-0.2521339489679668 16 21 19 15 
-0.0359737502990869 16 21 19 22 
0.1886657582489533 16 21 20 17 
-0.1156291813490938 16 21 21 16 
-0.0752295978196195 16 21 21 23 
0.7137104541912299 16 21 22 15 
0.0359737502990869 16 21 22 19 
0.5601085612303089 16 21 23 14 
0.0487121044316779 16 21 23 18 
0.0752295978196195 16 21 23 21 
-0.6826343211868555 16 22 14 17 
-0.6681934950416950 16 22 15 16 
-0.7290932091077451 16 22 15 23 
0.6681934950416950 16 22 16 15 
0.2178961808781040 16 22 16 19 
-0.7449396593955777 16 22 16 22 
0.6826343211868555 16 22 17 14 
-0.1087096214148664 16 22 17 18 
-0.1330640791577111 16 22 17 21 
0.1087096214148664 16 22 18 17 
-0.2178961808781040 16 22 19 16 
0.2220409353769849 16 22 19 23 
0.1330640791577111 16 22 21 17 
0.7449396593955777 16 22 22 16 
0.3009183912784777 16 22 22 23 
0.7290932091077451 16 22 23 15 
-0.2220409353769849 16 22 23 19 
-0.3009183912784777 16 22 23 22 
-1.0224957100330649 16 23 15 17 
-0.5960587663685566 16 23 16 23 
1.0224957100330649 16 23 17 15 
-0.3278088460904849 16 23 17 19 
-1.0375607107891867 16 23 17 22 
0.3278088460904849 16 23 19 17 
1.0375607107891867 16 23 22 17 
0.5960587663685566 16 23 23 16 
1.4271431708963616 17 0 0 17 
-0.2238465373564825 17 0 1 16 
-0.8652137908946246 17 0 1 23 
0.2791653234172216 17 0 2 15 
0.4658992480793896 17 0 2 19 
0.6126067021567083 17 0 2 22 
-0.1144931238772264 17 0 3 14 
-0.0265701056626162 17 0 3 18 
-0.4290079584959792 17 0 3 21 
0.4444911366373896 17 0 4 13 
1.0621736198009040 17 0 4 20 
0.0089844967519277 17 0 5 12 
0.4658992480793896 17 0 6 15 
0.6551764812024227 17 0 6 19 
0.2421900819196923 17 0 6 22 
-0.0265701056626162 17 0 7 14 
-0.2175786262656689 17 0 7 18 
0.2264407316765967 17 0 7 21 
0.8652137908946246 17 0 8 16 
0.1938658740223431 17 0 8 23 
-0.6126067021567083 17 0 9 15 
-0.2421900819196923 17 0 9 19 
-0.3616005110564193 17 0 9 22 
0.4290079584959792 17 0 10 14 
-0.2264407316765967 17 0 10 18 
0.2214121683566131 17 0 10 21 
-1.0621736198009040 17 0 11 13 
-1.6774851147292800 17 0 11 20 
-0.0089844967519277 17 0 12 5 
-0.4444911366373896 17 0 13 4 
1.0621736198009040 17 0 13 11 
0.1144931238772265 17 0 14 3 
0.0265701056626162 17 0 14 7 
-0.4290079584959792 17 0 14 10 
-0.2791653234172216 17 0 15 2 
-0.4658992480793896 17 0 15 6 
0.6126067021567083 17 0 15 9 
0.2238465373564825 17 0 16 1 
-0.8652137908946246 17 0 16 8 
-1.4271431708963616 17 0 17 0 
0.0265701056626162 17 0 18 3 
0.2175786262656689 17 0 18 7 
0.2264407316765967 17 0 18 10 
-0.4658992480793896 17 0 19 2 
-0.6551764812024227 17 0 19 6 
0.2421900819196923 17 0 19 9 
-1.0621736198009040 17 0 20 4 
1.6774851147292800 17 0 20 11 
0.4290079584959792 17 0 21 3 
-0.2264407316765967 17 0 21 7 
-0.2214121683566131 17 0 21 10 
-0.6126067021567083 17 0 22 2 
-0.2421900819196923 17 0 22 6 
0.3616005110564193 17 0 22 9 
0.8652137908946246 17 0 23 1 
-0.1938658740223431 17 0 23 8 
1.2032966335398794 17 1 1 17 
0.0699733445390035 17 1 2 16 
-0.6198953858406711 17 1 2 23 
0.2209309393055034 17 1 3 15 
0.6131869211367399 17 1 3 19 
0.4381817544624528 17 1 3 22 
0.4174181374605694 17 1 4 14 
-0.0336088206260817 17 1 4 18 
0.2800992347794384 17 1 4 21 
0.4534756333893172 17 1 5 13 
1.0621736198009040 17 1 5 20 
0.5893211136362798 17 1 6 16 
0.1875996307783156 17 1 6 23 
0.1727089404157337 17 1 7 15 
0.1956997100893347 17 1 7 19 
0.3108454448911990 17 1 7 22 
0.8652137908946246 17 1 8 17 
-0.1047012748710600 17 1 9 16 
-0.1299266911630246 17 1 9 23 
0.0276424830535041 17 1 10 15 
-0.3178887684402019 17 1 10 19 
-0.1253882655719211 17 1 10 22 
-1.0112470279175583 17 1 11 14 
-0.1754002365372963 17 1 11 18 
-1.1278692544329005 17 1 11 21 
-0.4534756333893172 17 1 13 5 
-0.4174181374605694 17 1 14 4 
1.0112470279175583 17 1 14 11 
-0.2209309393055034 17 1 15 3 
-0.1727089404157337 17 1 15 7 
-0.0276424830535041 17 1 15 10 
-0.0699733445390035 17 1 16 2 
-0.5893211136362798 17 1 16 6 
0.1047012748710600 17 1 16 9 
-1.2032966335398794 17 1 17 1 
-0.8652137908946246 17 1 17 8 
0.0336088206260817 17 1 18 4 
0.1754002365372963 17 1 18 11 
-0.6131869211367399 17 1 19 3 
-0.1956997100893347 17 1 19 7 
0.3178887684402019 17 1 19 10 
-1.0621736198009040 17 1 20 5 
-0.2800992347794384 17 1 21 4 
1.1278692544329005 17 1 21 11 
-0.4381817544624528 17 1 22 3 
-0.3108454448911990 17 1 22 7 
0.1253882655719211 17 1 22 10 
0.6198953858406711 17 1 23 2 
-0.1875996307783156 17 1 23 6 
0.1299266911630246 17 1 23 9 
1.2586154196006183 17 2 2 17 
0.2951488789442513 17 2 3 16 
-0.3891679181736559 17 2 3 23 
0.6636697326884439 17 2 4 15 
0.6013044086505475 17 2 4 19 
0.6362418227801566 17 2 4 22 
0.7834736461494803 17 2 5 14 
-0.0265701056626161 17 2 5 18 
0.8718837348826177 17 2 5 21 
0.4658992480793897 17 2 6 17 
0.3810654182900444 17 2 7 16 
0.2566796677486862 17 2 7 23 
0.4470594508987579 17 2 9 17 
-0.0463924984066987 17 2 10 16 
-0.1686563619744533 17 2 10 23 
-1.0556619516667172 17 2 11 15 
-0.2566796677486862 17 2 11 19 
-0.8743083156972680 17 2 11 22 
-0.7834736461494803 17 2 14 5 
-0.6636697326884439 17 2 15 4 
1.0556619516667172 17 2 15 11 
-0.2951488789442513 17 2 16 3 
-0.3810654182900444 17 2 16 7 
0.0463924984066987 17 2 16 10 
-1.2586154196006183 17 2 17 2 
-0.4658992480793897 17 2 17 6 
-0.4470594508987579 17 2 17 9 
0.0265701056626161 17 2 18 5 
-0.6013044086505475 17 2 19 4 
0.2566796677486862 17 2 19 11 
-0.8718837348826177 17 2 21 5 
-0.6362418227801566 17 2 22 4 
0.8743083156972680 17 2 22 11 
0.3891679181736559 17 2 23 3 
-0.2566796677486862 17 2 23 7 
0.1686563619744533 17 2 23 10 
1.4786064052013523 17 3 3 17 
0.9039828562844662 17 3 4 16 
0.0004233557040302 17 3 4 23 
1.2781438584496385 17 3 5 15 
0.4393291424167737 17 3 5 19 
1.0554824785433468 17 3 5 22 
0.4393291424167737 17 3 7 17 
0.2634607072380288 17 3 10 17 
-1.0220723543290349 17 3 11 16 
-0.6021559374090395 17 3 11 23 
-1.2781438584496385 17 3 15 5 
-0.9039828562844662 17 3 16 4 
1.0220723543290349 17 3 16 11 
-1.4786064052013523 17 3 17 3 
-0.4393291424167737 17 3 17 7 
-0.2634607072380288 17 3 17 10 
-0.4393291424167737 17 3 19 5 
-1.0554824785433468 17 3 22 5 
-0.0004233557040302 17 3 23 4 
0.6021559374090395 17 3 23 11 
2.1932676031022456 17 4 4 17 
1.9928050563505317 17 4 5 16 
0.6466830682911134 17 4 5 23 
-0.6466830682911134 17 4 11 17 
-1.9928050563505317 17 4 16 5 
-2.1932676031022456 17 4 17 4 
0.6466830682911134 17 4 17 11 
-0.6466830682911134 17 4 23 5 
4.1860726594527762 17 5 5 17 
-4.1860726594527762 17 5 17 5 
0.4658992480793896 17 6 2 17 
-0.4285954682348138 17 6 3 16 
-0.3078804646669727 17 6 3 23 
0.2321215028466954 17 6 4 15 
0.9914424203097362 17 6 4 19 
0.1935954947010262 17 6 4 22 
-0.0265701056626162 17 6 5 14 
0.1405611598356930 17 6 5 18 
0.1292175654217158 17 6 5 21 
0.7894565181948735 17 6 6 17 
0.4048277044633564 17 6 7 16 
-0.3970819131959968 17 6 7 23 
-0.2039231864988913 17 6 9 17 
0.3023051161158927 17 6 10 16 
0.1211764176663306 17 6 10 23 
-0.2585533113146026 17 6 11 15 
-1.8238172605096450 17 6 11 19 
-0.1594652819819371 17 6 11 22 
0.0265701056626162 17 6 14 5 
-0.2321215028466954 17 6 15 4 
0.2585533113146026 17 6 15 11 
0.4285954682348138 17 6 16 3 
-0.4048277044633564 17 6 16 7 
-0.3023051161158927 17 6 16 10 
-0.4658992480793896 17 6 17 2 
-0.7894565181948735 17 6 17 6 
0.2039231864988913 17 6 17 9 
-0.1405611598356930 17 6 18 5 
-0.9914424203097362 17 6 19 4 
1.8238172605096450 17 6 19 11 
-0.1292175654217158 17 6 21 5 
-0.1935954947010262 17 6 22 4 
0.1594652819819371 17 6 22 11 
0.3078804646669727 17 6 23 3 
0.3970819131959968 17 6 23 7 
-0.1211764176663306 17 6 23 10 
0.4393291424167737 17 7 3 17 
-0.5557122930101982 17 7 4 16 
-0.5355002245049180 17 7 4 23 
0.4393291424167737 17 7 5 15 
2.3574938074251826 17 7 5 19 
0.6913278171326267 17 7 5 22 
1.6946787845501343 17 7 7 17 
0.2681284165833206 17 7 10 17 
-0.2076913784144330 17 7 11 16 
-0.0663182583587415 17 7 11 23 
-0.4393291424167737 17 7 15 5 
0.5557122930101982 17 7 16 4 
0.2076913784144330 17 7 16 11 
-0.4393291424167737 17 7 17 3 
-1.6946787845501343 17 7 17 7 
-0.2681284165833206 17 7 17 10 
-2.3574938074251826 17 7 19 5 
-0.6913278171326267 17 7 22 5 
0.5355002245049180 17 7 23 4 
0.0663182583587415 17 7 23 11 
0.8652137908946245 17 8 1 17 
-0.7481277352671621 17 8 2 16 
0.0147520690846943 17 8 2 23 
0.5705158458675657 17 8 3 15 
0.3078804646669726 17 8 3 19 
0.3501422482484111 17 8 3 22 
-0.6681969266407319 17 8 4 14 
0.1000914957831545 17 8 4 18 
-0.7463407918601687 17 8 4 21 
1.0621736198009040 17 8 5 13 
2.4638264683857916 17 8 5 20 
-0.1579582210431509 17 8 6 16 
-0.4576160398894468 17 8 6 23 
0.2585533113146025 17 8 7 15 
0.9798345748187925 17 8 7 19 
0.2881404437690731 17 8 7 22 
2.1317545778663045 17 8 8 17 
-0.5576750336112156 17 8 9 16 
0.0602213510227006 17 8 9 23 
0.2982201854702999 17 8 10 15 
0.4899478444780319 17 8 10 19 
0.2094144082711564 17 8 10 22 
0.4212664160862929 17 8 11 14 
-0.3771762888150851 17 8 11 18 
0.3515843305199685 17 8 11 21 
-1.0621736198009040 17 8 13 5 
0.6681969266407319 17 8 14 4 
-0.4212664160862929 17 8 14 11 
-0.5705158458675657 17 8 15 3 
-0.2585533113146025 17 8 15 7 
-0.2982201854702999 17 8 15 10 
0.7481277352671621 17 8 16 2 
0.1579582210431509 17 8 16 6 
0.5576750336112156 17 8 16 9 
-0.8652137908946245 17 8 17 1 
-2.1317545778663045 17 8 17 8 
-0.1000914957831545 17 8 18 4 
0.3771762888150851 17 8 18 11 
-0.3078804646669726 17 8 19 3 
-0.9798345748187925 17 8 19 7 
-0.4899478444780319 17 8 19 10 
-2.4638264683857916 17 8 20 5 
0.7463407918601687 17 8 21 4 
-0.3515843305199685 17 8 21 11 
-0.3501422482484111 17 8 22 3 
-0.2881404437690731 17 8 22 7 
-0.2094144082711564 17 8 22 10 
-0.0147520690846943 17 8 23 2 
0.4576160398894468 17 8 23 6 
-0.0602213510227006 17 8 23 9 
0.4470594508987579 17 9 2 17 
-0.3641467730022498 17 9 3 16 
0.3756935814198678 17 9 3 23 
-0.2257025513712081 17 9 4 15 
0.5605545455040420 17 9 4 19 
-0.2900202171089846 17 9 4 22 
0.8718837348826177 17 9 5 14 
0.1292175654217158 17 9 5 18 
1.5003046492292291 17 9 5 21 
-0.2039231864988913 17 9 6 17 
0.3310185679118523 17 9 7 16 
0.0239356999534105 17 9 7 23 
1.4117992052756716 17 9 9 17 
-0.1569561379512735 17 9 10 16 
0.2789520347189947 17 9 10 23 
1.0278750216542103 17 9 11 15 
0.2721850125986986 17 9 11 19 
0.6153890240082727 17 9 11 22 
-0.8718837348826177 17 9 14 5 
0.2257025513712081 17 9 15 4 
-1.0278750216542103 17 9 15 11 
0.3641467730022498 17 9 16 3 
-0.3310185679118523 17 9 16 7 
0.1569561379512735 17 9 16 10 
-0.4470594508987579 17 9 17 2 
0.2039231864988913 17 9 17 6 
-1.4117992052756716 17 9 17 9 
-0.1292175654217158 17 9 18 5 
-0.5605545455040420 17 9 19 4 
-0.2721850125986986 17 9 19 11 
-1.5003046492292291 17 9 21 5 
0.2900202171089846 17 9 22 4 
-0.6153890240082727 17 9 22 11 
-0.3756935814198678 17 9 23 3 
-0.0239356999534105 17 9 23 7 
-0.2789520347189947 17 9 23 10 
0.2634607072380288 17 10 3 17 
-0.8341729142855514 17 10 4 16 
0.2801460825130388 17 10 4 23 
1.0554824785433468 17 10 5 15 
0.6913278171326267 17 10 5 19 
1.1760521890767608 17 10 5 22 
0.2681284165833206 17 10 7 17 
1.2363169083032308 17 10 10 17 
1.3177067933022257 17 10 11 16 
0.7745220765052842 17 10 11 23 
-1.0554824785433468 17 10 15 5 
0.8341729142855514 17 10 16 4 
-1.3177067933022257 17 10 16 11 
-0.2634607072380288 17 10 17 3 
-0.2681284165833206 17 10 17 7 
-1.2363169083032308 17 10 17 10 
-0.6913278171326267 17 10 19 5 
-1.1760521890767608 17 10 22 5 
-0.2801460825130388 17 10 23 4 
-0.7745220765052842 17 10 23 11 
-0.6466830682911134 17 11 4 17 
0.6466830682911134 17 11 5 16 
1.5377192264361770 17 11 5 23 
2.9374690635178635 17 11 11 17 
-0.6466830682911134 17 11 16 5 
0.6466830682911134 17 11 17 4 
-2.9374690635178635 17 11 17 11 
-1.5377192264361770 17 11 23 5 
1.4181586741444339 17 12 12 17 
-0.6683376739938721 17 12 13 16 
0.1969598289062796 17 12 13 23 
0.3936584472944480 17 12 14 15 
0.4924693537420057 17 12 14 19 
0.1835987436607290 17 12 14 22 
-0.3936584472944480 17 12 15 14 
-0.4924693537420057 17 12 15 18 
0.1835987436607290 17 12 15 21 
0.6683376739938721 17 12 16 13 
0.1969598289062796 17 12 16 20 
-1.4181586741444339 17 12 17 12 
0.4924693537420057 17 12 18 15 
0.8727551074680914 17 12 18 19 
0.4686308135962888 17 12 18 22 
-0.4924693537420057 17 12 19 14 
-0.8727551074680914 17 12 19 18 
0.4686308135962888 17 12 19 21 
-0.1969598289062796 17 12 20 16 
1.8713509887516224 17 12 20 23 
-0.1835987436607290 17 12 21 15 
-0.4686308135962888 17 12 21 19 
-0.5830126794130323 17 12 21 22 
-0.1835987436607290 17 12 22 14 
-0.4686308135962888 17 12 22 18 
0.5830126794130323 17 12 22 21 
-0.1969598289062796 17 12 23 13 
-1.8713509887516224 17 12 23 20 
0.7498210001505619 17 13 13 17 
-0.3474447929215658 17 13 14 16 
0.3913516420768873 17 13 14 23 
0.4404779807210061 17 13 15 19 
0.4105392714089487 17 13 15 22 
0.3474447929215658 17 13 16 14 
-0.6229299342623614 17 13 16 18 
0.3848005096504984 17 13 16 21 
-0.7498210001505619 17 13 17 13 
0.1969598289062796 17 13 17 20 
0.6229299342623614 17 13 18 16 
0.3629998673156118 17 13 18 23 
-0.4404779807210061 17 13 19 15 
0.6287342133314007 17 13 19 22 
-0.1969598289062796 17 13 20 17 
-0.3848005096504984 17 13 21 16 
0.9979425632698761 17 13 21 23 
-0.4105392714089487 17 13 22 15 
-0.6287342133314007 17 13 22 19 
-0.3913516420768873 17 13 23 14 
-0.3629998673156118 17 13 23 18 
-0.9979425632698761 17 13 23 21 
0.4751417734511378 17 14 14 17 
-0.3685208537441925 17 14 15 16 
0.6664940334930611 17 14 15 23 
0.3685208537441925 17 14 16 15 
0.2202389903605030 17 14 16 19 
0.6826343211868554 17 14 16 22 
-0.4751417734511378 17 14 17 14 
-0.4924693537420057 17 14 17 18 
0.4248242839838597 17 14 17 21 
0.4924693537420057 17 14 18 17 
-0.2202389903605030 17 14 19 16 
0.5133593354973722 17 14 19 23 
-0.4248242839838597 17 14 21 17 
-0.6826343211868554 17 14 22 16 
0.7056519537228145 17 14 22 23 
-0.6664940334930611 17 14 23 15 
-0.5133593354973722 17 14 23 19 
-0.7056519537228145 17 14 23 22 
0.2004625467517137 17 15 15 17 
1.0224957100330649 17 15 16 23 
-0.2004625467517137 17 15 17 15 
0.7920217713053178 17 15 17 22 
-0.7920217713053178 17 15 22 17 
-1.0224957100330649 17 15 23 16 
0.2004625467517137 17 16 16 17 
-0.2004625467517137 17 16 17 16 
1.2933661365822267 17 16 17 23 
-1.2933661365822267 17 16 23 17 
0.4924693537420057 17 18 14 17 
-0.6607169710815093 17 18 15 16 
-0.0493271533523701 17 18 15 23 
0.6607169710815093 17 18 16 15 
0.5866147158463797 17 18 16 19 
-0.1087096214148664 17 18 16 22 
-0.4924693537420057 17 18 17 14 
-0.6488953583591806 17 18 17 18 
0.3331407519206071 17 18 17 21 
0.6488953583591806 17 18 18 17 
-0.5866147158463797 17 18 19 16 
1.4267353473136482 17 18 19 23 
-0.3331407519206071 17 18 21 17 
0.1087096214148664 17 18 22 16 
0.2806416996482677 17 18 22 23 
0.0493271533523701 17 18 23 15 
-1.4267353473136482 17 18 23 19 
-0.2806416996482677 17 18 23 22 
-0.3278088460904849 17 19 16 23 
0.6628150228750482 17 19 17 19 
0.4231994005493061 17 19 17 22 
-0.6628150228750482 17 19 19 17 
-0.4231994005493061 17 19 22 17 
0.3278088460904849 17 19 23 16 
-0.1969598289062796 17 20 13 17 
-0.0799308086264302 17 20 14 16 
-0.4065143470015986 17 20 14 23 
0.0493271533523701 17 20 15 19 
0.0519220627781111 17 20 15 22 
0.0799308086264302 17 20 16 14 
0.2580497168263055 17 20 16 18 
-0.1886657582489533 17 20 16 21 
0.1969598289062796 17 20 17 13 
0.3320718905194877 17 20 17 20 
-0.2580497168263055 17 20 18 16 
-0.0804397510743616 17 20 18 23 
-0.0493271533523701 17 20 19 15 
-0.2018074007089588 17 20 19 22 
-0.3320718905194877 17 20 20 17 
0.1886657582489533 17 20 21 16 
-0.2913629794972679 17 20 21 23 
-0.0519220627781111 17 20 22 15 
0.2018074007089588 17 20 22 19 
0.4065143470015986 17 20 23 14 
0.0804397510743616 17 20 23 18 
0.2913629794972679 17 20 23 21 
-0.4248242839838597 17 21 14 17 
-0.1384442216310417 17 21 15 16 
-0.6521814402343425 17 21 15 23 
0.1384442216310417 17 21 16 15 
0.2295359775921898 17 21 16 19 
-0.1330640791577111 17 21 16 22 
0.4248242839838597 17 21 17 14 
0.3331407519206071 17 21 17 18 
0.0885054439535576 17 21 17 21 
-0.3331407519206071 17 21 18 17 
-0.2295359775921898 17 21 19 16 
-0.2482493126452881 17 21 19 23 
-0.0885054439535576 17 21 21 17 
0.1330640791577111 17 21 22 16 
-0.3364369892892780 17 21 22 23 
0.6521814402343425 17 21 23 15 
0.2482493126452881 17 21 23 19 
0.3364369892892780 17 21 23 22 
-0.7920217713053178 17 22 15 17 
-1.0375607107891867 17 22 16 23 
0.7920217713053178 17 22 17 15 
0.4231994005493061 17 22 17 19 
-0.0602647192264699 17 22 17 22 
-0.4231994005493061 17 22 19 17 
0.0602647192264699 17 22 22 17 
1.0375607107891867 17 22 23 16 
-1.2933661365822267 17 23 16 17 
1.2933661365822267 17 23 17 16 
-1.3997498370816865 17 23 17 23 
1.3997498370816865 17 23 23 17 
0.4393291424167737 18 0 0 14 
1.6946787845501343 18 0 0 18 
-0.2681284165833206 18 0 0 21 
-0.5557122930101982 18 0 1 13 
0.2076913784144330 18 0 1 20 
0.4393291424167737 18 0 2 12 
2.3574938074251826 18 0 6 12 
0.5355002245049180 18 0 8 13 
-0.0663182583587415 18 0 8 20 
-0.6913278171326267 18 0 9 12 
-0.4393291424167737 18 0 12 2 
-2.3574938074251826 18 0 12 6 
0.6913278171326267 18 0 12 9 
0.5557122930101982 18 0 13 1 
-0.5355002245049180 18 0 13 8 
-0.4393291424167737 18 0 14 0 
-1.6946787845501343 18 0 18 0 
-0.2076913784144330 18 0 20 1 
0.0663182583587415 18 0 20 8 
0.2681284165833206 18 0 21 0 
0.3810654182900444 18 1 0 15 
0.4048277044633564 18 1 0 19 
-0.3310185679118523 18 1 0 22 
-0.0719237650857850 18 1 1 14 
1.5136343312790812 18 1 1 18 
0.0279435912828924 18 1 1 21 
-0.3674053773309884 18 1 2 13 
0.1470825664863920 18 1 2 20 
0.6013044086505475 18 1 3 12 
1.9141072779072834 18 1 6 13 
-0.8156358746074018 18 1 6 20 
0.9914424203097362 18 1 7 12 
0.5396718291989067 18 1 8 14 
-0.1775804301083840 18 1 8 18 
-0.1055616434689416 18 1 8 21 
-0.1899525895952117 18 1 9 13 
0.0199451400779794 18 1 9 20 
-0.5605545455040420 18 1 10 12 
-0.6013044086505475 18 1 12 3 
-0.9914424203097362 18 1 12 7 
0.5605545455040420 18 1 12 10 
0.3674053773309884 18 1 13 2 
-1.9141072779072834 18 1 13 6 
0.1899525895952117 18 1 13 9 
0.0719237650857850 18 1 14 1 
-0.5396718291989067 18 1 14 8 
-0.3810654182900444 18 1 15 0 
-1.5136343312790812 18 1 18 1 
0.1775804301083840 18 1 18 8 
-0.4048277044633564 18 1 19 0 
-0.1470825664863920 18 1 20 2 
0.8156358746074018 18 1 20 6 
-0.0199451400779794 18 1 20 9 
-0.0279435912828924 18 1 21 1 
0.1055616434689416 18 1 21 8 
0.3310185679118523 18 1 22 0 
0.1727089404157336 18 2 0 16 
-0.2585533113146025 18 2 0 23 
0.2635524141333200 18 2 1 15 
0.5120710424166873 18 2 1 19 
-0.2184345151977844 18 2 1 22 
-0.3514633139334188 18 2 2 14 
1.3325898780080292 18 2 2 18 
0.1824001182244418 18 2 2 21 
-0.0150303215127032 18 2 3 13 
0.0333620161853643 18 2 3 20 
0.6131869211367397 18 2 4 12 
1.4707207483893858 18 2 6 14 
-0.9989458543484085 18 2 6 21 
1.2540864868354988 18 2 7 13 
-0.5767416579139144 18 2 7 20 
0.4263678877500485 18 2 8 15 
-0.1255683263356621 18 2 8 19 
-0.1129627017826323 18 2 8 22 
0.1427895624289301 18 2 9 14 
-0.2174907210347557 18 2 9 18 
-0.0419433493738246 18 2 9 21 
-0.4705684641657512 18 2 10 13 
0.0645306936792479 18 2 10 20 
-0.3078804646669726 18 2 11 12 
-0.6131869211367397 18 2 12 4 
0.3078804646669726 18 2 12 11 
0.0150303215127032 18 2 13 3 
-1.2540864868354988 18 2 13 7 
0.4705684641657512 18 2 13 10 
0.3514633139334188 18 2 14 2 
-1.4707207483893858 18 2 14 6 
-0.1427895624289301 18 2 14 9 
-0.2635524141333200 18 2 15 1 
-0.4263678877500485 18 2 15 8 
-0.1727089404157336 18 2 16 0 
-1.3325898780080292 18 2 18 2 
0.2174907210347557 18 2 18 9 
-0.5120710424166873 18 2 19 1 
0.1255683263356621 18 2 19 8 
-0.0333620161853643 18 2 20 3 
0.5767416579139144 18 2 20 7 
-0.0645306936792479 18 2 20 10 
-0.1824001182244418 18 2 21 2 
0.9989458543484085 18 2 21 6 
0.0419433493738246 18 2 21 9 
0.2184345151977844 18 2 22 1 
0.1129627017826323 18 2 22 8 
0.2585533113146025 18 2 23 0 
-0.0265701056626162 18 3 0 17 
0.2582834643175408 18 3 1 16 
-0.3468856679442702 18 3 1 23 
0.0212560845300929 18 3 2 15 
0.5431333598131557 18 3 2 19 
-0.0192615690253288 18 3 2 22 
-0.3727193984635118 18 3 3 14 
1.1515454247369774 18 3 3 18 
0.1952411642413276 18 3 3 21 
0.3567773350659420 18 3 4 13 
-0.0841745454764548 18 3 4 20 
0.4658992480793896 18 3 5 12 
1.0273342188714882 18 3 6 15 
-0.9989458543484088 18 3 6 22 
1.3301595885536928 18 3 7 14 
-0.9989458543484088 18 3 7 21 
0.2642951700230775 18 3 8 16 
-0.0873427320804291 18 3 8 23 
0.3068986389397985 18 3 9 15 
-0.2174907210347557 18 3 9 19 
-0.1083144067673414 18 3 9 22 
-0.2461636147663027 18 3 10 14 
-0.2174907210347557 18 3 10 18 
0.0453993827066045 18 3 10 21 
-0.4130649887637439 18 3 11 13 
0.0663710573935168 18 3 11 20 
-0.4658992480793896 18 3 12 5 
-0.3567773350659420 18 3 13 4 
0.4130649887637439 18 3 13 11 
0.3727193984635117 18 3 14 3 
-1.3301595885536928 18 3 14 7 
0.2461636147663027 18 3 14 10 
-0.0212560845300930 18 3 15 2 
-1.0273342188714882 18 3 15 6 
-0.3068986389397985 18 3 15 9 
-0.2582834643175408 18 3 16 1 
-0.2642951700230775 18 3 16 8 
0.0265701056626162 18 3 17 0 
-1.1515454247369774 18 3 18 3 
0.2174907210347557 18 3 18 10 
-0.5431333598131557 18 3 19 2 
0.2174907210347557 18 3 19 9 
0.0841745454764548 18 3 20 4 
-0.0663710573935168 18 3 20 11 
-0.1952411642413276 18 3 21 3 
0.9989458543484088 18 3 21 7 
-0.0453993827066045 18 3 21 10 
0.0192615690253288 18 3 22 2 
0.9989458543484088 18 3 22 6 
0.1083144067673414 18 3 22 9 
0.3468856679442702 18 3 23 1 
0.0873427320804291 18 3 23 8 
-0.0336088206260817 18 4 1 17 
0.2848535699801570 18 4 2 16 
-0.3468856679442701 18 4 2 23 
-0.2485220926206168 18 4 3 15 
0.5120710424166873 18 4 3 19 
0.1821145523335105 18 4 3 22 
-0.1091219130134476 18 4 4 14 
0.9705009714659255 18 4 4 18 
0.0664667293335499 18 4 4 21 
0.5893211136362798 18 4 5 13 
-0.1579582210431509 18 4 5 20 
0.5839476893535906 18 4 6 16 
-0.8156358746074018 18 4 6 23 
1.2540864868354988 18 4 7 15 
-1.4127227752958975 18 4 7 22 
0.1000914957831545 18 4 8 17 
0.3023746399373937 18 4 9 16 
-0.1426300842251135 18 4 9 23 
0.0063979007453631 18 4 10 15 
-0.3075783273776549 18 4 10 19 
-0.0296584267679079 18 4 10 22 
-0.4130649887637437 18 4 11 14 
-0.1775804301083840 18 4 11 18 
0.1083834828687286 18 4 11 21 
-0.5893211136362798 18 4 13 5 
0.1091219130134476 18 4 14 4 
0.4130649887637437 18 4 14 11 
0.2485220926206168 18 4 15 3 
-1.2540864868354988 18 4 15 7 
-0.0063979007453631 18 4 15 10 
-0.2848535699801570 18 4 16 2 
-0.5839476893535906 18 4 16 6 
-0.3023746399373937 18 4 16 9 
0.0336088206260817 18 4 17 1 
-0.1000914957831545 18 4 17 8 
-0.9705009714659255 18 4 18 4 
0.1775804301083840 18 4 18 11 
-0.5120710424166873 18 4 19 3 
0.3075783273776549 18 4 19 10 
0.1579582210431509 18 4 20 5 
-0.0664667293335499 18 4 21 4 
-0.1083834828687286 18 4 21 11 
-0.1821145523335105 18 4 22 3 
1.4127227752958975 18 4 22 7 
0.0296584267679079 18 4 22 10 
0.3468856679442701 18 4 23 2 
0.8156358746074018 18 4 23 6 
0.1426300842251135 18 4 23 9 
-0.0265701056626162 18 5 2 17 
0.2321215028466954 18 5 3 16 
-0.2585533113146026 18 5 3 23 
-0.4285954682348138 18 5 4 15 
0.4048277044633564 18 5 4 19 
0.3023051161158927 18 5 4 22 
0.4658992480793896 18 5 5 14 
0.7894565181948735 18 5 5 18 
-0.2039231864988913 18 5 5 21 
0.1405611598356930 18 5 6 17 
0.9914424203097362 18 5 7 16 
-1.8238172605096450 18 5 7 23 
0.1292175654217158 18 5 9 17 
0.1935954947010262 18 5 10 16 
-0.1594652819819371 18 5 10 23 
-0.3078804646669727 18 5 11 15 
-0.3970819131959968 18 5 11 19 
0.1211764176663306 18 5 11 22 
-0.4658992480793896 18 5 14 5 
0.4285954682348138 18 5 15 4 
0.3078804646669727 18 5 15 11 
-0.2321215028466954 18 5 16 3 
-0.9914424203097362 18 5 16 7 
-0.1935954947010262 18 5 16 10 
0.0265701056626162 18 5 17 2 
-0.1405611598356930 18 5 17 6 
-0.1292175654217158 18 5 17 9 
-0.7894565181948735 18 5 18 5 
-0.4048277044633564 18 5 19 4 
0.3970819131959968 18 5 19 11 
0.2039231864988913 18 5 21 5 
-0.3023051161158927 18 5 22 4 
-0.1211764176663306 18 5 22 11 
0.2585533113146026 18 5 23 3 
1.8238172605096450 18 5 23 7 
0.1594652819819371 18 5 23 10 
0.1956997100893347 18 6 0 16 
-0.9798345748187925 18 6 0 23 
-0.2475427285267725 18 6 1 15 
0.7589765980622819 18 6 1 22 
0.2625587129620523 18 6 2 14 
-0.5366774992517361 18 6 2 21 
-0.2475427285267725 18 6 3 13 
0.3098508986610050 18 6 3 20 
0.1956997100893347 18 6 4 12 
3.5938894377290089 18 6 6 18 
-0.3151830036977172 18 6 6 21 
0.5459129760866156 18 6 7 20 
0.3098508986610050 18 6 8 15 
0.5459129760866156 18 6 8 19 
-0.0835291588868024 18 6 8 22 
-0.5366774992517361 18 6 9 14 
-0.3151830036977172 18 6 9 18 
0.0964511647369568 18 6 9 21 
0.7589765980622819 18 6 10 13 
-0.0835291588868024 18 6 10 20 
-0.9798345748187925 18 6 11 12 
-0.1956997100893347 18 6 12 4 
0.9798345748187925 18 6 12 11 
0.2475427285267725 18 6 13 3 
-0.7589765980622819 18 6 13 10 
-0.2625587129620523 18 6 14 2 
0.5366774992517361 18 6 14 9 
0.2475427285267725 18 6 15 1 
-0.3098508986610050 18 6 15 8 
-0.1956997100893347 18 6 16 0 
-3.5938894377290089 18 6 18 6 
0.3151830036977172 18 6 18 9 
-0.5459129760866156 18 6 19 8 
-0.3098508986610050 18 6 20 3 
-0.5459129760866156 18 6 20 7 
0.0835291588868024 18 6 20 10 
0.5366774992517361 18 6 21 2 
0.3151830036977172 18 6 21 6 
-0.0964511647369568 18 6 21 9 
-0.7589765980622819 18 6 22 1 
0.0835291588868024 18 6 22 8 
0.9798345748187925 18 6 23 0 
-0.2175786262656689 18 7 0 17 
0.3050981972530196 18 7 1 16 
-0.4381953431998848 18 7 1 23 
-0.3926177682403704 18 7 2 15 
0.5366774992517362 18 7 2 22 
0.4801373392277212 18 7 3 14 
-0.5366774992517362 18 7 3 21 
-0.5676569102150720 18 7 4 13 
0.4381953431998848 18 7 4 20 
0.6551764812024227 18 7 5 12 
0.9776061366480389 18 7 6 19 
-0.3151830036977173 18 7 6 22 
2.6162833010809705 18 7 7 18 
0.3151830036977173 18 7 7 21 
0.4381953431998848 18 7 8 16 
-0.4200296557537641 18 7 8 23 
-0.5366774992517362 18 7 9 15 
0.3151830036977173 18 7 9 19 
0.3718040733852858 18 7 9 22 
0.5366774992517362 18 7 10 14 
-0.3151830036977173 18 7 10 18 
-0.3235784910168074 18 7 10 21 
-0.4381953431998848 18 7 11 13 
0.2753529086483290 18 7 11 20 
-0.6551764812024227 18 7 12 5 
0.5676569102150720 18 7 13 4 
0.4381953431998848 18 7 13 11 
-0.4801373392277212 18 7 14 3 
-0.5366774992517362 18 7 14 10 
0.3926177682403704 18 7 15 2 
0.5366774992517362 18 7 15 9 
-0.3050981972530196 18 7 16 1 
-0.4381953431998848 18 7 16 8 
0.2175786262656689 18 7 17 0 
-2.6162833010809705 18 7 18 7 
0.3151830036977173 18 7 18 10 
-0.9776061366480389 18 7 19 6 
-0.3151830036977173 18 7 19 9 
-0.4381953431998848 18 7 20 4 
-0.2753529086483290 18 7 20 11 
0.5366774992517362 18 7 21 3 
-0.3151830036977173 18 7 21 7 
0.3235784910168074 18 7 21 10 
-0.5366774992517362 18 7 22 2 
0.3151830036977173 18 7 22 6 
-0.3718040733852858 18 7 22 9 
0.4381953431998848 18 7 23 1 
0.4200296557537641 18 7 23 8 
-0.2566796677486862 18 8 0 15 
0.3970819131959968 18 8 0 19 
0.0239356999534105 18 8 0 22 
0.3443719113168736 18 8 1 14 
-0.1775804301083840 18 8 1 18 
-0.0214087408739458 18 8 1 21 
-0.3443719113168736 18 8 2 13 
0.0131101227941583 18 8 2 20 
0.2566796677486862 18 8 3 12 
-0.8156358746074018 18 8 6 13 
0.7494334456860834 18 8 6 20 
1.8238172605096450 18 8 7 12 
0.1490818712151350 18 8 8 14 
1.0433935069933331 18 8 8 18 
-0.1692644123611619 18 8 8 21 
-0.2434496762509307 18 8 9 13 
0.1692644123611619 18 8 9 20 
0.2721850125986986 18 8 10 12 
-0.2566796677486862 18 8 12 3 
-1.8238172605096450 18 8 12 7 
-0.2721850125986986 18 8 12 10 
0.3443719113168736 18 8 13 2 
0.8156358746074018 18 8 13 6 
0.2434496762509307 18 8 13 9 
-0.3443719113168736 18 8 14 1 
-0.1490818712151350 18 8 14 8 
0.2566796677486862 18 8 15 0 
0.1775804301083840 18 8 18 1 
-1.0433935069933331 18 8 18 8 
-0.3970819131959968 18 8 19 0 
-0.0131101227941583 18 8 20 2 
-0.7494334456860834 18 8 20 6 
-0.1692644123611619 18 8 20 9 
0.0214087408739458 18 8 21 1 
0.1692644123611619 18 8 21 8 
-0.0239356999534105 18 8 22 0 
-0.3108454448911990 18 9 0 16 
0.2881404437690731 18 9 0 23 
0.1943686267576729 18 9 1 15 
0.3075783273776549 18 9 1 19 
-0.2046521145574117 18 9 1 22 
0.0047248050729287 18 9 2 14 
-0.2174907210347557 18 9 2 18 
0.1316007751935537 18 9 2 21 
-0.2032778046426128 18 9 3 13 
-0.0684106100592453 18 9 3 20 
0.3178887684402019 18 9 4 12 
-0.9989458543484085 18 9 6 14 
-0.3151830036977172 18 9 6 18 
1.1145581955332722 18 9 6 21 
1.4127227752958975 18 9 7 13 
-0.6324146178362077 18 9 7 20 
0.1032822631080008 18 9 8 15 
-0.2887274379692703 18 9 8 19 
-0.3059363428468100 18 9 8 22 
-0.0298082560086190 18 9 9 14 
1.2100903710273221 18 9 9 18 
0.1840004474338288 18 9 9 21 
-0.1686783642583249 18 9 10 13 
-0.0127617807239880 18 9 10 20 
0.4899478444780319 18 9 11 12 
-0.3178887684402019 18 9 12 4 
-0.4899478444780319 18 9 12 11 
0.2032778046426128 18 9 13 3 
-1.4127227752958975 18 9 13 7 
0.1686783642583249 18 9 13 10 
-0.0047248050729287 18 9 14 2 
0.9989458543484085 18 9 14 6 
0.0298082560086190 18 9 14 9 
-0.1943686267576729 18 9 15 1 
-0.1032822631080008 18 9 15 8 
0.3108454448911990 18 9 16 0 
0.2174907210347557 18 9 18 2 
0.3151830036977172 18 9 18 6 
-1.2100903710273221 18 9 18 9 
-0.3075783273776549 18 9 19 1 
0.2887274379692703 18 9 19 8 
0.0684106100592453 18 9 20 3 
0.6324146178362077 18 9 20 7 
0.0127617807239880 18 9 20 10 
-0.1316007751935537 18 9 21 2 
-1.1145581955332722 18 9 21 6 
-0.1840004474338288 18 9 21 9 
0.2046521145574117 18 9 22 1 
0.3059363428468100 18 9 22 8 
-0.2881404437690731 18 9 23 0 
-0.2264407316765967 18 10 0 17 
-0.0515878864325576 18 10 1 16 
0.2577206477338413 18 10 1 23 
0.1890272604628251 18 10 2 15 
0.2174907210347557 18 10 2 19 
-0.3025319187695823 18 10 2 22 
-0.1858773904142061 18 10 3 14 
-0.2174907210347557 18 10 3 18 
0.2894217959754240 18 10 3 21 
0.0421382762867002 18 10 4 13 
-0.2256075364229227 18 10 4 20 
0.2421900819196923 18 10 5 12 
-0.9989458543484088 18 10 6 15 
-0.3151830036977173 18 10 6 19 
1.4796829453804612 18 10 6 22 
0.9989458543484088 18 10 7 14 
-0.3151830036977173 18 10 7 18 
-0.7302494996943776 18 10 7 21 
-0.0730481598965538 18 10 8 16 
-0.3606328773313242 18 10 8 23 
0.2385472304130322 18 10 9 15 
-0.3333937280679785 18 10 9 19 
0.0073680175363334 18 10 9 22 
-0.3876291016281672 18 10 10 14 
1.3767872350613115 18 10 10 18 
0.1766324298974954 18 10 10 21 
0.4382226742729499 18 10 11 13 
-0.1913684649701622 18 10 11 20 
-0.2421900819196923 18 10 12 5 
-0.0421382762867002 18 10 13 4 
-0.4382226742729499 18 10 13 11 
0.1858773904142060 18 10 14 3 
-0.9989458543484088 18 10 14 7 
0.3876291016281672 18 10 14 10 
-0.1890272604628252 18 10 15 2 
0.9989458543484088 18 10 15 6 
-0.2385472304130322 18 10 15 9 
0.0515878864325576 18 10 16 1 
0.0730481598965538 18 10 16 8 
0.2264407316765967 18 10 17 0 
0.2174907210347557 18 10 18 3 
0.3151830036977173 18 10 18 7 
-1.3767872350613115 18 10 18 10 
-0.2174907210347557 18 10 19 2 
0.3151830036977173 18 10 19 6 
0.3333937280679785 18 10 19 9 
0.2256075364229227 18 10 20 4 
0.1913684649701622 18 10 20 11 
-0.2894217959754240 18 10 21 3 
0.7302494996943776 18 10 21 7 
-0.1766324298974954 18 10 21 10 
0.3025319187695823 18 10 22 2 
-1.4796829453804612 18 10 22 6 
-0.0073680175363334 18 10 22 9 
-0.2577206477338413 18 10 23 1 
0.3606328773313242 18 10 23 8 
-0.1754002365372963 18 11 1 17 
0.1070750627304321 18 11 2 16 
0.1578210207818702 18 11 2 23 
0.0081836024421716 18 11 3 15 
0.1255683263356621 18 11 3 19 
-0.2657848935722666 18 11 3 22 
-0.1225062114808170 18 11 4 14 
-0.1775804301083840 18 11 4 18 
0.3651722307268162 18 11 4 21 
0.1875996307783156 18 11 5 13 
-0.4576160398894468 18 11 5 20 
-0.8156358746074018 18 11 6 16 
1.8448076952276495 18 11 6 23 
0.5767416579139144 18 11 7 15 
-0.5459129760866156 18 11 7 19 
-0.6324146178362077 18 11 7 22 
-0.3771762888150851 18 11 8 17 
0.4138843351584941 18 11 9 16 
-0.3606328773313242 18 11 9 23 
-0.3787328784948083 18 11 10 15 
-0.2887274379692703 18 11 10 19 
0.3186981235707979 18 11 10 22 
0.2683554864216511 18 11 11 14 
1.5434840990953007 18 11 11 18 
-0.1913684649701622 18 11 11 21 
-0.1875996307783156 18 11 13 5 
0.1225062114808170 18 11 14 4 
-0.2683554864216511 18 11 14 11 
-0.0081836024421716 18 11 15 3 
-0.5767416579139144 18 11 15 7 
0.3787328784948083 18 11 15 10 
-0.1070750627304321 18 11 16 2 
0.8156358746074018 18 11 16 6 
-0.4138843351584941 18 11 16 9 
0.1754002365372963 18 11 17 1 
0.3771762888150851 18 11 17 8 
0.1775804301083840 18 11 18 4 
-1.5434840990953007 18 11 18 11 
-0.1255683263356621 18 11 19 3 
0.5459129760866156 18 11 19 7 
0.2887274379692703 18 11 19 10 
0.4576160398894468 18 11 20 5 
-0.3651722307268162 18 11 21 4 
0.1913684649701622 18 11 21 11 
0.2657848935722666 18 11 22 3 
0.6324146178362077 18 11 22 7 
-0.3186981235707979 18 11 22 10 
-0.1578210207818702 18 11 23 2 
-1.8448076952276495 18 11 23 6 
0.3606328773313242 18 11 23 9 
-0.6628150228750482 18 12 12 18 
0.4231994005493061 18 12 12 21 
-0.3278088460904849 18 12 13 20 
0.6628150228750482 18 12 18 12 
0.3278088460904849 18 12 20 13 
-0.4231994005493061 18 12 21 12 
-0.2202389903605030 18 13 12 15 
-0.5866147158463797 18 13 12 19 
0.2295359775921898 18 13 12 22 
0.2954816122452034 18 13 13 14 
-0.4004729466282023 18 13 13 18 
0.2178961808781040 18 13 13 21 
-0.2954816122452034 18 13 14 13 
-0.3925892627125146 18 13 14 20 
0.2202389903605030 18 13 15 12 
0.4004729466282023 18 13 18 13 
-0.6380554444990176 18 13 18 20 
0.5866147158463797 18 13 19 12 
0.3925892627125146 18 13 20 14 
0.6380554444990176 18 13 20 18 
-0.1255067835469210 18 13 20 21 
-0.2178961808781040 18 13 21 13 
0.1255067835469210 18 13 21 20 
-0.2295359775921898 18 13 22 12 
-0.4404779807210061 18 14 12 16 
0.0493271533523701 18 14 12 23 
0.2785827356460231 18 14 13 15 
-0.7420154444188114 18 14 13 19 
0.2521339489679668 18 14 13 22 
-0.1381308703813565 18 14 14 18 
0.0396105557955117 18 14 14 21 
-0.2785827356460231 18 14 15 13 
-0.3930058715646842 18 14 15 20 
0.4404779807210061 18 14 16 12 
0.1381308703813565 18 14 18 14 
-0.7814551333136527 18 14 18 21 
0.7420154444188114 18 14 19 13 
-0.4511733315782523 18 14 19 20 
0.3930058715646842 18 14 20 15 
0.4511733315782523 18 14 20 19 
-0.1774933954618802 18 14 20 22 
-0.0396105557955117 18 14 21 14 
0.7814551333136527 18 14 21 18 
-0.2521339489679668 18 14 22 13 
0.1774933954618802 18 14 22 20 
-0.0493271533523701 18 14 23 12 
-0.4924693537420057 18 15 12 17 
-0.0984938707484011 18 15 13 16 
0.0661793208194737 18 15 13 23 
0.3939754829936046 18 15 14 15 
-0.7870262287405371 18 15 14 19 
0.2269020457409739 18 15 14 22 
-0.3939754829936046 18 15 15 14 
0.1242112058654893 18 15 15 18 
-0.1116574746984709 18 15 15 21 
0.0984938707484011 18 15 16 13 
-0.3484697154995322 18 15 16 20 
0.4924693537420057 18 15 17 12 
-0.1242112058654893 18 15 18 15 
-0.7814551333136529 18 15 18 22 
0.7870262287405371 18 15 19 14 
-0.7814551333136529 18 15 19 21 
0.3484697154995322 18 15 20 16 
-0.1537137894739458 18 15 20 23 
0.1116574746984709 18 15 21 15 
0.7814551333136529 18 15 21 19 
-0.1537137894739458 18 15 21 22 
-0.2269020457409739 18 15 22 14 
0.7814551333136529 18 15 22 18 
0.1537137894739458 18 15 22 21 
-0.0661793208194737 18 15 23 13 
0.1537137894739458 18 15 23 20 
-0.6229299342623614 18 16 13 17 
0.3939754829936045 18 16 14 16 
0.0661793208194737 18 16 14 23 
-0.7420154444188114 18 16 15 19 
0.1757166515881474 18 16 15 22 
-0.3939754829936045 18 16 16 14 
0.3865532821123348 18 16 16 18 
-0.2359079106038438 18 16 16 21 
0.6229299342623614 18 16 17 13 
-0.2580497168263055 18 16 17 20 
-0.3865532821123348 18 16 18 16 
-0.6380554444990176 18 16 18 23 
0.7420154444188114 18 16 19 15 
-1.1051444479182426 18 16 19 22 
0.2580497168263055 18 16 20 17 
0.2359079106038438 18 16 21 16 
-0.2510135670938421 18 16 21 23 
-0.1757166515881474 18 16 22 15 
1.1051444479182426 18 16 22 19 
-0.0661793208194737 18 16 23 14 
0.6380554444990176 18 16 23 18 
0.2510135670938421 18 16 23 21 
-0.4924693537420057 18 17 14 17 
0.6607169710815093 18 17 15 16 
0.0493271533523701 18 17 15 23 
-0.6607169710815093 18 17 16 15 
-0.5866147158463797 18 17 16 19 
0.1087096214148664 18 17 16 22 
0.4924693537420057 18 17 17 14 
0.6488953583591806 18 17 17 18 
-0.3331407519206071 18 17 17 21 
-0.6488953583591806 18 17 18 17 
0.5866147158463797 18 17 19 16 
-1.4267353473136482 18 17 19 23 
0.3331407519206071 18 17 21 17 
-0.1087096214148664 18 17 22 16 
-0.2806416996482677 18 17 22 23 
-0.0493271533523701 18 17 23 15 
1.4267353473136482 18 17 23 19 
0.2806416996482677 18 17 23 22 
-0.8727551074680916 18 19 12 17 
0.8727551074680914 18 19 13 16 
-0.8727551074680914 18 19 14 15 
0.8727551074680914 18 19 15 14 
-0.8727551074680914 18 19 16 13 
0.8727551074680916 18 19 17 12 
-1.6386771644329314 18 19 18 19 
1.6386771644329314 18 19 19 18 
-0.6953825644020930 18 19 20 23 
0.6953825644020930 18 19 21 22 
-0.6953825644020930 18 19 22 21 
0.6953825644020930 18 19 23 20 
-0.5133593354973722 18 20 12 15 
-1.4267353473136482 18 20 12 19 
-0.2482493126452881 18 20 12 22 
0.6887438226337471 18 20 13 14 
0.6380554444990176 18 20 13 18 
0.2220409353769849 18 20 13 21 
-0.6887438226337471 18 20 14 13 
-0.1359717484209768 18 20 14 20 
0.5133593354973722 18 20 15 12 
-0.6380554444990176 18 20 18 13 
-0.2939600613072497 18 20 18 20 
1.4267353473136482 18 20 19 12 
0.1359717484209768 18 20 20 14 
0.2939600613072497 18 20 20 18 
-0.3385288247223238 18 20 20 21 
-0.2220409353769849 18 20 21 13 
0.3385288247223238 18 20 21 20 
0.2482493126452881 18 20 22 12 
-0.6287342133314007 18 21 12 16 
-0.2018074007089588 18 21 12 23 
0.3976464314002857 18 21 13 15 
-1.1051444479182426 18 21 13 19 
-0.0359737502990869 18 21 13 22 
0.7814551333136527 18 21 14 18 
0.1614090312021726 18 21 14 21 
-0.3976464314002857 18 21 15 13 
-0.1716928731672461 18 21 15 20 
0.6287342133314007 18 21 16 12 
-0.7814551333136527 18 21 18 14 
-0.0955321754940501 18 21 18 21 
1.1051444479182426 18 21 19 13 
-0.3436871798669372 18 21 19 20 
0.1716928731672461 18 21 20 15 
0.3436871798669372 18 21 20 19 
-0.2931745621228219 18 21 20 22 
-0.1614090312021726 18 21 21 14 
0.0955321754940501 18 21 21 18 
0.0359737502990869 18 21 22 13 
0.2931745621228219 18 21 22 20 
0.2018074007089588 18 21 23 12 
-0.4686308135962888 18 22 12 17 
-0.0937261627192578 18 22 13 16 
-0.1805020265391086 18 22 13 23 
0.3749046508770311 18 22 14 15 
-0.7814551333136529 18 22 14 19 
0.0850971828585849 18 22 14 22 
-0.3749046508770311 18 22 15 14 
0.7814551333136529 18 22 15 18 
0.0508745655623919 18 22 15 21 
0.0937261627192578 18 22 16 13 
-0.1525593765263688 18 22 16 20 
0.4686308135962888 18 22 17 12 
-0.7814551333136529 18 22 18 15 
0.1028957103191494 18 22 18 22 
0.7814551333136529 18 22 19 14 
-0.3968557716263991 18 22 19 21 
0.1525593765263688 18 22 20 16 
-0.1692644123611619 18 22 20 23 
-0.0508745655623919 18 22 21 15 
0.3968557716263991 18 22 21 19 
-0.1692644123611619 18 22 21 22 
-0.0850971828585849 18 22 22 14 
-0.1028957103191494 18 22 22 18 
0.1692644123611619 18 22 22 21 
0.1805020265391086 18 22 23 13 
0.1692644123611619 18 22 23 20 
-0.3629998673156118 18 23 13 17 
0.2295812742112490 18 23 14 16 
-0.1105344656397808 18 23 14 23 
-0.4511733315782523 18 23 15 19 
0.1129479849225417 18 23 15 22 
-0.2295812742112490 18 23 16 14 
0.6380554444990176 18 23 16 18 
-0.0487121044316779 18 23 16 21 
0.3629998673156118 18 23 17 13 
-0.0804397510743616 18 23 17 20 
-0.6380554444990176 18 23 18 16 
0.3013235961323488 18 23 18 23 
0.4511733315782523 18 23 19 15 
-0.3436871798669372 18 23 19 22 
0.0804397510743616 18 23 20 17 
0.0487121044316779 18 23 21 16 
-0.1692644123611619 18 23 21 23 
-0.1129479849225417 18 23 22 15 
0.3436871798669372 18 23 22 19 
0.1105344656397808 18 23 23 14 
-0.3013235961323488 18 23 23 18 
0.1692644123611619 18 23 23 21 
0.4658992480793896 19 0 0 15 
0.7894565181948735 19 0 0 19 
0.2039231864988913 19 0 0 22 
-0.4285954682348138 19 0 1 14 
0.4048277044633564 19 0 1 18 
-0.3023051161158927 19 0 1 21 
0.2321215028466954 19 0 2 13 
0.2585533113146026 19 0 2 20 
-0.0265701056626162 19 0 3 12 
0.9914424203097362 19 0 6 13 
1.8238172605096450 19 0 6 20 
0.1405611598356930 19 0 7 12 
0.3078804646669727 19 0 8 14 
0.3970819131959968 19 0 8 18 
0.1211764176663306 19 0 8 21 
-0.1935954947010262 19 0 9 13 
-0.1594652819819371 19 0 9 20 
-0.1292175654217158 19 0 10 12 
0.0265701056626162 19 0 12 3 
-0.1405611598356930 19 0 12 7 
0.1292175654217158 19 0 12 10 
-0.2321215028466954 19 0 13 2 
-0.9914424203097362 19 0 13 6 
0.1935954947010262 19 0 13 9 
0.4285954682348138 19 0 14 1 
-0.3078804646669727 19 0 14 8 
-0.4658992480793896 19 0 15 0 
-0.4048277044633564 19 0 18 1 
-0.3970819131959968 19 0 18 8 
-0.7894565181948735 19 0 19 0 
-0.2585533113146026 19 0 20 2 
-1.8238172605096450 19 0 20 6 
0.1594652819819371 19 0 20 9 
0.3023051161158927 19 0 21 1 
-0.1211764176663306 19 0 21 8 
-0.2039231864988913 19 0 22 0 
0.5893211136362798 19 1 0 16 
0.1579582210431509 19 1 0 23 
-0.1091219130134476 19 1 1 15 
0.9705009714659255 19 1 1 19 
-0.0664667293335499 19 1 1 22 
-0.2485220926206168 19 1 2 14 
0.5120710424166873 19 1 2 18 
-0.1821145523335105 19 1 2 21 
0.2848535699801570 19 1 3 13 
0.3468856679442701 19 1 3 20 
-0.0336088206260817 19 1 4 12 
1.2540864868354988 19 1 6 14 
1.4127227752958975 19 1 6 21 
0.5839476893535906 19 1 7 13 
0.8156358746074018 19 1 7 20 
0.4130649887637437 19 1 8 15 
0.1775804301083840 19 1 8 19 
0.1083834828687286 19 1 8 22 
-0.0063979007453631 19 1 9 14 
0.3075783273776549 19 1 9 18 
-0.0296584267679079 19 1 9 21 
-0.3023746399373937 19 1 10 13 
-0.1426300842251135 19 1 10 20 
-0.1000914957831545 19 1 11 12 
0.0336088206260817 19 1 12 4 
0.1000914957831545 19 1 12 11 
-0.2848535699801570 19 1 13 3 
-0.5839476893535906 19 1 13 7 
0.3023746399373937 19 1 13 10 
0.2485220926206168 19 1 14 2 
-1.2540864868354988 19 1 14 6 
0.0063979007453631 19 1 14 9 
0.1091219130134476 19 1 15 1 
-0.4130649887637437 19 1 15 8 
-0.5893211136362798 19 1 16 0 
-0.5120710424166873 19 1 18 2 
-0.3075783273776549 19 1 18 9 
-0.9705009714659255 19 1 19 1 
-0.1775804301083840 19 1 19 8 
-0.3468856679442701 19 1 20 3 
-0.8156358746074018 19 1 20 7 
0.1426300842251135 19 1 20 10 
0.1821145523335105 19 1 21 2 
-1.4127227752958975 19 1 21 6 
0.0296584267679079 19 1 21 9 
0.0664667293335499 19 1 22 1 
-0.1083834828687286 19 1 22 8 
-0.1579582210431509 19 1 23 0 
0.4658992480793896 19 2 0 17 
0.3567773350659420 19 2 1 16 
0.0841745454764548 19 2 1 23 
-0.3727193984635117 19 2 2 15 
1.1515454247369774 19 2 2 19 
-0.1952411642413276 19 2 2 22 
0.0212560845300930 19 2 3 14 
0.5431333598131557 19 2 3 18 
0.0192615690253288 19 2 3 21 
0.2582834643175408 19 2 4 13 
0.3468856679442702 19 2 4 20 
-0.0265701056626162 19 2 5 12 
1.3301595885536928 19 2 6 15 
0.9989458543484088 19 2 6 22 
1.0273342188714882 19 2 7 14 
0.9989458543484088 19 2 7 21 
0.4130649887637439 19 2 8 16 
0.0663710573935168 19 2 8 23 
0.2461636147663027 19 2 9 15 
0.2174907210347557 19 2 9 19 
0.0453993827066045 19 2 9 22 
-0.3068986389397985 19 2 10 14 
0.2174907210347557 19 2 10 18 
-0.1083144067673414 19 2 10 21 
-0.2642951700230775 19 2 11 13 
-0.0873427320804291 19 2 11 20 
0.0265701056626162 19 2 12 5 
-0.2582834643175408 19 2 13 4 
0.2642951700230775 19 2 13 11 
-0.0212560845300929 19 2 14 3 
-1.0273342188714882 19 2 14 7 
0.3068986389397985 19 2 14 10 
0.3727193984635118 19 2 15 2 
-1.3301595885536928 19 2 15 6 
-0.2461636147663027 19 2 15 9 
-0.3567773350659420 19 2 16 1 
-0.4130649887637439 19 2 16 8 
-0.4658992480793896 19 2 17 0 
-0.5431333598131557 19 2 18 3 
-0.2174907210347557 19 2 18 10 
-1.1515454247369774 19 2 19 2 
-0.2174907210347557 19 2 19 9 
-0.3468856679442702 19 2 20 4 
0.0873427320804291 19 2 20 11 
-0.0192615690253288 19 2 21 3 
-0.9989458543484088 19 2 21 7 
0.1083144067673414 19 2 21 10 
0.1952411642413276 19 2 22 2 
-0.9989458543484088 19 2 22 6 
-0.0453993827066045 19 2 22 9 
-0.0841745454764548 19 2 23 1 
-0.0663710573935168 19 2 23 8 
0.6131869211367397 19 3 1 17 
-0.0150303215127032 19 3 2 16 
-0.0333620161853643 19 3 2 23 
-0.3514633139334188 19 3 3 15 
1.3325898780080292 19 3 3 19 
-0.1824001182244418 19 3 3 22 
0.2635524141333200 19 3 4 14 
0.5120710424166873 19 3 4 18 
0.2184345151977844 19 3 4 21 
0.1727089404157336 19 3 5 13 
0.2585533113146025 19 3 5 20 
1.2540864868354988 19 3 6 16 
0.5767416579139144 19 3 6 23 
1.4707207483893858 19 3 7 15 
0.9989458543484085 19 3 7 22 
0.3078804646669726 19 3 8 17 
0.4705684641657512 19 3 9 16 
0.0645306936792479 19 3 9 23 
-0.1427895624289301 19 3 10 15 
0.2174907210347557 19 3 10 19 
-0.0419433493738246 19 3 10 22 
-0.4263678877500485 19 3 11 14 
0.1255683263356621 19 3 11 18 
-0.1129627017826323 19 3 11 21 
-0.1727089404157336 19 3 13 5 
-0.2635524141333200 19 3 14 4 
0.4263678877500485 19 3 14 11 
0.3514633139334188 19 3 15 3 
-1.4707207483893858 19 3 15 7 
0.1427895624289301 19 3 15 10 
0.0150303215127032 19 3 16 2 
-1.2540864868354988 19 3 16 6 
-0.4705684641657512 19 3 16 9 
-0.6131869211367397 19 3 17 1 
-0.3078804646669726 19 3 17 8 
-0.5120710424166873 19 3 18 4 
-0.1255683263356621 19 3 18 11 
-1.3325898780080292 19 3 19 3 
-0.2174907210347557 19 3 19 10 
-0.2585533113146025 19 3 20 5 
-0.2184345151977844 19 3 21 4 
0.1129627017826323 19 3 21 11 
0.1824001182244418 19 3 22 3 
-0.9989458543484085 19 3 22 7 
0.0419433493738246 19 3 22 10 
0.0333620161853643 19 3 23 2 
-0.5767416579139144 19 3 23 6 
-0.0645306936792479 19 3 23 9 
0.6013044086505475 19 4 2 17 
-0.3674053773309884 19 4 3 16 
-0.1470825664863920 19 4 3 23 
-0.0719237650857850 19 4 4 15 
1.5136343312790812 19 4 4 19 
-0.0279435912828924 19 4 4 22 
0.3810654182900444 19 4 5 14 
0.4048277044633564 19 4 5 18 
0.3310185679118523 19 4 5 21 
0.9914424203097362 19 4 6 17 
1.9141072779072834 19 4 7 16 
0.8156358746074018 19 4 7 23 
0.5605545455040420 19 4 9 17 
0.1899525895952117 19 4 10 16 
0.0199451400779794 19 4 10 23 
-0.5396718291989067 19 4 11 15 
0.1775804301083840 19 4 11 19 
-0.1055616434689416 19 4 11 22 
-0.3810654182900444 19 4 14 5 
0.0719237650857850 19 4 15 4 
0.5396718291989067 19 4 15 11 
0.3674053773309884 19 4 16 3 
-1.9141072779072834 19 4 16 7 
-0.1899525895952117 19 4 16 10 
-0.6013044086505475 19 4 17 2 
-0.9914424203097362 19 4 17 6 
-0.5605545455040420 19 4 17 9 
-0.4048277044633564 19 4 18 5 
-1.5136343312790812 19 4 19 4 
-0.1775804301083840 19 4 19 11 
-0.3310185679118523 19 4 21 5 
0.0279435912828924 19 4 22 4 
0.1055616434689416 19 4 22 11 
0.1470825664863920 19 4 23 3 
-0.8156358746074018 19 4 23 7 
-0.0199451400779794 19 4 23 10 
0.4393291424167737 19 5 3 17 
-0.5557122930101982 19 5 4 16 
-0.2076913784144330 19 5 4 23 
0.4393291424167737 19 5 5 15 
1.6946787845501343 19 5 5 19 
0.2681284165833206 19 5 5 22 
2.3574938074251826 19 5 7 17 
0.6913278171326267 19 5 10 17 
-0.5355002245049180 19 5 11 16 
-0.0663182583587415 19 5 11 23 
-0.4393291424167737 19 5 15 5 
0.5557122930101982 19 5 16 4 
0.5355002245049180 19 5 16 11 
-0.4393291424167737 19 5 17 3 
-2.3574938074251826 19 5 17 7 
-0.6913278171326267 19 5 17 10 
-1.6946787845501343 19 5 19 5 
-0.2681284165833206 19 5 22 5 
0.2076913784144330 19 5 23 4 
0.0663182583587415 19 5 23 11 
0.6551764812024227 19 6 0 17 
-0.5676569102150720 19 6 1 16 
-0.4381953431998848 19 6 1 23 
0.4801373392277212 19 6 2 15 
0.5366774992517362 19 6 2 22 
-0.3926177682403704 19 6 3 14 
-0.5366774992517362 19 6 3 21 
0.3050981972530196 19 6 4 13 
0.4381953431998848 19 6 4 20 
-0.2175786262656689 19 6 5 12 
2.6162833010809705 19 6 6 19 
-0.3151830036977173 19 6 6 22 
0.9776061366480389 19 6 7 18 
0.3151830036977173 19 6 7 21 
0.4381953431998848 19 6 8 16 
0.2753529086483290 19 6 8 23 
-0.5366774992517362 19 6 9 15 
0.3151830036977173 19 6 9 19 
-0.3235784910168074 19 6 9 22 
0.5366774992517362 19 6 10 14 
-0.3151830036977173 19 6 10 18 
0.3718040733852858 19 6 10 21 
-0.4381953431998848 19 6 11 13 
-0.4200296557537641 19 6 11 20 
0.2175786262656689 19 6 12 5 
-0.3050981972530196 19 6 13 4 
0.4381953431998848 19 6 13 11 
0.3926177682403704 19 6 14 3 
-0.5366774992517362 19 6 14 10 
-0.4801373392277212 19 6 15 2 
0.5366774992517362 19 6 15 9 
0.5676569102150720 19 6 16 1 
-0.4381953431998848 19 6 16 8 
-0.6551764812024227 19 6 17 0 
-0.9776061366480389 19 6 18 7 
0.3151830036977173 19 6 18 10 
-2.6162833010809705 19 6 19 6 
-0.3151830036977173 19 6 19 9 
-0.4381953431998848 19 6 20 4 
0.4200296557537641 19 6 20 11 
0.5366774992517362 19 6 21 3 
-0.3151830036977173 19 6 21 7 
-0.3718040733852858 19 6 21 10 
-0.5366774992517362 19 6 22 2 
0.3151830036977173 19 6 22 6 
0.3235784910168074 19 6 22 9 
0.4381953431998848 19 6 23 1 
-0.2753529086483290 19 6 23 8 
0.1956997100893347 19 7 1 17 
-0.2475427285267725 19 7 2 16 
-0.3098508986610050 19 7 2 23 
0.2625587129620523 19 7 3 15 
0.5366774992517361 19 7 3 22 
-0.2475427285267725 19 7 4 14 
-0.7589765980622819 19 7 4 21 
0.1956997100893347 19 7 5 13 
0.9798345748187925 19 7 5 20 
-0.5459129760866156 19 7 6 23 
3.5938894377290089 19 7 7 19 
0.3151830036977172 19 7 7 22 
0.9798345748187925 19 7 8 17 
-0.7589765980622819 19 7 9 16 
-0.0835291588868024 19 7 9 23 
0.5366774992517361 19 7 10 15 
0.3151830036977172 19 7 10 19 
0.0964511647369568 19 7 10 22 
-0.3098508986610050 19 7 11 14 
-0.5459129760866156 19 7 11 18 
-0.0835291588868024 19 7 11 21 
-0.1956997100893347 19 7 13 5 
0.2475427285267725 19 7 14 4 
0.3098508986610050 19 7 14 11 
-0.2625587129620523 19 7 15 3 
-0.5366774992517361 19 7 15 10 
0.2475427285267725 19 7 16 2 
0.7589765980622819 19 7 16 9 
-0.1956997100893347 19 7 17 1 
-0.9798345748187925 19 7 17 8 
0.5459129760866156 19 7 18 11 
-3.5938894377290089 19 7 19 7 
-0.3151830036977172 19 7 19 10 
-0.9798345748187925 19 7 20 5 
0.7589765980622819 19 7 21 4 
0.0835291588868024 19 7 21 11 
-0.5366774992517361 19 7 22 3 
-0.3151830036977172 19 7 22 7 
-0.0964511647369568 19 7 22 10 
0.3098508986610050 19 7 23 2 
0.5459129760866156 19 7 23 6 
0.0835291588868024 19 7 23 9 
-0.1875996307783156 19 8 0 16 
-0.4576160398894468 19 8 0 23 
0.1225062114808170 19 8 1 15 
0.1775804301083840 19 8 1 19 
0.3651722307268162 19 8 1 22 
-0.0081836024421716 19 8 2 14 
-0.1255683263356621 19 8 2 18 
-0.2657848935722666 19 8 2 21 
-0.1070750627304321 19 8 3 13 
0.1578210207818702 19 8 3 20 
0.1754002365372963 19 8 4 12 
-0.5767416579139144 19 8 6 14 
0.5459129760866156 19 8 6 18 
-0.6324146178362077 19 8 6 21 
0.8156358746074018 19 8 7 13 
1.8448076952276495 19 8 7 20 
0.2683554864216511 19 8 8 15 
1.5434840990953007 19 8 8 19 
0.1913684649701622 19 8 8 22 
-0.3787328784948083 19 8 9 14 
-0.2887274379692703 19 8 9 18 
-0.3186981235707979 19 8 9 21 
0.4138843351584941 19 8 10 13 
0.3606328773313242 19 8 10 20 
-0.3771762888150851 19 8 11 12 
-0.1754002365372963 19 8 12 4 
0.3771762888150851 19 8 12 11 
0.1070750627304321 19 8 13 3 
-0.8156358746074018 19 8 13 7 
-0.4138843351584941 19 8 13 10 
0.0081836024421716 19 8 14 2 
0.5767416579139144 19 8 14 6 
0.3787328784948083 19 8 14 9 
-0.1225062114808170 19 8 15 1 
-0.2683554864216511 19 8 15 8 
0.1875996307783156 19 8 16 0 
0.1255683263356621 19 8 18 2 
-0.5459129760866156 19 8 18 6 
0.2887274379692703 19 8 18 9 
-0.1775804301083840 19 8 19 1 
-1.5434840990953007 19 8 19 8 
-0.1578210207818702 19 8 20 3 
-1.8448076952276495 19 8 20 7 
-0.3606328773313242 19 8 20 10 
0.2657848935722666 19 8 21 2 
0.6324146178362077 19 8 21 6 
0.3186981235707979 19 8 21 9 
-0.3651722307268162 19 8 22 1 
-0.1913684649701622 19 8 22 8 
0.4576160398894468 19 8 23 0 
-0.2421900819196923 19 9 0 17 
-0.0421382762867002 19 9 1 16 
-0.2256075364229227 19 9 1 23 
0.1858773904142060 19 9 2 15 
0.2174907210347557 19 9 2 19 
0.2894217959754240 19 9 2 22 
-0.1890272604628252 19 9 3 14 
-0.2174907210347557 19 9 3 18 
-0.3025319187695823 19 9 3 21 
0.0515878864325576 19 9 4 13 
0.2577206477338413 19 9 4 20 
0.2264407316765967 19 9 5 12 
-0.9989458543484088 19 9 6 15 
0.3151830036977173 19 9 6 19 
-0.7302494996943776 19 9 6 22 
0.9989458543484088 19 9 7 14 
0.3151830036977173 19 9 7 18 
1.4796829453804612 19 9 7 21 
0.4382226742729499 19 9 8 16 
0.1913684649701622 19 9 8 23 
-0.3876291016281672 19 9 9 15 
1.3767872350613115 19 9 9 19 
-0.1766324298974954 19 9 9 22 
0.2385472304130322 19 9 10 14 
-0.3333937280679785 19 9 10 18 
-0.0073680175363334 19 9 10 21 
-0.0730481598965538 19 9 11 13 
0.3606328773313242 19 9 11 20 
-0.2264407316765967 19 9 12 5 
-0.0515878864325576 19 9 13 4 
0.0730481598965538 19 9 13 11 
0.1890272604628251 19 9 14 3 
-0.9989458543484088 19 9 14 7 
-0.2385472304130322 19 9 14 10 
-0.1858773904142061 19 9 15 2 
0.9989458543484088 19 9 15 6 
0.3876291016281672 19 9 15 9 
0.0421382762867002 19 9 16 1 
-0.4382226742729499 19 9 16 8 
0.2421900819196923 19 9 17 0 
0.2174907210347557 19 9 18 3 
-0.3151830036977173 19 9 18 7 
0.3333937280679785 19 9 18 10 
-0.2174907210347557 19 9 19 2 
-0.3151830036977173 19 9 19 6 
-1.3767872350613115 19 9 19 9 
-0.2577206477338413 19 9 20 4 
-0.3606328773313242 19 9 20 11 
0.3025319187695823 19 9 21 3 
-1.4796829453804612 19 9 21 7 
0.0073680175363334 19 9 21 10 
-0.2894217959754240 19 9 22 2 
0.7302494996943776 19 9 22 6 
0.1766324298974954 19 9 22 9 
0.2256075364229227 19 9 23 1 
-0.1913684649701622 19 9 23 8 
-0.3178887684402019 19 10 1 17 
0.2032778046426128 19 10 2 16 
-0.0684106100592453 19 10 2 23 
-0.0047248050729287 19 10 3 15 
0.2174907210347557 19 10 3 19 
0.1316007751935537 19 10 3 22 
-0.1943686267576729 19 10 4 14 
-0.3075783273776549 19 10 4 18 
-0.2046521145574117 19 10 4 21 
0.3108454448911990 19 10 5 13 
0.2881404437690731 19 10 5 20 
-1.4127227752958975 19 10 6 16 
-0.6324146178362077 19 10 6 23 
0.9989458543484085 19 10 7 15 
0.3151830036977172 19 10 7 19 
1.1145581955332722 19 10 7 22 
0.4899478444780319 19 10 8 17 
-0.1686783642583249 19 10 9 16 
0.0127617807239880 19 10 9 23 
-0.0298082560086190 19 10 10 15 
1.2100903710273221 19 10 10 19 
-0.1840004474338288 19 10 10 22 
0.1032822631080008 19 10 11 14 
-0.2887274379692703 19 10 11 18 
0.3059363428468100 19 10 11 21 
-0.3108454448911990 19 10 13 5 
0.1943686267576729 19 10 14 4 
-0.1032822631080008 19 10 14 11 
0.0047248050729287 19 10 15 3 
-0.9989458543484085 19 10 15 7 
0.0298082560086190 19 10 15 10 
-0.2032778046426128 19 10 16 2 
1.4127227752958975 19 10 16 6 
0.1686783642583249 19 10 16 9 
0.3178887684402019 19 10 17 1 
-0.4899478444780319 19 10 17 8 
0.3075783273776549 19 10 18 4 
0.2887274379692703 19 10 18 11 
-0.2174907210347557 19 10 19 3 
-0.3151830036977172 19 10 19 7 
-1.2100903710273221 19 10 19 10 
-0.2881404437690731 19 10 20 5 
0.2046521145574117 19 10 21 4 
-0.3059363428468100 19 10 21 11 
-0.1316007751935537 19 10 22 3 
-1.1145581955332722 19 10 22 7 
0.1840004474338288 19 10 22 10 
0.0684106100592453 19 10 23 2 
0.6324146178362077 19 10 23 6 
-0.0127617807239880 19 10 23 9 
-0.2566796677486862 19 11 2 17 
0.3443719113168736 19 11 3 16 
0.0131101227941583 19 11 3 23 
-0.3443719113168736 19 11 4 15 
0.1775804301083840 19 11 4 19 
-0.0214087408739458 19 11 4 22 
0.2566796677486862 19 11 5 14 
-0.3970819131959968 19 11 5 18 
0.0239356999534105 19 11 5 21 
-1.8238172605096450 19 11 6 17 
0.8156358746074018 19 11 7 16 
0.7494334456860834 19 11 7 23 
0.2721850125986986 19 11 9 17 
-0.2434496762509307 19 11 10 16 
-0.1692644123611619 19 11 10 23 
0.1490818712151350 19 11 11 15 
1.0433935069933331 19 11 11 19 
0.1692644123611619 19 11 11 22 
-0.2566796677486862 19 11 14 5 
0.3443719113168736 19 11 15 4 
-0.1490818712151350 19 11 15 11 
-0.3443719113168736 19 11 16 3 
-0.8156358746074018 19 11 16 7 
0.2434496762509307 19 11 16 10 
0.2566796677486862 19 11 17 2 
1.8238172605096450 19 11 17 6 
-0.2721850125986986 19 11 17 9 
0.3970819131959968 19 11 18 5 
-0.1775804301083840 19 11 19 4 
-1.0433935069933331 19 11 19 11 
-0.0239356999534105 19 11 21 5 
0.0214087408739458 19 11 22 4 
-0.1692644123611619 19 11 22 11 
-0.0131101227941583 19 11 23 3 
-0.7494334456860834 19 11 23 7 
0.1692644123611619 19 11 23 10 
0.4924693537420057 19 12 12 15 
0.6488953583591806 19 12 12 19 
0.3331407519206071 19 12 12 22 
-0.6607169710815093 19 12 13 14 
-0.5866147158463797 19 12 13 18 
-0.1087096214148664 19 12 13 21 
0.6607169710815093 19 12 14 13 
-0.0493271533523701 19 12 14 20 
-0.4924693537420057 19 12 15 12 
0.5866147158463797 19 12 18 13 
1.4267353473136482 19 12 18 20 
-0.6488953583591806 19 12 19 12 
0.0493271533523701 19 12 20 14 
-1.4267353473136482 19 12 20 18 
0.2806416996482677 19 12 20 21 
0.1087096214148664 19 12 21 13 
-0.2806416996482677 19 12 21 20 
-0.3331407519206071 19 12 22 12 
0.6229299342623614 19 13 12 16 
0.2580497168263055 19 13 12 23 
-0.3939754829936045 19 13 13 15 
0.3865532821123348 19 13 13 19 
0.2359079106038438 19 13 13 22 
-0.7420154444188114 19 13 14 18 
-0.1757166515881474 19 13 14 21 
0.3939754829936045 19 13 15 13 
-0.0661793208194737 19 13 15 20 
-0.6229299342623614 19 13 16 12 
0.7420154444188114 19 13 18 14 
1.1051444479182426 19 13 18 21 
-0.3865532821123348 19 13 19 13 
0.6380554444990176 19 13 19 20 
0.0661793208194737 19 13 20 15 
-0.6380554444990176 19 13 20 19 
0.2510135670938421 19 13 20 22 
0.1757166515881474 19 13 21 14 
-1.1051444479182426 19 13 21 18 
-0.2359079106038438 19 13 22 13 
-0.2510135670938421 19 13 22 20 
-0.2580497168263055 19 13 23 12 
0.4924693537420057 19 14 12 17 
0.0984938707484011 19 14 13 16 
0.3484697154995322 19 14 13 23 
-0.3939754829936046 19 14 14 15 
0.1242112058654893 19 14 14 19 
0.1116574746984709 19 14 14 22 
0.3939754829936046 19 14 15 14 
-0.7870262287405371 19 14 15 18 
-0.2269020457409739 19 14 15 21 
-0.0984938707484011 19 14 16 13 
-0.0661793208194737 19 14 16 20 
-0.4924693537420057 19 14 17 12 
0.7870262287405371 19 14 18 15 
0.7814551333136529 19 14 18 22 
-0.1242112058654893 19 14 19 14 
0.7814551333136529 19 14 19 21 
0.0661793208194737 19 14 20 16 
0.1537137894739458 19 14 20 23 
0.2269020457409739 19 14 21 15 
-0.7814551333136529 19 14 21 19 
0.1537137894739458 19 14 21 22 
-0.1116574746984709 19 14 22 14 
-0.7814551333136529 19 14 22 18 
-0.1537137894739458 19 14 22 21 
-0.3484697154995322 19 14 23 13 
-0.1537137894739458 19 14 23 20 
0.4404779807210061 19 15 13 17 
-0.2785827356460231 19 15 14 16 
0.3930058715646842 19 15 14 23 
-0.1381308703813565 19 15 15 19 
-0.0396105557955117 19 15 15 22 
0.2785827356460231 19 15 16 14 
-0.7420154444188114 19 15 16 18 
-0.2521339489679668 19 15 16 21 
-0.4404779807210061 19 15 17 13 
-0.0493271533523701 19 15 17 20 
0.7420154444188114 19 15 18 16 
0.4511733315782523 19 15 18 23 
0.1381308703813565 19 15 19 15 
0.7814551333136527 19 15 19 22 
0.0493271533523701 19 15 20 17 
0.2521339489679668 19 15 21 16 
0.1774933954618802 19 15 21 23 
0.0396105557955117 19 15 22 15 
-0.7814551333136527 19 15 22 19 
-0.3930058715646842 19 15 23 14 
-0.4511733315782523 19 15 23 18 
-0.1774933954618802 19 15 23 21 
0.2202389903605030 19 16 14 17 
-0.2954816122452034 19 16 15 16 
0.3925892627125146 19 16 15 23 
0.2954816122452034 19 16 16 15 
-0.4004729466282023 19 16 16 19 
-0.2178961808781040 19 16 16 22 
-0.2202389903605030 19 16 17 14 
-0.5866147158463797 19 16 17 18 
-0.2295359775921898 19 16 17 21 
0.5866147158463797 19 16 18 17 
0.4004729466282023 19 16 19 16 
0.6380554444990176 19 16 19 23 
0.2295359775921898 19 16 21 17 
0.2178961808781040 19 16 22 16 
0.1255067835469210 19 16 22 23 
-0.3925892627125146 19 16 23 15 
-0.6380554444990176 19 16 23 19 
-0.1255067835469210 19 16 23 22 
0.3278088460904849 19 17 16 23 
-0.6628150228750482 19 17 17 19 
-0.4231994005493061 19 17 17 22 
0.6628150228750482 19 17 19 17 
0.4231994005493061 19 17 22 17 
-0.3278088460904849 19 17 23 16 
0.8727551074680916 19 18 12 17 
-0.8727551074680914 19 18 13 16 
0.8727551074680914 19 18 14 15 
-0.8727551074680914 19 18 15 14 
0.8727551074680914 19 18 16 13 
-0.8727551074680916 19 18 17 12 
1.6386771644329314 19 18 18 19 
-1.6386771644329314 19 18 19 18 
0.6953825644020930 19 18 20 23 
-0.6953825644020930 19 18 21 22 
0.6953825644020930 19 18 22 21 
-0.6953825644020930 19 18 23 20 
-0.3629998673156118 19 20 12 16 
-0.0804397510743616 19 20 12 23 
0.2295812742112490 19 20 13 15 
-0.6380554444990176 19 20 13 19 
-0.0487121044316779 19 20 13 22 
0.4511733315782523 19 20 14 18 
0.1129479849225417 19 20 14 21 
-0.2295812742112490 19 20 15 13 
-0.1105344656397808 19 20 15 20 
0.3629998673156118 19 20 16 12 
-0.4511733315782523 19 20 18 14 
-0.3436871798669372 19 20 18 21 
0.6380554444990176 19 20 19 13 
0.3013235961323488 19 20 19 20 
0.1105344656397808 19 20 20 15 
-0.3013235961323488 19 20 20 19 
-0.1692644123611619 19 20 20 22 
-0.1129479849225417 19 20 21 14 
0.3436871798669372 19 20 21 18 
0.0487121044316779 19 20 22 13 
0.1692644123611619 19 20 22 20 
0.0804397510743616 19 20 23 12 
-0.4686308135962888 19 21 12 17 
-0.0937261627192578 19 21 13 16 
-0.1525593765263688 19 21 13 23 
0.3749046508770311 19 21 14 15 
-0.7814551333136529 19 21 14 19 
0.0508745655623919 19 21 14 22 
-0.3749046508770311 19 21 15 14 
0.7814551333136529 19 21 15 18 
0.0850971828585849 19 21 15 21 
0.0937261627192578 19 21 16 13 
-0.1805020265391086 19 21 16 20 
0.4686308135962888 19 21 17 12 
-0.7814551333136529 19 21 18 15 
-0.3968557716263991 19 21 18 22 
0.7814551333136529 19 21 19 14 
0.1028957103191494 19 21 19 21 
0.1805020265391086 19 21 20 16 
-0.1692644123611619 19 21 20 23 
-0.0850971828585849 19 21 21 15 
-0.1028957103191494 19 21 21 19 
-0.1692644123611619 19 21 21 22 
-0.0508745655623919 19 21 22 14 
0.3968557716263991 19 21 22 18 
0.1692644123611619 19 21 22 21 
0.1525593765263688 19 21 23 13 
0.1692644123611619 19 21 23 20 
-0.6287342133314007 19 22 13 17 
0.3976464314002857 19 22 14 16 
-0.1716928731672461 19 22 14 23 
-0.7814551333136527 19 22 15 19 
0.1614090312021726 19 22 15 22 
-0.3976464314002857 19 22 16 14 
1.1051444479182426 19 22 16 18 
-0.0359737502990869 19 22 16 21 
0.6287342133314007 19 22 17 13 
-0.2018074007089588 19 22 17 20 
-1.1051444479182426 19 22 18 16 
-0.3436871798669372 19 22 18 23 
0.7814551333136527 19 22 19 15 
-0.0955321754940501 19 22 19 22 
0.2018074007089588 19 22 20 17 
0.0359737502990869 19 22 21 16 
-0.2931745621228219 19 22 21 23 
-0.1614090312021726 19 22 22 15 
0.0955321754940501 19 22 22 19 
0.1716928731672461 19 22 23 14 
0.3436871798669372 19 22 23 18 
0.2931745621228219 19 22 23 21 
-0.5133593354973722 19 23 14 17 
0.6887438226337471 19 23 15 16 
-0.1359717484209768 19 23 15 23 
-0.6887438226337471 19 23 16 15 
-0.6380554444990176 19 23 16 19 
0.2220409353769849 19 23 16 22 
0.5133593354973722 19 23 17 14 
1.4267353473136482 19 23 17 18 
-0.2482493126452881 19 23 17 21 
-1.4267353473136482 19 23 18 17 
0.6380554444990176 19 23 19 16 
-0.2939600613072497 19 23 19 23 
0.2482493126452881 19 23 21 17 
-0.2220409353769849 19 23 22 16 
-0.3385288247223238 19 23 22 23 
0.1359717484209768 19 23 23 15 
0.2939600613072497 19 23 23 19 
0.3385288247223238 19 23 23 22 
0.6466830682911134 20 0 0 13 
2.9374690635178635 20 0 0 20 
-0.6466830682911134 20 0 1 12 
1.5377192264361770 20 0 8 12 
0.6466830682911134 20 0 12 1 
-1.5377192264361770 20 0 12 8 
-0.6466830682911134 20 0 13 0 
-2.9374690635178635 20 0 20 0 
1.0220723543290351 20 1 0 14 
0.2076913784144330 20 1 0 18 
1.3177067933022257 20 1 0 21 
-0.6461475609770495 20 1 1 13 
1.9167777703890840 20 1 1 20 
-0.0004233557040303 20 1 2 12 
0.5355002245049180 20 1 6 12 
1.3207190040205274 20 1 8 13 
0.5999422207149906 20 1 8 20 
0.2801460825130388 20 1 9 12 
0.0004233557040303 20 1 12 2 
-0.5355002245049180 20 1 12 6 
-0.2801460825130388 20 1 12 9 
0.6461475609770495 20 1 13 1 
-1.3207190040205274 20 1 13 8 
-1.0220723543290351 20 1 14 0 
-0.2076913784144330 20 1 18 0 
-1.9167777703890840 20 1 20 1 
-0.5999422207149906 20 1 20 8 
-1.3177067933022257 20 1 21 0 
1.0556619516667172 20 2 0 15 
0.2585533113146026 20 2 0 19 
1.0278750216542103 20 2 0 22 
-0.1234885018439633 20 2 1 14 
0.1470825664863920 20 2 1 18 
0.7474225337275426 20 2 1 21 
-0.5226590591330861 20 2 2 13 
1.4590768129164258 20 2 2 20 
0.3891679181736558 20 2 3 12 
0.5396718291989067 20 2 6 13 
0.1490818712151350 20 2 6 20 
0.3078804646669727 20 2 7 12 
1.3094946308584425 20 2 8 14 
0.0131101227941583 20 2 8 18 
0.5819878360744077 20 2 8 21 
0.0183293246197974 20 2 9 13 
0.3977137078615461 20 2 9 20 
0.3756935814198678 20 2 10 12 
-0.3891679181736558 20 2 12 3 
-0.3078804646669727 20 2 12 7 
-0.3756935814198678 20 2 12 10 
0.5226590591330861 20 2 13 2 
-0.5396718291989067 20 2 13 6 
-0.0183293246197974 20 2 13 9 
0.1234885018439633 20 2 14 1 
-1.3094946308584425 20 2 14 8 
-1.0556619516667172 20 2 15 0 
-0.1470825664863920 20 2 18 1 
-0.0131101227941583 20 2 18 8 
-0.2585533113146026 20 2 19 0 
-1.4590768129164258 20 2 20 2 
-0.1490818712151350 20 2 20 6 
-0.3977137078615461 20 2 20 9 
-0.7474225337275426 20 2 21 1 
-0.5819878360744077 20 2 21 8 
-1.0278750216542103 20 2 22 0 
1.0112470279175583 20 3 0 16 
0.4212664160862929 20 3 0 23 
0.1371815769939805 20 3 1 15 
0.3468856679442701 20 3 1 19 
1.0527274897119903 20 3 1 22 
-0.2764823705981130 20 3 2 14 
0.0333620161853643 20 3 2 18 
0.0483705662987250 20 3 2 21 
-0.2619889802951424 20 3 3 13 
1.4311500534430026 20 3 3 20 
0.6198953858406711 20 3 4 12 
0.4263678877500485 20 3 6 14 
0.3098508986610050 20 3 6 18 
0.1032822631080008 20 3 6 21 
0.4130649887637437 20 3 7 13 
0.2683554864216511 20 3 7 20 
1.4993810930991449 20 3 8 15 
0.1578210207818702 20 3 8 19 
0.4482431774972745 20 3 8 22 
-0.3288930002704052 20 3 9 14 
-0.0684106100592453 20 3 9 18 
0.4904458630870121 20 3 9 21 
0.4926189284816812 20 3 10 13 
0.1718319851779822 20 3 10 20 
0.0147520690846943 20 3 11 12 
-0.6198953858406711 20 3 12 4 
-0.0147520690846943 20 3 12 11 
0.2619889802951424 20 3 13 3 
-0.4130649887637437 20 3 13 7 
-0.4926189284816812 20 3 13 10 
0.2764823705981130 20 3 14 2 
-0.4263678877500485 20 3 14 6 
0.3288930002704052 20 3 14 9 
-0.1371815769939805 20 3 15 1 
-1.4993810930991449 20 3 15 8 
-1.0112470279175583 20 3 16 0 
-0.0333620161853643 20 3 18 2 
-0.3098508986610050 20 3 18 6 
0.0684106100592453 20 3 18 9 
-0.3468856679442701 20 3 19 1 
-0.1578210207818702 20 3 19 8 
-1.4311500534430026 20 3 20 3 
-0.2683554864216511 20 3 20 7 
-0.1718319851779822 20 3 20 10 
-0.0483705662987250 20 3 21 2 
-0.1032822631080008 20 3 21 6 
-0.4904458630870121 20 3 21 9 
-1.0527274897119903 20 3 22 1 
-0.4482431774972745 20 3 22 8 
-0.4212664160862929 20 3 23 0 
1.0621736198009040 20 4 0 17 
0.2169639343172417 20 4 1 16 
0.5328645506275528 20 4 1 23 
-0.0797823573232611 20 4 2 15 
0.3468856679442702 20 4 2 19 
0.7264159269482509 20 4 2 22 
-0.1808877215146828 20 4 3 14 
-0.0841745454764548 20 4 3 18 
-0.4386730773792846 20 4 3 21 
-0.0811012587804596 20 4 4 13 
1.6997813543119249 20 4 4 20 
0.8652137908946246 20 4 5 12 
0.2642951700230775 20 4 6 15 
0.4381953431998848 20 4 6 19 
-0.0730481598965538 20 4 6 22 
0.4130649887637439 20 4 7 14 
0.4381953431998848 20 4 7 18 
0.4382226742729499 20 4 7 21 
1.8857133768918548 20 4 8 16 
0.2723360513782645 20 4 8 23 
-0.6308779776374944 20 4 9 15 
0.2577206477338413 20 4 9 19 
0.4596419923231446 20 4 9 22 
0.4811920249042567 20 4 10 14 
-0.2256075364229227 20 4 10 18 
0.2339531988642862 20 4 10 21 
0.0186600554031159 20 4 11 13 
0.0466472579194061 20 4 11 20 
-0.8652137908946246 20 4 12 5 
0.0811012587804596 20 4 13 4 
-0.0186600554031159 20 4 13 11 
0.1808877215146828 20 4 14 3 
-0.4130649887637439 20 4 14 7 
-0.4811920249042567 20 4 14 10 
0.0797823573232611 20 4 15 2 
-0.2642951700230775 20 4 15 6 
0.6308779776374944 20 4 15 9 
-0.2169639343172417 20 4 16 1 
-1.8857133768918548 20 4 16 8 
-1.0621736198009040 20 4 17 0 
0.0841745454764548 20 4 18 3 
-0.4381953431998848 20 4 18 7 
0.2256075364229227 20 4 18 10 
-0.3468856679442702 20 4 19 2 
-0.4381953431998848 20 4 19 6 
-0.2577206477338413 20 4 19 9 
-1.6997813543119249 20 4 20 4 
-0.0466472579194061 20 4 20 11 
0.4386730773792846 20 4 21 3 
-0.4382226742729499 20 4 21 7 
-0.2339531988642862 20 4 21 10 
-0.7264159269482509 20 4 22 2 
0.0730481598965538 20 4 22 6 
-0.4596419923231446 20 4 22 9 
-0.5328645506275528 20 4 23 1 
-0.2723360513782645 20 4 23 8 
1.0621736198009040 20 5 1 17 
-0.6681969266407319 20 5 2 16 
0.4212664160862929 20 5 2 23 
0.5705158458675657 20 5 3 15 
0.2585533113146025 20 5 3 19 
0.2982201854702999 20 5 3 22 
-0.7481277352671621 20 5 4 14 
-0.1579582210431509 20 5 4 18 
-0.5576750336112156 20 5 4 21 
0.8652137908946245 20 5 5 13 
2.1317545778663045 20 5 5 20 
0.1000914957831545 20 5 6 16 
-0.3771762888150851 20 5 6 23 
0.3078804646669726 20 5 7 15 
0.9798345748187925 20 5 7 19 
0.4899478444780319 20 5 7 22 
2.4638264683857916 20 5 8 17 
-0.7463407918601687 20 5 9 16 
0.3515843305199685 20 5 9 23 
0.3501422482484111 20 5 10 15 
0.2881404437690731 20 5 10 19 
0.2094144082711564 20 5 10 22 
0.0147520690846943 20 5 11 14 
-0.4576160398894468 20 5 11 18 
0.0602213510227006 20 5 11 21 
-0.8652137908946245 20 5 13 5 
0.7481277352671621 20 5 14 4 
-0.0147520690846943 20 5 14 11 
-0.5705158458675657 20 5 15 3 
-0.3078804646669726 20 5 15 7 
-0.3501422482484111 20 5 15 10 
0.6681969266407319 20 5 16 2 
-0.1000914957831545 20 5 16 6 
0.7463407918601687 20 5 16 9 
-1.0621736198009040 20 5 17 1 
-2.4638264683857916 20 5 17 8 
0.1579582210431509 20 5 18 4 
0.4576160398894468 20 5 18 11 
-0.2585533113146025 20 5 19 3 
-0.9798345748187925 20 5 19 7 
-0.2881404437690731 20 5 19 10 
-2.1317545778663045 20 5 20 5 
0.5576750336112156 20 5 21 4 
-0.0602213510227006 20 5 21 11 
-0.2982201854702999 20 5 22 3 
-0.4899478444780319 20 5 22 7 
-0.2094144082711564 20 5 22 10 
-0.4212664160862929 20 5 23 2 
0.3771762888150851 20 5 23 6 
-0.3515843305199685 20 5 23 9 
0.2566796677486862 20 6 0 15 
1.8238172605096450 20 6 0 19 
0.2721850125986986 20 6 0 22 
-0.3443719113168736 20 6 1 14 
-0.8156358746074018 20 6 1 18 
-0.2434496762509307 20 6 1 21 
0.3443719113168736 20 6 2 13 
0.1490818712151350 20 6 2 20 
-0.2566796677486862 20 6 3 12 
-0.1775804301083840 20 6 6 13 
1.0433935069933331 20 6 6 20 
0.3970819131959968 20 6 7 12 
0.0131101227941583 20 6 8 14 
0.7494334456860834 20 6 8 18 
0.1692644123611619 20 6 8 21 
-0.0214087408739458 20 6 9 13 
-0.1692644123611619 20 6 9 20 
0.0239356999534105 20 6 10 12 
0.2566796677486862 20 6 12 3 
-0.3970819131959968 20 6 12 7 
-0.0239356999534105 20 6 12 10 
-0.3443719113168736 20 6 13 2 
0.1775804301083840 20 6 13 6 
0.0214087408739458 20 6 13 9 
0.3443719113168736 20 6 14 1 
-0.0131101227941583 20 6 14 8 
-0.2566796677486862 20 6 15 0 
0.8156358746074018 20 6 18 1 
-0.7494334456860834 20 6 18 8 
-1.8238172605096450 20 6 19 0 
-0.1490818712151350 20 6 20 2 
-1.0433935069933331 20 6 20 6 
0.1692644123611619 20 6 20 9 
0.2434496762509307 20 6 21 1 
-0.1692644123611619 20 6 21 8 
-0.2721850125986986 20 6 22 0 
0.1754002365372963 20 7 0 16 
-0.3771762888150851 20 7 0 23 
-0.1070750627304321 20 7 1 15 
0.8156358746074018 20 7 1 19 
0.4138843351584941 20 7 1 22 
-0.0081836024421716 20 7 2 14 
-0.5767416579139144 20 7 2 18 
-0.3787328784948083 20 7 2 21 
0.1225062114808170 20 7 3 13 
0.2683554864216511 20 7 3 20 
-0.1875996307783156 20 7 4 12 
-0.1255683263356621 20 7 6 14 
0.5459129760866156 20 7 6 18 
-0.2887274379692703 20 7 6 21 
0.1775804301083840 20 7 7 13 
1.5434840990953007 20 7 7 20 
0.1578210207818702 20 7 8 15 
1.8448076952276495 20 7 8 19 
0.3606328773313242 20 7 8 22 
-0.2657848935722666 20 7 9 14 
-0.6324146178362077 20 7 9 18 
-0.3186981235707979 20 7 9 21 
0.3651722307268162 20 7 10 13 
0.1913684649701622 20 7 10 20 
-0.4576160398894468 20 7 11 12 
0.1875996307783156 20 7 12 4 
0.4576160398894468 20 7 12 11 
-0.1225062114808170 20 7 13 3 
-0.1775804301083840 20 7 13 7 
-0.3651722307268162 20 7 13 10 
0.0081836024421716 20 7 14 2 
0.1255683263356621 20 7 14 6 
0.2657848935722666 20 7 14 9 
0.1070750627304321 20 7 15 1 
-0.1578210207818702 20 7 15 8 
-0.1754002365372963 20 7 16 0 
0.5767416579139144 20 7 18 2 
-0.5459129760866156 20 7 18 6 
0.6324146178362077 20 7 18 9 
-0.8156358746074018 20 7 19 1 
-1.8448076952276495 20 7 19 8 
-0.2683554864216511 20 7 20 3 
-1.5434840990953007 20 7 20 7 
-0.1913684649701622 20 7 20 10 
0.3787328784948083 20 7 21 2 
0.2887274379692703 20 7 21 6 
0.3186981235707979 20 7 21 9 
-0.4138843351584941 20 7 22 1 
-0.3606328773313242 20 7 22 8 
0.3771762888150851 20 7 23 0 
-0.6021559374090395 20 8 0 14 
-0.0663182583587415 20 8 0 18 
-0.7745220765052842 20 8 0 21 
0.7616737075225419 20 8 1 13 
0.5999422207149906 20 8 1 20 
-0.6021559374090395 20 8 2 12 
-0.0663182583587415 20 8 6 12 
0.5999422207149906 20 8 8 13 
2.8737163541110831 20 8 8 20 
-0.7745220765052842 20 8 9 12 
0.6021559374090395 20 8 12 2 
0.0663182583587415 20 8 12 6 
0.7745220765052842 20 8 12 9 
-0.7616737075225419 20 8 13 1 
-0.5999422207149906 20 8 13 8 
0.6021559374090395 20 8 14 0 
0.0663182583587415 20 8 18 0 
-0.5999422207149906 20 8 20 1 
-2.8737163541110831 20 8 20 8 
0.7745220765052842 20 8 21 0 
-0.8743083156972680 20 9 0 15 
-0.1594652819819371 20 9 0 19 
-0.6153890240082727 20 9 0 22 
0.7065797128344374 20 9 1 14 
0.0199451400779794 20 9 1 18 
-0.0495215445990912 20 9 1 21 
-0.2401517293534123 20 9 2 13 
0.3977137078615461 20 9 2 20 
-0.1686563619744533 20 9 3 12 
-0.1055616434689416 20 9 6 13 
-0.1692644123611619 20 9 6 20 
0.1211764176663306 20 9 7 12 
0.5819878360744077 20 9 8 14 
0.1692644123611619 20 9 8 18 
1.3896734210052346 20 9 8 21 
-0.3504399358775691 20 9 9 13 
1.4840429331058480 20 9 9 20 
-0.2789520347189947 20 9 10 12 
0.1686563619744533 20 9 12 3 
-0.1211764176663306 20 9 12 7 
0.2789520347189947 20 9 12 10 
0.2401517293534123 20 9 13 2 
0.1055616434689416 20 9 13 6 
0.3504399358775691 20 9 13 9 
-0.7065797128344374 20 9 14 1 
-0.5819878360744077 20 9 14 8 
0.8743083156972680 20 9 15 0 
-0.0199451400779794 20 9 18 1 
-0.1692644123611619 20 9 18 8 
0.1594652819819371 20 9 19 0 
-0.3977137078615461 20 9 20 2 
0.1692644123611619 20 9 20 6 
-1.4840429331058480 20 9 20 9 
0.0495215445990912 20 9 21 1 
-1.3896734210052346 20 9 21 8 
0.6153890240082727 20 9 22 0 
-1.1278692544329005 20 10 0 16 
-0.3515843305199685 20 10 0 23 
0.6446491678765960 20 10 1 15 
-0.1426300842251135 20 10 1 19 
-0.2780846247376348 20 10 1 22 
-0.1841263907436352 20 10 2 14 
0.0645306936792479 20 10 2 18 
0.1616185038948485 20 10 2 21 
0.0134948730846962 20 10 3 13 
0.1718319851779821 20 10 3 20 
-0.1299266911630246 20 10 4 12 
-0.1129627017826323 20 10 6 14 
-0.0835291588868024 20 10 6 18 
-0.3059363428468100 20 10 6 21 
0.1083834828687286 20 10 7 13 
0.1913684649701622 20 10 7 20 
0.4482431774972744 20 10 8 15 
0.3606328773313242 20 10 8 19 
1.0095406245211005 20 10 8 22 
-0.1043582899260997 20 10 9 14 
-0.0127617807239880 20 10 9 18 
0.4389395447558401 20 10 9 21 
-0.2028550269180154 20 10 10 13 
1.1039101366217139 20 10 10 20 
-0.0602213510227006 20 10 11 12 
0.1299266911630246 20 10 12 4 
0.0602213510227006 20 10 12 11 
-0.0134948730846962 20 10 13 3 
-0.1083834828687286 20 10 13 7 
0.2028550269180154 20 10 13 10 
0.1841263907436352 20 10 14 2 
0.1129627017826323 20 10 14 6 
0.1043582899260997 20 10 14 9 
-0.6446491678765960 20 10 15 1 
-0.4482431774972744 20 10 15 8 
1.1278692544329005 20 10 16 0 
-0.0645306936792479 20 10 18 2 
0.0835291588868024 20 10 18 6 
0.0127617807239880 20 10 18 9 
0.1426300842251135 20 10 19 1 
-0.3606328773313242 20 10 19 8 
-0.1718319851779821 20 10 20 3 
-0.1913684649701622 20 10 20 7 
-1.1039101366217139 20 10 20 10 
-0.1616185038948485 20 10 21 2 
0.3059363428468100 20 10 21 6 
-0.4389395447558401 20 10 21 9 
0.2780846247376348 20 10 22 1 
-1.0095406245211005 20 10 22 8 
0.3515843305199685 20 10 23 0 
-1.6774851147292800 20 11 0 17 
0.8038413469056797 20 11 1 16 
-0.2723360513782645 20 11 1 23 
-0.4090759658038216 20 11 2 15 
-0.0873427320804291 20 11 2 19 
-0.0035202678698537 20 11 2 22 
0.3027705445430698 20 11 3 14 
0.0663710573935168 20 11 3 18 
0.0956573319762844 20 11 3 21 
-0.2945066562427888 20 11 4 13 
0.0466472579194061 20 11 4 20 
0.1938658740223431 20 11 5 12 
-0.0873427320804291 20 11 6 15 
-0.4200296557537641 20 11 6 19 
-0.3606328773313242 20 11 6 22 
0.0663710573935168 20 11 7 14 
0.2753529086483290 20 11 7 18 
0.1913684649701622 20 11 7 21 
0.2723360513782645 20 11 8 16 
0.3830394549677261 20 11 8 23 
0.0035202678698537 20 11 9 15 
0.3606328773313242 20 11 9 19 
0.6265011695533745 20 11 9 22 
-0.0956573319762844 20 11 10 14 
-0.1913684649701622 20 11 10 18 
-0.2463683730692401 20 11 10 21 
-0.0466472579194061 20 11 11 13 
1.3502785096909542 20 11 11 20 
-0.1938658740223431 20 11 12 5 
0.2945066562427888 20 11 13 4 
0.0466472579194061 20 11 13 11 
-0.3027705445430698 20 11 14 3 
-0.0663710573935168 20 11 14 7 
0.0956573319762844 20 11 14 10 
0.4090759658038216 20 11 15 2 
0.0873427320804291 20 11 15 6 
-0.0035202678698537 20 11 15 9 
-0.8038413469056797 20 11 16 1 
-0.2723360513782645 20 11 16 8 
1.6774851147292800 20 11 17 0 
-0.0663710573935168 20 11 18 3 
-0.2753529086483290 20 11 18 7 
0.1913684649701622 20 11 18 10 
0.0873427320804291 20 11 19 2 
0.4200296557537641 20 11 19 6 
-0.3606328773313242 20 11 19 9 
-0.0466472579194061 20 11 20 4 
-1.3502785096909542 20 11 20 11 
-0.0956573319762844 20 11 21 3 
-0.1913684649701622 20 11 21 7 
0.2463683730692401 20 11 21 10 
0.0035202678698537 20 11 22 2 
0.3606328773313242 20 11 22 6 
-0.6265011695533745 20 11 22 9 
0.2723360513782645 20 11 23 1 
-0.3830394549677261 20 11 23 8 
1.2933661365822267 20 12 12 13 
1.3997498370816865 20 12 12 20 
-1.2933661365822267 20 12 13 12 
-1.3997498370816865 20 12 20 12 
1.0224957100330649 20 13 12 14 
-0.3278088460904849 20 13 12 18 
1.0375607107891867 20 13 12 21 
0.5960587663685566 20 13 13 20 
-1.0224957100330649 20 13 14 12 
0.3278088460904849 20 13 18 12 
-0.5960587663685566 20 13 20 13 
-1.0375607107891867 20 13 21 12 
0.6664940334930611 20 14 12 15 
-0.0493271533523701 20 14 12 19 
0.6521814402343425 20 14 12 22 
0.3991705572891228 20 14 13 14 
-0.3925892627125146 20 14 13 18 
0.7290932091077451 20 14 13 21 
-0.3991705572891228 20 14 14 13 
0.1495821820579833 20 14 14 20 
-0.6664940334930611 20 14 15 12 
0.3925892627125146 20 14 18 13 
0.1359717484209768 20 14 18 20 
0.0493271533523701 20 14 19 12 
-0.1495821820579833 20 14 20 14 
-0.1359717484209768 20 14 20 18 
0.1842741282128616 20 14 20 21 
-0.7290932091077451 20 14 21 13 
-0.1842741282128616 20 14 21 20 
-0.6521814402343425 20 14 22 12 
0.3913516420768873 20 15 12 16 
0.4065143470015986 20 15 12 23 
0.3991705572891229 20 15 13 15 
-0.0661793208194737 20 15 13 19 
0.5601085612303089 20 15 13 22 
-0.3930058715646842 20 15 14 18 
0.3772635665691301 20 15 14 21 
-0.3991705572891229 20 15 15 13 
-0.0682310396561424 20 15 15 20 
-0.3913516420768873 20 15 16 12 
0.3930058715646842 20 15 18 14 
0.1716928731672461 20 15 18 21 
0.0661793208194737 20 15 19 13 
0.1105344656397808 20 15 19 20 
0.0682310396561424 20 15 20 15 
-0.1105344656397808 20 15 20 19 
0.2764111923192923 20 15 20 22 
-0.3772635665691301 20 15 21 14 
-0.1716928731672461 20 15 21 18 
-0.5601085612303089 20 15 22 13 
-0.2764111923192923 20 15 22 20 
-0.4065143470015986 20 15 23 12 
0.1969598289062796 20 16 12 17 
0.2980651930977013 20 16 13 16 
0.5142044952244369 20 16 13 23 
0.1011053641914217 20 16 14 15 
-0.0661793208194737 20 16 14 19 
0.2452239020439941 20 16 14 22 
-0.1011053641914217 20 16 15 14 
-0.3484697154995322 20 16 15 18 
0.1922049002582099 20 16 15 21 
-0.2980651930977013 20 16 16 13 
-0.1859320225799297 20 16 16 20 
-0.1969598289062796 20 16 17 12 
0.3484697154995322 20 16 18 15 
0.1525593765263688 20 16 18 22 
0.0661793208194737 20 16 19 14 
0.1805020265391086 20 16 19 21 
0.1859320225799297 20 16 20 16 
0.2256887934588583 20 16 20 23 
-0.1922049002582099 20 16 21 15 
-0.1805020265391086 20 16 21 19 
0.2256887934588583 20 16 21 22 
-0.2452239020439941 20 16 22 14 
-0.1525593765263688 20 16 22 18 
-0.2256887934588583 20 16 22 21 
-0.5142044952244369 20 16 23 13 
-0.2256887934588583 20 16 23 20 
0.1969598289062796 20 17 13 17 
0.0799308086264302 20 17 14 16 
0.4065143470015986 20 17 14 23 
-0.0493271533523701 20 17 15 19 
-0.0519220627781111 20 17 15 22 
-0.0799308086264302 20 17 16 14 
-0.2580497168263055 20 17 16 18 
0.1886657582489533 20 17 16 21 
-0.1969598289062796 20 17 17 13 
-0.3320718905194877 20 17 17 20 
0.2580497168263055 20 17 18 16 
0.0804397510743616 20 17 18 23 
0.0493271533523701 20 17 19 15 
0.2018074007089588 20 17 19 22 
0.3320718905194877 20 17 20 17 
-0.1886657582489533 20 17 21 16 
0.2913629794972679 20 17 21 23 
0.0519220627781111 20 17 22 15 
-0.2018074007089588 20 17 22 19 
-0.4065143470015986 20 17 23 14 
-0.0804397510743616 20 17 23 18 
-0.2913629794972679 20 17 23 21 
0.5133593354973722 20 18 12 15 
1.4267353473136482 20 18 12 19 
0.2482493126452881 20 18 12 22 
-0.6887438226337471 20 18 13 14 
-0.6380554444990176 20 18 13 18 
-0.2220409353769849 20 18 13 21 
0.6887438226337471 20 18 14 13 
0.1359717484209768 20 18 14 20 
-0.5133593354973722 20 18 15 12 
0.6380554444990176 20 18 18 13 
0.2939600613072497 20 18 18 20 
-1.4267353473136482 20 18 19 12 
-0.1359717484209768 20 18 20 14 
-0.2939600613072497 20 18 20 18 
0.3385288247223238 20 18 20 21 
0.2220409353769849 20 18 21 13 
-0.3385288247223238 20 18 21 20 
-0.2482493126452881 20 18 22 12 
0.3629998673156118 20 19 12 16 
0.0804397510743616 20 19 12 23 
-0.2295812742112490 20 19 13 15 
0.6380554444990176 20 19 13 19 
0.0487121044316779 20 19 13 22 
-0.4511733315782523 20 19 14 18 
-0.1129479849225417 20 19 14 21 
0.2295812742112490 20 19 15 13 
0.1105344656397808 20 19 15 20 
-0.3629998673156118 20 19 16 12 
0.4511733315782523 20 19 18 14 
0.3436871798669372 20 19 18 21 
-0.6380554444990176 20 19 19 13 
-0.3013235961323488 20 19 19 20 
-0.1105344656397808 20 19 20 15 
0.3013235961323488 20 19 20 19 
0.1692644123611619 20 19 20 22 
0.1129479849225417 20 19 21 14 
-0.3436871798669372 20 19 21 18 
-0.0487121044316779 20 19 22 13 
-0.1692644123611619 20 19 22 20 
-0.0804397510743616 20 19 23 12 
-0.7056519537228146 20 21 12 15 
-0.2806416996482677 20 21 12 19 
-0.3364369892892780 20 21 12 22 
0.9467314421878495 20 21 13 14 
0.1255067835469210 20 21 13 18 
0.3009183912784777 20 21 13 21 
-0.9467314421878495 20 21 14 13 
-0.1842741282128616 20 21 14 20 
0.7056519537228146 20 21 15 12 
-0.1255067835469210 20 21 18 13 
-0.3385288247223238 20 21 18 20 
0.2806416996482677 20 21 19 12 
0.1842741282128616 20 21 20 14 
0.3385288247223238 20 21 20 18 
-0.0943695121006135 20 21 20 21 
-0.3009183912784777 20 21 21 13 
0.0943695121006135 20 21 21 20 
0.3364369892892780 20 21 22 12 
-0.9979425632698761 20 22 12 16 
-0.2913629794972679 20 22 12 23 
0.6311542947918997 20 22 13 15 
-0.2510135670938421 20 22 13 19 
-0.0752295978196195 20 22 13 22 
0.1774933954618802 20 22 14 18 
0.2659767938209481 20 22 14 21 
-0.6311542947918997 20 22 15 13 
-0.2764111923192923 20 22 15 20 
0.9979425632698761 20 22 16 12 
-0.1774933954618802 20 22 18 14 
-0.2931745621228219 20 22 18 21 
0.2510135670938421 20 22 19 13 
-0.1692644123611619 20 22 19 20 
0.2764111923192923 20 22 20 15 
0.1692644123611619 20 22 20 19 
-0.0943695121006135 20 22 20 22 
-0.2659767938209481 20 22 21 14 
0.2931745621228219 20 22 21 18 
0.0752295978196195 20 22 22 13 
0.0943695121006135 20 22 22 20 
0.2913629794972679 20 22 23 12 
-1.8713509887516224 20 23 12 17 
1.0983480031484683 20 23 13 16 
-0.2256887934588583 20 23 13 23 
-0.7118465103468912 20 23 14 15 
-0.1537137894739458 20 23 14 19 
0.0921370641064308 20 23 14 22 
0.7118465103468911 20 23 15 14 
0.1537137894739458 20 23 15 18 
0.0921370641064308 20 23 15 21 
-1.0983480031484683 20 23 16 13 
-0.2256887934588583 20 23 16 20 
1.8713509887516224 20 23 17 12 
-0.1537137894739458 20 23 18 15 
-0.6953825644020930 20 23 18 19 
-0.1692644123611619 20 23 18 22 
0.1537137894739458 20 23 19 14 
0.6953825644020930 20 23 19 18 
-0.1692644123611619 20 23 19 21 
0.2256887934588583 20 23 20 16 
-0.9672390547232278 20 23 20 23 
-0.0921370641064308 20 23 21 15 
0.1692644123611619 20 23 21 19 
0.8728695426226144 20 23 21 22 
-0.0921370641064308 20 23 22 14 
0.1692644123611619 20 23 22 18 
-0.8728695426226144 20 23 22 21 
0.2256887934588583 20 23 23 13 
0.9672390547232278 20 23 23 20 
-0.2634607072380288 21 0 0 14 
-0.2681284165833206 21 0 0 18 
1.2363169083032308 21 0 0 21 
0.8341729142855514 21 0 1 13 
1.3177067933022257 21 0 1 20 
-1.0554824785433468 21 0 2 12 
-0.6913278171326267 21 0 6 12 
0.2801460825130388 21 0 8 13 
-0.7745220765052842 21 0 8 20 
1.1760521890767608 21 0 9 12 
1.0554824785433468 21 0 12 2 
0.6913278171326267 21 0 12 6 
-1.1760521890767608 21 0 12 9 
-0.8341729142855514 21 0 13 1 
-0.2801460825130388 21 0 13 8 
0.2634607072380288 21 0 14 0 
0.2681284165833206 21 0 18 0 
-1.3177067933022257 21 0 20 1 
0.7745220765052842 21 0 20 8 
-1.2363169083032308 21 0 21 0 
0.0463924984066989 21 1 0 15 
-0.3023051161158927 21 1 0 19 
-0.1569561379512735 21 1 0 22 
0.4659910660989852 21 1 1 14 
0.0279435912828924 21 1 1 18 
2.3973940390099631 21 1 1 21 
-0.2022024289427100 21 1 2 13 
0.7474225337275426 21 1 2 20 
-0.6362418227801567 21 1 3 12 
-0.1899525895952117 21 1 6 13 
-0.2434496762509307 21 1 6 20 
-0.1935954947010262 21 1 7 12 
0.0183293246197974 21 1 8 14 
-0.0214087408739458 21 1 8 18 
-0.3504399358775691 21 1 8 21 
1.6524543796143847 21 1 9 13 
-0.0495215445990912 21 1 9 20 
-0.2900202171089846 21 1 10 12 
0.6362418227801567 21 1 12 3 
0.1935954947010262 21 1 12 7 
0.2900202171089846 21 1 12 10 
0.2022024289427100 21 1 13 2 
0.1899525895952117 21 1 13 6 
-1.6524543796143847 21 1 13 9 
-0.4659910660989852 21 1 14 1 
-0.0183293246197974 21 1 14 8 
-0.0463924984066989 21 1 15 0 
-0.0279435912828924 21 1 18 1 
0.0214087408739458 21 1 18 8 
0.3023051161158927 21 1 19 0 
-0.7474225337275426 21 1 20 2 
0.2434496762509307 21 1 20 6 
0.0495215445990912 21 1 20 9 
-2.3973940390099631 21 1 21 1 
0.3504399358775691 21 1 21 8 
0.1569561379512735 21 1 22 0 
-0.0276424830535041 21 2 0 16 
0.2982201854702999 21 2 0 23 
0.9113598987830348 21 2 1 15 
-0.1821145523335105 21 2 1 19 
0.3666526503361496 21 2 1 22 
-0.5762730353520815 21 2 2 14 
0.1824001182244418 21 2 2 18 
2.5958324210899089 21 2 2 21 
0.0509198014279566 21 2 3 13 
0.0483705662987250 21 2 3 20 
-0.4381817544624528 21 2 4 12 
0.1427895624289301 21 2 6 14 
-0.5366774992517361 21 2 6 18 
-0.0298082560086190 21 2 6 21 
-0.0063979007453631 21 2 7 13 
-0.3787328784948083 21 2 7 20 
-0.3288930002704052 21 2 8 15 
-0.2657848935722666 21 2 8 19 
-0.1043582899260997 21 2 8 22 
1.9090856793461073 21 2 9 14 
0.1316007751935537 21 2 9 18 
0.1302243907072796 21 2 9 21 
-0.3470578038550804 21 2 10 13 
0.1616185038948485 21 2 10 20 
0.3501422482484111 21 2 11 12 
0.4381817544624528 21 2 12 4 
-0.3501422482484111 21 2 12 11 
-0.0509198014279566 21 2 13 3 
0.0063979007453631 21 2 13 7 
0.3470578038550804 21 2 13 10 
0.5762730353520815 21 2 14 2 
-0.1427895624289301 21 2 14 6 
-1.9090856793461073 21 2 14 9 
-0.9113598987830348 21 2 15 1 
0.3288930002704052 21 2 15 8 
0.0276424830535041 21 2 16 0 
-0.1824001182244418 21 2 18 2 
0.5366774992517361 21 2 18 6 
-0.1316007751935537 21 2 18 9 
0.1821145523335105 21 2 19 1 
0.2657848935722666 21 2 19 8 
-0.0483705662987250 21 2 20 3 
0.3787328784948083 21 2 20 7 
-0.1616185038948485 21 2 20 10 
-2.5958324210899089 21 2 21 2 
0.0298082560086190 21 2 21 6 
-0.1302243907072796 21 2 21 9 
-0.3666526503361496 21 2 22 1 
0.1043582899260997 21 2 22 8 
-0.2982201854702999 21 2 23 0 
-0.4290079584959792 21 3 0 17 
1.1752302553965568 21 3 1 16 
0.7264159269482509 21 3 1 23 
-0.1245808921637083 21 3 2 15 
0.0192615690253288 21 3 2 19 
0.5887180695743992 21 3 2 22 
-0.6113193142793794 21 3 3 14 
0.1952411642413276 21 3 3 18 
2.2312804675137325 21 3 3 21 
0.5048930896201567 21 3 4 13 
-0.4386730773792846 21 3 4 20 
-0.6126067021567083 21 3 5 12 
0.3068986389397985 21 3 6 15 
-0.5366774992517362 21 3 6 19 
0.2385472304130322 21 3 6 22 
0.2461636147663027 21 3 7 14 
-0.5366774992517362 21 3 7 18 
-0.3876291016281672 21 3 7 21 
-0.6308779776374944 21 3 8 16 
0.0035202678698536 21 3 8 23 
1.9599411298242644 21 3 9 15 
-0.3025319187695823 21 3 9 19 
0.2639690492844129 21 3 9 22 
-0.3611128690782887 21 3 10 14 
0.2894217959754240 21 3 10 18 
0.3561061133908437 21 3 10 21 
0.4811920249042567 21 3 11 13 
0.0956573319762844 21 3 11 20 
0.6126067021567083 21 3 12 5 
-0.5048930896201567 21 3 13 4 
-0.4811920249042567 21 3 13 11 
0.6113193142793794 21 3 14 3 
-0.2461636147663027 21 3 14 7 
0.3611128690782887 21 3 14 10 
0.1245808921637083 21 3 15 2 
-0.3068986389397985 21 3 15 6 
-1.9599411298242644 21 3 15 9 
-1.1752302553965568 21 3 16 1 
0.6308779776374944 21 3 16 8 
0.4290079584959792 21 3 17 0 
-0.1952411642413276 21 3 18 3 
0.5366774992517362 21 3 18 7 
-0.2894217959754240 21 3 18 10 
-0.0192615690253288 21 3 19 2 
0.5366774992517362 21 3 19 6 
0.3025319187695823 21 3 19 9 
0.4386730773792846 21 3 20 4 
-0.0956573319762844 21 3 20 11 
-2.2312804675137325 21 3 21 3 
0.3876291016281672 21 3 21 7 
-0.3561061133908437 21 3 21 10 
-0.5887180695743992 21 3 22 2 
-0.2385472304130322 21 3 22 6 
-0.2639690492844129 21 3 22 9 
-0.7264159269482509 21 3 23 1 
-0.0035202678698536 21 3 23 8 
0.2800992347794386 21 4 1 17 
1.0866551001192286 21 4 2 16 
1.0527274897119903 21 4 2 23 
-1.1880266104911432 21 4 3 15 
0.2184345151977844 21 4 3 19 
0.3666526503361496 21 4 3 22 
0.5380025398717464 21 4 4 14 
0.0664667293335499 21 4 4 18 
1.7033865912520989 21 4 4 21 
-0.1047012748710598 21 4 5 13 
-0.5576750336112156 21 4 5 20 
0.3023746399373937 21 4 6 16 
0.4138843351584941 21 4 6 23 
0.4705684641657512 21 4 7 15 
-0.7589765980622819 21 4 7 19 
-0.1686783642583249 21 4 7 22 
-0.7463407918601687 21 4 8 17 
1.8190157726011926 21 4 9 16 
0.2780846247376348 21 4 9 23 
-0.3470578038550804 21 4 10 15 
-0.2046521145574117 21 4 10 19 
0.5305419021180294 21 4 10 22 
0.4926189284816812 21 4 11 14 
0.3651722307268162 21 4 11 18 
0.2028550269180154 21 4 11 21 
0.1047012748710598 21 4 13 5 
-0.5380025398717464 21 4 14 4 
-0.4926189284816812 21 4 14 11 
1.1880266104911432 21 4 15 3 
-0.4705684641657512 21 4 15 7 
0.3470578038550804 21 4 15 10 
-1.0866551001192286 21 4 16 2 
-0.3023746399373937 21 4 16 6 
-1.8190157726011926 21 4 16 9 
-0.2800992347794386 21 4 17 1 
0.7463407918601687 21 4 17 8 
-0.0664667293335499 21 4 18 4 
-0.3651722307268162 21 4 18 11 
-0.2184345151977844 21 4 19 3 
0.7589765980622819 21 4 19 7 
0.2046521145574117 21 4 19 10 
0.5576750336112156 21 4 20 5 
-1.7033865912520989 21 4 21 4 
-0.2028550269180154 21 4 21 11 
-0.3666526503361496 21 4 22 3 
0.1686783642583249 21 4 22 7 
-0.5305419021180294 21 4 22 10 
-1.0527274897119903 21 4 23 2 
-0.4138843351584941 21 4 23 6 
-0.2780846247376348 21 4 23 9 
0.8718837348826177 21 5 2 17 
-0.2257025513712081 21 5 3 16 
1.0278750216542103 21 5 3 23 
-0.3641467730022498 21 5 4 15 
0.3310185679118523 21 5 4 19 
-0.1569561379512735 21 5 4 22 
0.4470594508987579 21 5 5 14 
-0.2039231864988913 21 5 5 18 
1.4117992052756716 21 5 5 21 
0.1292175654217158 21 5 6 17 
0.5605545455040420 21 5 7 16 
0.2721850125986986 21 5 7 23 
1.5003046492292291 21 5 9 17 
-0.2900202171089846 21 5 10 16 
0.6153890240082727 21 5 10 23 
0.3756935814198678 21 5 11 15 
0.0239356999534105 21 5 11 19 
0.2789520347189947 21 5 11 22 
-0.4470594508987579 21 5 14 5 
0.3641467730022498 21 5 15 4 
-0.3756935814198678 21 5 15 11 
0.2257025513712081 21 5 16 3 
-0.5605545455040420 21 5 16 7 
0.2900202171089846 21 5 16 10 
-0.8718837348826177 21 5 17 2 
-0.1292175654217158 21 5 17 6 
-1.5003046492292291 21 5 17 9 
0.2039231864988913 21 5 18 5 
-0.3310185679118523 21 5 19 4 
-0.0239356999534105 21 5 19 11 
-1.4117992052756716 21 5 21 5 
0.1569561379512735 21 5 22 4 
-0.2789520347189947 21 5 22 11 
-1.0278750216542103 21 5 23 3 
-0.2721850125986986 21 5 23 7 
-0.6153890240082727 21 5 23 10 
0.3178887684402019 21 6 0 16 
0.4899478444780319 21 6 0 23 
-0.2032778046426128 21 6 1 15 
1.4127227752958975 21 6 1 19 
-0.1686783642583249 21 6 1 22 
0.0047248050729287 21 6 2 14 
-0.9989458543484085 21 6 2 18 
-0.0298082560086190 21 6 2 21 
0.1943686267576729 21 6 3 13 
0.1032822631080008 21 6 3 20 
-0.3108454448911990 21 6 4 12 
-0.2174907210347557 21 6 6 14 
-0.3151830036977172 21 6 6 18 
1.2100903710273221 21 6 6 21 
0.3075783273776549 21 6 7 13 
-0.2887274379692703 21 6 7 20 
-0.0684106100592453 21 6 8 15 
-0.6324146178362077 21 6 8 19 
-0.0127617807239880 21 6 8 22 
0.1316007751935537 21 6 9 14 
1.1145581955332722 21 6 9 18 
0.1840004474338288 21 6 9 21 
-0.2046521145574117 21 6 10 13 
-0.3059363428468100 21 6 10 20 
0.2881404437690731 21 6 11 12 
0.3108454448911990 21 6 12 4 
-0.2881404437690731 21 6 12 11 
-0.1943686267576729 21 6 13 3 
-0.3075783273776549 21 6 13 7 
0.2046521145574117 21 6 13 10 
-0.0047248050729287 21 6 14 2 
0.2174907210347557 21 6 14 6 
-0.1316007751935537 21 6 14 9 
0.2032778046426128 21 6 15 1 
0.0684106100592453 21 6 15 8 
-0.3178887684402019 21 6 16 0 
0.9989458543484085 21 6 18 2 
0.3151830036977172 21 6 18 6 
-1.1145581955332722 21 6 18 9 
-1.4127227752958975 21 6 19 1 
0.6324146178362077 21 6 19 8 
-0.1032822631080008 21 6 20 3 
0.2887274379692703 21 6 20 7 
0.3059363428468100 21 6 20 10 
0.0298082560086190 21 6 21 2 
-1.2100903710273221 21 6 21 6 
-0.1840004474338288 21 6 21 9 
0.1686783642583249 21 6 22 1 
0.0127617807239880 21 6 22 8 
-0.4899478444780319 21 6 23 0 
0.2264407316765967 21 7 0 17 
0.0515878864325576 21 7 1 16 
-0.0730481598965538 21 7 1 23 
-0.1890272604628251 21 7 2 15 
0.9989458543484088 21 7 2 19 
0.2385472304130322 21 7 2 22 
0.1858773904142061 21 7 3 14 
-0.9989458543484088 21 7 3 18 
-0.3876291016281672 21 7 3 21 
-0.0421382762867002 21 7 4 13 
0.4382226742729499 21 7 4 20 
-0.2421900819196923 21 7 5 12 
-0.2174907210347557 21 7 6 15 
0.3151830036977173 21 7 6 19 
-0.3333937280679785 21 7 6 22 
0.2174907210347557 21 7 7 14 
0.3151830036977173 21 7 7 18 
1.3767872350613115 21 7 7 21 
0.2577206477338413 21 7 8 16 
0.3606328773313242 21 7 8 23 
-0.3025319187695823 21 7 9 15 
1.4796829453804612 21 7 9 19 
-0.0073680175363334 21 7 9 22 
0.2894217959754240 21 7 10 14 
-0.7302494996943776 21 7 10 18 
-0.1766324298974954 21 7 10 21 
-0.2256075364229227 21 7 11 13 
0.1913684649701622 21 7 11 20 
0.2421900819196923 21 7 12 5 
0.0421382762867002 21 7 13 4 
0.2256075364229227 21 7 13 11 
-0.1858773904142060 21 7 14 3 
-0.2174907210347557 21 7 14 7 
-0.2894217959754240 21 7 14 10 
0.1890272604628252 21 7 15 2 
0.2174907210347557 21 7 15 6 
0.3025319187695823 21 7 15 9 
-0.0515878864325576 21 7 16 1 
-0.2577206477338413 21 7 16 8 
-0.2264407316765967 21 7 17 0 
0.9989458543484088 21 7 18 3 
-0.3151830036977173 21 7 18 7 
0.7302494996943776 21 7 18 10 
-0.9989458543484088 21 7 19 2 
-0.3151830036977173 21 7 19 6 
-1.4796829453804612 21 7 19 9 
-0.4382226742729499 21 7 20 4 
-0.1913684649701622 21 7 20 11 
0.3876291016281672 21 7 21 3 
-1.3767872350613115 21 7 21 7 
0.1766324298974954 21 7 21 10 
-0.2385472304130322 21 7 22 2 
0.3333937280679785 21 7 22 6 
0.0073680175363334 21 7 22 9 
0.0730481598965538 21 7 23 1 
-0.3606328773313242 21 7 23 8 
-0.1686563619744533 21 8 0 15 
0.1211764176663306 21 8 0 19 
-0.2789520347189947 21 8 0 22 
-0.2401517293534123 21 8 1 14 
-0.1055616434689416 21 8 1 18 
-0.3504399358775691 21 8 1 21 
0.7065797128344374 21 8 2 13 
0.5819878360744077 21 8 2 20 
-0.8743083156972680 21 8 3 12 
0.0199451400779794 21 8 6 13 
0.1692644123611619 21 8 6 20 
-0.1594652819819371 21 8 7 12 
0.3977137078615461 21 8 8 14 
-0.1692644123611619 21 8 8 18 
1.4840429331058480 21 8 8 21 
-0.0495215445990912 21 8 9 13 
1.3896734210052346 21 8 9 20 
-0.6153890240082727 21 8 10 12 
0.8743083156972680 21 8 12 3 
0.1594652819819371 21 8 12 7 
0.6153890240082727 21 8 12 10 
-0.7065797128344374 21 8 13 2 
-0.0199451400779794 21 8 13 6 
0.0495215445990912 21 8 13 9 
0.2401517293534123 21 8 14 1 
-0.3977137078615461 21 8 14 8 
0.1686563619744533 21 8 15 0 
0.1055616434689416 21 8 18 1 
0.1692644123611619 21 8 18 8 
-0.1211764176663306 21 8 19 0 
-0.5819878360744077 21 8 20 2 
-0.1692644123611619 21 8 20 6 
-1.3896734210052346 21 8 20 9 
0.3504399358775691 21 8 21 1 
-1.4840429331058480 21 8 21 8 
0.2789520347189947 21 8 22 0 
-0.1253882655719211 21 9 0 16 
-0.2094144082711565 21 9 0 23 
-0.6492719610348944 21 9 1 15 
-0.0296584267679079 21 9 1 19 
-0.5305419021180294 21 9 1 22 
0.9742845500440457 21 9 2 14 
-0.0419433493738246 21 9 2 18 
0.1302243907072796 21 9 2 21 
-0.6492719610348944 21 9 3 13 
0.4904458630870120 21 9 3 20 
-0.1253882655719211 21 9 4 12 
-0.0419433493738246 21 9 6 14 
0.0964511647369568 21 9 6 18 
0.1840004474338288 21 9 6 21 
-0.0296584267679079 21 9 7 13 
-0.3186981235707979 21 9 7 20 
0.4904458630870120 21 9 8 15 
-0.3186981235707979 21 9 8 19 
0.4389395447558401 21 9 8 22 
0.1302243907072796 21 9 9 14 
0.1840004474338288 21 9 9 18 
2.3668726254655708 21 9 9 21 
-0.5305419021180294 21 9 10 13 
0.4389395447558401 21 9 10 20 
-0.2094144082711565 21 9 11 12 
0.1253882655719211 21 9 12 4 
0.2094144082711565 21 9 12 11 
0.6492719610348944 21 9 13 3 
0.0296584267679079 21 9 13 7 
0.5305419021180294 21 9 13 10 
-0.9742845500440457 21 9 14 2 
0.0419433493738246 21 9 14 6 
-0.1302243907072796 21 9 14 9 
0.6492719610348944 21 9 15 1 
-0.4904458630870120 21 9 15 8 
0.1253882655719211 21 9 16 0 
0.0419433493738246 21 9 18 2 
-0.0964511647369568 21 9 18 6 
-0.1840004474338288 21 9 18 9 
0.0296584267679079 21 9 19 1 
0.3186981235707979 21 9 19 8 
-0.4904458630870120 21 9 20 3 
0.3186981235707979 21 9 20 7 
-0.4389395447558401 21 9 20 10 
-0.1302243907072796 21 9 21 2 
-0.1840004474338288 21 9 21 6 
-2.3668726254655708 21 9 21 9 
0.5305419021180294 21 9 22 1 
-0.4389395447558401 21 9 22 8 
0.2094144082711565 21 9 23 0 
0.2214121683566131 21 10 0 17 
-1.2072066103400581 21 10 1 16 
-0.4596419923231446 21 10 1 23 
1.1428673849598545 21 10 2 15 
-0.1083144067673414 21 10 2 19 
-0.2639690492844129 21 10 2 22 
-0.5996497728579092 21 10 3 14 
0.0453993827066045 21 10 3 18 
0.3561061133908437 21 10 3 21 
0.1488090546761286 21 10 4 13 
0.2339531988642862 21 10 4 20 
-0.3616005110564193 21 10 5 12 
-0.1083144067673414 21 10 6 15 
0.3718040733852858 21 10 6 19 
0.0073680175363334 21 10 6 22 
0.0453993827066045 21 10 7 14 
-0.3235784910168074 21 10 7 18 
-0.1766324298974954 21 10 7 21 
0.4596419923231446 21 10 8 16 
0.6265011695533746 21 10 8 23 
0.2639690492844129 21 10 9 15 
-0.0073680175363334 21 10 9 19 
0.8898831836132387 21 10 9 22 
-0.3561061133908437 21 10 10 14 
0.1766324298974954 21 10 10 18 
1.8571222383364665 21 10 10 21 
-0.2339531988642862 21 10 11 13 
-0.2463683730692400 21 10 11 20 
0.3616005110564193 21 10 12 5 
-0.1488090546761286 21 10 13 4 
0.2339531988642862 21 10 13 11 
0.5996497728579092 21 10 14 3 
-0.0453993827066045 21 10 14 7 
0.3561061133908437 21 10 14 10 
-1.1428673849598545 21 10 15 2 
0.1083144067673414 21 10 15 6 
-0.2639690492844129 21 10 15 9 
1.2072066103400581 21 10 16 1 
-0.4596419923231446 21 10 16 8 
-0.2214121683566131 21 10 17 0 
-0.0453993827066045 21 10 18 3 
0.3235784910168074 21 10 18 7 
-0.1766324298974954 21 10 18 10 
0.1083144067673414 21 10 19 2 
-0.3718040733852858 21 10 19 6 
0.0073680175363334 21 10 19 9 
-0.2339531988642862 21 10 20 4 
0.2463683730692400 21 10 20 11 
-0.3561061133908437 21 10 21 3 
0.1766324298974954 21 10 21 7 
-1.8571222383364665 21 10 21 10 
0.2639690492844129 21 10 22 2 
-0.0073680175363334 21 10 22 6 
-0.8898831836132387 21 10 22 9 
0.4596419923231446 21 10 23 1 
-0.6265011695533746 21 10 23 8 
-1.1278692544329005 21 11 1 17 
0.6446491678765960 21 11 2 16 
-0.4482431774972744 21 11 2 23 
-0.1841263907436352 21 11 3 15 
-0.1129627017826323 21 11 3 19 
0.1043582899260997 21 11 3 22 
0.0134948730846962 21 11 4 14 
0.1083834828687286 21 11 4 18 
0.2028550269180154 21 11 4 21 
-0.1299266911630246 21 11 5 13 
0.0602213510227006 21 11 5 20 
-0.1426300842251135 21 11 6 16 
-0.3606328773313242 21 11 6 23 
0.0645306936792479 21 11 7 15 
-0.0835291588868024 21 11 7 19 
0.0127617807239880 21 11 7 22 
0.3515843305199685 21 11 8 17 
0.2780846247376348 21 11 9 16 
1.0095406245211005 21 11 9 23 
-0.1616185038948485 21 11 10 15 
0.3059363428468100 21 11 10 19 
0.4389395447558401 21 11 10 22 
-0.1718319851779821 21 11 11 14 
-0.1913684649701622 21 11 11 18 
1.1039101366217139 21 11 11 21 
0.1299266911630246 21 11 13 5 
-0.0134948730846962 21 11 14 4 
0.1718319851779821 21 11 14 11 
0.1841263907436352 21 11 15 3 
-0.0645306936792479 21 11 15 7 
0.1616185038948485 21 11 15 10 
-0.6446491678765960 21 11 16 2 
0.1426300842251135 21 11 16 6 
-0.2780846247376348 21 11 16 9 
1.1278692544329005 21 11 17 1 
-0.3515843305199685 21 11 17 8 
-0.1083834828687286 21 11 18 4 
0.1913684649701622 21 11 18 11 
0.1129627017826323 21 11 19 3 
0.0835291588868024 21 11 19 7 
-0.3059363428468100 21 11 19 10 
-0.0602213510227006 21 11 20 5 
-0.2028550269180154 21 11 21 4 
-1.1039101366217139 21 11 21 11 
-0.1043582899260997 21 11 22 3 
-0.0127617807239880 21 11 22 7 
-0.4389395447558401 21 11 22 10 
0.4482431774972744 21 11 23 2 
0.3606328773313242 21 11 23 6 
-1.0095406245211005 21 11 23 9 
0.7920217713053178 21 12 12 14 
0.4231994005493061 21 12 12 18 
0.0602647192264699 21 12 12 21 
1.0375607107891867 21 12 13 20 
-0.7920217713053178 21 12 14 12 
-0.4231994005493061 21 12 18 12 
-1.0375607107891867 21 12 20 13 
-0.0602647192264699 21 12 21 12 
0.6826343211868555 21 13 12 15 
-0.1087096214148664 21 13 12 19 
0.1330640791577111 21 13 12 22 
0.6681934950416950 21 13 13 14 
0.2178961808781040 21 13 13 18 
0.7449396593955777 21 13 13 21 
-0.6681934950416950 21 13 14 13 
0.7290932091077451 21 13 14 20 
-0.6826343211868555 21 13 15 12 
-0.2178961808781040 21 13 18 13 
-0.2220409353769849 21 13 18 20 
0.1087096214148664 21 13 19 12 
-0.7290932091077451 21 13 20 14 
0.2220409353769849 21 13 20 18 
-0.3009183912784777 21 13 20 21 
-0.7449396593955777 21 13 21 13 
0.3009183912784777 21 13 21 20 
-0.1330640791577111 21 13 22 12 
0.4105392714089486 21 14 12 16 
-0.0519220627781111 21 14 12 23 
0.8604400973550779 21 14 13 15 
-0.1757166515881474 21 14 13 19 
0.7137104541912299 21 14 13 22 
0.0396105557955117 21 14 14 18 
0.6867467417438013 21 14 14 21 
-0.8604400973550779 21 14 15 13 
0.3772635665691301 21 14 15 20 
-0.4105392714089486 21 14 16 12 
-0.0396105557955117 21 14 18 14 
-0.1614090312021726 21 14 18 21 
0.1757166515881474 21 14 19 13 
-0.1129479849225417 21 14 19 20 
-0.3772635665691301 21 14 20 15 
0.1129479849225417 21 14 20 19 
-0.2659767938209481 21 14 20 22 
-0.6867467417438013 21 14 21 14 
0.1614090312021726 21 14 21 18 
-0.7137104541912299 21 14 22 13 
0.2659767938209481 21 14 22 20 
0.0519220627781111 21 14 23 12 
0.1835987436607290 21 15 12 17 
0.6703371657764001 21 15 13 16 
0.2452239020439941 21 15 13 23 
0.4867384221156710 21 15 14 15 
-0.2269020457409739 21 15 14 19 
0.9498309386526880 21 15 14 22 
-0.4867384221156710 21 15 15 14 
-0.1116574746984709 21 15 15 18 
0.2713393376894683 21 15 15 21 
-0.6703371657764001 21 15 16 13 
0.1922049002582099 21 15 16 20 
-0.1835987436607290 21 15 17 12 
0.1116574746984709 21 15 18 15 
-0.0508745655623919 21 15 18 22 
0.2269020457409739 21 15 19 14 
-0.0850971828585849 21 15 19 21 
-0.1922049002582099 21 15 20 16 
-0.0921370641064308 21 15 20 23 
-0.2713393376894683 21 15 21 15 
0.0850971828585849 21 15 21 19 
-0.0921370641064308 21 15 21 22 
-0.9498309386526880 21 15 22 14 
0.0508745655623919 21 15 22 18 
0.0921370641064308 21 15 22 21 
-0.2452239020439941 21 15 23 13 
0.0921370641064308 21 15 23 20 
0.3848005096504983 21 16 13 17 
0.5486525602474822 21 16 14 16 
0.5601085612303089 21 16 14 23 
-0.2521339489679668 21 16 15 19 
0.7137104541912299 21 16 15 22 
-0.5486525602474822 21 16 16 14 
-0.2359079106038438 21 16 16 18 
-0.1156291813490938 21 16 16 21 
-0.3848005096504983 21 16 17 13 
0.1886657582489533 21 16 17 20 
0.2359079106038438 21 16 18 16 
0.0487121044316779 21 16 18 23 
0.2521339489679668 21 16 19 15 
0.0359737502990869 21 16 19 22 
-0.1886657582489533 21 16 20 17 
0.1156291813490938 21 16 21 16 
0.0752295978196195 21 16 21 23 
-0.7137104541912299 21 16 22 15 
-0.0359737502990869 21 16 22 19 
-0.5601085612303089 21 16 23 14 
-0.0487121044316779 21 16 23 18 
-0.0752295978196195 21 16 23 21 
0.4248242839838597 21 17 14 17 
0.1384442216310417 21 17 15 16 
0.6521814402343425 21 17 15 23 
-0.1384442216310417 21 17 16 15 
-0.2295359775921898 21 17 16 19 
0.1330640791577111 21 17 16 22 
-0.4248242839838597 21 17 17 14 
-0.3331407519206071 21 17 17 18 
-0.0885054439535576 21 17 17 21 
0.3331407519206071 21 17 18 17 
0.2295359775921898 21 17 19 16 
0.2482493126452881 21 17 19 23 
0.0885054439535576 21 17 21 17 
-0.1330640791577111 21 17 22 16 
0.3364369892892780 21 17 22 23 
-0.6521814402343425 21 17 23 15 
-0.2482493126452881 21 17 23 19 
-0.3364369892892780 21 17 23 22 
0.6287342133314007 21 18 12 16 
0.2018074007089588 21 18 12 23 
-0.3976464314002857 21 18 13 15 
1.1051444479182426 21 18 13 19 
0.0359737502990869 21 18 13 22 
-0.7814551333136527 21 18 14 18 
-0.1614090312021726 21 18 14 21 
0.3976464314002857 21 18 15 13 
0.1716928731672461 21 18 15 20 
-0.6287342133314007 21 18 16 12 
0.7814551333136527 21 18 18 14 
0.0955321754940501 21 18 18 21 
-1.1051444479182426 21 18 19 13 
0.3436871798669372 21 18 19 20 
-0.1716928731672461 21 18 20 15 
-0.3436871798669372 21 18 20 19 
0.2931745621228219 21 18 20 22 
0.1614090312021726 21 18 21 14 
-0.0955321754940501 21 18 21 18 
-0.0359737502990869 21 18 22 13 
-0.2931745621228219 21 18 22 20 
-0.2018074007089588 21 18 23 12 
0.4686308135962888 21 19 12 17 
0.0937261627192578 21 19 13 16 
0.1525593765263688 21 19 13 23 
-0.3749046508770311 21 19 14 15 
0.7814551333136529 21 19 14 19 
-0.0508745655623919 21 19 14 22 
0.3749046508770311 21 19 15 14 
-0.7814551333136529 21 19 15 18 
-0.0850971828585849 21 19 15 21 
-0.0937261627192578 21 19 16 13 
0.1805020265391086 21 19 16 20 
-0.4686308135962888 21 19 17 12 
0.7814551333136529 21 19 18 15 
0.3968557716263991 21 19 18 22 
-0.7814551333136529 21 19 19 14 
-0.1028957103191494 21 19 19 21 
-0.1805020265391086 21 19 20 16 
0.1692644123611619 21 19 20 23 
0.0850971828585849 21 19 21 15 
0.1028957103191494 21 19 21 19 
0.1692644123611619 21 19 21 22 
0.0508745655623919 21 19 22 14 
-0.3968557716263991 21 19 22 18 
-0.1692644123611619 21 19 22 21 
-0.1525593765263688 21 19 23 13 
-0.1692644123611619 21 19 23 20 
0.7056519537228146 21 20 12 15 
0.2806416996482677 21 20 12 19 
0.3364369892892780 21 20 12 22 
-0.9467314421878495 21 20 13 14 
-0.1255067835469210 21 20 13 18 
-0.3009183912784777 21 20 13 21 
0.9467314421878495 21 20 14 13 
0.1842741282128616 21 20 14 20 
-0.7056519537228146 21 20 15 12 
0.1255067835469210 21 20 18 13 
0.3385288247223238 21 20 18 20 
-0.2806416996482677 21 20 19 12 
-0.1842741282128616 21 20 20 14 
-0.3385288247223238 21 20 20 18 
0.0943695121006135 21 20 20 21 
0.3009183912784777 21 20 21 13 
-0.0943695121006135 21 20 21 20 
-0.3364369892892780 21 20 22 12 
0.5830126794130323 21 22 12 17 
-1.3560156650161861 21 22 13 16 
-0.2256887934588583 21 22 13 23 
1.7425171578177632 21 22 14 15 
-0.1537137894739458 21 22 14 19 
0.0921370641064308 21 22 14 22 
-1.7425171578177632 21 22 15 14 
0.1537137894739458 21 22 15 18 
0.0921370641064308 21 22 15 21 
1.3560156650161861 21 22 16 13 
-0.2256887934588583 21 22 16 20 
-0.5830126794130323 21 22 17 12 
-0.1537137894739458 21 22 18 15 
0.6953825644020930 21 22 18 19 
-0.1692644123611619 21 22 18 22 
0.1537137894739458 21 22 19 14 
-0.6953825644020930 21 22 19 18 
-0.1692644123611619 21 22 19 21 
0.2256887934588583 21 22 20 16 
0.8728695426226144 21 22 20 23 
-0.0921370641064308 21 22 21 15 
0.1692644123611619 21 22 21 19 
-0.9672390547232278 21 22 21 22 
-0.0921370641064308 21 22 22 14 
0.1692644123611619 21 22 22 18 
0.9672390547232278 21 22 22 21 
0.2256887934588583 21 22 23 13 
-0.8728695426226144 21 22 23 20 
-0.9979425632698761 21 23 13 17 
0.6311542947918997 21 23 14 16 
-0.2764111923192923 21 23 14 23 
-0.1774933954618802 21 23 15 19 
0.2659767938209481 21 23 15 22 
-0.6311542947918997 21 23 16 14 
0.2510135670938421 21 23 16 18 
-0.0752295978196195 21 23 16 21 
0.9979425632698761 21 23 17 13 
-0.2913629794972679 21 23 17 20 
-0.2510135670938421 21 23 18 16 
-0.1692644123611619 21 23 18 23 
0.1774933954618802 21 23 19 15 
-0.2931745621228219 21 23 19 22 
0.2913629794972679 21 23 20 17 
0.0752295978196195 21 23 21 16 
-0.0943695121006135 21 23 21 23 
-0.2659767938209481 21 23 22 15 
0.2931745621228219 21 23 22 19 
0.2764111923192923 21 23 23 14 
0.1692644123611619 21 23 23 18 
0.0943695121006135 21 23 23 21 
-0.4470594508987579 22 0 0 15 
0.2039231864988913 22 0 0 19 
1.4117992052756716 22 0 0 22 
0.3641467730022498 22 0 1 14 
-0.3310185679118523 22 0 1 18 
-0.1569561379512735 22 0 1 21 
0.2257025513712081 22 0 2 13 
1.0278750216542103 22 0 2 20 
-0.8718837348826177 22 0 3 12 
-0.5605545455040420 22 0 6 13 
0.2721850125986986 22 0 6 20 
-0.1292175654217158 22 0 7 12 
0.3756935814198678 22 0 8 14 
0.0239356999534105 22 0 8 18 
-0.2789520347189947 22 0 8 21 
-0.2900202171089846 22 0 9 13 
-0.6153890240082727 22 0 9 20 
1.5003046492292291 22 0 10 12 
0.8718837348826177 22 0 12 3 
0.1292175654217158 22 0 12 7 
-1.5003046492292291 22 0 12 10 
-0.2257025513712081 22 0 13 2 
0.5605545455040420 22 0 13 6 
0.2900202171089846 22 0 13 9 
-0.3641467730022498 22 0 14 1 
-0.3756935814198678 22 0 14 8 
0.4470594508987579 22 0 15 0 
0.3310185679118523 22 0 18 1 
-0.0239356999534105 22 0 18 8 
-0.2039231864988913 22 0 19 0 
-1.0278750216542103 22 0 20 2 
-0.2721850125986986 22 0 20 6 
0.6153890240082727 22 0 20 9 
0.1569561379512735 22 0 21 1 
0.2789520347189947 22 0 21 8 
-1.4117992052756716 22 0 22 0 
0.1047012748710598 22 1 0 16 
-0.5576750336112156 22 1 0 23 
-0.5380025398717464 22 1 1 15 
-0.0664667293335499 22 1 1 19 
1.7033865912520989 22 1 1 22 
1.1880266104911432 22 1 2 14 
-0.2184345151977844 22 1 2 18 
0.3666526503361496 22 1 2 21 
-1.0866551001192286 22 1 3 13 
1.0527274897119903 22 1 3 20 
-0.2800992347794386 22 1 4 12 
-0.4705684641657512 22 1 6 14 
0.7589765980622819 22 1 6 18 
-0.1686783642583249 22 1 6 21 
-0.3023746399373937 22 1 7 13 
0.4138843351584941 22 1 7 20 
0.4926189284816812 22 1 8 15 
0.3651722307268162 22 1 8 19 
-0.2028550269180154 22 1 8 22 
-0.3470578038550804 22 1 9 14 
-0.2046521145574117 22 1 9 18 
-0.5305419021180294 22 1 9 21 
1.8190157726011926 22 1 10 13 
-0.2780846247376348 22 1 10 20 
-0.7463407918601687 22 1 11 12 
0.2800992347794386 22 1 12 4 
0.7463407918601687 22 1 12 11 
1.0866551001192286 22 1 13 3 
0.3023746399373937 22 1 13 7 
-1.8190157726011926 22 1 13 10 
-1.1880266104911432 22 1 14 2 
0.4705684641657512 22 1 14 6 
0.3470578038550804 22 1 14 9 
0.5380025398717464 22 1 15 1 
-0.4926189284816812 22 1 15 8 
-0.1047012748710598 22 1 16 0 
0.2184345151977844 22 1 18 2 
-0.7589765980622819 22 1 18 6 
0.2046521145574117 22 1 18 9 
0.0664667293335499 22 1 19 1 
-0.3651722307268162 22 1 19 8 
-1.0527274897119903 22 1 20 3 
-0.4138843351584941 22 1 20 7 
0.2780846247376348 22 1 20 10 
-0.3666526503361496 22 1 21 2 
0.1686783642583249 22 1 21 6 
0.5305419021180294 22 1 21 9 
-1.7033865912520989 22 1 22 1 
0.2028550269180154 22 1 22 8 
0.5576750336112156 22 1 23 0 
0.6126067021567083 22 2 0 17 
-0.5048930896201567 22 2 1 16 
-0.4386730773792846 22 2 1 23 
0.6113193142793794 22 2 2 15 
-0.1952411642413276 22 2 2 19 
2.2312804675137325 22 2 2 22 
0.1245808921637083 22 2 3 14 
-0.0192615690253288 22 2 3 18 
0.5887180695743992 22 2 3 21 
-1.1752302553965568 22 2 4 13 
0.7264159269482509 22 2 4 20 
0.4290079584959792 22 2 5 12 
-0.2461636147663027 22 2 6 15 
0.5366774992517362 22 2 6 19 
-0.3876291016281672 22 2 6 22 
-0.3068986389397985 22 2 7 14 
0.5366774992517362 22 2 7 18 
0.2385472304130322 22 2 7 21 
0.4811920249042567 22 2 8 16 
-0.0956573319762844 22 2 8 23 
-0.3611128690782887 22 2 9 15 
0.2894217959754240 22 2 9 19 
-0.3561061133908437 22 2 9 22 
1.9599411298242644 22 2 10 14 
-0.3025319187695823 22 2 10 18 
-0.2639690492844129 22 2 10 21 
-0.6308779776374944 22 2 11 13 
-0.0035202678698536 22 2 11 20 
-0.4290079584959792 22 2 12 5 
1.1752302553965568 22 2 13 4 
0.6308779776374944 22 2 13 11 
-0.1245808921637083 22 2 14 3 
0.3068986389397985 22 2 14 7 
-1.9599411298242644 22 2 14 10 
-0.6113193142793794 22 2 15 2 
0.2461636147663027 22 2 15 6 
0.3611128690782887 22 2 15 9 
0.5048930896201567 22 2 16 1 
-0.4811920249042567 22 2 16 8 
-0.6126067021567083 22 2 17 0 
0.0192615690253288 22 2 18 3 
-0.5366774992517362 22 2 18 7 
0.3025319187695823 22 2 18 10 
0.1952411642413276 22 2 19 2 
-0.5366774992517362 22 2 19 6 
-0.2894217959754240 22 2 19 9 
-0.7264159269482509 22 2 20 4 
0.0035202678698536 22 2 20 11 
-0.5887180695743992 22 2 21 3 
-0.2385472304130322 22 2 21 7 
0.2639690492844129 22 2 21 10 
-2.2312804675137325 22 2 22 2 
0.3876291016281672 22 2 22 6 
0.3561061133908437 22 2 22 9 
0.4386730773792846 22 2 23 1 
0.0956573319762844 22 2 23 8 
0.4381817544624528 22 3 1 17 
-0.0509198014279566 22 3 2 16 
0.0483705662987250 22 3 2 23 
0.5762730353520815 22 3 3 15 
-0.1824001182244418 22 3 3 19 
2.5958324210899089 22 3 3 22 
-0.9113598987830348 22 3 4 14 
0.1821145523335105 22 3 4 18 
0.3666526503361496 22 3 4 21 
0.0276424830535041 22 3 5 13 
0.2982201854702999 22 3 5 20 
0.0063979007453631 22 3 6 16 
-0.3787328784948083 22 3 6 23 
-0.1427895624289301 22 3 7 15 
0.5366774992517361 22 3 7 19 
-0.0298082560086190 22 3 7 22 
0.3501422482484111 22 3 8 17 
-0.3470578038550804 22 3 9 16 
-0.1616185038948485 22 3 9 23 
1.9090856793461073 22 3 10 15 
0.1316007751935537 22 3 10 19 
-0.1302243907072796 22 3 10 22 
-0.3288930002704052 22 3 11 14 
-0.2657848935722666 22 3 11 18 
0.1043582899260997 22 3 11 21 
-0.0276424830535041 22 3 13 5 
0.9113598987830348 22 3 14 4 
0.3288930002704052 22 3 14 11 
-0.5762730353520815 22 3 15 3 
0.1427895624289301 22 3 15 7 
-1.9090856793461073 22 3 15 10 
0.0509198014279566 22 3 16 2 
-0.0063979007453631 22 3 16 6 
0.3470578038550804 22 3 16 9 
-0.4381817544624528 22 3 17 1 
-0.3501422482484111 22 3 17 8 
-0.1821145523335105 22 3 18 4 
0.2657848935722666 22 3 18 11 
0.1824001182244418 22 3 19 3 
-0.5366774992517361 22 3 19 7 
-0.1316007751935537 22 3 19 10 
-0.2982201854702999 22 3 20 5 
-0.3666526503361496 22 3 21 4 
-0.1043582899260997 22 3 21 11 
-2.5958324210899089 22 3 22 3 
0.0298082560086190 22 3 22 7 
0.1302243907072796 22 3 22 10 
-0.0483705662987250 22 3 23 2 
0.3787328784948083 22 3 23 6 
0.1616185038948485 22 3 23 9 
0.6362418227801567 22 4 2 17 
0.2022024289427100 22 4 3 16 
0.7474225337275426 22 4 3 23 
-0.4659910660989852 22 4 4 15 
-0.0279435912828924 22 4 4 19 
2.3973940390099631 22 4 4 22 
-0.0463924984066989 22 4 5 14 
0.3023051161158927 22 4 5 18 
-0.1569561379512735 22 4 5 21 
0.1935954947010262 22 4 6 17 
0.1899525895952117 22 4 7 16 
-0.2434496762509307 22 4 7 23 
-0.2900202171089846 22 4 9 17 
1.6524543796143847 22 4 10 16 
0.0495215445990912 22 4 10 23 
0.0183293246197974 22 4 11 15 
-0.0214087408739458 22 4 11 19 
0.3504399358775691 22 4 11 22 
0.0463924984066989 22 4 14 5 
0.4659910660989852 22 4 15 4 
-0.0183293246197974 22 4 15 11 
-0.2022024289427100 22 4 16 3 
-0.1899525895952117 22 4 16 7 
-1.6524543796143847 22 4 16 10 
-0.6362418227801567 22 4 17 2 
-0.1935954947010262 22 4 17 6 
0.2900202171089846 22 4 17 9 
-0.3023051161158927 22 4 18 5 
0.0279435912828924 22 4 19 4 
0.0214087408739458 22 4 19 11 
0.1569561379512735 22 4 21 5 
-2.3973940390099631 22 4 22 4 
-0.3504399358775691 22 4 22 11 
-0.7474225337275426 22 4 23 3 
0.2434496762509307 22 4 23 7 
-0.0495215445990912 22 4 23 10 
1.0554824785433468 22 5 3 17 
-0.8341729142855514 22 5 4 16 
1.3177067933022257 22 5 4 23 
0.2634607072380288 22 5 5 15 
0.2681284165833206 22 5 5 19 
1.2363169083032308 22 5 5 22 
0.6913278171326267 22 5 7 17 
1.1760521890767608 22 5 10 17 
0.2801460825130388 22 5 11 16 
0.7745220765052842 22 5 11 23 
-0.2634607072380288 22 5 15 5 
0.8341729142855514 22 5 16 4 
-0.2801460825130388 22 5 16 11 
-1.0554824785433468 22 5 17 3 
-0.6913278171326267 22 5 17 7 
-1.1760521890767608 22 5 17 10 
-0.2681284165833206 22 5 19 5 
-1.2363169083032308 22 5 22 5 
-1.3177067933022257 22 5 23 4 
-0.7745220765052842 22 5 23 11 
0.2421900819196923 22 6 0 17 
0.0421382762867002 22 6 1 16 
0.4382226742729499 22 6 1 23 
-0.1858773904142060 22 6 2 15 
0.9989458543484088 22 6 2 19 
-0.3876291016281672 22 6 2 22 
0.1890272604628252 22 6 3 14 
-0.9989458543484088 22 6 3 18 
0.2385472304130322 22 6 3 21 
-0.0515878864325576 22 6 4 13 
-0.0730481598965538 22 6 4 20 
-0.2264407316765967 22 6 5 12 
-0.2174907210347557 22 6 6 15 
-0.3151830036977173 22 6 6 19 
1.3767872350613115 22 6 6 22 
0.2174907210347557 22 6 7 14 
-0.3151830036977173 22 6 7 18 
-0.3333937280679785 22 6 7 21 
-0.2256075364229227 22 6 8 16 
-0.1913684649701622 22 6 8 23 
0.2894217959754240 22 6 9 15 
-0.7302494996943776 22 6 9 19 
0.1766324298974954 22 6 9 22 
-0.3025319187695823 22 6 10 14 
1.4796829453804612 22 6 10 18 
0.0073680175363334 22 6 10 21 
0.2577206477338413 22 6 11 13 
-0.3606328773313242 22 6 11 20 
0.2264407316765967 22 6 12 5 
0.0515878864325576 22 6 13 4 
-0.2577206477338413 22 6 13 11 
-0.1890272604628251 22 6 14 3 
-0.2174907210347557 22 6 14 7 
0.3025319187695823 22 6 14 10 
0.1858773904142061 22 6 15 2 
0.2174907210347557 22 6 15 6 
-0.2894217959754240 22 6 15 9 
-0.0421382762867002 22 6 16 1 
0.2256075364229227 22 6 16 8 
-0.2421900819196923 22 6 17 0 
0.9989458543484088 22 6 18 3 
0.3151830036977173 22 6 18 7 
-1.4796829453804612 22 6 18 10 
-0.9989458543484088 22 6 19 2 
0.3151830036977173 22 6 19 6 
0.7302494996943776 22 6 19 9 
0.0730481598965538 22 6 20 4 
0.3606328773313242 22 6 20 11 
-0.2385472304130322 22 6 21 3 
0.3333937280679785 22 6 21 7 
-0.0073680175363334 22 6 21 10 
0.3876291016281672 22 6 22 2 
-1.3767872350613115 22 6 22 6 
-0.1766324298974954 22 6 22 9 
-0.4382226742729499 22 6 23 1 
0.1913684649701622 22 6 23 8 
0.3108454448911990 22 7 1 17 
-0.1943686267576729 22 7 2 16 
0.1032822631080008 22 7 2 23 
-0.0047248050729287 22 7 3 15 
0.9989458543484085 22 7 3 19 
-0.0298082560086190 22 7 3 22 
0.2032778046426128 22 7 4 14 
-1.4127227752958975 22 7 4 18 
-0.1686783642583249 22 7 4 21 
-0.3178887684402019 22 7 5 13 
0.4899478444780319 22 7 5 20 
-0.3075783273776549 22 7 6 16 
-0.2887274379692703 22 7 6 23 
0.2174907210347557 22 7 7 15 
0.3151830036977172 22 7 7 19 
1.2100903710273221 22 7 7 22 
0.2881404437690731 22 7 8 17 
-0.2046521145574117 22 7 9 16 
0.3059363428468100 22 7 9 23 
0.1316007751935537 22 7 10 15 
1.1145581955332722 22 7 10 19 
-0.1840004474338288 22 7 10 22 
-0.0684106100592453 22 7 11 14 
-0.6324146178362077 22 7 11 18 
0.0127617807239880 22 7 11 21 
0.3178887684402019 22 7 13 5 
-0.2032778046426128 22 7 14 4 
0.0684106100592453 22 7 14 11 
0.0047248050729287 22 7 15 3 
-0.2174907210347557 22 7 15 7 
-0.1316007751935537 22 7 15 10 
0.1943686267576729 22 7 16 2 
0.3075783273776549 22 7 16 6 
0.2046521145574117 22 7 16 9 
-0.3108454448911990 22 7 17 1 
-0.2881404437690731 22 7 17 8 
1.4127227752958975 22 7 18 4 
0.6324146178362077 22 7 18 11 
-0.9989458543484085 22 7 19 3 
-0.3151830036977172 22 7 19 7 
-1.1145581955332722 22 7 19 10 
-0.4899478444780319 22 7 20 5 
0.1686783642583249 22 7 21 4 
-0.0127617807239880 22 7 21 11 
0.0298082560086190 22 7 22 3 
-1.2100903710273221 22 7 22 7 
0.1840004474338288 22 7 22 10 
-0.1032822631080008 22 7 23 2 
0.2887274379692703 22 7 23 6 
-0.3059363428468100 22 7 23 9 
-0.1299266911630246 22 8 0 16 
-0.0602213510227006 22 8 0 23 
0.0134948730846962 22 8 1 15 
0.1083834828687286 22 8 1 19 
-0.2028550269180154 22 8 1 22 
-0.1841263907436352 22 8 2 14 
-0.1129627017826323 22 8 2 18 
-0.1043582899260997 22 8 2 21 
0.6446491678765960 22 8 3 13 
0.4482431774972744 22 8 3 20 
-1.1278692544329005 22 8 4 12 
0.0645306936792479 22 8 6 14 
-0.0835291588868024 22 8 6 18 
-0.0127617807239880 22 8 6 21 
-0.1426300842251135 22 8 7 13 
0.3606328773313242 22 8 7 20 
0.1718319851779821 22 8 8 15 
0.1913684649701622 22 8 8 19 
1.1039101366217139 22 8 8 22 
0.1616185038948485 22 8 9 14 
-0.3059363428468100 22 8 9 18 
0.4389395447558401 22 8 9 21 
-0.2780846247376348 22 8 10 13 
1.0095406245211005 22 8 10 20 
-0.3515843305199685 22 8 11 12 
1.1278692544329005 22 8 12 4 
0.3515843305199685 22 8 12 11 
-0.6446491678765960 22 8 13 3 
0.1426300842251135 22 8 13 7 
0.2780846247376348 22 8 13 10 
0.1841263907436352 22 8 14 2 
-0.0645306936792479 22 8 14 6 
-0.1616185038948485 22 8 14 9 
-0.0134948730846962 22 8 15 1 
-0.1718319851779821 22 8 15 8 
0.1299266911630246 22 8 16 0 
0.1129627017826323 22 8 18 2 
0.0835291588868024 22 8 18 6 
0.3059363428468100 22 8 18 9 
-0.1083834828687286 22 8 19 1 
-0.1913684649701622 22 8 19 8 
-0.4482431774972744 22 8 20 3 
-0.3606328773313242 22 8 20 7 
-1.0095406245211005 22 8 20 10 
0.1043582899260997 22 8 21 2 
0.0127617807239880 22 8 21 6 
-0.4389395447558401 22 8 21 9 
0.2028550269180154 22 8 22 1 
-1.1039101366217139 22 8 22 8 
0.0602213510227006 22 8 23 0 
-0.3616005110564193 22 9 0 17 
0.1488090546761286 22 9 1 16 
-0.2339531988642862 22 9 1 23 
-0.5996497728579092 22 9 2 15 
0.0453993827066045 22 9 2 19 
-0.3561061133908437 22 9 2 22 
1.1428673849598545 22 9 3 14 
-0.1083144067673414 22 9 3 18 
0.2639690492844129 22 9 3 21 
-1.2072066103400581 22 9 4 13 
0.4596419923231446 22 9 4 20 
0.2214121683566131 22 9 5 12 
0.0453993827066045 22 9 6 15 
-0.3235784910168074 22 9 6 19 
0.1766324298974954 22 9 6 22 
-0.1083144067673414 22 9 7 14 
0.3718040733852858 22 9 7 18 
-0.0073680175363334 22 9 7 21 
0.2339531988642862 22 9 8 16 
-0.2463683730692400 22 9 8 23 
0.3561061133908437 22 9 9 15 
-0.1766324298974954 22 9 9 19 
1.8571222383364665 22 9 9 22 
-0.2639690492844129 22 9 10 14 
0.0073680175363334 22 9 10 18 
0.8898831836132387 22 9 10 21 
-0.4596419923231446 22 9 11 13 
0.6265011695533746 22 9 11 20 
-0.2214121683566131 22 9 12 5 
1.2072066103400581 22 9 13 4 
0.4596419923231446 22 9 13 11 
-1.1428673849598545 22 9 14 3 
0.1083144067673414 22 9 14 7 
0.2639690492844129 22 9 14 10 
0.5996497728579092 22 9 15 2 
-0.0453993827066045 22 9 15 6 
-0.3561061133908437 22 9 15 9 
-0.1488090546761286 22 9 16 1 
-0.2339531988642862 22 9 16 8 
0.3616005110564193 22 9 17 0 
0.1083144067673414 22 9 18 3 
-0.3718040733852858 22 9 18 7 
-0.0073680175363334 22 9 18 10 
-0.0453993827066045 22 9 19 2 
0.3235784910168074 22 9 19 6 
0.1766324298974954 22 9 19 9 
-0.4596419923231446 22 9 20 4 
-0.6265011695533746 22 9 20 11 
-0.2639690492844129 22 9 21 3 
0.0073680175363334 22 9 21 7 
-0.8898831836132387 22 9 21 10 
0.3561061133908437 22 9 22 2 
-0.1766324298974954 22 9 22 6 
-1.8571222383364665 22 9 22 9 
0.2339531988642862 22 9 23 1 
0.2463683730692400 22 9 23 8 
-0.1253882655719211 22 10 1 17 
-0.6492719610348944 22 10 2 16 
-0.4904458630870120 22 10 2 23 
0.9742845500440457 22 10 3 15 
-0.0419433493738246 22 10 3 19 
-0.1302243907072796 22 10 3 22 
-0.6492719610348944 22 10 4 14 
-0.0296584267679079 22 10 4 18 
0.5305419021180294 22 10 4 21 
-0.1253882655719211 22 10 5 13 
0.2094144082711565 22 10 5 20 
-0.0296584267679079 22 10 6 16 
0.3186981235707979 22 10 6 23 
-0.0419433493738246 22 10 7 15 
0.0964511647369568 22 10 7 19 
-0.1840004474338288 22 10 7 22 
0.2094144082711565 22 10 8 17 
0.5305419021180294 22 10 9 16 
0.4389395447558401 22 10 9 23 
-0.1302243907072796 22 10 10 15 
-0.1840004474338288 22 10 10 19 
2.3668726254655708 22 10 10 22 
-0.4904458630870120 22 10 11 14 
0.3186981235707979 22 10 11 18 
0.4389395447558401 22 10 11 21 
0.1253882655719211 22 10 13 5 
0.6492719610348944 22 10 14 4 
0.4904458630870120 22 10 14 11 
-0.9742845500440457 22 10 15 3 
0.0419433493738246 22 10 15 7 
0.1302243907072796 22 10 15 10 
0.6492719610348944 22 10 16 2 
0.0296584267679079 22 10 16 6 
-0.5305419021180294 22 10 16 9 
0.1253882655719211 22 10 17 1 
-0.2094144082711565 22 10 17 8 
0.0296584267679079 22 10 18 4 
-0.3186981235707979 22 10 18 11 
0.0419433493738246 22 10 19 3 
-0.0964511647369568 22 10 19 7 
0.1840004474338288 22 10 19 10 
-0.2094144082711565 22 10 20 5 
-0.5305419021180294 22 10 21 4 
-0.4389395447558401 22 10 21 11 
0.1302243907072796 22 10 22 3 
0.1840004474338288 22 10 22 7 
-2.3668726254655708 22 10 22 10 
0.4904458630870120 22 10 23 2 
-0.3186981235707979 22 10 23 6 
-0.4389395447558401 22 10 23 9 
-0.8743083156972680 22 11 2 17 
0.7065797128344374 22 11 3 16 
-0.5819878360744077 22 11 3 23 
-0.2401517293534123 22 11 4 15 
-0.1055616434689416 22 11 4 19 
0.3504399358775691 22 11 4 22 
-0.1686563619744533 22 11 5 14 
0.1211764176663306 22 11 5 18 
0.2789520347189947 22 11 5 21 
-0.1594652819819371 22 11 6 17 
0.0199451400779794 22 11 7 16 
-0.1692644123611619 22 11 7 23 
0.6153890240082727 22 11 9 17 
0.0495215445990912 22 11 10 16 
1.3896734210052346 22 11 10 23 
-0.3977137078615461 22 11 11 15 
0.1692644123611619 22 11 11 19 
1.4840429331058480 22 11 11 22 
0.1686563619744533 22 11 14 5 
0.2401517293534123 22 11 15 4 
0.3977137078615461 22 11 15 11 
-0.7065797128344374 22 11 16 3 
-0.0199451400779794 22 11 16 7 
-0.0495215445990912 22 11 16 10 
0.8743083156972680 22 11 17 2 
0.1594652819819371 22 11 17 6 
-0.6153890240082727 22 11 17 9 
-0.1211764176663306 22 11 18 5 
0.1055616434689416 22 11 19 4 
-0.1692644123611619 22 11 19 11 
-0.2789520347189947 22 11 21 5 
-0.3504399358775691 22 11 22 4 
-1.4840429331058480 22 11 22 11 
0.5819878360744077 22 11 23 3 
0.1692644123611619 22 11 23 7 
-1.3896734210052346 22 11 23 10 
0.4248242839838597 22 12 12 15 
0.3331407519206071 22 12 12 19 
-0.0885054439535576 22 12 12 22 
0.1384442216310417 22 12 13 14 
0.2295359775921898 22 12 13 18 
0.1330640791577111 22 12 13 21 
-0.1384442216310417 22 12 14 13 
0.6521814402343425 22 12 14 20 
-0.4248242839838597 22 12 15 12 
-0.2295359775921898 22 12 18 13 
0.2482493126452881 22 12 18 20 
-0.3331407519206071 22 12 19 12 
-0.6521814402343425 22 12 20 14 
-0.2482493126452881 22 12 20 18 
0.3364369892892780 22 12 20 21 
-0.1330640791577111 22 12 21 13 
-0.3364369892892780 22 12 21 20 
0.0885054439535576 22 12 22 12 
0.3848005096504983 22 13 12 16 
0.1886657582489533 22 13 12 23 
0.5486525602474822 22 13 13 15 
0.2359079106038438 22 13 13 19 
-0.1156291813490938 22 13 13 22 
0.2521339489679668 22 13 14 18 
0.7137104541912299 22 13 14 21 
-0.5486525602474822 22 13 15 13 
0.5601085612303089 22 13 15 20 
-0.3848005096504983 22 13 16 12 
-0.2521339489679668 22 13 18 14 
0.0359737502990869 22 13 18 21 
-0.2359079106038438 22 13 19 13 
0.0487121044316779 22 13 19 20 
-0.5601085612303089 22 13 20 15 
-0.0487121044316779 22 13 20 19 
0.0752295978196195 22 13 20 22 
-0.7137104541912299 22 13 21 14 
-0.0359737502990869 22 13 21 18 
0.1156291813490938 22 13 22 13 
-0.0752295978196195 22 13 22 20 
-0.1886657582489533 22 13 23 12 
0.1835987436607290 22 14 12 17 
0.6703371657764001 22 14 13 16 
0.1922049002582099 22 14 13 23 
0.4867384221156710 22 14 14 15 
0.1116574746984709 22 14 14 19 
0.2713393376894683 22 14 14 22 
-0.4867384221156710 22 14 15 14 
0.2269020457409739 22 14 15 18 
0.9498309386526880 22 14 15 21 
-0.6703371657764001 22 14 16 13 
0.2452239020439941 22 14 16 20 
-0.1835987436607290 22 14 17 12 
-0.2269020457409739 22 14 18 15 
-0.0850971828585849 22 14 18 22 
-0.1116574746984709 22 14 19 14 
-0.0508745655623919 22 14 19 21 
-0.2452239020439941 22 14 20 16 
-0.0921370641064308 22 14 20 23 
-0.9498309386526880 22 14 21 15 
0.0508745655623919 22 14 21 19 
-0.0921370641064308 22 14 21 22 
-0.2713393376894683 22 14 22 14 
0.0850971828585849 22 14 22 18 
0.0921370641064308 22 14 22 21 
-0.1922049002582099 22 14 23 13 
0.0921370641064308 22 14 23 20 
0.4105392714089486 22 15 13 17 
0.8604400973550779 22 15 14 16 
0.3772635665691301 22 15 14 23 
-0.0396105557955117 22 15 15 19 
0.6867467417438013 22 15 15 22 
-0.8604400973550779 22 15 16 14 
0.1757166515881474 22 15 16 18 
0.7137104541912299 22 15 16 21 
-0.4105392714089486 22 15 17 13 
-0.0519220627781111 22 15 17 20 
-0.1757166515881474 22 15 18 16 
-0.1129479849225417 22 15 18 23 
0.0396105557955117 22 15 19 15 
-0.1614090312021726 22 15 19 22 
0.0519220627781111 22 15 20 17 
-0.7137104541912299 22 15 21 16 
-0.2659767938209481 22 15 21 23 
-0.6867467417438013 22 15 22 15 
0.1614090312021726 22 15 22 19 
-0.3772635665691301 22 15 23 14 
0.1129479849225417 22 15 23 18 
0.2659767938209481 22 15 23 21 
0.6826343211868555 22 16 14 17 
0.6681934950416950 22 16 15 16 
0.7290932091077451 22 16 15 23 
-0.6681934950416950 22 16 16 15 
-0.2178961808781040 22 16 16 19 
0.7449396593955777 22 16 16 22 
-0.6826343211868555 22 16 17 14 
0.1087096214148664 22 16 17 18 
0.1330640791577111 22 16 17 21 
-0.1087096214148664 22 16 18 17 
0.2178961808781040 22 16 19 16 
-0.2220409353769849 22 16 19 23 
-0.1330640791577111 22 16 21 17 
-0.7449396593955777 22 16 22 16 
-0.3009183912784777 22 16 22 23 
-0.7290932091077451 22 16 23 15 
0.2220409353769849 22 16 23 19 
0.3009183912784777 22 16 23 22 
0.7920217713053178 22 17 15 17 
1.0375607107891867 22 17 16 23 
-0.7920217713053178 22 17 17 15 
-0.4231994005493061 22 17 17 19 
0.0602647192264699 22 17 17 22 
0.4231994005493061 22 17 19 17 
-0.0602647192264699 22 17 22 17 
-1.0375607107891867 22 17 23 16 
0.4686308135962888 22 18 12 17 
0.0937261627192578 22 18 13 16 
0.1805020265391086 22 18 13 23 
-0.3749046508770311 22 18 14 15 
0.7814551333136529 22 18 14 19 
-0.0850971828585849 22 18 14 22 
0.3749046508770311 22 18 15 14 
-0.7814551333136529 22 18 15 18 
-0.0508745655623919 22 18 15 21 
-0.0937261627192578 22 18 16 13 
0.1525593765263688 22 18 16 20 
-0.4686308135962888 22 18 17 12 
0.7814551333136529 22 18 18 15 
-0.1028957103191494 22 18 18 22 
-0.7814551333136529 22 18 19 14 
0.3968557716263991 22 18 19 21 
-0.1525593765263688 22 18 20 16 
0.1692644123611619 22 18 20 23 
0.0508745655623919 22 18 21 15 
-0.3968557716263991 22 18 21 19 
0.1692644123611619 22 18 21 22 
0.0850971828585849 22 18 22 14 
0.1028957103191494 22 18 22 18 
-0.1692644123611619 22 18 22 21 
-0.1805020265391086 22 18 23 13 
-0.1692644123611619 22 18 23 20 
0.6287342133314007 22 19 13 17 
-0.3976464314002857 22 19 14 16 
0.1716928731672461 22 19 14 23 
0.7814551333136527 22 19 15 19 
-0.1614090312021726 22 19 15 22 
0.3976464314002857 22 19 16 14 
-1.1051444479182426 22 19 16 18 
0.0359737502990869 22 19 16 21 
-0.6287342133314007 22 19 17 13 
0.2018074007089588 22 19 17 20 
1.1051444479182426 22 19 18 16 
0.3436871798669372 22 19 18 23 
-0.7814551333136527 22 19 19 15 
0.0955321754940501 22 19 19 22 
-0.2018074007089588 22 19 20 17 
-0.0359737502990869 22 19 21 16 
0.2931745621228219 22 19 21 23 
0.1614090312021726 22 19 22 15 
-0.0955321754940501 22 19 22 19 
-0.1716928731672461 22 19 23 14 
-0.3436871798669372 22 19 23 18 
-0.2931745621228219 22 19 23 21 
0.9979425632698761 22 20 12 16 
0.2913629794972679 22 20 12 23 
-0.6311542947918997 22 20 13 15 
0.2510135670938421 22 20 13 19 
0.0752295978196195 22 20 13 22 
-0.1774933954618802 22 20 14 18 
-0.2659767938209481 22 20 14 21 
0.6311542947918997 22 20 15 13 
0.2764111923192923 22 20 15 20 
-0.9979425632698761 22 20 16 12 
0.1774933954618802 22 20 18 14 
0.2931745621228219 22 20 18 21 
-0.2510135670938421 22 20 19 13 
0.1692644123611619 22 20 19 20 
-0.2764111923192923 22 20 20 15 
-0.1692644123611619 22 20 20 19 
0.0943695121006135 22 20 20 22 
0.2659767938209481 22 20 21 14 
-0.2931745621228219 22 20 21 18 
-0.0752295978196195 22 20 22 13 
-0.0943695121006135 22 20 22 20 
-0.2913629794972679 22 20 23 12 
-0.5830126794130323 22 21 12 17 
1.3560156650161861 22 21 13 16 
0.2256887934588583 22 21 13 23 
-1.7425171578177632 22 21 14 15 
0.1537137894739458 22 21 14 19 
-0.0921370641064308 22 21 14 22 
1.7425171578177632 22 21 15 14 
-0.1537137894739458 22 21 15 18 
-0.0921370641064308 22 21 15 21 
-1.3560156650161861 22 21 16 13 
0.2256887934588583 22 21 16 20 
0.5830126794130323 22 21 17 12 
0.1537137894739458 22 21 18 15 
-0.6953825644020930 22 21 18 19 
0.1692644123611619 22 21 18 22 
-0.1537137894739458 22 21 19 14 
0.6953825644020930 22 21 19 18 
0.1692644123611619 22 21 19 21 
-0.2256887934588583 22 21 20 16 
-0.8728695426226144 22 21 20 23 
0.0921370641064308 22 21 21 15 
-0.1692644123611619 22 21 21 19 
0.9672390547232278 22 21 21 22 
0.0921370641064308 22 21 22 14 
-0.1692644123611619 22 21 22 18 
-0.9672390547232278 22 21 22 21 
-0.2256887934588583 22 21 23 13 
0.8728695426226144 22 21 23 20 
-0.7056519537228146 22 23 14 17 
0.9467314421878495 22 23 15 16 
-0.1842741282128616 22 23 15 23 
-0.9467314421878495 22 23 16 15 
-0.1255067835469210 22 23 16 19 
0.3009183912784777 22 23 16 22 
0.7056519537228146 22 23 17 14 
0.2806416996482677 22 23 17 18 
-0.3364369892892780 22 23 17 21 
-0.2806416996482677 22 23 18 17 
0.1255067835469210 22 23 19 16 
-0.3385288247223238 22 23 19 23 
0.3364369892892780 22 23 21 17 
-0.3009183912784777 22 23 22 16 
-0.0943695121006135 22 23 22 23 
0.1842741282128616 22 23 23 15 
0.3385288247223238 22 23 23 19 
0.0943695121006135 22 23 23 22 
-0.8652137908946245 23 0 0 16 
2.1317545778663045 23 0 0 23 
0.7481277352671621 23 0 1 15 
0.1579582210431509 23 0 1 19 
-0.5576750336112156 23 0 1 22 
-0.5705158458675657 23 0 2 14 
-0.2585533113146025 23 0 2 18 
0.2982201854702999 23 0 2 21 
0.6681969266407319 23 0 3 13 
0.4212664160862929 23 0 3 20 
-1.0621736198009040 23 0 4 12 
-0.3078804646669726 23 0 6 14 
-0.9798345748187925 23 0 6 18 
0.4899478444780319 23 0 6 21 
-0.1000914957831545 23 0 7 13 
-0.3771762888150851 23 0 7 20 
0.0147520690846943 23 0 8 15 
-0.4576160398894468 23 0 8 19 
-0.0602213510227006 23 0 8 22 
0.3501422482484111 23 0 9 14 
0.2881404437690731 23 0 9 18 
-0.2094144082711564 23 0 9 21 
-0.7463407918601687 23 0 10 13 
-0.3515843305199685 23 0 10 20 
2.4638264683857916 23 0 11 12 
1.0621736198009040 23 0 12 4 
-2.4638264683857916 23 0 12 11 
-0.6681969266407319 23 0 13 3 
0.1000914957831545 23 0 13 7 
0.7463407918601687 23 0 13 10 
0.5705158458675657 23 0 14 2 
0.3078804646669726 23 0 14 6 
-0.3501422482484111 23 0 14 9 
-0.7481277352671621 23 0 15 1 
-0.0147520690846943 23 0 15 8 
0.8652137908946245 23 0 16 0 
0.2585533113146025 23 0 18 2 
0.9798345748187925 23 0 18 6 
-0.2881404437690731 23 0 18 9 
-0.1579582210431509 23 0 19 1 
0.4576160398894468 23 0 19 8 
-0.4212664160862929 23 0 20 3 
0.3771762888150851 23 0 20 7 
0.3515843305199685 23 0 20 10 
-0.2982201854702999 23 0 21 2 
-0.4899478444780319 23 0 21 6 
0.2094144082711564 23 0 21 9 
0.5576750336112156 23 0 22 1 
0.0602213510227006 23 0 22 8 
-2.1317545778663045 23 0 23 0 
-0.8652137908946246 23 1 0 17 
0.0811012587804596 23 1 1 16 
1.6997813543119249 23 1 1 23 
0.1808877215146828 23 1 2 15 
0.0841745454764548 23 1 2 19 
-0.4386730773792846 23 1 2 22 
0.0797823573232611 23 1 3 14 
-0.3468856679442702 23 1 3 18 
0.7264159269482509 23 1 3 21 
-0.2169639343172417 23 1 4 13 
0.5328645506275528 23 1 4 20 
-1.0621736198009040 23 1 5 12 
-0.4130649887637439 23 1 6 15 
-0.4381953431998848 23 1 6 19 
0.4382226742729499 23 1 6 22 
-0.2642951700230775 23 1 7 14 
-0.4381953431998848 23 1 7 18 
-0.0730481598965538 23 1 7 21 
0.0186600554031159 23 1 8 16 
-0.0466472579194061 23 1 8 23 
0.4811920249042567 23 1 9 15 
-0.2256075364229227 23 1 9 19 
-0.2339531988642862 23 1 9 22 
-0.6308779776374944 23 1 10 14 
0.2577206477338413 23 1 10 18 
-0.4596419923231446 23 1 10 21 
1.8857133768918548 23 1 11 13 
-0.2723360513782645 23 1 11 20 
1.0621736198009040 23 1 12 5 
0.2169639343172417 23 1 13 4 
-1.8857133768918548 23 1 13 11 
-0.0797823573232611 23 1 14 3 
0.2642951700230775 23 1 14 7 
0.6308779776374944 23 1 14 10 
-0.1808877215146828 23 1 15 2 
0.4130649887637439 23 1 15 6 
-0.4811920249042567 23 1 15 9 
-0.0811012587804596 23 1 16 1 
-0.0186600554031159 23 1 16 8 
0.8652137908946246 23 1 17 0 
0.3468856679442702 23 1 18 3 
0.4381953431998848 23 1 18 7 
-0.2577206477338413 23 1 18 10 
-0.0841745454764548 23 1 19 2 
0.4381953431998848 23 1 19 6 
0.2256075364229227 23 1 19 9 
-0.5328645506275528 23 1 20 4 
0.2723360513782645 23 1 20 11 
-0.7264159269482509 23 1 21 3 
0.0730481598965538 23 1 21 7 
0.4596419923231446 23 1 21 10 
0.4386730773792846 23 1 22 2 
-0.4382226742729499 23 1 22 6 
0.2339531988642862 23 1 22 9 
-1.6997813543119249 23 1 23 1 
0.0466472579194061 23 1 23 8 
-0.6198953858406711 23 2 1 17 
0.2619889802951424 23 2 2 16 
1.4311500534430026 23 2 2 23 
0.2764823705981130 23 2 3 15 
-0.0333620161853643 23 2 3 19 
0.0483705662987250 23 2 3 22 
-0.1371815769939805 23 2 4 14 
-0.3468856679442701 23 2 4 18 
1.0527274897119903 23 2 4 21 
-1.0112470279175583 23 2 5 13 
0.4212664160862929 23 2 5 20 
-0.4130649887637437 23 2 6 16 
0.2683554864216511 23 2 6 23 
-0.4263678877500485 23 2 7 15 
-0.3098508986610050 23 2 7 19 
0.1032822631080008 23 2 7 22 
0.0147520690846943 23 2 8 17 
0.4926189284816812 23 2 9 16 
-0.1718319851779822 23 2 9 23 
-0.3288930002704052 23 2 10 15 
-0.0684106100592453 23 2 10 19 
-0.4904458630870121 23 2 10 22 
1.4993810930991449 23 2 11 14 
0.1578210207818702 23 2 11 18 
-0.4482431774972745 23 2 11 21 
1.0112470279175583 23 2 13 5 
0.1371815769939805 23 2 14 4 
-1.4993810930991449 23 2 14 11 
-0.2764823705981130 23 2 15 3 
0.4263678877500485 23 2 15 7 
0.3288930002704052 23 2 15 10 
-0.2619889802951424 23 2 16 2 
0.4130649887637437 23 2 16 6 
-0.4926189284816812 23 2 16 9 
0.6198953858406711 23 2 17 1 
-0.0147520690846943 23 2 17 8 
0.3468856679442701 23 2 18 4 
-0.1578210207818702 23 2 18 11 
0.0333620161853643 23 2 19 3 
0.3098508986610050 23 2 19 7 
0.0684106100592453 23 2 19 10 
-0.4212664160862929 23 2 20 5 
-1.0527274897119903 23 2 21 4 
0.4482431774972745 23 2 21 11 
-0.0483705662987250 23 2 22 3 
-0.1032822631080008 23 2 22 7 
0.4904458630870121 23 2 22 10 
-1.4311500534430026 23 2 23 2 
-0.2683554864216511 23 2 23 6 
0.1718319851779822 23 2 23 9 
-0.3891679181736558 23 3 2 17 
0.5226590591330861 23 3 3 16 
1.4590768129164258 23 3 3 23 
0.1234885018439633 23 3 4 15 
-0.1470825664863920 23 3 4 19 
0.7474225337275426 23 3 4 22 
-1.0556619516667172 23 3 5 14 
-0.2585533113146026 23 3 5 18 
1.0278750216542103 23 3 5 21 
-0.3078804646669727 23 3 6 17 
-0.5396718291989067 23 3 7 16 
0.1490818712151350 23 3 7 23 
0.3756935814198678 23 3 9 17 
0.0183293246197974 23 3 10 16 
-0.3977137078615461 23 3 10 23 
1.3094946308584425 23 3 11 15 
0.0131101227941583 23 3 11 19 
-0.5819878360744077 23 3 11 22 
1.0556619516667172 23 3 14 5 
-0.1234885018439633 23 3 15 4 
-1.3094946308584425 23 3 15 11 
-0.5226590591330861 23 3 16 3 
0.5396718291989067 23 3 16 7 
-0.0183293246197974 23 3 16 10 
0.3891679181736558 23 3 17 2 
0.3078804646669727 23 3 17 6 
-0.3756935814198678 23 3 17 9 
0.2585533113146026 23 3 18 5 
0.1470825664863920 23 3 19 4 
-0.0131101227941583 23 3 19 11 
-1.0278750216542103 23 3 21 5 
-0.7474225337275426 23 3 22 4 
0.5819878360744077 23 3 22 11 
-1.4590768129164258 23 3 23 3 
-0.1490818712151350 23 3 23 7 
0.3977137078615461 23 3 23 10 
0.0004233557040303 23 4 3 17 
0.6461475609770495 23 4 4 16 
1.9167777703890840 23 4 4 23 
-1.0220723543290351 23 4 5 15 
-0.2076913784144330 23 4 5 19 
1.3177067933022257 23 4 5 22 
-0.5355002245049180 23 4 7 17 
0.2801460825130388 23 4 10 17 
1.3207190040205274 23 4 11 16 
-0.5999422207149906 23 4 11 23 
1.0220723543290351 23 4 15 5 
-0.6461475609770495 23 4 16 4 
-1.3207190040205274 23 4 16 11 
-0.0004233557040303 23 4 17 3 
0.5355002245049180 23 4 17 7 
-0.2801460825130388 23 4 17 10 
0.2076913784144330 23 4 19 5 
-1.3177067933022257 23 4 22 5 
-1.9167777703890840 23 4 23 4 
0.5999422207149906 23 4 23 11 
0.6466830682911134 23 5 4 17 
-0.6466830682911134 23 5 5 16 
2.9374690635178635 23 5 5 23 
1.5377192264361770 23 5 11 17 
0.6466830682911134 23 5 16 5 
-0.6466830682911134 23 5 17 4 
-1.5377192264361770 23 5 17 11 
-2.9374690635178635 23 5 23 5 
0.1875996307783156 23 6 1 17 
-0.1225062114808170 23 6 2 16 
0.2683554864216511 23 6 2 23 
0.0081836024421716 23 6 3 15 
0.5767416579139144 23 6 3 19 
-0.3787328784948083 23 6 3 22 
0.1070750627304321 23 6 4 14 
-0.8156358746074018 23 6 4 18 
0.4138843351584941 23 6 4 21 
-0.1754002365372963 23 6 5 13 
-0.3771762888150851 23 6 5 20 
-0.1775804301083840 23 6 6 16 
1.5434840990953007 23 6 6 23 
0.1255683263356621 23 6 7 15 
-0.5459129760866156 23 6 7 19 
-0.2887274379692703 23 6 7 22 
-0.4576160398894468 23 6 8 17 
0.3651722307268162 23 6 9 16 
-0.1913684649701622 23 6 9 23 
-0.2657848935722666 23 6 10 15 
-0.6324146178362077 23 6 10 19 
0.3186981235707979 23 6 10 22 
0.1578210207818702 23 6 11 14 
1.8448076952276495 23 6 11 18 
-0.3606328773313242 23 6 11 21 
0.1754002365372963 23 6 13 5 
-0.1070750627304321 23 6 14 4 
-0.1578210207818702 23 6 14 11 
-0.0081836024421716 23 6 15 3 
-0.1255683263356621 23 6 15 7 
0.2657848935722666 23 6 15 10 
0.1225062114808170 23 6 16 2 
0.1775804301083840 23 6 16 6 
-0.3651722307268162 23 6 16 9 
-0.1875996307783156 23 6 17 1 
0.4576160398894468 23 6 17 8 
0.8156358746074018 23 6 18 4 
-1.8448076952276495 23 6 18 11 
-0.5767416579139144 23 6 19 3 
0.5459129760866156 23 6 19 7 
0.6324146178362077 23 6 19 10 
0.3771762888150851 23 6 20 5 
-0.4138843351584941 23 6 21 4 
0.3606328773313242 23 6 21 11 
0.3787328784948083 23 6 22 3 
0.2887274379692703 23 6 22 7 
-0.3186981235707979 23 6 22 10 
-0.2683554864216511 23 6 23 2 
-1.5434840990953007 23 6 23 6 
0.1913684649701622 23 6 23 9 
0.2566796677486862 23 7 2 17 
-0.3443719113168736 23 7 3 16 
0.1490818712151350 23 7 3 23 
0.3443719113168736 23 7 4 15 
0.8156358746074018 23 7 4 19 
-0.2434496762509307 23 7 4 22 
-0.2566796677486862 23 7 5 14 
-1.8238172605096450 23 7 5 18 
0.2721850125986986 23 7 5 21 
-0.3970819131959968 23 7 6 17 
0.1775804301083840 23 7 7 16 
1.0433935069933331 23 7 7 23 
0.0239356999534105 23 7 9 17 
-0.0214087408739458 23 7 10 16 
0.1692644123611619 23 7 10 23 
0.0131101227941583 23 7 11 15 
0.7494334456860834 23 7 11 19 
-0.1692644123611619 23 7 11 22 
0.2566796677486862 23 7 14 5 
-0.3443719113168736 23 7 15 4 
-0.0131101227941583 23 7 15 11 
0.3443719113168736 23 7 16 3 
-0.1775804301083840 23 7 16 7 
0.0214087408739458 23 7 16 10 
-0.2566796677486862 23 7 17 2 
0.3970819131959968 23 7 17 6 
-0.0239356999534105 23 7 17 9 
1.8238172605096450 23 7 18 5 
-0.8156358746074018 23 7 19 4 
-0.7494334456860834 23 7 19 11 
-0.2721850125986986 23 7 21 5 
0.2434496762509307 23 7 22 4 
0.1692644123611619 23 7 22 11 
-0.1490818712151350 23 7 23 3 
-1.0433935069933331 23 7 23 7 
-0.1692644123611619 23 7 23 10 
0.1938658740223431 23 8 0 17 
-0.2945066562427888 23 8 1 16 
-0.0466472579194061 23 8 1 23 
0.3027705445430698 23 8 2 15 
0.0663710573935168 23 8 2 19 
-0.0956573319762844 23 8 2 22 
-0.4090759658038216 23 8 3 14 
-0.0873427320804291 23 8 3 18 
0.0035202678698537 23 8 3 21 
0.8038413469056797 23 8 4 13 
0.2723360513782645 23 8 4 20 
-1.6774851147292800 23 8 5 12 
0.0663710573935168 23 8 6 15 
0.2753529086483290 23 8 6 19 
-0.1913684649701622 23 8 6 22 
-0.0873427320804291 23 8 7 14 
-0.4200296557537641 23 8 7 18 
0.3606328773313242 23 8 7 21 
0.0466472579194061 23 8 8 16 
1.3502785096909542 23 8 8 23 
0.0956573319762844 23 8 9 15 
0.1913684649701622 23 8 9 19 
-0.2463683730692401 23 8 9 22 
-0.0035202678698537 23 8 10 14 
-0.3606328773313242 23 8 10 18 
0.6265011695533745 23 8 10 21 
-0.2723360513782645 23 8 11 13 
0.3830394549677261 23 8 11 20 
1.6774851147292800 23 8 12 5 
-0.8038413469056797 23 8 13 4 
0.2723360513782645 23 8 13 11 
0.4090759658038216 23 8 14 3 
0.0873427320804291 23 8 14 7 
0.0035202678698537 23 8 14 10 
-0.3027705445430698 23 8 15 2 
-0.0663710573935168 23 8 15 6 
-0.0956573319762844 23 8 15 9 
0.2945066562427888 23 8 16 1 
-0.0466472579194061 23 8 16 8 
-0.1938658740223431 23 8 17 0 
0.0873427320804291 23 8 18 3 
0.4200296557537641 23 8 18 7 
0.3606328773313242 23 8 18 10 
-0.0663710573935168 23 8 19 2 
-0.2753529086483290 23 8 19 6 
-0.1913684649701622 23 8 19 9 
-0.2723360513782645 23 8 20 4 
-0.3830394549677261 23 8 20 11 
-0.0035202678698537 23 8 21 3 
-0.3606328773313242 23 8 21 7 
-0.6265011695533745 23 8 21 10 
0.0956573319762844 23 8 22 2 
0.1913684649701622 23 8 22 6 
0.2463683730692401 23 8 22 9 
0.0466472579194061 23 8 23 1 
-1.3502785096909542 23 8 23 8 
-0.1299266911630246 23 9 1 17 
0.0134948730846962 23 9 2 16 
-0.1718319851779821 23 9 2 23 
-0.1841263907436352 23 9 3 15 
0.0645306936792479 23 9 3 19 
-0.1616185038948485 23 9 3 22 
0.6446491678765960 23 9 4 14 
-0.1426300842251135 23 9 4 18 
0.2780846247376348 23 9 4 21 
-1.1278692544329005 23 9 5 13 
0.3515843305199685 23 9 5 20 
0.1083834828687286 23 9 6 16 
-0.1913684649701622 23 9 6 23 
-0.1129627017826323 23 9 7 15 
-0.0835291588868024 23 9 7 19 
0.3059363428468100 23 9 7 22 
0.0602213510227006 23 9 8 17 
0.2028550269180154 23 9 9 16 
1.1039101366217139 23 9 9 23 
0.1043582899260997 23 9 10 15 
0.0127617807239880 23 9 10 19 
0.4389395447558401 23 9 10 22 
-0.4482431774972744 23 9 11 14 
-0.3606328773313242 23 9 11 18 
1.0095406245211005 23 9 11 21 
1.1278692544329005 23 9 13 5 
-0.6446491678765960 23 9 14 4 
0.4482431774972744 23 9 14 11 
0.1841263907436352 23 9 15 3 
0.1129627017826323 23 9 15 7 
-0.1043582899260997 23 9 15 10 
-0.0134948730846962 23 9 16 2 
-0.1083834828687286 23 9 16 6 
-0.2028550269180154 23 9 16 9 
0.1299266911630246 23 9 17 1 
-0.0602213510227006 23 9 17 8 
0.1426300842251135 23 9 18 4 
0.3606328773313242 23 9 18 11 
-0.0645306936792479 23 9 19 3 
0.0835291588868024 23 9 19 7 
-0.0127617807239880 23 9 19 10 
-0.3515843305199685 23 9 20 5 
-0.2780846247376348 23 9 21 4 
-1.0095406245211005 23 9 21 11 
0.1616185038948485 23 9 22 3 
-0.3059363428468100 23 9 22 7 
-0.4389395447558401 23 9 22 10 
0.1718319851779821 23 9 23 2 
0.1913684649701622 23 9 23 6 
-1.1039101366217139 23 9 23 9 
-0.1686563619744533 23 10 2 17 
-0.2401517293534123 23 10 3 16 
-0.3977137078615461 23 10 3 23 
0.7065797128344374 23 10 4 15 
0.0199451400779794 23 10 4 19 
0.0495215445990912 23 10 4 22 
-0.8743083156972680 23 10 5 14 
-0.1594652819819371 23 10 5 18 
0.6153890240082727 23 10 5 21 
0.1211764176663306 23 10 6 17 
-0.1055616434689416 23 10 7 16 
0.1692644123611619 23 10 7 23 
0.2789520347189947 23 10 9 17 
0.3504399358775691 23 10 10 16 
1.4840429331058480 23 10 10 23 
-0.5819878360744077 23 10 11 15 
-0.1692644123611619 23 10 11 19 
1.3896734210052346 23 10 11 22 
0.8743083156972680 23 10 14 5 
-0.7065797128344374 23 10 15 4 
0.5819878360744077 23 10 15 11 
0.2401517293534123 23 10 16 3 
0.1055616434689416 23 10 16 7 
-0.3504399358775691 23 10 16 10 
0.1686563619744533 23 10 17 2 
-0.1211764176663306 23 10 17 6 
-0.2789520347189947 23 10 17 9 
0.1594652819819371 23 10 18 5 
-0.0199451400779794 23 10 19 4 
0.1692644123611619 23 10 19 11 
-0.6153890240082727 23 10 21 5 
-0.0495215445990912 23 10 22 4 
-1.3896734210052346 23 10 22 11 
0.3977137078615461 23 10 23 3 
-0.1692644123611619 23 10 23 7 
-1.4840429331058480 23 10 23 10 
-0.6021559374090395 23 11 3 17 
0.7616737075225419 23 11 4 16 
-0.5999422207149906 23 11 4 23 
-0.6021559374090395 23 11 5 15 
-0.0663182583587415 23 11 5 19 
0.7745220765052842 23 11 5 22 
-0.0663182583587415 23 11 7 17 
0.7745220765052842 23 11 10 17 
-0.5999422207149906 23 11 11 16 
2.8737163541110831 23 11 11 23 
0.6021559374090395 23 11 15 5 
-0.7616737075225419 23 11 16 4 
0.5999422207149906 23 11 16 11 
0.6021559374090395 23 11 17 3 
0.0663182583587415 23 11 17 7 
-0.7745220765052842 23 11 17 10 
0.0663182583587415 23 11 19 5 
-0.7745220765052842 23 11 22 5 
0.5999422207149906 23 11 23 4 
-2.8737163541110831 23 11 23 11 
0.1969598289062796 23 12 12 16 
-0.3320718905194877 23 12 12 23 
0.0799308086264302 23 12 13 15 
0.2580497168263055 23 12 13 19 
0.1886657582489533 23 12 13 22 
0.0493271533523701 23 12 14 18 
-0.0519220627781111 23 12 14 21 
-0.0799308086264302 23 12 15 13 
0.4065143470015986 23 12 15 20 
-0.1969598289062796 23 12 16 12 
-0.0493271533523701 23 12 18 14 
0.2018074007089588 23 12 18 21 
-0.2580497168263055 23 12 19 13 
0.0804397510743616 23 12 19 20 
-0.4065143470015986 23 12 20 15 
-0.0804397510743616 23 12 20 19 
0.2913629794972679 23 12 20 22 
0.0519220627781111 23 12 21 14 
-0.2018074007089588 23 12 21 18 
-0.1886657582489533 23 12 22 13 
-0.2913629794972679 23 12 22 20 
0.3320718905194877 23 12 23 12 
0.1969598289062796 23 13 12 17 
0.2980651930977013 23 13 13 16 
-0.1859320225799297 23 13 13 23 
0.1011053641914217 23 13 14 15 
0.3484697154995322 23 13 14 19 
0.1922049002582099 23 13 14 22 
-0.1011053641914217 23 13 15 14 
0.0661793208194737 23 13 15 18 
0.2452239020439941 23 13 15 21 
-0.2980651930977013 23 13 16 13 
0.5142044952244369 23 13 16 20 
-0.1969598289062796 23 13 17 12 
-0.0661793208194737 23 13 18 15 
0.1805020265391086 23 13 18 22 
-0.3484697154995322 23 13 19 14 
0.1525593765263688 23 13 19 21 
-0.5142044952244369 23 13 20 16 
0.2256887934588583 23 13 20 23 
-0.2452239020439941 23 13 21 15 
-0.1525593765263688 23 13 21 19 
0.2256887934588583 23 13 21 22 
-0.1922049002582099 23 13 22 14 
-0.1805020265391086 23 13 22 18 
-0.2256887934588583 23 13 22 21 
0.1859320225799297 23 13 23 13 
-0.2256887934588583 23 13 23 20 
0.3913516420768873 23 14 13 17 
0.3991705572891229 23 14 14 16 
-0.0682310396561424 23 14 14 23 
0.3930058715646842 23 14 15 19 
0.3772635665691301 23 14 15 22 
-0.3991705572891229 23 14 16 14 
0.0661793208194737 23 14 16 18 
0.5601085612303089 23 14 16 21 
-0.3913516420768873 23 14 17 13 
0.4065143470015986 23 14 17 20 
-0.0661793208194737 23 14 18 16 
0.1105344656397808 23 14 18 23 
-0.3930058715646842 23 14 19 15 
0.1716928731672461 23 14 19 22 
-0.4065143470015986 23 14 20 17 
-0.5601085612303089 23 14 21 16 
0.2764111923192923 23 14 21 23 
-0.3772635665691301 23 14 22 15 
-0.1716928731672461 23 14 22 19 
0.0682310396561424 23 14 23 14 
-0.1105344656397808 23 14 23 18 
-0.2764111923192923 23 14 23 21 
0.6664940334930611 23 15 14 17 
0.3991705572891228 23 15 15 16 
0.1495821820579833 23 15 15 23 
-0.3991705572891228 23 15 16 15 
0.3925892627125146 23 15 16 19 
0.7290932091077451 23 15 16 22 
-0.6664940334930611 23 15 17 14 
0.0493271533523701 23 15 17 18 
0.6521814402343425 23 15 17 21 
-0.0493271533523701 23 15 18 17 
-0.3925892627125146 23 15 19 16 
0.1359717484209768 23 15 19 23 
-0.6521814402343425 23 15 21 17 
-0.7290932091077451 23 15 22 16 
0.1842741282128616 23 15 22 23 
-0.1495821820579833 23 15 23 15 
-0.1359717484209768 23 15 23 19 
-0.1842741282128616 23 15 23 22 
1.0224957100330649 23 16 15 17 
0.5960587663685566 23 16 16 23 
-1.0224957100330649 23 16 17 15 
0.3278088460904849 23 16 17 19 
1.0375607107891867 23 16 17 22 
-0.3278088460904849 23 16 19 17 
-1.0375607107891867 23 16 22 17 
-0.5960587663685566 23 16 23 16 
1.2933661365822267 23 17 16 17 
-1.2933661365822267 23 17 17 16 
1.3997498370816865 23 17 17 23 
-1.3997498370816865 23 17 23 17 
0.3629998673156118 23 18 13 17 
-0.2295812742112490 23 18 14 16 
0.1105344656397808 23 18 14 23 
0.4511733315782523 23 18 15 19 
-0.1129479849225417 23 18 15 22 
0.2295812742112490 23 18 16 14 
-0.6380554444990176 23 18 16 18 
0.0487121044316779 23 18 16 21 
-0.3629998673156118 23 18 17 13 
0.0804397510743616 23 18 17 20 
0.6380554444990176 23 18 18 16 
-0.3013235961323488 23 18 18 23 
-0.4511733315782523 23 18 19 15 
0.3436871798669372 23 18 19 22 
-0.0804397510743616 23 18 20 17 
-0.0487121044316779 23 18 21 16 
0.1692644123611619 23 18 21 23 
0.1129479849225417 23 18 22 15 
-0.3436871798669372 23 18 22 19 
-0.1105344656397808 23 18 23 14 
0.3013235961323488 23 18 23 18 
-0.1692644123611619 23 18 23 21 
0.5133593354973722 23 19 14 17 
-0.6887438226337471 23 19 15 16 
0.1359717484209768 23 19 15 23 
0.6887438226337471 23 19 16 15 
0.6380554444990176 23 19 16 19 
-0.2220409353769849 23 19 16 22 
-0.5133593354973722 23 19 17 14 
-1.4267353473136482 23 19 17 18 
0.2482493126452881 23 19 17 21 
1.4267353473136482 23 19 18 17 
-0.6380554444990176 23 19 19 16 
0.2939600613072497 23 19 19 23 
-0.2482493126452881 23 19 21 17 
0.2220409353769849 23 19 22 16 
0.3385288247223238 23 19 22 23 
-0.1359717484209768 23 19 23 15 
-0.2939600613072497 23 19 23 19 
-0.3385288247223238 23 19 23 22 
1.8713509887516224 23 20 12 17 
-1.0983480031484683 23 20 13 16 
0.2256887934588583 23 20 13 23 
0.7118465103468912 23 20 14 15 
0.1537137894739458 23 20 14 19 
-0.0921370641064308 23 20 14 22 
-0.7118465103468911 23 20 15 14 
-0.1537137894739458 23 20 15 18 
-0.0921370641064308 23 20 15 21 
1.0983480031484683 23 20 16 13 
0.2256887934588583 23 20 16 20 
-1.8713509887516224 23 20 17 12 
0.1537137894739458 23 20 18 15 
0.6953825644020930 23 20 18 19 
0.1692644123611619 23 20 18 22 
-0.1537137894739458 23 20 19 14 
-0.6953825644020930 23 20 19 18 
0.1692644123611619 23 20 19 21 
-0.2256887934588583 23 20 20 16 
0.9672390547232278 23 20 20 23 
0.0921370641064308 23 20 21 15 
-0.1692644123611619 23 20 21 19 
-0.8728695426226144 23 20 21 22 
0.0921370641064308 23 20 22 14 
-0.1692644123611619 23 20 22 18 
0.8728695426226144 23 20 22 21 
-0.2256887934588583 23 20 23 13 
-0.9672390547232278 23 20 23 20 
0.9979425632698761 23 21 13 17 
-0.6311542947918997 23 21 14 16 
0.2764111923192923 23 21 14 23 
0.1774933954618802 23 21 15 19 
-0.2659767938209481 23 21 15 22 
0.6311542947918997 23 21 16 14 
-0.2510135670938421 23 21 16 18 
0.0752295978196195 23 21 16 21 
-0.9979425632698761 23 21 17 13 
0.2913629794972679 23 21 17 20 
0.2510135670938421 23 21 18 16 
0.1692644123611619 23 21 18 23 
-0.1774933954618802 23 21 19 15 
0.2931745621228219 23 21 19 22 
-0.2913629794972679 23 21 20 17 
-0.0752295978196195 23 21 21 16 
0.0943695121006135 23 21 21 23 
0.2659767938209481 23 21 22 15 
-0.2931745621228219 23 21 22 19 
-0.2764111923192923 23 21 23 14 
-0.1692644123611619 23 21 23 18 
-0.0943695121006135 23 21 23 21 
0.7056519537228146 23 22 14 17 
-0.9467314421878495 23 22 15 16 
0.1842741282128616 23 22 15 23 
0.9467314421878495 23 22 16 15 
0.1255067835469210 23 22 16 19 
-0.3009183912784777 23 22 16 22 
-0.7056519537228146 23 22 17 14 
-0.2806416996482677 23 22 17 18 
0.3364369892892780 23 22 17 21 
0.2806416996482677 23 22 18 17 
-0.1255067835469210 23 22 19 16 
0.3385288247223238 23 22 19 23 
-0.3364369892892780 23 22 21 17 
0.3009183912784777 23 22 22 16 
0.0943695121006135 23 22 22 23 
-0.1842741282128616 23 22 23 15 
-0.3385288247223238 23 22 23 19 
-0.0943695121006135 23 22 23 22 
