-0.1948118802216338 0 1 0 1 
-1.2569085495788257 0 1 0 8 
0.1948118802216338 0 1 1 0 
1.2569085495788257 0 1 8 0 
-0.1948118802216338 0 2 0 2 
-0.7696961499524538 0 2 0 9 
-0.9936734568019402 0 2 1 8 
0.1948118802216338 0 2 2 0 
0.9936734568019402 0 2 8 1 
0.7696961499524538 0 2 9 0 
-0.4617484101531621 0 3 0 3 
-0.4785875581678595 0 3 0 7 
-0.4128492771730066 0 3 0 10 
0.3581329359628826 0 3 1 2 
0.2140308626497937 0 3 1 6 
-0.6633921286999369 0 3 1 9 
-0.3581329359628826 0 3 2 1 
-0.6477068057111962 0 3 2 8 
0.4617484101531621 0 3 3 0 
-0.2140308626497937 0 3 6 1 
-0.4988886901723285 0 3 6 8 
0.4785875581678595 0 3 7 0 
0.6477068057111962 0 3 8 2 
0.4988886901723285 0 3 8 6 
-0.6857609369648280 0 3 8 9 
0.6633921286999369 0 3 9 1 
0.6857609369648280 0 3 9 8 
0.4128492771730066 0 3 10 0 
-0.7286849400846903 0 4 0 4 
-0.1914078974806580 0 4 0 11 
0.3376509701141359 0 4 1 3 
-0.6053706974515026 0 4 1 7 
-0.3739536986333119 0 4 1 10 
0.4280617252995874 0 4 2 6 
-0.3989669325465318 0 4 2 9 
-0.3376509701141359 0 4 3 1 
-0.3803201668152534 0 4 3 8 
0.7286849400846903 0 4 4 0 
-0.4280617252995874 0 4 6 2 
-0.6110113646838267 0 4 6 9 
0.6053706974515026 0 4 7 1 
-0.3527675758781280 0 4 7 8 
0.3803201668152534 0 4 8 3 
0.3527675758781280 0 4 8 7 
-0.9698124176013411 0 4 8 10 
0.3989669325465318 0 4 9 2 
0.6110113646838267 0 4 9 6 
0.3739536986333119 0 4 10 1 
0.9698124176013411 0 4 10 8 
0.1914078974806580 0 4 11 0 
-1.3781834174983347 0 5 0 5 
0.6494984774136444 0 5 1 4 
-0.1914078974806580 0 5 1 11 
-0.3825619474821162 0 5 2 3 
-0.4785875581678595 0 5 2 7 
-0.1784234363897237 0 5 2 10 
0.3825619474821161 0 5 3 2 
0.4785875581678595 0 5 3 6 
-0.1784234363897237 0 5 3 9 
-0.6494984774136444 0 5 4 1 
-0.1914078974806580 0 5 4 8 
1.3781834174983347 0 5 5 0 
-0.4785875581678595 0 5 6 3 
-0.8481537634532695 0 5 6 7 
-0.4554209821526503 0 5 6 10 
0.4785875581678595 0 5 7 2 
0.8481537634532695 0 5 7 6 
-0.4554209821526503 0 5 7 9 
0.1914078974806580 0 5 8 4 
-1.8186010832479886 0 5 8 11 
0.1784234363897237 0 5 9 3 
0.4554209821526503 0 5 9 7 
0.5665786358096067 0 5 9 10 
0.1784234363897237 0 5 10 2 
0.4554209821526503 0 5 10 6 
-0.5665786358096067 0 5 10 9 
0.1914078974806580 0 5 11 1 
1.8186010832479886 0 5 11 8 
0.6441314995631697 0 6 0 6 
-0.4112701961817906 0 6 0 9 
0.3185685241207064 0 6 1 8 
-0.6441314995631697 0 6 6 0 
-0.3185685241207064 0 6 8 1 
0.4112701961817906 0 6 9 0 
-0.4785875581678595 0 7 0 3 
-0.6306042045131415 0 7 0 7 
-0.3237501334375696 0 7 0 10 
0.6420925879493813 0 7 1 2 
0.5700791375321372 0 7 1 6 
0.1056452992799817 0 7 1 9 
-0.6420925879493813 0 7 2 1 
0.0479367125992773 0 7 2 8 
0.4785875581678595 0 7 3 0 
-0.5700791375321372 0 7 6 1 
-1.3865183301950716 0 7 6 8 
0.6306042045131415 0 7 7 0 
-0.0479367125992773 0 7 8 2 
1.3865183301950716 0 7 8 6 
-0.2727309318522697 0 7 8 9 
-0.1056452992799817 0 7 9 1 
0.2727309318522697 0 7 9 8 
0.3237501334375696 0 7 10 0 
-1.2569085495788257 0 8 0 1 
-1.3602934913300846 0 8 0 8 
1.2569085495788257 0 8 1 0 
1.3602934913300846 0 8 8 0 
-0.7696961499524538 0 9 0 2 
-0.4112701961817906 0 9 0 6 
-0.0585659688244835 0 9 0 9 
-1.0083138031928069 0 9 1 8 
0.7696961499524538 0 9 2 0 
0.4112701961817906 0 9 6 0 
1.0083138031928069 0 9 8 1 
0.0585659688244835 0 9 9 0 
-0.4128492771730066 0 10 0 3 
-0.3237501334375696 0 10 0 7 
0.0860106400214412 0 10 0 10 
-0.1345417363931263 0 10 1 2 
-0.2230657850946565 0 10 1 6 
-0.1293132501343541 0 10 1 9 
0.1345417363931263 0 10 2 1 
-0.6337976578491176 0 10 2 8 
0.4128492771730066 0 10 3 0 
0.2230657850946565 0 10 6 1 
-0.2412516260209757 0 10 6 8 
0.3237501334375696 0 10 7 0 
0.6337976578491176 0 10 8 2 
0.2412516260209757 0 10 8 6 
-0.3269534560025719 0 10 8 9 
0.1293132501343541 0 10 9 1 
0.3269534560025719 0 10 9 8 
-0.0860106400214412 0 10 10 0 
-0.1914078974806580 0 11 0 4 
0.3227114012523185 0 11 0 11 
-0.0776777077238112 0 11 1 3 
-0.2507757750272271 0 11 1 7 
-0.1833476212563612 0 11 1 10 
-0.0479367125992772 0 11 2 6 
0.0504584763522818 0 11 2 9 
0.0776777077238112 0 11 3 1 
-0.3950554632758306 0 11 3 8 
0.1914078974806580 0 11 4 0 
0.0479367125992772 0 11 6 2 
-0.1961188252459277 0 11 6 9 
0.2507757750272271 0 11 7 1 
-0.0781723040302670 0 11 7 8 
0.3950554632758306 0 11 8 3 
0.0781723040302670 0 11 8 7 
-0.2831499987533450 0 11 8 10 
-0.0504584763522818 0 11 9 2 
0.1961188252459277 0 11 9 6 
0.1833476212563612 0 11 10 1 
0.2831499987533450 0 11 10 8 
-0.3227114012523185 0 11 11 0 
-4.0680750531540326 0 12 0 12 
4.0680750531540326 0 12 12 0 
-2.1314434666878337 0 13 0 13 
-0.6284542747894130 0 13 0 20 
-1.9366315864661996 0 13 1 12 
0.6284542747894130 0 13 8 12 
1.9366315864661996 0 13 12 1 
-0.6284542747894130 0 13 12 8 
2.1314434666878337 0 13 13 0 
0.6284542747894130 0 13 20 0 
-1.4369272393899883 0 14 0 14 
-0.4269452706114438 0 14 0 18 
0.2560342396783555 0 14 0 21 
-0.8785012600833593 0 14 1 13 
-0.9932620347081821 0 14 1 20 
-1.2421153591683542 0 14 2 12 
-0.4269452706114438 0 14 6 12 
0.0004114220937581 0 14 8 13 
0.5851822809503073 0 14 8 20 
1.0257303896308096 0 14 9 12 
1.2421153591683542 0 14 12 2 
0.4269452706114438 0 14 12 6 
-1.0257303896308096 0 14 12 9 
0.8785012600833593 0 14 13 1 
-0.0004114220937581 0 14 13 8 
1.4369272393899883 0 14 14 0 
0.4269452706114438 0 14 18 0 
0.9932620347081821 0 14 20 1 
-0.5851822809503073 0 14 20 8 
-0.2560342396783555 0 14 21 0 
-1.2231373907068301 0 15 0 15 
-0.4527664143896517 0 15 0 19 
0.4344576760680792 0 15 0 22 
-0.2868291807329613 0 15 1 14 
-0.3703238925547188 0 15 1 18 
-0.0450847801209573 0 15 1 21 
-0.6449621166958440 0 15 2 13 
-1.0259048037404752 0 15 2 20 
-0.7613889805536679 0 15 3 12 
-0.5843547552045125 0 15 6 13 
-0.2494443450861643 0 15 6 20 
0.0258211437782079 0 15 7 12 
-0.3781979980292789 0 15 8 14 
0.2494443450861643 0 15 8 18 
0.1639022526650746 0 15 8 21 
0.6183073485789797 0 15 9 13 
0.8496631896299027 0 15 9 20 
0.8473069532410858 0 15 10 12 
0.7613889805536679 0 15 12 3 
-0.0258211437782079 0 15 12 7 
-0.8473069532410858 0 15 12 10 
0.6449621166958440 0 15 13 2 
0.5843547552045125 0 15 13 6 
-0.6183073485789797 0 15 13 9 
0.2868291807329613 0 15 14 1 
0.3781979980292789 0 15 14 8 
1.2231373907068301 0 15 15 0 
0.3703238925547188 0 15 18 1 
-0.2494443450861643 0 15 18 8 
0.4527664143896517 0 15 19 0 
1.0259048037404752 0 15 20 2 
0.2494443450861643 0 15 20 6 
-0.8496631896299027 0 15 20 9 
0.0450847801209573 0 15 21 1 
-0.1639022526650746 0 15 21 8 
-0.4344576760680792 0 15 22 0 
-1.1693779383866987 0 16 0 16 
0.8408250225745892 0 16 0 23 
-0.0680009260379355 0 16 1 15 
-0.5727092469995737 0 16 1 19 
-0.1017499405736694 0 16 1 22 
-0.2147033068403779 0 16 2 14 
-0.1678405964538988 0 16 2 18 
0.0268632928440123 0 16 2 21 
-0.4056518961520714 0 16 3 13 
-0.9827418541238025 0 16 3 20 
-0.4406929983020082 0 16 4 12 
-0.5959023217534863 0 16 6 14 
-0.1901832990705832 0 16 6 18 
-0.3089280750178132 0 16 6 21 
0.0326614504519291 0 16 7 13 
-0.1704560299409540 0 16 7 20 
-0.6024216873085493 0 16 8 15 
0.1823115459371740 0 16 8 19 
0.1262642992747870 0 16 8 22 
0.4258302253905440 0 16 9 14 
0.3020832896660136 0 16 9 18 
0.1218538034640962 0 16 9 21 
0.2722037580596425 0 16 10 13 
1.0960767168761281 0 16 10 20 
1.0322329200552471 0 16 11 12 
0.4406929983020082 0 16 12 4 
-1.0322329200552471 0 16 12 11 
0.4056518961520714 0 16 13 3 
-0.0326614504519291 0 16 13 7 
-0.2722037580596425 0 16 13 10 
0.2147033068403779 0 16 14 2 
0.5959023217534863 0 16 14 6 
-0.4258302253905440 0 16 14 9 
0.0680009260379355 0 16 15 1 
0.6024216873085493 0 16 15 8 
1.1693779383866987 0 16 16 0 
0.1678405964538988 0 16 18 2 
0.1901832990705832 0 16 18 6 
-0.3020832896660136 0 16 18 9 
0.5727092469995737 0 16 19 1 
-0.1823115459371740 0 16 19 8 
0.9827418541238025 0 16 20 3 
0.1704560299409540 0 16 20 7 
-1.0960767168761281 0 16 20 10 
-0.0268632928440123 0 16 21 2 
0.3089280750178132 0 16 21 6 
-0.1218538034640962 0 16 21 9 
0.1017499405736694 0 16 22 1 
-0.1262642992747870 0 16 22 8 
-0.8408250225745892 0 16 23 0 
-1.3869146579891385 0 17 0 17 
0.2175367196024399 0 17 1 16 
0.8408250225745892 0 17 1 23 
-0.2712961719225715 0 17 2 15 
-0.4527664143896516 0 17 2 19 
-0.5953384580678661 0 17 2 22 
0.1112657755595447 0 17 3 14 
0.0258211437782080 0 17 3 18 
0.4169150216781424 0 17 3 21 
-0.4319617578112045 0 17 4 13 
-1.0322329200552471 0 17 4 20 
-0.0087312404908037 0 17 5 12 
-0.4527664143896516 0 17 6 15 
-0.6367082741801332 0 17 6 19 
-0.2353631937453345 0 17 6 22 
0.0258211437782080 0 17 7 14 
0.2114454892731366 0 17 7 18 
-0.2200577884073159 0 17 7 21 
-0.8408250225745892 0 17 8 16 
-0.1884011554331916 0 17 8 23 
0.5953384580678661 0 17 9 15 
0.2353631937453345 0 17 9 19 
0.3514076648704580 0 17 9 22 
-0.4169150216781424 0 17 10 14 
0.2200577884073159 0 17 10 18 
-0.2151709709391487 0 17 10 21 
1.0322329200552471 0 17 11 13 
1.6301999278147976 0 17 11 20 
0.0087312404908037 0 17 12 5 
0.4319617578112045 0 17 13 4 
-1.0322329200552471 0 17 13 11 
-0.1112657755595448 0 17 14 3 
-0.0258211437782080 0 17 14 7 
0.4169150216781424 0 17 14 10 
0.2712961719225714 0 17 15 2 
0.4527664143896516 0 17 15 6 
-0.5953384580678661 0 17 15 9 
-0.2175367196024399 0 17 16 1 
0.8408250225745892 0 17 16 8 
1.3869146579891385 0 17 17 0 
-0.0258211437782080 0 17 18 3 
-0.2114454892731366 0 17 18 7 
-0.2200577884073159 0 17 18 10 
0.4527664143896516 0 17 19 2 
0.6367082741801332 0 17 19 6 
-0.2353631937453345 0 17 19 9 
1.0322329200552471 0 17 20 4 
-1.6301999278147976 0 17 20 11 
-0.4169150216781424 0 17 21 3 
0.2200577884073159 0 17 21 7 
0.2151709709391487 0 17 21 10 
0.5953384580678661 0 17 22 2 
0.2353631937453345 0 17 22 6 
-0.3514076648704580 0 17 22 9 
-0.8408250225745892 0 17 23 1 
0.1884011554331916 0 17 23 8 
-0.4269452706114438 0 18 0 14 
-1.6469089400466894 0 18 0 18 
0.2605703749745444 0 18 0 21 
0.5400477965476448 0 18 1 13 
-0.2018369445582865 0 18 1 20 
-0.4269452706114438 0 18 2 12 
-2.2910404396098594 0 18 6 12 
-0.5204054686789930 0 18 8 13 
0.0644488699422356 0 18 8 20 
0.6718405711563350 0 18 9 12 
0.4269452706114438 0 18 12 2 
2.2910404396098594 0 18 12 6 
-0.6718405711563350 0 18 12 9 
-0.5400477965476448 0 18 13 1 
0.5204054686789930 0 18 13 8 
0.4269452706114438 0 18 14 0 
1.6469089400466894 0 18 18 0 
0.2018369445582865 0 18 20 1 
-0.0644488699422356 0 18 20 8 
-0.2605703749745444 0 18 21 0 
-0.4527664143896516 0 19 0 15 
-0.7672032065583494 0 19 0 19 
-0.1981749709677192 0 19 0 22 
0.4165141587506138 0 19 1 14 
-0.3934163640552480 0 19 1 18 
0.2937836968822852 0 19 1 21 
-0.2255784291987675 0 19 2 13 
-0.2512651741230887 0 19 2 20 
0.0258211437782080 0 19 3 12 
-0.9634955015873852 0 19 6 13 
-1.7724072424392461 0 19 6 20 
-0.1365990020452080 0 19 7 12 
-0.2992018867223660 0 19 8 14 
-0.3858889122441742 0 19 8 18 
-0.1177606797210764 0 19 8 21 
0.1881383976023035 0 19 9 13 
0.1549702521311933 0 19 9 20 
0.1255751624698504 0 19 10 12 
-0.0258211437782080 0 19 12 3 
0.1365990020452080 0 19 12 7 
-0.1255751624698504 0 19 12 10 
0.2255784291987675 0 19 13 2 
0.9634955015873852 0 19 13 6 
-0.1881383976023035 0 19 13 9 
-0.4165141587506138 0 19 14 1 
0.2992018867223660 0 19 14 8 
0.4527664143896516 0 19 15 0 
0.3934163640552480 0 19 18 1 
0.3858889122441742 0 19 18 8 
0.7672032065583494 0 19 19 0 
0.2512651741230887 0 19 20 2 
1.7724072424392461 0 19 20 6 
-0.1549702521311933 0 19 20 9 
-0.2937836968822852 0 19 21 1 
0.1177606797210764 0 19 21 8 
0.1981749709677192 0 19 22 0 
-0.6284542747894130 0 20 0 13 
-2.8546672714159005 0 20 0 20 
0.6284542747894130 0 20 1 12 
-1.4943737800858157 0 20 8 12 
-0.6284542747894130 0 20 12 1 
1.4943737800858157 0 20 12 8 
0.6284542747894130 0 20 13 0 
2.8546672714159005 0 20 20 0 
0.2560342396783555 0 21 0 14 
0.2605703749745444 0 21 0 18 
-1.2014674329896524 0 21 0 21 
-0.8106591305716754 0 21 1 13 
-1.2805630884355304 0 21 1 20 
1.0257303896308096 0 21 2 12 
0.6718405711563350 0 21 6 12 
-0.2722492852427233 0 21 8 13 
0.7526897390166407 0 21 8 20 
-1.1429014641651687 0 21 9 12 
-1.0257303896308096 0 21 12 2 
-0.6718405711563350 0 21 12 6 
1.1429014641651687 0 21 12 9 
0.8106591305716754 0 21 13 1 
0.2722492852427233 0 21 13 8 
-0.2560342396783555 0 21 14 0 
-0.2605703749745444 0 21 18 0 
1.2805630884355304 0 21 20 1 
-0.7526897390166407 0 21 20 8 
1.2014674329896524 0 21 21 0 
0.4344576760680792 0 22 0 15 
-0.1981749709677192 0 22 0 19 
-1.3720032102346358 0 22 0 22 
-0.3538821524255744 0 22 1 14 
0.3216877698508500 0 22 1 18 
0.1525318362062181 0 22 1 21 
-0.2193404160324481 0 22 2 13 
-0.9989011356287055 0 22 2 20 
0.8473069532410858 0 22 3 12 
0.5447535549455064 0 22 6 13 
-0.2645126230895212 0 22 6 20 
0.1255751624698504 0 22 7 12 
-0.3651034777795880 0 22 8 14 
-0.0232609970685455 0 22 8 18 
0.2710888954362407 0 22 8 21 
0.2818450863405722 0 22 9 13 
0.5980423514388126 0 22 9 20 
-1.4580138502560769 0 22 10 12 
-0.8473069532410858 0 22 12 3 
-0.1255751624698504 0 22 12 7 
1.4580138502560769 0 22 12 10 
0.2193404160324481 0 22 13 2 
-0.5447535549455064 0 22 13 6 
-0.2818450863405722 0 22 13 9 
0.3538821524255744 0 22 14 1 
0.3651034777795880 0 22 14 8 
-0.4344576760680792 0 22 15 0 
-0.3216877698508500 0 22 18 1 
0.0232609970685455 0 22 18 8 
0.1981749709677192 0 22 19 0 
0.9989011356287055 0 22 20 2 
0.2645126230895212 0 22 20 6 
-0.5980423514388126 0 22 20 9 
-0.1525318362062181 0 22 21 1 
-0.2710888954362407 0 22 21 8 
1.3720032102346358 0 22 22 0 
0.8408250225745891 0 23 0 16 
-2.0716643792796665 0 23 0 23 
-0.7270394051905491 0 23 1 15 
-0.1535056724386228 0 23 1 19 
0.5419552111398834 0 23 1 22 
0.5544340647699876 0 23 2 14 
0.2512651741230887 0 23 2 18 
-0.2898139128376450 0 23 2 21 
-0.6493616974667379 0 23 3 13 
-0.4093916989573429 0 23 3 20 
1.0322329200552471 0 23 4 12 
0.2992018867223660 0 23 6 14 
0.9522148596816742 0 23 6 18 
-0.4761371255625140 0 23 6 21 
0.0972701025886043 0 23 7 13 
0.3665443904097092 0 23 7 20 
-0.0143362356815123 0 23 8 15 
0.4447166944399762 0 23 8 19 
0.0585238230897564 0 23 8 22 
-0.3402723891899268 0 23 9 14 
-0.2800183003165863 0 23 9 18 
0.2035114054064869 0 23 9 21 
0.7253028323962445 0 23 10 13 
0.3416738218431014 0 23 10 20 
-2.3943757805319845 0 23 11 12 
-1.0322329200552471 0 23 12 4 
2.3943757805319845 0 23 12 11 
0.6493616974667379 0 23 13 3 
-0.0972701025886043 0 23 13 7 
-0.7253028323962445 0 23 13 10 
-0.5544340647699876 0 23 14 2 
-0.2992018867223660 0 23 14 6 
0.3402723891899268 0 23 14 9 
0.7270394051905491 0 23 15 1 
0.0143362356815123 0 23 15 8 
-0.8408250225745891 0 23 16 0 
-0.2512651741230887 0 23 18 2 
-0.9522148596816742 0 23 18 6 
0.2800183003165863 0 23 18 9 
0.1535056724386228 0 23 19 1 
-0.4447166944399762 0 23 19 8 
0.4093916989573429 0 23 20 3 
-0.3665443904097092 0 23 20 7 
-0.3416738218431014 0 23 20 10 
0.2898139128376450 0 23 21 2 
0.4761371255625140 0 23 21 6 
-0.2035114054064869 0 23 21 9 
-0.5419552111398834 0 23 22 1 
-0.0585238230897564 0 23 22 8 
2.0716643792796665 0 23 23 0 
0.1948118802216338 1 0 0 1 
1.2569085495788257 1 0 0 8 
-0.1948118802216338 1 0 1 0 
-1.2569085495788257 1 0 8 0 
0.3581329359628827 1 2 0 3 
0.6420925879493813 1 2 0 7 
-0.1345417363931263 1 2 0 10 
-0.6752976340983847 1 2 1 2 
-0.2871525349007157 1 2 1 6 
-0.6493583625980984 1 2 1 9 
0.6752976340983847 1 2 2 1 
-0.3879186813431354 1 2 2 8 
-0.3581329359628827 1 2 3 0 
0.2871525349007157 1 2 6 1 
0.6693294146586947 1 2 6 8 
-0.6420925879493813 1 2 7 0 
0.3879186813431354 1 2 8 2 
-0.6693294146586947 1 2 8 6 
0.9200448428203825 1 2 8 9 
0.6493583625980984 1 2 9 1 
-0.9200448428203825 1 2 9 8 
0.1345417363931263 1 2 10 0 
0.3376509701141358 1 3 0 4 
-0.0776777077238112 1 3 0 11 
-0.4083611041668564 1 3 1 3 
0.3828700465342875 1 3 1 7 
-0.5331870645273618 1 3 1 10 
-0.2707300062176038 1 3 2 6 
-0.8361858905815552 1 3 2 9 
0.4083611041668564 1 3 3 1 
-0.3879186813431356 1 3 3 8 
-0.3376509701141358 1 3 4 0 
0.2707300062176038 1 3 6 2 
0.3864375177297320 1 3 6 9 
-0.3828700465342875 1 3 7 1 
0.2231098048862315 1 3 7 8 
0.3879186813431356 1 3 8 3 
-0.2231098048862315 1 3 8 7 
0.6133632285469215 1 3 8 10 
0.8361858905815552 1 3 9 2 
-0.3864375177297320 1 3 9 6 
0.5331870645273618 1 3 10 1 
-0.6133632285469215 1 3 10 8 
0.0776777077238112 1 3 11 0 
0.6494984774136444 1 4 0 5 
-0.9510849696078895 1 4 1 4 
-0.2896632894118968 1 4 1 11 
0.8096603953725611 1 4 2 3 
-0.0957175116335719 1 4 2 7 
-0.6514416072399077 1 4 2 10 
-0.8096603953725611 1 4 3 2 
0.0957175116335719 1 4 3 6 
-0.6514416072399077 1 4 3 9 
0.9510849696078895 1 4 4 1 
-0.2896632894118968 1 4 4 8 
-0.6494984774136444 1 4 5 0 
-0.0957175116335719 1 4 6 3 
0.8481537634532695 1 4 6 7 
-0.0910841964305301 1 4 6 10 
0.0957175116335719 1 4 7 2 
-0.8481537634532695 1 4 7 6 
-0.0910841964305301 1 4 7 9 
0.2896632894118968 1 4 8 4 
1.0673876147849592 1 4 8 11 
0.6514416072399077 1 4 9 3 
0.0910841964305301 1 4 9 7 
-1.3177921042726355 1 4 9 10 
0.6514416072399077 1 4 10 2 
0.0910841964305301 1 4 10 6 
1.3177921042726355 1 4 10 9 
0.2896632894118968 1 4 11 1 
-1.0673876147849592 1 4 11 8 
-0.7286849400846903 1 5 1 5 
0.3376509701141359 1 5 2 4 
-0.3803201668152534 1 5 2 11 
-0.4280617252995874 1 5 3 7 
-0.3989669325465318 1 5 3 10 
-0.3376509701141359 1 5 4 2 
0.6053706974515026 1 5 4 6 
-0.3739536986333119 1 5 4 9 
0.7286849400846903 1 5 5 1 
-0.1914078974806580 1 5 5 8 
-0.6053706974515026 1 5 6 4 
-0.3527675758781280 1 5 6 11 
0.4280617252995874 1 5 7 3 
-0.6110113646838267 1 5 7 10 
0.1914078974806580 1 5 8 5 
0.3739536986333119 1 5 9 4 
-0.9698124176013411 1 5 9 11 
0.3989669325465318 1 5 10 3 
0.6110113646838267 1 5 10 7 
0.3803201668152534 1 5 11 2 
0.3527675758781280 1 5 11 6 
0.9698124176013411 1 5 11 9 
0.2140308626497937 1 6 0 3 
0.5700791375321372 1 6 0 7 
-0.2230657850946565 1 6 0 10 
-0.2871525349007157 1 6 1 2 
0.3891843587479074 1 6 1 6 
-0.2117540926113859 1 6 1 9 
0.2871525349007157 1 6 2 1 
0.3815229012259175 1 6 2 8 
-0.2140308626497937 1 6 3 0 
-0.3891843587479074 1 6 6 1 
0.6200698476731357 1 6 6 8 
-0.5700791375321372 1 6 7 0 
-0.3815229012259175 1 6 8 2 
-0.6200698476731357 1 6 8 6 
0.1219689806377075 1 6 8 9 
0.2117540926113859 1 6 9 1 
-0.1219689806377075 1 6 9 8 
0.2230657850946565 1 6 10 0 
-0.6053706974515026 1 7 0 4 
-0.2507757750272271 1 7 0 11 
0.3828700465342875 1 7 1 3 
-0.3756570636978791 1 7 1 7 
-0.2292581051602300 1 7 1 10 
0.7210994084583739 1 7 2 6 
0.1707635258397419 1 7 2 9 
-0.3828700465342875 1 7 3 1 
0.0643138487939128 1 7 3 8 
0.6053706974515026 1 7 4 0 
-0.7210994084583739 1 7 6 2 
-1.0739924804113654 1 7 6 9 
0.3756570636978791 1 7 7 1 
-0.6200698476731357 1 7 7 8 
-0.0643138487939128 1 7 8 3 
0.6200698476731357 1 7 8 7 
-0.2439379612754150 1 7 8 10 
-0.1707635258397419 1 7 9 2 
1.0739924804113654 1 7 9 6 
0.2292581051602300 1 7 10 1 
0.2439379612754150 1 7 10 8 
0.2507757750272271 1 7 11 0 
-0.9936734568019402 1 8 0 2 
0.3185685241207064 1 8 0 6 
-1.0083138031928069 1 8 0 9 
-0.5792569778267241 1 8 1 8 
0.9936734568019402 1 8 2 0 
-0.3185685241207064 1 8 6 0 
0.5792569778267241 1 8 8 1 
1.0083138031928069 1 8 9 0 
-0.6633921286999370 1 9 0 3 
0.1056452992799817 1 9 0 7 
-0.1293132501343541 1 9 0 10 
-0.6493583625980984 1 9 1 2 
-0.2117540926113859 1 9 1 6 
-0.7239411952511042 1 9 1 9 
0.6493583625980984 1 9 2 1 
-0.7085414269380993 1 9 2 8 
0.6633921286999370 1 9 3 0 
0.2117540926113859 1 9 6 1 
0.2157820141861035 1 9 6 8 
-0.1056452992799817 1 9 7 0 
0.7085414269380993 1 9 8 2 
-0.2157820141861035 1 9 8 6 
0.2924360612400950 1 9 8 9 
0.7239411952511042 1 9 9 1 
-0.2924360612400950 1 9 9 8 
0.1293132501343541 1 9 10 0 
-0.3739536986333118 1 10 0 4 
-0.1833476212563612 1 10 0 11 
-0.5331870645273618 1 10 1 3 
-0.2292581051602300 1 10 1 7 
0.1123698096832278 1 10 1 10 
-0.2450267616673147 1 10 2 6 
-0.6935922832859108 1 10 2 9 
0.5331870645273618 1 10 3 1 
-0.5443201421393585 1 10 3 8 
0.3739536986333118 1 10 4 0 
0.2450267616673147 1 10 6 2 
-0.0349597171538916 1 10 6 9 
0.2292581051602300 1 10 7 1 
-0.0473390007642743 1 10 7 8 
0.5443201421393585 1 10 8 3 
0.0473390007642743 1 10 8 7 
-0.0731090153100238 1 10 8 10 
0.6935922832859108 1 10 9 2 
0.0349597171538916 1 10 9 6 
-0.1123698096832278 1 10 10 1 
0.0731090153100238 1 10 10 8 
0.1833476212563612 1 10 11 0 
-0.1914078974806580 1 11 0 5 
-0.2896632894118968 1 11 1 4 
0.1806909445137923 1 11 1 11 
-0.0982553919312388 1 11 2 3 
-0.3386470020299757 1 11 2 7 
-0.1867870014316945 1 11 2 10 
0.0982553919312388 1 11 3 2 
-0.0643138487939128 1 11 3 6 
-0.2383114961202490 1 11 3 9 
0.2896632894118968 1 11 4 1 
-0.4997100264178517 1 11 4 8 
0.1914078974806580 1 11 5 0 
0.0643138487939128 1 11 6 3 
-0.1754140099669186 1 11 6 10 
0.3386470020299757 1 11 7 2 
-0.1482590113122367 1 11 7 9 
0.4997100264178517 1 11 8 4 
-0.2193270459300712 1 11 8 11 
0.2383114961202490 1 11 9 3 
0.1482590113122367 1 11 9 7 
-0.2193270459300712 1 11 9 10 
0.1867870014316945 1 11 10 2 
0.1754140099669186 1 11 10 6 
0.2193270459300712 1 11 10 9 
-0.1806909445137923 1 11 11 1 
0.2193270459300712 1 11 11 8 
-1.9366315864661996 1 12 0 13 
0.6284542747894130 1 12 0 20 
-2.1314434666878337 1 12 1 12 
-0.6284542747894130 1 12 8 12 
2.1314434666878337 1 12 12 1 
0.6284542747894130 1 12 12 8 
1.9366315864661996 1 12 13 0 
-0.6284542747894130 1 12 20 0 
-0.8785012600833595 1 13 0 14 
0.5400477965476448 1 13 0 18 
-0.8106591305716754 1 13 0 21 
-2.9568490894774806 1 13 1 13 
0.6279338624310166 1 13 1 20 
-0.8785012600833597 1 13 2 12 
0.5400477965476448 1 13 6 12 
0.6279338624310166 1 13 8 13 
-0.7402035416702133 1 13 8 20 
-0.8106591305716754 1 13 9 12 
0.8785012600833595 1 13 12 2 
-0.5400477965476448 1 13 12 6 
0.8106591305716754 1 13 12 9 
2.9568490894774806 1 13 13 1 
-0.6279338624310166 1 13 13 8 
0.8785012600833597 1 13 14 0 
-0.5400477965476448 1 13 18 0 
-0.6279338624310166 1 13 20 1 
0.7402035416702133 1 13 20 8 
0.8106591305716754 1 13 21 0 
-0.2868291807329615 1 14 0 15 
0.4165141587506138 1 14 0 19 
-0.3538821524255744 1 14 0 22 
-2.1633314754368551 1 14 1 14 
0.0698963678553639 1 14 1 18 
-0.4528556442299658 1 14 1 21 
-1.4880338413384702 1 14 2 13 
0.1200075905439405 1 14 2 20 
-0.6449621166958442 1 14 3 12 
0.3570489027560796 1 14 6 13 
0.3346647073293474 1 14 6 20 
-0.2255784291987675 1 14 7 12 
0.5079262718870760 1 14 8 14 
-0.3346647073293474 1 14 8 18 
0.2333822985485703 1 14 8 21 
0.1965027183681328 1 14 9 13 
-0.6866625442718123 1 14 9 20 
-0.2193404160324481 1 14 10 12 
0.6449621166958442 1 14 12 3 
0.2255784291987675 1 14 12 7 
0.2193404160324481 1 14 12 10 
1.4880338413384702 1 14 13 2 
-0.3570489027560796 1 14 13 6 
-0.1965027183681328 1 14 13 9 
2.1633314754368551 1 14 14 1 
-0.5079262718870760 1 14 14 8 
0.2868291807329615 1 14 15 0 
-0.0698963678553639 1 14 18 1 
0.3346647073293474 1 14 18 8 
-0.4165141587506138 1 14 19 0 
-0.1200075905439405 1 14 20 2 
-0.3346647073293474 1 14 20 6 
0.6866625442718123 1 14 20 9 
0.4528556442299658 1 14 21 1 
-0.2333822985485703 1 14 21 8 
0.3538821524255744 1 14 22 0 
-0.0680009260379355 1 15 0 16 
-0.7270394051905491 1 15 0 23 
-1.5219439946243041 1 15 1 15 
0.1060459691448550 1 15 1 19 
0.5228372484274719 1 15 1 22 
-0.9070525332051271 1 15 2 14 
-0.2561233615267529 1 15 2 18 
-0.8856703574679250 1 15 2 21 
-1.1135828904574476 1 15 3 13 
-0.1333146833611087 1 15 3 20 
-0.4056518961520714 1 15 4 12 
0.0146066446908509 1 15 6 14 
0.2405649591952107 1 15 6 18 
0.1975477812261947 1 15 6 21 
-0.2768240773894325 1 15 7 13 
0.1040568157661927 1 15 7 20 
0.2546039979820268 1 15 8 15 
-0.1190529891200389 1 15 8 19 
-0.0131144776996082 1 15 8 22 
-0.0494844668863695 1 15 9 14 
-0.1888897365035373 1 15 9 18 
0.6309701914595367 1 15 9 21 
1.0560243129548337 1 15 10 13 
-0.6264777062465295 1 15 10 20 
-0.6493616974667379 1 15 11 12 
0.4056518961520714 1 15 12 4 
0.6493616974667379 1 15 12 11 
1.1135828904574476 1 15 13 3 
0.2768240773894325 1 15 13 7 
-1.0560243129548337 1 15 13 10 
0.9070525332051271 1 15 14 2 
-0.0146066446908509 1 15 14 6 
0.0494844668863695 1 15 14 9 
1.5219439946243041 1 15 15 1 
-0.2546039979820268 1 15 15 8 
0.0680009260379355 1 15 16 0 
0.2561233615267529 1 15 18 2 
-0.2405649591952107 1 15 18 6 
0.1888897365035373 1 15 18 9 
-0.1060459691448550 1 15 19 1 
0.1190529891200389 1 15 19 8 
0.1333146833611087 1 15 20 3 
-0.1040568157661927 1 15 20 7 
0.6264777062465295 1 15 20 10 
0.8856703574679250 1 15 21 2 
-0.1975477812261947 1 15 21 6 
-0.6309701914595367 1 15 21 9 
-0.5228372484274719 1 15 22 1 
0.0131144776996082 1 15 22 8 
0.7270394051905491 1 15 23 0 
0.2175367196024399 1 16 0 17 
-1.4729297817013489 1 16 1 16 
-0.0788151650638827 1 16 1 23 
-0.1027736652430869 1 16 2 15 
-0.3467204452447965 1 16 2 19 
0.4906610920275149 1 16 2 22 
-0.9124340606156484 1 16 3 14 
-0.2510029336112246 1 16 3 18 
-1.1421026992674226 1 16 3 21 
-0.5218448120934595 1 16 4 13 
-0.2108481243480141 1 16 4 20 
-0.4319617578112045 1 16 5 12 
-0.3467204452447965 1 16 6 15 
0.5516557171987340 1 16 6 19 
-0.0409504766138594 1 16 6 22 
-0.2510029336112246 1 16 7 14 
-0.2964980462545359 1 16 7 18 
-0.0501337198166706 1 16 7 21 
0.0788151650638827 1 16 8 16 
0.2862050610955514 1 16 8 23 
-0.4906610920275149 1 16 9 15 
0.0409504766138594 1 16 9 19 
-0.1446144040630508 1 16 9 22 
1.1421026992674226 1 16 10 14 
0.0501337198166706 1 16 10 18 
1.1731777002095853 1 16 10 21 
0.2108481243480141 1 16 11 13 
-0.7811825536894081 1 16 11 20 
0.4319617578112045 1 16 12 5 
0.5218448120934595 1 16 13 4 
-0.2108481243480141 1 16 13 11 
0.9124340606156484 1 16 14 3 
0.2510029336112246 1 16 14 7 
-1.1421026992674226 1 16 14 10 
0.1027736652430869 1 16 15 2 
0.3467204452447965 1 16 15 6 
0.4906610920275149 1 16 15 9 
1.4729297817013489 1 16 16 1 
-0.0788151650638827 1 16 16 8 
-0.2175367196024399 1 16 17 0 
0.2510029336112246 1 16 18 3 
0.2964980462545359 1 16 18 7 
-0.0501337198166706 1 16 18 10 
0.3467204452447965 1 16 19 2 
-0.5516557171987340 1 16 19 6 
-0.0409504766138594 1 16 19 9 
0.2108481243480141 1 16 20 4 
0.7811825536894081 1 16 20 11 
1.1421026992674226 1 16 21 3 
0.0501337198166706 1 16 21 7 
-1.1731777002095853 1 16 21 10 
-0.4906610920275149 1 16 22 2 
0.0409504766138594 1 16 22 6 
0.1446144040630508 1 16 22 9 
0.0788151650638827 1 16 23 1 
-0.2862050610955514 1 16 23 8 
-1.1693779383866987 1 17 1 17 
-0.0680009260379355 1 17 2 16 
0.6024216873085493 1 17 2 23 
-0.2147033068403779 1 17 3 15 
-0.5959023217534863 1 17 3 19 
-0.4258302253905440 1 17 3 22 
-0.4056518961520714 1 17 4 14 
0.0326614504519291 1 17 4 18 
-0.2722037580596425 1 17 4 21 
-0.4406929983020082 1 17 5 13 
-1.0322329200552471 1 17 5 20 
-0.5727092469995737 1 17 6 16 
-0.1823115459371740 1 17 6 23 
-0.1678405964538988 1 17 7 15 
-0.1901832990705832 1 17 7 19 
-0.3020832896660136 1 17 7 22 
-0.8408250225745892 1 17 8 17 
0.1017499405736694 1 17 9 16 
0.1262642992747870 1 17 9 23 
-0.0268632928440123 1 17 10 15 
0.3089280750178132 1 17 10 19 
0.1218538034640962 1 17 10 22 
0.9827418541238025 1 17 11 14 
0.1704560299409540 1 17 11 18 
1.0960767168761281 1 17 11 21 
0.4406929983020082 1 17 13 5 
0.4056518961520714 1 17 14 4 
-0.9827418541238025 1 17 14 11 
0.2147033068403779 1 17 15 3 
0.1678405964538988 1 17 15 7 
0.0268632928440123 1 17 15 10 
0.0680009260379355 1 17 16 2 
0.5727092469995737 1 17 16 6 
-0.1017499405736694 1 17 16 9 
1.1693779383866987 1 17 17 1 
0.8408250225745892 1 17 17 8 
-0.0326614504519291 1 17 18 4 
-0.1704560299409540 1 17 18 11 
0.5959023217534863 1 17 19 3 
0.1901832990705832 1 17 19 7 
-0.3089280750178132 1 17 19 10 
1.0322329200552471 1 17 20 5 
0.2722037580596425 1 17 21 4 
-1.0960767168761281 1 17 21 11 
0.4258302253905440 1 17 22 3 
0.3020832896660136 1 17 22 7 
-0.1218538034640962 1 17 22 10 
-0.6024216873085493 1 17 23 2 
0.1823115459371740 1 17 23 6 
-0.1262642992747870 1 17 23 9 
-0.3703238925547188 1 18 0 15 
-0.3934163640552480 1 18 0 19 
0.3216877698508500 1 18 0 22 
0.0698963678553639 1 18 1 14 
-1.4709677933490206 1 18 1 18 
-0.0271559133921788 1 18 1 21 
0.3570489027560796 1 18 2 13 
-0.1429365823658156 1 18 2 20 
-0.5843547552045125 1 18 3 12 
-1.8601521520969277 1 18 6 13 
0.7926446155814209 1 18 6 20 
-0.9634955015873852 1 18 7 12 
-0.5244594835917331 1 18 8 14 
0.1725747679082849 1 18 8 18 
0.1025860569802148 1 18 8 21 
0.1845981792192072 1 18 9 13 
-0.0193829236574928 1 18 9 20 
0.5447535549455064 1 18 10 12 
0.5843547552045125 1 18 12 3 
0.9634955015873852 1 18 12 7 
-0.5447535549455064 1 18 12 10 
-0.3570489027560796 1 18 13 2 
1.8601521520969277 1 18 13 6 
-0.1845981792192072 1 18 13 9 
-0.0698963678553639 1 18 14 1 
0.5244594835917331 1 18 14 8 
0.3703238925547188 1 18 15 0 
1.4709677933490206 1 18 18 1 
-0.1725747679082849 1 18 18 8 
0.3934163640552480 1 18 19 0 
0.1429365823658156 1 18 20 2 
-0.7926446155814209 1 18 20 6 
0.0193829236574928 1 18 20 9 
0.0271559133921788 1 18 21 1 
-0.1025860569802148 1 18 21 8 
-0.3216877698508500 1 18 22 0 
-0.5727092469995737 1 19 0 16 
-0.1535056724386228 1 19 0 23 
0.1060459691448550 1 19 1 15 
-0.9431443532560172 1 19 1 19 
0.0645931557962739 1 19 1 22 
0.2415167168359020 1 19 2 14 
-0.4976367116786320 1 19 2 18 
0.1769810816568857 1 19 2 21 
-0.2768240773894325 1 19 3 13 
-0.3371076058305285 1 19 3 20 
0.0326614504519291 1 19 4 12 
-1.2187361201370062 1 19 6 14 
-1.3729007465329219 1 19 6 21 
-0.5674872895581380 1 19 7 13 
-0.7926446155814209 1 19 7 20 
-0.4014214546244412 1 19 8 15 
-0.1725747679082849 1 19 8 19 
-0.1053283539731631 1 19 8 22 
0.0062175558171438 1 19 9 14 
-0.2989082661215564 1 19 9 18 
0.0288224108527763 1 19 9 21 
0.2938512609565039 1 19 10 13 
0.1386096073022519 1 19 10 20 
0.0972701025886043 1 19 11 12 
-0.0326614504519291 1 19 12 4 
-0.0972701025886043 1 19 12 11 
0.2768240773894325 1 19 13 3 
0.5674872895581380 1 19 13 7 
-0.2938512609565039 1 19 13 10 
-0.2415167168359020 1 19 14 2 
1.2187361201370062 1 19 14 6 
-0.0062175558171438 1 19 14 9 
-0.1060459691448550 1 19 15 1 
0.4014214546244412 1 19 15 8 
0.5727092469995737 1 19 16 0 
0.4976367116786320 1 19 18 2 
0.2989082661215564 1 19 18 9 
0.9431443532560172 1 19 19 1 
0.1725747679082849 1 19 19 8 
0.3371076058305285 1 19 20 3 
0.7926446155814209 1 19 20 7 
-0.1386096073022519 1 19 20 10 
-0.1769810816568857 1 19 21 2 
1.3729007465329219 1 19 21 6 
-0.0288224108527763 1 19 21 9 
-0.0645931557962739 1 19 22 1 
0.1053283539731631 1 19 22 8 
0.1535056724386228 1 19 23 0 
-0.9932620347081823 1 20 0 14 
-0.2018369445582865 1 20 0 18 
-1.2805630884355304 1 20 0 21 
0.6279338624310166 1 20 1 13 
-1.8627473683601516 1 20 1 20 
0.0004114220937582 1 20 2 12 
-0.5204054686789930 1 20 6 12 
-1.2834903905334276 1 20 8 13 
-0.5830309648145314 1 20 8 20 
-0.2722492852427233 1 20 9 12 
-0.0004114220937582 1 20 12 2 
0.5204054686789930 1 20 12 6 
0.2722492852427233 1 20 12 9 
-0.6279338624310166 1 20 13 1 
1.2834903905334276 1 20 13 8 
0.9932620347081823 1 20 14 0 
0.2018369445582865 1 20 18 0 
1.8627473683601516 1 20 20 1 
0.5830309648145314 1 20 20 8 
1.2805630884355304 1 20 21 0 
-0.0450847801209574 1 21 0 15 
0.2937836968822852 1 21 0 19 
0.1525318362062181 1 21 0 22 
-0.4528556442299658 1 21 1 14 
-0.0271559133921788 1 21 1 18 
-2.3298159578413875 1 21 1 21 
0.1965027183681328 1 21 2 13 
-0.7263540819713513 1 21 2 20 
0.6183073485789797 1 21 3 12 
0.1845981792192072 1 21 6 13 
0.2365872824539799 1 21 6 20 
0.1881383976023035 1 21 7 12 
-0.0178126550332519 1 21 8 14 
0.0208052682678764 1 21 8 18 
0.3405616855582246 1 21 8 21 
-1.6058747625902829 1 21 9 13 
0.0481256243181296 1 21 9 20 
0.2818450863405722 1 21 10 12 
-0.6183073485789797 1 21 12 3 
-0.1881383976023035 1 21 12 7 
-0.2818450863405722 1 21 12 10 
-0.1965027183681328 1 21 13 2 
-0.1845981792192072 1 21 13 6 
1.6058747625902829 1 21 13 9 
0.4528556442299658 1 21 14 1 
0.0178126550332519 1 21 14 8 
0.0450847801209574 1 21 15 0 
0.0271559133921788 1 21 18 1 
-0.0208052682678764 1 21 18 8 
-0.2937836968822852 1 21 19 0 
0.7263540819713513 1 21 20 2 
-0.2365872824539799 1 21 20 6 
-0.0481256243181296 1 21 20 9 
2.3298159578413875 1 21 21 1 
-0.3405616855582246 1 21 21 8 
-0.1525318362062181 1 21 22 0 
-0.1017499405736692 1 22 0 16 
0.5419552111398834 1 22 0 23 
0.5228372484274719 1 22 1 15 
0.0645931557962739 1 22 1 19 
-1.6553712898656678 1 22 1 22 
-1.1545383489005070 1 22 2 14 
0.2122772522873660 1 22 2 18 
-0.3563173937358947 1 22 2 21 
1.0560243129548337 1 22 3 13 
-1.0230530588130438 1 22 3 20 
0.2722037580596427 1 22 4 12 
0.4573040139546807 1 22 6 14 
-0.7375824587116714 1 22 6 18 
0.1639236347454664 1 22 6 21 
0.2938512609565039 1 22 7 13 
-0.4022177051675007 1 22 7 20 
-0.4787329166736851 1 22 8 15 
-0.3548787044032263 1 22 8 19 
0.1971369208197036 1 22 8 22 
0.3372748895500163 1 22 9 14 
0.1988833518993580 1 22 9 18 
0.5155869121825958 1 22 9 21 
-1.7677410995488954 1 22 10 13 
0.2702459361297274 1 22 10 20 
0.7253028323962445 1 22 11 12 
-0.2722037580596427 1 22 12 4 
-0.7253028323962445 1 22 12 11 
-1.0560243129548337 1 22 13 3 
-0.2938512609565039 1 22 13 7 
1.7677410995488954 1 22 13 10 
1.1545383489005070 1 22 14 2 
-0.4573040139546807 1 22 14 6 
-0.3372748895500163 1 22 14 9 
-0.5228372484274719 1 22 15 1 
0.4787329166736851 1 22 15 8 
0.1017499405736692 1 22 16 0 
-0.2122772522873660 1 22 18 2 
0.7375824587116714 1 22 18 6 
-0.1988833518993580 1 22 18 9 
-0.0645931557962739 1 22 19 1 
0.3548787044032263 1 22 19 8 
1.0230530588130438 1 22 20 3 
0.4022177051675007 1 22 20 7 
-0.2702459361297274 1 22 20 10 
0.3563173937358947 1 22 21 2 
-0.1639236347454664 1 22 21 6 
-0.5155869121825958 1 22 21 9 
1.6553712898656678 1 22 22 1 
-0.1971369208197036 1 22 22 8 
-0.5419552111398834 1 22 23 0 
0.8408250225745892 1 23 0 17 
-0.0788151650638827 1 23 1 16 
-1.6518676778526482 1 23 1 23 
-0.1757888329181440 1 23 2 15 
-0.0818018215212034 1 23 2 19 
0.4263076988277269 1 23 2 22 
-0.0775334409869052 1 23 3 14 
0.3371076058305285 1 23 3 18 
-0.7059396123855739 1 23 3 21 
0.2108481243480141 1 23 4 13 
-0.5178440895484738 1 23 4 20 
1.0322329200552471 1 23 5 12 
0.4014214546244413 1 23 6 15 
0.4258434310867295 1 23 6 19 
-0.4258699917476537 1 23 6 22 
0.2568451805087723 1 23 7 14 
0.4258434310867295 1 23 7 18 
0.0709890680666838 1 23 7 21 
-0.0181340631306221 1 23 8 16 
0.0453323584366032 1 23 8 23 
-0.4676281162653249 1 23 9 15 
0.2192480793789206 1 23 9 19 
0.2273584931107725 1 23 9 22 
0.6130947002594213 1 23 10 14 
-0.2504559817807351 1 23 10 18 
0.4466855390408437 1 23 10 21 
-1.8325586223664405 1 23 11 13 
0.2646594043666745 1 23 11 20 
-1.0322329200552471 1 23 12 5 
-0.2108481243480141 1 23 13 4 
1.8325586223664405 1 23 13 11 
0.0775334409869052 1 23 14 3 
-0.2568451805087723 1 23 14 7 
-0.6130947002594213 1 23 14 10 
0.1757888329181440 1 23 15 2 
-0.4014214546244413 1 23 15 6 
0.4676281162653249 1 23 15 9 
0.0788151650638827 1 23 16 1 
0.0181340631306221 1 23 16 8 
-0.8408250225745892 1 23 17 0 
-0.3371076058305285 1 23 18 3 
-0.4258434310867295 1 23 18 7 
0.2504559817807351 1 23 18 10 
0.0818018215212034 1 23 19 2 
-0.4258434310867295 1 23 19 6 
-0.2192480793789206 1 23 19 9 
0.5178440895484738 1 23 20 4 
-0.2646594043666745 1 23 20 11 
0.7059396123855739 1 23 21 3 
-0.0709890680666838 1 23 21 7 
-0.4466855390408437 1 23 21 10 
-0.4263076988277269 1 23 22 2 
0.4258699917476537 1 23 22 6 
-0.2273584931107725 1 23 22 9 
1.6518676778526482 1 23 23 1 
-0.0453323584366032 1 23 23 8 
0.1948118802216338 2 0 0 2 
0.7696961499524538 2 0 0 9 
0.9936734568019402 2 0 1 8 
-0.1948118802216338 2 0 2 0 
-0.9936734568019402 2 0 8 1 
-0.7696961499524538 2 0 9 0 
-0.3581329359628827 2 1 0 3 
-0.6420925879493813 2 1 0 7 
0.1345417363931263 2 1 0 10 
0.6752976340983847 2 1 1 2 
0.2871525349007157 2 1 1 6 
0.6493583625980984 2 1 1 9 
-0.6752976340983847 2 1 2 1 
0.3879186813431354 2 1 2 8 
0.3581329359628827 2 1 3 0 
-0.2871525349007157 2 1 6 1 
-0.6693294146586947 2 1 6 8 
0.6420925879493813 2 1 7 0 
-0.3879186813431354 2 1 8 2 
0.6693294146586947 2 1 8 6 
-0.9200448428203825 2 1 8 9 
-0.6493583625980984 2 1 9 1 
0.9200448428203825 2 1 9 8 
-0.1345417363931263 2 1 10 0 
-0.3825619474821162 2 3 0 5 
0.8096603953725612 2 3 1 4 
-0.0982553919312388 2 3 1 11 
-1.2180214995394174 2 3 2 3 
0.3828700465342876 2 3 2 7 
-0.4730181708501842 2 3 2 10 
1.2180214995394174 2 3 3 2 
-0.3828700465342876 2 3 3 6 
-0.4730181708501842 2 3 3 9 
-0.8096603953725612 2 3 4 1 
-0.0982553919312388 2 3 4 8 
0.3825619474821162 2 3 5 0 
0.3828700465342876 2 3 6 3 
-0.8481537634532695 2 3 6 7 
0.3643367857221202 2 3 6 10 
-0.3828700465342876 2 3 7 2 
0.8481537634532695 2 3 7 6 
0.3643367857221202 2 3 7 9 
0.0982553919312388 2 3 8 4 
-0.6917808805534447 2 3 8 11 
0.4730181708501842 2 3 9 3 
-0.3643367857221202 2 3 9 7 
1.6933988385041503 2 3 9 10 
0.4730181708501842 2 3 10 2 
-0.3643367857221202 2 3 10 6 
-1.6933988385041503 2 3 10 9 
0.0982553919312388 2 3 11 1 
0.6917808805534447 2 3 11 8 
0.3376509701141358 2 4 1 5 
-0.4083611041668564 2 4 2 4 
-0.3879186813431356 2 4 2 11 
0.2707300062176038 2 4 3 7 
-0.8361858905815552 2 4 3 10 
0.4083611041668564 2 4 4 2 
-0.3828700465342875 2 4 4 6 
-0.5331870645273618 2 4 4 9 
-0.3376509701141358 2 4 5 1 
-0.0776777077238112 2 4 5 8 
0.3828700465342875 2 4 6 4 
0.2231098048862315 2 4 6 11 
-0.2707300062176038 2 4 7 3 
0.3864375177297320 2 4 7 10 
0.0776777077238112 2 4 8 5 
0.5331870645273618 2 4 9 4 
0.6133632285469215 2 4 9 11 
0.8361858905815552 2 4 10 3 
-0.3864375177297320 2 4 10 7 
0.3879186813431356 2 4 11 2 
-0.2231098048862315 2 4 11 6 
-0.6133632285469215 2 4 11 9 
-0.4617484101531621 2 5 2 5 
0.3581329359628826 2 5 3 4 
-0.6477068057111962 2 5 3 11 
-0.3581329359628826 2 5 4 3 
-0.2140308626497937 2 5 4 7 
-0.6633921286999369 2 5 4 10 
0.4617484101531621 2 5 5 2 
0.4785875581678595 2 5 5 6 
-0.4128492771730066 2 5 5 9 
-0.4785875581678595 2 5 6 5 
0.2140308626497937 2 5 7 4 
-0.4988886901723285 2 5 7 11 
0.4128492771730066 2 5 9 5 
0.6633921286999369 2 5 10 4 
-0.6857609369648280 2 5 10 11 
0.6477068057111962 2 5 11 3 
0.4988886901723285 2 5 11 7 
0.6857609369648280 2 5 11 10 
0.4280617252995874 2 6 0 4 
-0.0479367125992772 2 6 0 11 
-0.2707300062176038 2 6 1 3 
0.7210994084583739 2 6 1 7 
-0.2450267616673147 2 6 1 10 
0.1342372179326451 2 6 2 6 
-0.0384940078642476 2 6 2 9 
0.2707300062176038 2 6 3 1 
0.3819277666490264 2 6 3 8 
-0.4280617252995874 2 6 4 0 
-0.1342372179326451 2 6 6 2 
0.7594273658422368 2 6 6 9 
-0.7210994084583739 2 6 7 1 
0.4384555940989839 2 6 7 8 
-0.3819277666490264 2 6 8 3 
-0.4384555940989839 2 6 8 7 
0.1724901866066674 2 6 8 10 
0.0384940078642476 2 6 9 2 
-0.7594273658422368 2 6 9 6 
0.2450267616673147 2 6 10 1 
-0.1724901866066674 2 6 10 8 
0.0479367125992772 2 6 11 0 
-0.4785875581678595 2 7 0 5 
-0.0957175116335719 2 7 1 4 
-0.3386470020299757 2 7 1 11 
0.3828700465342876 2 7 2 3 
-0.1207099228826172 2 7 2 7 
-0.1085100580596244 2 7 2 10 
-0.3828700465342876 2 7 3 2 
0.7648414224457865 2 7 3 6 
0.2205060988858080 2 7 3 9 
0.0957175116335719 2 7 4 1 
0.0643138487939128 2 7 4 8 
0.4785875581678595 2 7 5 0 
-0.7648414224457865 2 7 6 3 
-0.7594273658422371 2 7 6 10 
0.1207099228826172 2 7 7 2 
-0.7594273658422371 2 7 7 9 
-0.0643138487939128 2 7 8 4 
-0.1493808835048923 2 7 8 11 
-0.2205060988858080 2 7 9 3 
0.7594273658422371 2 7 9 7 
-0.1493808835048923 2 7 9 10 
0.1085100580596244 2 7 10 2 
0.7594273658422371 2 7 10 6 
0.1493808835048923 2 7 10 9 
0.3386470020299757 2 7 11 1 
0.1493808835048923 2 7 11 8 
-0.6477068057111962 2 8 0 3 
0.0479367125992773 2 8 0 7 
-0.6337976578491176 2 8 0 10 
-0.3879186813431354 2 8 1 2 
0.3815229012259175 2 8 1 6 
-0.7085414269380993 2 8 1 9 
0.3879186813431354 2 8 2 1 
-0.1453657384212662 2 8 2 8 
0.6477068057111962 2 8 3 0 
-0.3815229012259175 2 8 6 1 
-0.1321389576064887 2 8 6 8 
-0.0479367125992773 2 8 7 0 
0.1453657384212662 2 8 8 2 
0.1321389576064887 2 8 8 6 
-0.1790797831068815 2 8 8 9 
0.7085414269380993 2 8 9 1 
0.1790797831068815 2 8 9 8 
0.6337976578491176 2 8 10 0 
-0.3989669325465317 2 9 0 4 
0.0504584763522818 2 9 0 11 
-0.8361858905815552 2 9 1 3 
0.1707635258397419 2 9 1 7 
-0.6935922832859108 2 9 1 10 
-0.0384940078642476 2 9 2 6 
-0.6673886277664335 2 9 2 9 
0.8361858905815552 2 9 3 1 
-0.3666292079661183 2 9 3 8 
0.3989669325465317 2 9 4 0 
0.0384940078642476 2 9 6 2 
0.1568592106743691 2 9 6 9 
-0.1707635258397419 2 9 7 1 
0.1097641911995563 2 9 7 8 
0.3666292079661183 2 9 8 3 
-0.1097641911995563 2 9 8 7 
0.2584794024579445 2 9 8 10 
0.6673886277664335 2 9 9 2 
-0.1568592106743691 2 9 9 6 
0.6935922832859108 2 9 10 1 
-0.2584794024579445 2 9 10 8 
-0.0504584763522818 2 9 11 0 
-0.1784234363897237 2 10 0 5 
-0.6514416072399078 2 10 1 4 
-0.1867870014316945 2 10 1 11 
-0.4730181708501842 2 10 2 3 
-0.1085100580596244 2 10 2 7 
-0.2636907861838599 2 10 2 10 
0.4730181708501842 2 10 3 2 
-0.2205060988858080 2 10 3 6 
-0.9230569702418870 2 10 3 9 
0.6514416072399078 2 10 4 1 
-0.2383114961202490 2 10 4 8 
0.1784234363897237 2 10 5 0 
0.2205060988858080 2 10 6 3 
0.0826984514707279 2 10 6 10 
0.1085100580596244 2 10 7 2 
0.0494405061357608 2 10 7 9 
0.2383114961202490 2 10 8 4 
0.0895398915534407 2 10 8 11 
0.9230569702418870 2 10 9 3 
-0.0494405061357608 2 10 9 7 
0.0895398915534407 2 10 9 10 
0.2636907861838599 2 10 10 2 
-0.0826984514707279 2 10 10 6 
-0.0895398915534407 2 10 10 9 
0.1867870014316945 2 10 11 1 
-0.0895398915534407 2 10 11 8 
-0.3803201668152534 2 11 1 5 
-0.3879186813431356 2 11 2 4 
0.0663077334907516 2 11 2 11 
-0.3819277666490264 2 11 3 7 
-0.3666292079661183 2 11 3 10 
0.3879186813431356 2 11 4 2 
-0.0643138487939128 2 11 4 6 
-0.5443201421393585 2 11 4 9 
0.3803201668152534 2 11 5 1 
-0.3950554632758306 2 11 5 8 
0.0643138487939128 2 11 6 4 
-0.1074187045386083 2 11 6 11 
0.3819277666490264 2 11 7 3 
-0.1668531702522620 2 11 7 10 
0.3950554632758306 2 11 8 5 
0.5443201421393585 2 11 9 4 
-0.2686196746603222 2 11 9 11 
0.3666292079661183 2 11 10 3 
0.1668531702522620 2 11 10 7 
-0.0663077334907516 2 11 11 2 
0.1074187045386083 2 11 11 6 
0.2686196746603222 2 11 11 9 
-1.2421153591683542 2 12 0 14 
-0.4269452706114438 2 12 0 18 
1.0257303896308096 2 12 0 21 
-0.8785012600833595 2 12 1 13 
0.0004114220937581 2 12 1 20 
-1.4369272393899883 2 12 2 12 
-0.4269452706114438 2 12 6 12 
-0.9932620347081821 2 12 8 13 
0.5851822809503073 2 12 8 20 
0.2560342396783555 2 12 9 12 
1.4369272393899883 2 12 12 2 
0.4269452706114438 2 12 12 6 
-0.2560342396783555 2 12 12 9 
0.8785012600833595 2 12 13 1 
0.9932620347081821 2 12 13 8 
1.2421153591683542 2 12 14 0 
0.4269452706114438 2 12 18 0 
-0.0004114220937581 2 12 20 1 
-0.5851822809503073 2 12 20 8 
-1.0257303896308096 2 12 21 0 
-0.6449621166958442 2 13 0 15 
-0.2255784291987675 2 13 0 19 
-0.2193404160324481 2 13 0 22 
-1.4880338413384702 2 13 1 14 
0.3570489027560796 2 13 1 18 
0.1965027183681328 2 13 1 21 
-2.1633314754368551 2 13 2 13 
0.5079262718870760 2 13 2 20 
-0.2868291807329615 2 13 3 12 
0.0698963678553639 2 13 6 13 
-0.3346647073293474 2 13 6 20 
0.4165141587506138 2 13 7 12 
0.1200075905439405 2 13 8 14 
0.3346647073293474 2 13 8 18 
-0.6866625442718123 2 13 8 21 
-0.4528556442299658 2 13 9 13 
0.2333822985485703 2 13 9 20 
-0.3538821524255744 2 13 10 12 
0.2868291807329615 2 13 12 3 
-0.4165141587506138 2 13 12 7 
0.3538821524255744 2 13 12 10 
2.1633314754368551 2 13 13 2 
-0.0698963678553639 2 13 13 6 
0.4528556442299658 2 13 13 9 
1.4880338413384702 2 13 14 1 
-0.1200075905439405 2 13 14 8 
0.6449621166958442 2 13 15 0 
-0.3570489027560796 2 13 18 1 
-0.3346647073293474 2 13 18 8 
0.2255784291987675 2 13 19 0 
-0.5079262718870760 2 13 20 2 
0.3346647073293474 2 13 20 6 
-0.2333822985485703 2 13 20 9 
-0.1965027183681328 2 13 21 1 
0.6866625442718123 2 13 21 8 
0.2193404160324481 2 13 22 0 
-0.2147033068403779 2 14 0 16 
0.5544340647699876 2 14 0 23 
-0.9070525332051274 2 14 1 15 
0.2415167168359020 2 14 1 19 
-1.1545383489005070 2 14 1 22 
-2.6892908210926532 2 14 2 14 
0.3415562164891549 2 14 2 18 
0.5600289697856357 2 14 2 21 
-0.9070525332051274 2 14 3 13 
0.2686888465557844 2 14 3 20 
-0.2147033068403779 2 14 4 12 
0.3415562164891549 2 14 6 14 
-0.2551576709441980 2 14 6 18 
-0.0045916216014056 2 14 6 21 
0.2415167168359020 2 14 7 13 
0.0079529219027653 2 14 7 20 
0.2686888465557844 2 14 8 15 
0.0079529219027653 2 14 8 19 
0.1789362100822664 2 14 8 22 
0.5600289697856357 2 14 9 14 
-0.0045916216014056 2 14 9 18 
-0.9468212797877490 2 14 9 21 
-1.1545383489005070 2 14 10 13 
0.1789362100822664 2 14 10 20 
0.5544340647699876 2 14 11 12 
0.2147033068403779 2 14 12 4 
-0.5544340647699876 2 14 12 11 
0.9070525332051274 2 14 13 3 
-0.2415167168359020 2 14 13 7 
1.1545383489005070 2 14 13 10 
2.6892908210926532 2 14 14 2 
-0.3415562164891549 2 14 14 6 
-0.5600289697856357 2 14 14 9 
0.9070525332051274 2 14 15 1 
-0.2686888465557844 2 14 15 8 
0.2147033068403779 2 14 16 0 
-0.3415562164891549 2 14 18 2 
0.2551576709441980 2 14 18 6 
0.0045916216014056 2 14 18 9 
-0.2415167168359020 2 14 19 1 
-0.0079529219027653 2 14 19 8 
-0.2686888465557844 2 14 20 3 
-0.0079529219027653 2 14 20 7 
-0.1789362100822664 2 14 20 10 
-0.5600289697856357 2 14 21 2 
0.0045916216014056 2 14 21 6 
0.9468212797877490 2 14 21 9 
1.1545383489005070 2 14 22 1 
-0.1789362100822664 2 14 22 8 
-0.5544340647699876 2 14 23 0 
-0.2712961719225715 2 15 0 17 
-0.1027736652430869 2 15 1 16 
-0.1757888329181440 2 15 1 23 
-2.3812448250638898 2 15 2 15 
0.3622131315117213 2 15 2 19 
-0.5940873592615260 2 15 2 22 
-1.1632233255244717 2 15 3 14 
-0.0206569150225663 2 15 3 18 
0.1210691884113418 2 15 3 21 
-0.9124340606156484 2 15 4 13 
0.0775334409869052 2 15 4 20 
0.1112657755595448 2 15 5 12 
0.3622131315117213 2 15 6 15 
-0.4666031602173346 2 15 6 19 
0.1806378523272583 2 15 6 22 
-0.0206569150225663 2 15 7 14 
0.3815506032359352 2 15 7 18 
0.1836989333948620 2 15 7 21 
0.1757888329181440 2 15 8 16 
-0.2942360057473387 2 15 8 23 
0.5940873592615260 2 15 9 15 
-0.1806378523272583 2 15 9 19 
0.5827467605188763 2 15 9 22 
-0.1210691884113418 2 15 10 14 
-0.1836989333948620 2 15 10 18 
-1.1106520779852744 2 15 10 21 
-0.0775334409869052 2 15 11 13 
0.3975448748061063 2 15 11 20 
-0.1112657755595448 2 15 12 5 
0.9124340606156484 2 15 13 4 
0.0775334409869052 2 15 13 11 
1.1632233255244717 2 15 14 3 
0.0206569150225663 2 15 14 7 
0.1210691884113418 2 15 14 10 
2.3812448250638898 2 15 15 2 
-0.3622131315117213 2 15 15 6 
-0.5940873592615260 2 15 15 9 
0.1027736652430869 2 15 16 1 
-0.1757888329181440 2 15 16 8 
0.2712961719225715 2 15 17 0 
0.0206569150225663 2 15 18 3 
-0.3815506032359352 2 15 18 7 
0.1836989333948620 2 15 18 10 
-0.3622131315117213 2 15 19 2 
0.4666031602173346 2 15 19 6 
0.1806378523272583 2 15 19 9 
-0.0775334409869052 2 15 20 4 
-0.3975448748061063 2 15 20 11 
-0.1210691884113418 2 15 21 3 
-0.1836989333948620 2 15 21 7 
1.1106520779852744 2 15 21 10 
0.5940873592615260 2 15 22 2 
-0.1806378523272583 2 15 22 6 
-0.5827467605188763 2 15 22 9 
0.1757888329181440 2 15 23 1 
0.2942360057473387 2 15 23 8 
-0.0680009260379355 2 16 1 17 
-1.5219439946243041 2 16 2 16 
-0.2546039979820268 2 16 2 23 
-0.9070525332051271 2 16 3 15 
0.0146066446908509 2 16 3 19 
0.0494844668863695 2 16 3 22 
-1.1135828904574476 2 16 4 14 
-0.2768240773894325 2 16 4 18 
-1.0560243129548337 2 16 4 21 
-0.4056518961520714 2 16 5 13 
0.6493616974667379 2 16 5 20 
0.1060459691448550 2 16 6 16 
0.1190529891200389 2 16 6 23 
-0.2561233615267529 2 16 7 15 
0.2405649591952107 2 16 7 19 
0.1888897365035373 2 16 7 22 
0.7270394051905491 2 16 8 17 
-0.5228372484274719 2 16 9 16 
-0.0131144776996082 2 16 9 23 
0.8856703574679250 2 16 10 15 
-0.1975477812261947 2 16 10 19 
0.6309701914595367 2 16 10 22 
0.1333146833611087 2 16 11 14 
-0.1040568157661927 2 16 11 18 
-0.6264777062465295 2 16 11 21 
0.4056518961520714 2 16 13 5 
1.1135828904574476 2 16 14 4 
-0.1333146833611087 2 16 14 11 
0.9070525332051271 2 16 15 3 
0.2561233615267529 2 16 15 7 
-0.8856703574679250 2 16 15 10 
1.5219439946243041 2 16 16 2 
-0.1060459691448550 2 16 16 6 
0.5228372484274719 2 16 16 9 
0.0680009260379355 2 16 17 1 
-0.7270394051905491 2 16 17 8 
0.2768240773894325 2 16 18 4 
0.1040568157661927 2 16 18 11 
-0.0146066446908509 2 16 19 3 
-0.2405649591952107 2 16 19 7 
0.1975477812261947 2 16 19 10 
-0.6493616974667379 2 16 20 5 
1.0560243129548337 2 16 21 4 
0.6264777062465295 2 16 21 11 
-0.0494844668863695 2 16 22 3 
-0.1888897365035373 2 16 22 7 
-0.6309701914595367 2 16 22 10 
0.2546039979820268 2 16 23 2 
-0.1190529891200389 2 16 23 6 
0.0131144776996082 2 16 23 9 
-1.2231373907068301 2 17 2 17 
-0.2868291807329613 2 17 3 16 
0.3781979980292789 2 17 3 23 
-0.6449621166958440 2 17 4 15 
-0.5843547552045125 2 17 4 19 
-0.6183073485789797 2 17 4 22 
-0.7613889805536679 2 17 5 14 
0.0258211437782079 2 17 5 18 
-0.8473069532410858 2 17 5 21 
-0.4527664143896517 2 17 6 17 
-0.3703238925547188 2 17 7 16 
-0.2494443450861643 2 17 7 23 
-0.4344576760680792 2 17 9 17 
0.0450847801209573 2 17 10 16 
0.1639022526650746 2 17 10 23 
1.0259048037404752 2 17 11 15 
0.2494443450861643 2 17 11 19 
0.8496631896299027 2 17 11 22 
0.7613889805536679 2 17 14 5 
0.6449621166958440 2 17 15 4 
-1.0259048037404752 2 17 15 11 
0.2868291807329613 2 17 16 3 
0.3703238925547188 2 17 16 7 
-0.0450847801209573 2 17 16 10 
1.2231373907068301 2 17 17 2 
0.4527664143896517 2 17 17 6 
0.4344576760680792 2 17 17 9 
-0.0258211437782079 2 17 18 5 
0.5843547552045125 2 17 19 4 
-0.2494443450861643 2 17 19 11 
0.8473069532410858 2 17 21 5 
0.6183073485789797 2 17 22 4 
-0.8496631896299027 2 17 22 11 
-0.3781979980292789 2 17 23 3 
0.2494443450861643 2 17 23 7 
-0.1639022526650746 2 17 23 10 
-0.1678405964538987 2 18 0 16 
0.2512651741230887 2 18 0 23 
-0.2561233615267529 2 18 1 15 
-0.4976367116786320 2 18 1 19 
0.2122772522873660 2 18 1 22 
0.3415562164891549 2 18 2 14 
-1.2950266466513527 2 18 2 18 
-0.1772585979762229 2 18 2 21 
0.0146066446908509 2 18 3 13 
-0.0324216029695824 2 18 3 20 
-0.5959023217534861 2 18 4 12 
-1.4292638645839979 2 18 6 14 
0.9707874277695027 2 18 6 21 
-1.2187361201370062 2 18 7 13 
0.5604843827486268 2 18 7 20 
-0.4143493696186088 2 18 8 15 
0.1220287886496429 2 18 8 19 
0.1097784932187198 2 18 8 22 
-0.1387645901119753 2 18 9 14 
0.2113600619272657 2 18 9 18 
0.0407610443282858 2 18 9 21 
0.4573040139546807 2 18 10 13 
-0.0627116933879477 2 18 10 20 
0.2992018867223660 2 18 11 12 
0.5959023217534861 2 18 12 4 
-0.2992018867223660 2 18 12 11 
-0.0146066446908509 2 18 13 3 
1.2187361201370062 2 18 13 7 
-0.4573040139546807 2 18 13 10 
-0.3415562164891549 2 18 14 2 
1.4292638645839979 2 18 14 6 
0.1387645901119753 2 18 14 9 
0.2561233615267529 2 18 15 1 
0.4143493696186088 2 18 15 8 
0.1678405964538987 2 18 16 0 
1.2950266466513527 2 18 18 2 
-0.2113600619272657 2 18 18 9 
0.4976367116786320 2 18 19 1 
-0.1220287886496429 2 18 19 8 
0.0324216029695824 2 18 20 3 
-0.5604843827486268 2 18 20 7 
0.0627116933879477 2 18 20 10 
0.1772585979762229 2 18 21 2 
-0.9707874277695027 2 18 21 6 
-0.0407610443282858 2 18 21 9 
-0.2122772522873660 2 18 22 1 
-0.1097784932187198 2 18 22 8 
-0.2512651741230887 2 18 23 0 
-0.4527664143896516 2 19 0 17 
-0.3467204452447965 2 19 1 16 
-0.0818018215212034 2 19 1 23 
0.3622131315117213 2 19 2 15 
-1.1190854999536850 2 19 2 19 
0.1897376787775879 2 19 2 22 
-0.0206569150225664 2 19 3 14 
-0.5278234400930033 2 19 3 18 
-0.0187186212020476 2 19 3 21 
-0.2510029336112246 2 19 4 13 
-0.3371076058305285 2 19 4 20 
0.0258211437782080 2 19 5 12 
-1.2926648625387898 2 19 6 15 
-0.9707874277695029 2 19 6 22 
-0.9983755770710679 2 19 7 14 
-0.9707874277695029 2 19 7 21 
-0.4014214546244413 2 19 8 16 
-0.0645001806703747 2 19 8 23 
-0.2392247200878556 2 19 9 15 
-0.2113600619272657 2 19 9 19 
-0.0441196585062318 2 19 9 22 
0.2982477368372123 2 19 10 14 
-0.2113600619272657 2 19 10 18 
0.1052612249986605 2 19 10 21 
0.2568451805087723 2 19 11 13 
0.0848807028345176 2 19 11 20 
-0.0258211437782080 2 19 12 5 
0.2510029336112246 2 19 13 4 
-0.2568451805087723 2 19 13 11 
0.0206569150225663 2 19 14 3 
0.9983755770710679 2 19 14 7 
-0.2982477368372123 2 19 14 10 
-0.3622131315117214 2 19 15 2 
1.2926648625387898 2 19 15 6 
0.2392247200878556 2 19 15 9 
0.3467204452447965 2 19 16 1 
0.4014214546244413 2 19 16 8 
0.4527664143896516 2 19 17 0 
0.5278234400930033 2 19 18 3 
0.2113600619272657 2 19 18 10 
1.1190854999536850 2 19 19 2 
0.2113600619272657 2 19 19 9 
0.3371076058305285 2 19 20 4 
-0.0848807028345176 2 19 20 11 
0.0187186212020476 2 19 21 3 
0.9707874277695029 2 19 21 7 
-0.1052612249986605 2 19 21 10 
-0.1897376787775879 2 19 22 2 
0.9707874277695029 2 19 22 6 
0.0441196585062318 2 19 22 9 
0.0818018215212034 2 19 23 1 
0.0645001806703747 2 19 23 8 
-1.0259048037404752 2 20 0 15 
-0.2512651741230887 2 20 0 19 
-0.9989011356287055 2 20 0 22 
0.1200075905439405 2 20 1 14 
-0.1429365823658156 2 20 1 18 
-0.7263540819713513 2 20 1 21 
0.5079262718870760 2 20 2 13 
-1.4179481500057716 2 20 2 20 
-0.3781979980292788 2 20 3 12 
-0.5244594835917331 2 20 6 13 
-0.1448795304109926 2 20 6 20 
-0.2992018867223660 2 20 7 12 
-1.2725824115845057 2 20 8 14 
-0.0127405728045039 2 20 8 18 
-0.5655826808994989 2 20 8 21 
-0.0178126550332519 2 20 9 13 
-0.3865028977926174 2 20 9 20 
-0.3651034777795880 2 20 10 12 
0.3781979980292788 2 20 12 3 
0.2992018867223660 2 20 12 7 
0.3651034777795880 2 20 12 10 
-0.5079262718870760 2 20 13 2 
0.5244594835917331 2 20 13 6 
0.0178126550332519 2 20 13 9 
-0.1200075905439405 2 20 14 1 
1.2725824115845057 2 20 14 8 
1.0259048037404752 2 20 15 0 
0.1429365823658156 2 20 18 1 
0.0127405728045039 2 20 18 8 
0.2512651741230887 2 20 19 0 
1.4179481500057716 2 20 20 2 
0.1448795304109926 2 20 20 6 
0.3865028977926174 2 20 20 9 
0.7263540819713513 2 20 21 1 
0.5655826808994989 2 20 21 8 
0.9989011356287055 2 20 22 0 
0.0268632928440123 2 21 0 16 
-0.2898139128376450 2 21 0 23 
-0.8856703574679250 2 21 1 15 
0.1769810816568857 2 21 1 19 
-0.3563173937358947 2 21 1 22 
0.5600289697856357 2 21 2 14 
-0.1772585979762229 2 21 2 18 
-2.5226607308303990 2 21 2 21 
-0.0494844668863695 2 21 3 13 
-0.0470070899563649 2 21 3 20 
0.4258302253905440 2 21 4 12 
-0.1387645901119753 2 21 6 14 
0.5215495582392695 2 21 6 18 
0.0289680166857266 2 21 6 21 
0.0062175558171438 2 21 7 13 
0.3680571027200843 2 21 7 20 
0.3196221180097535 2 21 8 15 
0.2582929115205280 2 21 8 19 
0.1014166237366934 2 21 8 22 
-1.8552721030639652 2 21 9 14 
-0.1278911939886425 2 21 9 18 
-0.1265536072223174 2 21 9 21 
0.3372748895500163 2 21 10 13 
-0.1570627787212512 2 21 10 20 
-0.3402723891899268 2 21 11 12 
-0.4258302253905440 2 21 12 4 
0.3402723891899268 2 21 12 11 
0.0494844668863695 2 21 13 3 
-0.0062175558171438 2 21 13 7 
-0.3372748895500163 2 21 13 10 
-0.5600289697856357 2 21 14 2 
0.1387645901119753 2 21 14 6 
1.8552721030639652 2 21 14 9 
0.8856703574679250 2 21 15 1 
-0.3196221180097535 2 21 15 8 
-0.0268632928440123 2 21 16 0 
0.1772585979762229 2 21 18 2 
-0.5215495582392695 2 21 18 6 
0.1278911939886425 2 21 18 9 
-0.1769810816568857 2 21 19 1 
-0.2582929115205280 2 21 19 8 
0.0470070899563649 2 21 20 3 
-0.3680571027200843 2 21 20 7 
0.1570627787212512 2 21 20 10 
2.5226607308303990 2 21 21 2 
-0.0289680166857266 2 21 21 6 
0.1265536072223174 2 21 21 9 
0.3563173937358947 2 21 22 1 
-0.1014166237366934 2 21 22 8 
0.2898139128376450 2 21 23 0 
-0.5953384580678661 2 22 0 17 
0.4906610920275148 2 22 1 16 
0.4263076988277269 2 22 1 23 
-0.5940873592615259 2 22 2 15 
0.1897376787775879 2 22 2 19 
-2.1683848191180402 2 22 2 22 
-0.1210691884113417 2 22 3 14 
0.0187186212020476 2 22 3 18 
-0.5721232016287296 2 22 3 21 
1.1421026992674228 2 22 4 13 
-0.7059396123855739 2 22 4 20 
-0.4169150216781424 2 22 5 12 
0.2392247200878556 2 22 6 15 
-0.5215495582392696 2 22 6 19 
0.3767025578615247 2 22 6 22 
0.2982477368372123 2 22 7 14 
-0.5215495582392696 2 22 7 18 
-0.2318230274505322 2 22 7 21 
-0.4676281162653249 2 22 8 16 
0.0929609296162734 2 22 8 23 
0.3509337686131573 2 22 9 15 
-0.2812635335862929 2 22 9 19 
0.3460681440609082 2 22 9 22 
-1.9046940329341804 2 22 10 14 
0.2940041063907969 2 22 10 18 
0.2565282525074675 2 22 10 21 
0.6130947002594213 2 22 11 13 
0.0034210380628327 2 22 11 20 
0.4169150216781424 2 22 12 5 
-1.1421026992674228 2 22 13 4 
-0.6130947002594213 2 22 13 11 
0.1210691884113417 2 22 14 3 
-0.2982477368372123 2 22 14 7 
1.9046940329341804 2 22 14 10 
0.5940873592615259 2 22 15 2 
-0.2392247200878556 2 22 15 6 
-0.3509337686131573 2 22 15 9 
-0.4906610920275148 2 22 16 1 
0.4676281162653249 2 22 16 8 
0.5953384580678661 2 22 17 0 
-0.0187186212020476 2 22 18 3 
0.5215495582392696 2 22 18 7 
-0.2940041063907969 2 22 18 10 
-0.1897376787775879 2 22 19 2 
0.5215495582392696 2 22 19 6 
0.2812635335862929 2 22 19 9 
0.7059396123855739 2 22 20 4 
-0.0034210380628327 2 22 20 11 
0.5721232016287296 2 22 21 3 
0.2318230274505322 2 22 21 7 
-0.2565282525074675 2 22 21 10 
2.1683848191180402 2 22 22 2 
-0.3767025578615247 2 22 22 6 
-0.3460681440609082 2 22 22 9 
-0.4263076988277269 2 22 23 1 
-0.0929609296162734 2 22 23 8 
0.6024216873085493 2 23 1 17 
-0.2546039979820268 2 23 2 16 
-1.3908085939656438 2 23 2 23 
-0.2686888465557844 2 23 3 15 
0.0324216029695824 2 23 3 19 
-0.0470070899563649 2 23 3 22 
0.1333146833611087 2 23 4 14 
0.3371076058305285 2 23 4 18 
-1.0230530588130438 2 23 4 21 
0.9827418541238025 2 23 5 13 
-0.4093916989573429 2 23 5 20 
0.4014214546244412 2 23 6 16 
-0.2607910441362586 2 23 6 23 
0.4143493696186088 2 23 7 15 
0.3011167778451727 2 23 7 19 
-0.1003709281142469 2 23 7 22 
-0.0143362356815123 2 23 8 17 
-0.4787329166736851 2 23 9 16 
0.1669883609540267 2 23 9 23 
0.3196221180097535 2 23 10 15 
0.0664822421380151 2 23 10 19 
0.4766211059527310 2 23 10 22 
-1.4571163274563954 2 23 11 14 
-0.1533723395976503 2 23 11 18 
0.4356080356143490 2 23 11 21 
-0.9827418541238025 2 23 13 5 
-0.1333146833611087 2 23 14 4 
1.4571163274563954 2 23 14 11 
0.2686888465557844 2 23 15 3 
-0.4143493696186088 2 23 15 7 
-0.3196221180097535 2 23 15 10 
0.2546039979820268 2 23 16 2 
-0.4014214546244412 2 23 16 6 
0.4787329166736851 2 23 16 9 
-0.6024216873085493 2 23 17 1 
0.0143362356815123 2 23 17 8 
-0.3371076058305285 2 23 18 4 
0.1533723395976503 2 23 18 11 
-0.0324216029695824 2 23 19 3 
-0.3011167778451727 2 23 19 7 
-0.0664822421380151 2 23 19 10 
0.4093916989573429 2 23 20 5 
1.0230530588130438 2 23 21 4 
-0.4356080356143490 2 23 21 11 
0.0470070899563649 2 23 22 3 
0.1003709281142469 2 23 22 7 
-0.4766211059527310 2 23 22 10 
1.3908085939656438 2 23 23 2 
0.2607910441362586 2 23 23 6 
-0.1669883609540267 2 23 23 9 
0.4617484101531621 3 0 0 3 
0.4785875581678595 3 0 0 7 
0.4128492771730066 3 0 0 10 
-0.3581329359628826 3 0 1 2 
-0.2140308626497937 3 0 1 6 
0.6633921286999369 3 0 1 9 
0.3581329359628826 3 0 2 1 
0.6477068057111962 3 0 2 8 
-0.4617484101531621 3 0 3 0 
0.2140308626497937 3 0 6 1 
0.4988886901723285 3 0 6 8 
-0.4785875581678595 3 0 7 0 
-0.6477068057111962 3 0 8 2 
-0.4988886901723285 3 0 8 6 
0.6857609369648280 3 0 8 9 
-0.6633921286999369 3 0 9 1 
-0.6857609369648280 3 0 9 8 
-0.4128492771730066 3 0 10 0 
-0.3376509701141358 3 1 0 4 
0.0776777077238112 3 1 0 11 
0.4083611041668564 3 1 1 3 
-0.3828700465342875 3 1 1 7 
0.5331870645273618 3 1 1 10 
0.2707300062176038 3 1 2 6 
0.8361858905815552 3 1 2 9 
-0.4083611041668564 3 1 3 1 
0.3879186813431356 3 1 3 8 
0.3376509701141358 3 1 4 0 
-0.2707300062176038 3 1 6 2 
-0.3864375177297320 3 1 6 9 
0.3828700465342875 3 1 7 1 
-0.2231098048862315 3 1 7 8 
-0.3879186813431356 3 1 8 3 
0.2231098048862315 3 1 8 7 
-0.6133632285469215 3 1 8 10 
-0.8361858905815552 3 1 9 2 
0.3864375177297320 3 1 9 6 
-0.5331870645273618 3 1 10 1 
0.6133632285469215 3 1 10 8 
-0.0776777077238112 3 1 11 0 
0.3825619474821161 3 2 0 5 
-0.8096603953725612 3 2 1 4 
0.0982553919312388 3 2 1 11 
1.2180214995394174 3 2 2 3 
-0.3828700465342876 3 2 2 7 
0.4730181708501842 3 2 2 10 
-1.2180214995394176 3 2 3 2 
0.3828700465342876 3 2 3 6 
0.4730181708501842 3 2 3 9 
0.8096603953725612 3 2 4 1 
0.0982553919312388 3 2 4 8 
-0.3825619474821161 3 2 5 0 
-0.3828700465342876 3 2 6 3 
0.8481537634532695 3 2 6 7 
-0.3643367857221203 3 2 6 10 
0.3828700465342876 3 2 7 2 
-0.8481537634532695 3 2 7 6 
-0.3643367857221203 3 2 7 9 
-0.0982553919312388 3 2 8 4 
0.6917808805534446 3 2 8 11 
-0.4730181708501842 3 2 9 3 
0.3643367857221203 3 2 9 7 
-1.6933988385041503 3 2 9 10 
-0.4730181708501842 3 2 10 2 
0.3643367857221203 3 2 10 6 
1.6933988385041503 3 2 10 9 
-0.0982553919312388 3 2 11 1 
-0.6917808805534446 3 2 11 8 
0.3581329359628827 3 4 2 5 
-0.6752976340983847 3 4 3 4 
-0.3879186813431354 3 4 3 11 
0.6752976340983847 3 4 4 3 
0.2871525349007157 3 4 4 7 
-0.6493583625980984 3 4 4 10 
-0.3581329359628827 3 4 5 2 
-0.6420925879493813 3 4 5 6 
-0.1345417363931263 3 4 5 9 
0.6420925879493813 3 4 6 5 
-0.2871525349007157 3 4 7 4 
0.6693294146586947 3 4 7 11 
0.1345417363931263 3 4 9 5 
0.6493583625980984 3 4 10 4 
0.9200448428203825 3 4 10 11 
0.3879186813431354 3 4 11 3 
-0.6693294146586947 3 4 11 7 
-0.9200448428203825 3 4 11 10 
-0.1948118802216338 3 5 3 5 
-0.9936734568019402 3 5 4 11 
0.1948118802216338 3 5 5 3 
-0.7696961499524538 3 5 5 10 
0.7696961499524538 3 5 10 5 
0.9936734568019402 3 5 11 4 
0.4785875581678595 3 6 0 5 
0.0957175116335719 3 6 1 4 
-0.0643138487939128 3 6 1 11 
-0.3828700465342876 3 6 2 3 
0.7648414224457865 3 6 2 7 
-0.2205060988858080 3 6 2 10 
0.3828700465342876 3 6 3 2 
-0.1207099228826172 3 6 3 6 
0.1085100580596244 3 6 3 9 
-0.0957175116335719 3 6 4 1 
0.3386470020299757 3 6 4 8 
-0.4785875581678595 3 6 5 0 
0.1207099228826172 3 6 6 3 
0.7594273658422371 3 6 6 10 
-0.7648414224457865 3 6 7 2 
0.7594273658422371 3 6 7 9 
-0.3386470020299757 3 6 8 4 
0.1493808835048923 3 6 8 11 
-0.1085100580596244 3 6 9 3 
-0.7594273658422371 3 6 9 7 
0.1493808835048923 3 6 9 10 
0.2205060988858080 3 6 10 2 
-0.7594273658422371 3 6 10 6 
-0.1493808835048923 3 6 10 9 
0.0643138487939128 3 6 11 1 
-0.1493808835048923 3 6 11 8 
-0.4280617252995874 3 7 1 5 
0.2707300062176038 3 7 2 4 
-0.3819277666490264 3 7 2 11 
0.1342372179326451 3 7 3 7 
0.0384940078642476 3 7 3 10 
-0.2707300062176038 3 7 4 2 
0.7210994084583739 3 7 4 6 
0.2450267616673147 3 7 4 9 
0.4280617252995874 3 7 5 1 
0.0479367125992772 3 7 5 8 
-0.7210994084583739 3 7 6 4 
-0.4384555940989839 3 7 6 11 
-0.1342372179326451 3 7 7 3 
-0.7594273658422368 3 7 7 10 
-0.0479367125992772 3 7 8 5 
-0.2450267616673147 3 7 9 4 
-0.1724901866066674 3 7 9 11 
-0.0384940078642476 3 7 10 3 
0.7594273658422368 3 7 10 7 
0.3819277666490264 3 7 11 2 
0.4384555940989839 3 7 11 6 
0.1724901866066674 3 7 11 9 
-0.3803201668152534 3 8 0 4 
-0.3950554632758306 3 8 0 11 
-0.3879186813431356 3 8 1 3 
0.0643138487939128 3 8 1 7 
-0.5443201421393585 3 8 1 10 
0.3819277666490264 3 8 2 6 
-0.3666292079661183 3 8 2 9 
0.3879186813431356 3 8 3 1 
0.0663077334907516 3 8 3 8 
0.3803201668152534 3 8 4 0 
-0.3819277666490264 3 8 6 2 
-0.1668531702522620 3 8 6 9 
-0.0643138487939128 3 8 7 1 
-0.1074187045386083 3 8 7 8 
-0.0663077334907516 3 8 8 3 
0.1074187045386083 3 8 8 7 
-0.2686196746603222 3 8 8 10 
0.3666292079661183 3 8 9 2 
0.1668531702522620 3 8 9 6 
0.5443201421393585 3 8 10 1 
0.2686196746603222 3 8 10 8 
0.3950554632758306 3 8 11 0 
-0.1784234363897237 3 9 0 5 
-0.6514416072399078 3 9 1 4 
-0.2383114961202490 3 9 1 11 
-0.4730181708501842 3 9 2 3 
0.2205060988858080 3 9 2 7 
-0.9230569702418870 3 9 2 10 
0.4730181708501842 3 9 3 2 
0.1085100580596244 3 9 3 6 
-0.2636907861838599 3 9 3 9 
0.6514416072399078 3 9 4 1 
-0.1867870014316945 3 9 4 8 
0.1784234363897237 3 9 5 0 
-0.1085100580596244 3 9 6 3 
0.0494405061357608 3 9 6 10 
-0.2205060988858080 3 9 7 2 
0.0826984514707279 3 9 7 9 
0.1867870014316945 3 9 8 4 
0.0895398915534407 3 9 8 11 
0.2636907861838599 3 9 9 3 
-0.0826984514707279 3 9 9 7 
0.0895398915534407 3 9 9 10 
0.9230569702418870 3 9 10 2 
-0.0494405061357608 3 9 10 6 
-0.0895398915534407 3 9 10 9 
0.2383114961202490 3 9 11 1 
-0.0895398915534407 3 9 11 8 
-0.3989669325465317 3 10 1 5 
-0.8361858905815552 3 10 2 4 
-0.3666292079661183 3 10 2 11 
0.0384940078642476 3 10 3 7 
-0.6673886277664335 3 10 3 10 
0.8361858905815552 3 10 4 2 
-0.1707635258397419 3 10 4 6 
-0.6935922832859108 3 10 4 9 
0.3989669325465317 3 10 5 1 
0.0504584763522818 3 10 5 8 
0.1707635258397419 3 10 6 4 
0.1097641911995563 3 10 6 11 
-0.0384940078642476 3 10 7 3 
0.1568592106743691 3 10 7 10 
-0.0504584763522818 3 10 8 5 
0.6935922832859108 3 10 9 4 
0.2584794024579445 3 10 9 11 
0.6673886277664335 3 10 10 3 
-0.1568592106743691 3 10 10 7 
0.3666292079661183 3 10 11 2 
-0.1097641911995563 3 10 11 6 
-0.2584794024579445 3 10 11 9 
-0.6477068057111962 3 11 2 5 
-0.3879186813431354 3 11 3 4 
-0.1453657384212662 3 11 3 11 
0.3879186813431354 3 11 4 3 
-0.3815229012259175 3 11 4 7 
-0.7085414269380993 3 11 4 10 
0.6477068057111962 3 11 5 2 
-0.0479367125992773 3 11 5 6 
-0.6337976578491176 3 11 5 9 
0.0479367125992773 3 11 6 5 
0.3815229012259175 3 11 7 4 
-0.1321389576064887 3 11 7 11 
0.6337976578491176 3 11 9 5 
0.7085414269380993 3 11 10 4 
-0.1790797831068815 3 11 10 11 
0.1453657384212662 3 11 11 3 
0.1321389576064887 3 11 11 7 
0.1790797831068815 3 11 11 10 
-0.7613889805536679 3 12 0 15 
0.0258211437782079 3 12 0 19 
0.8473069532410858 3 12 0 22 
-0.6449621166958440 3 12 1 14 
-0.5843547552045125 3 12 1 18 
0.6183073485789797 3 12 1 21 
-0.2868291807329613 3 12 2 13 
-0.3781979980292789 3 12 2 20 
-1.2231373907068301 3 12 3 12 
-0.3703238925547188 3 12 6 13 
0.2494443450861643 3 12 6 20 
-0.4527664143896517 3 12 7 12 
-1.0259048037404752 3 12 8 14 
-0.2494443450861643 3 12 8 18 
0.8496631896299027 3 12 8 21 
-0.0450847801209573 3 12 9 13 
0.1639022526650746 3 12 9 20 
0.4344576760680792 3 12 10 12 
1.2231373907068301 3 12 12 3 
0.4527664143896517 3 12 12 7 
-0.4344576760680792 3 12 12 10 
0.2868291807329613 3 12 13 2 
0.3703238925547188 3 12 13 6 
0.0450847801209573 3 12 13 9 
0.6449621166958440 3 12 14 1 
1.0259048037404752 3 12 14 8 
0.7613889805536679 3 12 15 0 
0.5843547552045125 3 12 18 1 
0.2494443450861643 3 12 18 8 
-0.0258211437782079 3 12 19 0 
0.3781979980292789 3 12 20 2 
-0.2494443450861643 3 12 20 6 
-0.1639022526650746 3 12 20 9 
-0.6183073485789797 3 12 21 1 
-0.8496631896299027 3 12 21 8 
-0.8473069532410858 3 12 22 0 
-0.4056518961520714 3 13 0 16 
-0.6493616974667379 3 13 0 23 
-1.1135828904574476 3 13 1 15 
-0.2768240773894325 3 13 1 19 
1.0560243129548337 3 13 1 22 
-0.9070525332051271 3 13 2 14 
0.0146066446908509 3 13 2 18 
-0.0494844668863695 3 13 2 21 
-1.5219439946243041 3 13 3 13 
0.2546039979820268 3 13 3 20 
-0.0680009260379355 3 13 4 12 
-0.2561233615267529 3 13 6 14 
0.2405649591952107 3 13 6 18 
-0.1888897365035373 3 13 6 21 
0.1060459691448550 3 13 7 13 
-0.1190529891200389 3 13 7 20 
-0.1333146833611087 3 13 8 15 
0.1040568157661927 3 13 8 19 
-0.6264777062465295 3 13 8 22 
-0.8856703574679250 3 13 9 14 
0.1975477812261947 3 13 9 18 
0.6309701914595367 3 13 9 21 
0.5228372484274719 3 13 10 13 
-0.0131144776996082 3 13 10 20 
-0.7270394051905491 3 13 11 12 
0.0680009260379355 3 13 12 4 
0.7270394051905491 3 13 12 11 
1.5219439946243041 3 13 13 3 
-0.1060459691448550 3 13 13 7 
-0.5228372484274719 3 13 13 10 
0.9070525332051271 3 13 14 2 
0.2561233615267529 3 13 14 6 
0.8856703574679250 3 13 14 9 
1.1135828904574476 3 13 15 1 
0.1333146833611087 3 13 15 8 
0.4056518961520714 3 13 16 0 
-0.0146066446908509 3 13 18 2 
-0.2405649591952107 3 13 18 6 
-0.1975477812261947 3 13 18 9 
0.2768240773894325 3 13 19 1 
-0.1040568157661927 3 13 19 8 
-0.2546039979820268 3 13 20 3 
0.1190529891200389 3 13 20 7 
0.0131144776996082 3 13 20 10 
0.0494844668863695 3 13 21 2 
0.1888897365035373 3 13 21 6 
-0.6309701914595367 3 13 21 9 
-1.0560243129548337 3 13 22 1 
0.6264777062465295 3 13 22 8 
0.6493616974667379 3 13 23 0 
0.1112657755595447 3 14 0 17 
-0.9124340606156484 3 14 1 16 
-0.0775334409869052 3 14 1 23 
-1.1632233255244717 3 14 2 15 
-0.0206569150225664 3 14 2 19 
-0.1210691884113418 3 14 2 22 
-2.3812448250638898 3 14 3 14 
0.3622131315117214 3 14 3 18 
0.5940873592615260 3 14 3 21 
-0.1027736652430869 3 14 4 13 
0.1757888329181440 3 14 4 20 
-0.2712961719225715 3 14 5 12 
-0.0206569150225664 3 14 6 15 
0.3815506032359352 3 14 6 19 
-0.1836989333948621 3 14 6 22 
0.3622131315117214 3 14 7 14 
-0.4666031602173346 3 14 7 18 
-0.1806378523272583 3 14 7 21 
0.0775334409869052 3 14 8 16 
0.3975448748061063 3 14 8 23 
0.1210691884113418 3 14 9 15 
0.1836989333948621 3 14 9 19 
-1.1106520779852744 3 14 9 22 
-0.5940873592615260 3 14 10 14 
0.1806378523272583 3 14 10 18 
0.5827467605188763 3 14 10 21 
-0.1757888329181440 3 14 11 13 
-0.2942360057473387 3 14 11 20 
0.2712961719225715 3 14 12 5 
0.1027736652430869 3 14 13 4 
0.1757888329181440 3 14 13 11 
2.3812448250638898 3 14 14 3 
-0.3622131315117214 3 14 14 7 
0.5940873592615260 3 14 14 10 
1.1632233255244717 3 14 15 2 
0.0206569150225664 3 14 15 6 
-0.1210691884113418 3 14 15 9 
0.9124340606156484 3 14 16 1 
-0.0775334409869052 3 14 16 8 
-0.1112657755595447 3 14 17 0 
-0.3622131315117214 3 14 18 3 
0.4666031602173346 3 14 18 7 
-0.1806378523272583 3 14 18 10 
0.0206569150225664 3 14 19 2 
-0.3815506032359352 3 14 19 6 
-0.1836989333948621 3 14 19 9 
-0.1757888329181440 3 14 20 4 
0.2942360057473387 3 14 20 11 
-0.5940873592615260 3 14 21 3 
0.1806378523272583 3 14 21 7 
-0.5827467605188763 3 14 21 10 
0.1210691884113418 3 14 22 2 
0.1836989333948621 3 14 22 6 
1.1106520779852744 3 14 22 9 
0.0775334409869052 3 14 23 1 
-0.3975448748061063 3 14 23 8 
-0.2147033068403779 3 15 1 17 
-0.9070525332051274 3 15 2 16 
-0.2686888465557844 3 15 2 23 
-2.6892908210926532 3 15 3 15 
0.3415562164891549 3 15 3 19 
-0.5600289697856357 3 15 3 22 
-0.9070525332051274 3 15 4 14 
0.2415167168359020 3 15 4 18 
1.1545383489005070 3 15 4 21 
-0.2147033068403779 3 15 5 13 
-0.5544340647699876 3 15 5 20 
0.2415167168359020 3 15 6 16 
-0.0079529219027653 3 15 6 23 
0.3415562164891549 3 15 7 15 
-0.2551576709441980 3 15 7 19 
0.0045916216014056 3 15 7 22 
-0.5544340647699876 3 15 8 17 
1.1545383489005070 3 15 9 16 
0.1789362100822664 3 15 9 23 
-0.5600289697856357 3 15 10 15 
0.0045916216014056 3 15 10 19 
-0.9468212797877490 3 15 10 22 
-0.2686888465557844 3 15 11 14 
-0.0079529219027653 3 15 11 18 
0.1789362100822664 3 15 11 21 
0.2147033068403779 3 15 13 5 
0.9070525332051274 3 15 14 4 
0.2686888465557844 3 15 14 11 
2.6892908210926532 3 15 15 3 
-0.3415562164891549 3 15 15 7 
0.5600289697856357 3 15 15 10 
0.9070525332051274 3 15 16 2 
-0.2415167168359020 3 15 16 6 
-1.1545383489005070 3 15 16 9 
0.2147033068403779 3 15 17 1 
0.5544340647699876 3 15 17 8 
-0.2415167168359020 3 15 18 4 
0.0079529219027653 3 15 18 11 
-0.3415562164891549 3 15 19 3 
0.2551576709441980 3 15 19 7 
-0.0045916216014056 3 15 19 10 
0.5544340647699876 3 15 20 5 
-1.1545383489005070 3 15 21 4 
-0.1789362100822664 3 15 21 11 
0.5600289697856357 3 15 22 3 
-0.0045916216014056 3 15 22 7 
0.9468212797877490 3 15 22 10 
0.2686888465557844 3 15 23 2 
0.0079529219027653 3 15 23 6 
-0.1789362100822664 3 15 23 9 
-0.2868291807329615 3 16 2 17 
-2.1633314754368551 3 16 3 16 
-0.5079262718870760 3 16 3 23 
-1.4880338413384702 3 16 4 15 
0.3570489027560796 3 16 4 19 
-0.1965027183681328 3 16 4 22 
-0.6449621166958442 3 16 5 14 
-0.2255784291987675 3 16 5 18 
0.2193404160324481 3 16 5 21 
0.4165141587506138 3 16 6 17 
0.0698963678553639 3 16 7 16 
0.3346647073293474 3 16 7 23 
0.3538821524255744 3 16 9 17 
0.4528556442299658 3 16 10 16 
0.2333822985485703 3 16 10 23 
-0.1200075905439405 3 16 11 15 
-0.3346647073293474 3 16 11 19 
-0.6866625442718123 3 16 11 22 
0.6449621166958442 3 16 14 5 
1.4880338413384702 3 16 15 4 
0.1200075905439405 3 16 15 11 
2.1633314754368551 3 16 16 3 
-0.0698963678553639 3 16 16 7 
-0.4528556442299658 3 16 16 10 
0.2868291807329615 3 16 17 2 
-0.4165141587506138 3 16 17 6 
-0.3538821524255744 3 16 17 9 
0.2255784291987675 3 16 18 5 
-0.3570489027560796 3 16 19 4 
0.3346647073293474 3 16 19 11 
-0.2193404160324481 3 16 21 5 
0.1965027183681328 3 16 22 4 
0.6866625442718123 3 16 22 11 
0.5079262718870760 3 16 23 3 
-0.3346647073293474 3 16 23 7 
-0.2333822985485703 3 16 23 10 
-1.4369272393899883 3 17 3 17 
-0.8785012600833593 3 17 4 16 
-0.0004114220937581 3 17 4 23 
-1.2421153591683542 3 17 5 15 
-0.4269452706114438 3 17 5 19 
-1.0257303896308096 3 17 5 22 
-0.4269452706114438 3 17 7 17 
-0.2560342396783555 3 17 10 17 
0.9932620347081821 3 17 11 16 
0.5851822809503073 3 17 11 23 
1.2421153591683542 3 17 15 5 
0.8785012600833593 3 17 16 4 
-0.9932620347081821 3 17 16 11 
1.4369272393899883 3 17 17 3 
0.4269452706114438 3 17 17 7 
0.2560342396783555 3 17 17 10 
0.4269452706114438 3 17 19 5 
1.0257303896308096 3 17 22 5 
0.0004114220937581 3 17 23 4 
-0.5851822809503073 3 17 23 11 
0.0258211437782080 3 18 0 17 
-0.2510029336112246 3 18 1 16 
0.3371076058305285 3 18 1 23 
-0.0206569150225663 3 18 2 15 
-0.5278234400930033 3 18 2 19 
0.0187186212020476 3 18 2 22 
0.3622131315117214 3 18 3 14 
-1.1190854999536850 3 18 3 18 
-0.1897376787775879 3 18 3 21 
-0.3467204452447965 3 18 4 13 
0.0818018215212034 3 18 4 20 
-0.4527664143896516 3 18 5 12 
-0.9983755770710679 3 18 6 15 
0.9707874277695029 3 18 6 22 
-1.2926648625387898 3 18 7 14 
0.9707874277695029 3 18 7 21 
-0.2568451805087723 3 18 8 16 
0.0848807028345176 3 18 8 23 
-0.2982477368372123 3 18 9 15 
0.2113600619272657 3 18 9 19 
0.1052612249986605 3 18 9 22 
0.2392247200878556 3 18 10 14 
0.2113600619272657 3 18 10 18 
-0.0441196585062318 3 18 10 21 
0.4014214546244413 3 18 11 13 
-0.0645001806703747 3 18 11 20 
0.4527664143896516 3 18 12 5 
0.3467204452447965 3 18 13 4 
-0.4014214546244413 3 18 13 11 
-0.3622131315117213 3 18 14 3 
1.2926648625387898 3 18 14 7 
-0.2392247200878556 3 18 14 10 
0.0206569150225664 3 18 15 2 
0.9983755770710679 3 18 15 6 
0.2982477368372123 3 18 15 9 
0.2510029336112246 3 18 16 1 
0.2568451805087723 3 18 16 8 
-0.0258211437782080 3 18 17 0 
1.1190854999536850 3 18 18 3 
-0.2113600619272657 3 18 18 10 
0.5278234400930033 3 18 19 2 
-0.2113600619272657 3 18 19 9 
-0.0818018215212034 3 18 20 4 
0.0645001806703747 3 18 20 11 
0.1897376787775879 3 18 21 3 
-0.9707874277695029 3 18 21 7 
0.0441196585062318 3 18 21 10 
-0.0187186212020476 3 18 22 2 
-0.9707874277695029 3 18 22 6 
-0.1052612249986605 3 18 22 9 
-0.3371076058305285 3 18 23 1 
-0.0848807028345176 3 18 23 8 
-0.5959023217534861 3 19 1 17 
0.0146066446908509 3 19 2 16 
0.0324216029695824 3 19 2 23 
0.3415562164891549 3 19 3 15 
-1.2950266466513527 3 19 3 19 
0.1772585979762229 3 19 3 22 
-0.2561233615267529 3 19 4 14 
-0.4976367116786320 3 19 4 18 
-0.2122772522873660 3 19 4 21 
-0.1678405964538987 3 19 5 13 
-0.2512651741230887 3 19 5 20 
-1.2187361201370062 3 19 6 16 
-0.5604843827486268 3 19 6 23 
-1.4292638645839979 3 19 7 15 
-0.9707874277695027 3 19 7 22 
-0.2992018867223660 3 19 8 17 
-0.4573040139546807 3 19 9 16 
-0.0627116933879477 3 19 9 23 
0.1387645901119753 3 19 10 15 
-0.2113600619272657 3 19 10 19 
0.0407610443282858 3 19 10 22 
0.4143493696186088 3 19 11 14 
-0.1220287886496429 3 19 11 18 
0.1097784932187198 3 19 11 21 
0.1678405964538987 3 19 13 5 
0.2561233615267529 3 19 14 4 
-0.4143493696186088 3 19 14 11 
-0.3415562164891549 3 19 15 3 
1.4292638645839979 3 19 15 7 
-0.1387645901119753 3 19 15 10 
-0.0146066446908509 3 19 16 2 
1.2187361201370062 3 19 16 6 
0.4573040139546807 3 19 16 9 
0.5959023217534861 3 19 17 1 
0.2992018867223660 3 19 17 8 
0.4976367116786320 3 19 18 4 
0.1220287886496429 3 19 18 11 
1.2950266466513527 3 19 19 3 
0.2113600619272657 3 19 19 10 
0.2512651741230887 3 19 20 5 
0.2122772522873660 3 19 21 4 
-0.1097784932187198 3 19 21 11 
-0.1772585979762229 3 19 22 3 
0.9707874277695027 3 19 22 7 
-0.0407610443282858 3 19 22 10 
-0.0324216029695824 3 19 23 2 
0.5604843827486268 3 19 23 6 
0.0627116933879477 3 19 23 9 
-0.9827418541238025 3 20 0 16 
-0.4093916989573429 3 20 0 23 
-0.1333146833611087 3 20 1 15 
-0.3371076058305285 3 20 1 19 
-1.0230530588130438 3 20 1 22 
0.2686888465557844 3 20 2 14 
-0.0324216029695824 3 20 2 18 
-0.0470070899563649 3 20 2 21 
0.2546039979820268 3 20 3 13 
-1.3908085939656438 3 20 3 20 
-0.6024216873085493 3 20 4 12 
-0.4143493696186088 3 20 6 14 
-0.3011167778451727 3 20 6 18 
-0.1003709281142469 3 20 6 21 
-0.4014214546244412 3 20 7 13 
-0.2607910441362586 3 20 7 20 
-1.4571163274563954 3 20 8 15 
-0.1533723395976503 3 20 8 19 
-0.4356080356143490 3 20 8 22 
0.3196221180097535 3 20 9 14 
0.0664822421380151 3 20 9 18 
-0.4766211059527310 3 20 9 21 
-0.4787329166736851 3 20 10 13 
-0.1669883609540267 3 20 10 20 
-0.0143362356815123 3 20 11 12 
0.6024216873085493 3 20 12 4 
0.0143362356815123 3 20 12 11 
-0.2546039979820268 3 20 13 3 
0.4014214546244412 3 20 13 7 
0.4787329166736851 3 20 13 10 
-0.2686888465557844 3 20 14 2 
0.4143493696186088 3 20 14 6 
-0.3196221180097535 3 20 14 9 
0.1333146833611087 3 20 15 1 
1.4571163274563954 3 20 15 8 
0.9827418541238025 3 20 16 0 
0.0324216029695824 3 20 18 2 
0.3011167778451727 3 20 18 6 
-0.0664822421380151 3 20 18 9 
0.3371076058305285 3 20 19 1 
0.1533723395976503 3 20 19 8 
1.3908085939656438 3 20 20 3 
0.2607910441362586 3 20 20 7 
0.1669883609540267 3 20 20 10 
0.0470070899563649 3 20 21 2 
0.1003709281142469 3 20 21 6 
0.4766211059527310 3 20 21 9 
1.0230530588130438 3 20 22 1 
0.4356080356143490 3 20 22 8 
0.4093916989573429 3 20 23 0 
0.4169150216781424 3 21 0 17 
-1.1421026992674228 3 21 1 16 
-0.7059396123855739 3 21 1 23 
0.1210691884113417 3 21 2 15 
-0.0187186212020476 3 21 2 19 
-0.5721232016287296 3 21 2 22 
0.5940873592615259 3 21 3 14 
-0.1897376787775879 3 21 3 18 
-2.1683848191180402 3 21 3 21 
-0.4906610920275148 3 21 4 13 
0.4263076988277269 3 21 4 20 
0.5953384580678661 3 21 5 12 
-0.2982477368372123 3 21 6 15 
0.5215495582392696 3 21 6 19 
-0.2318230274505322 3 21 6 22 
-0.2392247200878556 3 21 7 14 
0.5215495582392696 3 21 7 18 
0.3767025578615247 3 21 7 21 
0.6130947002594213 3 21 8 16 
-0.0034210380628327 3 21 8 23 
-1.9046940329341804 3 21 9 15 
0.2940041063907969 3 21 9 19 
-0.2565282525074675 3 21 9 22 
0.3509337686131573 3 21 10 14 
-0.2812635335862929 3 21 10 18 
-0.3460681440609082 3 21 10 21 
-0.4676281162653249 3 21 11 13 
-0.0929609296162734 3 21 11 20 
-0.5953384580678661 3 21 12 5 
0.4906610920275148 3 21 13 4 
0.4676281162653249 3 21 13 11 
-0.5940873592615259 3 21 14 3 
0.2392247200878556 3 21 14 7 
-0.3509337686131573 3 21 14 10 
-0.1210691884113417 3 21 15 2 
0.2982477368372123 3 21 15 6 
1.9046940329341804 3 21 15 9 
1.1421026992674228 3 21 16 1 
-0.6130947002594213 3 21 16 8 
-0.4169150216781424 3 21 17 0 
0.1897376787775879 3 21 18 3 
-0.5215495582392696 3 21 18 7 
0.2812635335862929 3 21 18 10 
0.0187186212020476 3 21 19 2 
-0.5215495582392696 3 21 19 6 
-0.2940041063907969 3 21 19 9 
-0.4263076988277269 3 21 20 4 
0.0929609296162734 3 21 20 11 
2.1683848191180402 3 21 21 3 
-0.3767025578615247 3 21 21 7 
0.3460681440609082 3 21 21 10 
0.5721232016287296 3 21 22 2 
0.2318230274505322 3 21 22 6 
0.2565282525074675 3 21 22 9 
0.7059396123855739 3 21 23 1 
0.0034210380628327 3 21 23 8 
-0.4258302253905440 3 22 1 17 
0.0494844668863695 3 22 2 16 
-0.0470070899563649 3 22 2 23 
-0.5600289697856357 3 22 3 15 
0.1772585979762229 3 22 3 19 
-2.5226607308303990 3 22 3 22 
0.8856703574679250 3 22 4 14 
-0.1769810816568857 3 22 4 18 
-0.3563173937358947 3 22 4 21 
-0.0268632928440123 3 22 5 13 
-0.2898139128376450 3 22 5 20 
-0.0062175558171438 3 22 6 16 
0.3680571027200843 3 22 6 23 
0.1387645901119753 3 22 7 15 
-0.5215495582392695 3 22 7 19 
0.0289680166857266 3 22 7 22 
-0.3402723891899268 3 22 8 17 
0.3372748895500163 3 22 9 16 
0.1570627787212512 3 22 9 23 
-1.8552721030639652 3 22 10 15 
-0.1278911939886425 3 22 10 19 
0.1265536072223174 3 22 10 22 
0.3196221180097535 3 22 11 14 
0.2582929115205280 3 22 11 18 
-0.1014166237366934 3 22 11 21 
0.0268632928440123 3 22 13 5 
-0.8856703574679250 3 22 14 4 
-0.3196221180097535 3 22 14 11 
0.5600289697856357 3 22 15 3 
-0.1387645901119753 3 22 15 7 
1.8552721030639652 3 22 15 10 
-0.0494844668863695 3 22 16 2 
0.0062175558171438 3 22 16 6 
-0.3372748895500163 3 22 16 9 
0.4258302253905440 3 22 17 1 
0.3402723891899268 3 22 17 8 
0.1769810816568857 3 22 18 4 
-0.2582929115205280 3 22 18 11 
-0.1772585979762229 3 22 19 3 
0.5215495582392695 3 22 19 7 
0.1278911939886425 3 22 19 10 
0.2898139128376450 3 22 20 5 
0.3563173937358947 3 22 21 4 
0.1014166237366934 3 22 21 11 
2.5226607308303990 3 22 22 3 
-0.0289680166857266 3 22 22 7 
-0.1265536072223174 3 22 22 10 
0.0470070899563649 3 22 23 2 
-0.3680571027200843 3 22 23 6 
-0.1570627787212512 3 22 23 9 
0.3781979980292788 3 23 2 17 
-0.5079262718870760 3 23 3 16 
-1.4179481500057716 3 23 3 23 
-0.1200075905439405 3 23 4 15 
0.1429365823658156 3 23 4 19 
-0.7263540819713513 3 23 4 22 
1.0259048037404752 3 23 5 14 
0.2512651741230887 3 23 5 18 
-0.9989011356287055 3 23 5 21 
0.2992018867223660 3 23 6 17 
0.5244594835917331 3 23 7 16 
-0.1448795304109926 3 23 7 23 
-0.3651034777795880 3 23 9 17 
-0.0178126550332519 3 23 10 16 
0.3865028977926174 3 23 10 23 
-1.2725824115845057 3 23 11 15 
-0.0127405728045039 3 23 11 19 
0.5655826808994989 3 23 11 22 
-1.0259048037404752 3 23 14 5 
0.1200075905439405 3 23 15 4 
1.2725824115845057 3 23 15 11 
0.5079262718870760 3 23 16 3 
-0.5244594835917331 3 23 16 7 
0.0178126550332519 3 23 16 10 
-0.3781979980292788 3 23 17 2 
-0.2992018867223660 3 23 17 6 
0.3651034777795880 3 23 17 9 
-0.2512651741230887 3 23 18 5 
-0.1429365823658156 3 23 19 4 
0.0127405728045039 3 23 19 11 
0.9989011356287055 3 23 21 5 
0.7263540819713513 3 23 22 4 
-0.5655826808994989 3 23 22 11 
1.4179481500057716 3 23 23 3 
0.1448795304109926 3 23 23 7 
-0.3865028977926174 3 23 23 10 
0.7286849400846903 4 0 0 4 
0.1914078974806580 4 0 0 11 
-0.3376509701141359 4 0 1 3 
0.6053706974515026 4 0 1 7 
0.3739536986333119 4 0 1 10 
-0.4280617252995874 4 0 2 6 
0.3989669325465318 4 0 2 9 
0.3376509701141359 4 0 3 1 
0.3803201668152534 4 0 3 8 
-0.7286849400846903 4 0 4 0 
0.4280617252995874 4 0 6 2 
0.6110113646838267 4 0 6 9 
-0.6053706974515026 4 0 7 1 
0.3527675758781280 4 0 7 8 
-0.3803201668152534 4 0 8 3 
-0.3527675758781280 4 0 8 7 
0.9698124176013411 4 0 8 10 
-0.3989669325465318 4 0 9 2 
-0.6110113646838267 4 0 9 6 
-0.3739536986333119 4 0 10 1 
-0.9698124176013411 4 0 10 8 
-0.1914078974806580 4 0 11 0 
-0.6494984774136444 4 1 0 5 
0.9510849696078895 4 1 1 4 
0.2896632894118968 4 1 1 11 
-0.8096603953725611 4 1 2 3 
0.0957175116335719 4 1 2 7 
0.6514416072399077 4 1 2 10 
0.8096603953725611 4 1 3 2 
-0.0957175116335719 4 1 3 6 
0.6514416072399077 4 1 3 9 
-0.9510849696078895 4 1 4 1 
0.2896632894118968 4 1 4 8 
0.6494984774136444 4 1 5 0 
0.0957175116335719 4 1 6 3 
-0.8481537634532695 4 1 6 7 
0.0910841964305301 4 1 6 10 
-0.0957175116335719 4 1 7 2 
0.8481537634532695 4 1 7 6 
0.0910841964305301 4 1 7 9 
-0.2896632894118968 4 1 8 4 
-1.0673876147849592 4 1 8 11 
-0.6514416072399077 4 1 9 3 
-0.0910841964305301 4 1 9 7 
1.3177921042726355 4 1 9 10 
-0.6514416072399077 4 1 10 2 
-0.0910841964305301 4 1 10 6 
-1.3177921042726355 4 1 10 9 
-0.2896632894118968 4 1 11 1 
1.0673876147849592 4 1 11 8 
-0.3376509701141358 4 2 1 5 
0.4083611041668564 4 2 2 4 
0.3879186813431356 4 2 2 11 
-0.2707300062176038 4 2 3 7 
0.8361858905815552 4 2 3 10 
-0.4083611041668564 4 2 4 2 
0.3828700465342875 4 2 4 6 
0.5331870645273618 4 2 4 9 
0.3376509701141358 4 2 5 1 
0.0776777077238112 4 2 5 8 
-0.3828700465342875 4 2 6 4 
-0.2231098048862315 4 2 6 11 
0.2707300062176038 4 2 7 3 
-0.3864375177297320 4 2 7 10 
-0.0776777077238112 4 2 8 5 
-0.5331870645273618 4 2 9 4 
-0.6133632285469215 4 2 9 11 
-0.8361858905815552 4 2 10 3 
0.3864375177297320 4 2 10 7 
-0.3879186813431356 4 2 11 2 
0.2231098048862315 4 2 11 6 
0.6133632285469215 4 2 11 9 
-0.3581329359628827 4 3 2 5 
0.6752976340983847 4 3 3 4 
0.3879186813431354 4 3 3 11 
-0.6752976340983847 4 3 4 3 
-0.2871525349007157 4 3 4 7 
0.6493583625980984 4 3 4 10 
0.3581329359628827 4 3 5 2 
0.6420925879493813 4 3 5 6 
0.1345417363931263 4 3 5 9 
-0.6420925879493813 4 3 6 5 
0.2871525349007157 4 3 7 4 
-0.6693294146586947 4 3 7 11 
-0.1345417363931263 4 3 9 5 
-0.6493583625980984 4 3 10 4 
-0.9200448428203825 4 3 10 11 
-0.3879186813431354 4 3 11 3 
0.6693294146586947 4 3 11 7 
0.9200448428203825 4 3 11 10 
-0.1948118802216338 4 5 4 5 
0.1948118802216338 4 5 5 4 
-1.2569085495788257 4 5 5 11 
1.2569085495788257 4 5 11 5 
0.6053706974515026 4 6 1 5 
-0.3828700465342875 4 6 2 4 
-0.0643138487939128 4 6 2 11 
0.7210994084583739 4 6 3 7 
-0.1707635258397419 4 6 3 10 
0.3828700465342875 4 6 4 2 
-0.3756570636978791 4 6 4 6 
0.2292581051602300 4 6 4 9 
-0.6053706974515026 4 6 5 1 
0.2507757750272271 4 6 5 8 
0.3756570636978791 4 6 6 4 
0.6200698476731357 4 6 6 11 
-0.7210994084583739 4 6 7 3 
1.0739924804113654 4 6 7 10 
-0.2507757750272271 4 6 8 5 
-0.2292581051602300 4 6 9 4 
0.2439379612754150 4 6 9 11 
0.1707635258397419 4 6 10 3 
-1.0739924804113654 4 6 10 7 
0.0643138487939128 4 6 11 2 
-0.6200698476731357 4 6 11 6 
-0.2439379612754150 4 6 11 9 
-0.2140308626497937 4 7 2 5 
0.2871525349007157 4 7 3 4 
-0.3815229012259175 4 7 3 11 
-0.2871525349007157 4 7 4 3 
0.3891843587479074 4 7 4 7 
0.2117540926113859 4 7 4 10 
0.2140308626497937 4 7 5 2 
0.5700791375321372 4 7 5 6 
0.2230657850946565 4 7 5 9 
-0.5700791375321372 4 7 6 5 
-0.3891843587479074 4 7 7 4 
-0.6200698476731357 4 7 7 11 
-0.2230657850946565 4 7 9 5 
-0.2117540926113859 4 7 10 4 
-0.1219689806377075 4 7 10 11 
0.3815229012259175 4 7 11 3 
0.6200698476731357 4 7 11 7 
0.1219689806377075 4 7 11 10 
-0.1914078974806580 4 8 0 5 
-0.2896632894118968 4 8 1 4 
-0.4997100264178517 4 8 1 11 
-0.0982553919312388 4 8 2 3 
0.0643138487939128 4 8 2 7 
-0.2383114961202490 4 8 2 10 
0.0982553919312388 4 8 3 2 
0.3386470020299757 4 8 3 6 
-0.1867870014316945 4 8 3 9 
0.2896632894118968 4 8 4 1 
0.1806909445137923 4 8 4 8 
0.1914078974806580 4 8 5 0 
-0.3386470020299757 4 8 6 3 
-0.1482590113122367 4 8 6 10 
-0.0643138487939128 4 8 7 2 
-0.1754140099669186 4 8 7 9 
-0.1806909445137923 4 8 8 4 
-0.2193270459300712 4 8 8 11 
0.1867870014316945 4 8 9 3 
0.1754140099669186 4 8 9 7 
-0.2193270459300712 4 8 9 10 
0.2383114961202490 4 8 10 2 
0.1482590113122367 4 8 10 6 
0.2193270459300712 4 8 10 9 
0.4997100264178517 4 8 11 1 
0.2193270459300712 4 8 11 8 
-0.3739536986333118 4 9 1 5 
-0.5331870645273618 4 9 2 4 
-0.5443201421393585 4 9 2 11 
0.2450267616673147 4 9 3 7 
-0.6935922832859108 4 9 3 10 
0.5331870645273618 4 9 4 2 
0.2292581051602300 4 9 4 6 
0.1123698096832278 4 9 4 9 
0.3739536986333118 4 9 5 1 
-0.1833476212563612 4 9 5 8 
-0.2292581051602300 4 9 6 4 
-0.0473390007642743 4 9 6 11 
-0.2450267616673147 4 9 7 3 
-0.0349597171538916 4 9 7 10 
0.1833476212563612 4 9 8 5 
-0.1123698096832278 4 9 9 4 
-0.0731090153100238 4 9 9 11 
0.6935922832859108 4 9 10 3 
0.0349597171538916 4 9 10 7 
0.5443201421393585 4 9 11 2 
0.0473390007642743 4 9 11 6 
0.0731090153100238 4 9 11 9 
-0.6633921286999370 4 10 2 5 
-0.6493583625980984 4 10 3 4 
-0.7085414269380993 4 10 3 11 
0.6493583625980984 4 10 4 3 
0.2117540926113859 4 10 4 7 
-0.7239411952511042 4 10 4 10 
0.6633921286999370 4 10 5 2 
-0.1056452992799817 4 10 5 6 
-0.1293132501343541 4 10 5 9 
0.1056452992799817 4 10 6 5 
-0.2117540926113859 4 10 7 4 
0.2157820141861035 4 10 7 11 
0.1293132501343541 4 10 9 5 
0.7239411952511042 4 10 10 4 
0.2924360612400950 4 10 10 11 
0.7085414269380993 4 10 11 3 
-0.2157820141861035 4 10 11 7 
-0.2924360612400950 4 10 11 10 
-0.9936734568019402 4 11 3 5 
-0.5792569778267241 4 11 4 11 
0.9936734568019402 4 11 5 3 
-0.3185685241207064 4 11 5 7 
-1.0083138031928069 4 11 5 10 
0.3185685241207064 4 11 7 5 
1.0083138031928069 4 11 10 5 
0.5792569778267241 4 11 11 4 
-0.4406929983020082 4 12 0 16 
1.0322329200552471 4 12 0 23 
-0.4056518961520714 4 12 1 15 
0.0326614504519291 4 12 1 19 
0.2722037580596425 4 12 1 22 
-0.2147033068403779 4 12 2 14 
-0.5959023217534863 4 12 2 18 
0.4258302253905440 4 12 2 21 
-0.0680009260379355 4 12 3 13 
-0.6024216873085493 4 12 3 20 
-1.1693779383866987 4 12 4 12 
-0.1678405964538988 4 12 6 14 
-0.1901832990705832 4 12 6 18 
0.3020832896660136 4 12 6 21 
-0.5727092469995737 4 12 7 13 
0.1823115459371740 4 12 7 20 
-0.9827418541238025 4 12 8 15 
-0.1704560299409540 4 12 8 19 
1.0960767168761281 4 12 8 22 
0.0268632928440123 4 12 9 14 
-0.3089280750178132 4 12 9 18 
0.1218538034640962 4 12 9 21 
-0.1017499405736694 4 12 10 13 
0.1262642992747870 4 12 10 20 
0.8408250225745892 4 12 11 12 
1.1693779383866987 4 12 12 4 
-0.8408250225745892 4 12 12 11 
0.0680009260379355 4 12 13 3 
0.5727092469995737 4 12 13 7 
0.1017499405736694 4 12 13 10 
0.2147033068403779 4 12 14 2 
0.1678405964538988 4 12 14 6 
-0.0268632928440123 4 12 14 9 
0.4056518961520714 4 12 15 1 
0.9827418541238025 4 12 15 8 
0.4406929983020082 4 12 16 0 
0.5959023217534863 4 12 18 2 
0.1901832990705832 4 12 18 6 
0.3089280750178132 4 12 18 9 
-0.0326614504519291 4 12 19 1 
0.1704560299409540 4 12 19 8 
0.6024216873085493 4 12 20 3 
-0.1823115459371740 4 12 20 7 
-0.1262642992747870 4 12 20 10 
-0.4258302253905440 4 12 21 2 
-0.3020832896660136 4 12 21 6 
-0.1218538034640962 4 12 21 9 
-0.2722037580596425 4 12 22 1 
-1.0960767168761281 4 12 22 8 
-1.0322329200552471 4 12 23 0 
-0.4319617578112045 4 13 0 17 
-0.5218448120934595 4 13 1 16 
0.2108481243480141 4 13 1 23 
-0.9124340606156484 4 13 2 15 
-0.2510029336112246 4 13 2 19 
1.1421026992674226 4 13 2 22 
-0.1027736652430869 4 13 3 14 
-0.3467204452447965 4 13 3 18 
-0.4906610920275149 4 13 3 21 
-1.4729297817013489 4 13 4 13 
0.0788151650638827 4 13 4 20 
0.2175367196024399 4 13 5 12 
-0.2510029336112246 4 13 6 15 
-0.2964980462545359 4 13 6 19 
0.0501337198166706 4 13 6 22 
-0.3467204452447965 4 13 7 14 
0.5516557171987340 4 13 7 18 
0.0409504766138594 4 13 7 21 
-0.2108481243480141 4 13 8 16 
-0.7811825536894081 4 13 8 23 
-1.1421026992674226 4 13 9 15 
-0.0501337198166706 4 13 9 19 
1.1731777002095853 4 13 9 22 
0.4906610920275149 4 13 10 14 
-0.0409504766138594 4 13 10 18 
-0.1446144040630508 4 13 10 21 
-0.0788151650638827 4 13 11 13 
0.2862050610955514 4 13 11 20 
-0.2175367196024399 4 13 12 5 
1.4729297817013489 4 13 13 4 
0.0788151650638827 4 13 13 11 
0.1027736652430869 4 13 14 3 
0.3467204452447965 4 13 14 7 
-0.4906610920275149 4 13 14 10 
0.9124340606156484 4 13 15 2 
0.2510029336112246 4 13 15 6 
1.1421026992674226 4 13 15 9 
0.5218448120934595 4 13 16 1 
0.2108481243480141 4 13 16 8 
0.4319617578112045 4 13 17 0 
0.3467204452447965 4 13 18 3 
-0.5516557171987340 4 13 18 7 
0.0409504766138594 4 13 18 10 
0.2510029336112246 4 13 19 2 
0.2964980462545359 4 13 19 6 
0.0501337198166706 4 13 19 9 
-0.0788151650638827 4 13 20 4 
-0.2862050610955514 4 13 20 11 
0.4906610920275149 4 13 21 3 
-0.0409504766138594 4 13 21 7 
0.1446144040630508 4 13 21 10 
-1.1421026992674226 4 13 22 2 
-0.0501337198166706 4 13 22 6 
-1.1731777002095853 4 13 22 9 
-0.2108481243480141 4 13 23 1 
0.7811825536894081 4 13 23 8 
-0.4056518961520714 4 14 1 17 
-1.1135828904574476 4 14 2 16 
0.1333146833611087 4 14 2 23 
-0.9070525332051271 4 14 3 15 
-0.2561233615267529 4 14 3 19 
0.8856703574679250 4 14 3 22 
-1.5219439946243041 4 14 4 14 
0.1060459691448550 4 14 4 18 
-0.5228372484274719 4 14 4 21 
-0.0680009260379355 4 14 5 13 
0.7270394051905491 4 14 5 20 
-0.2768240773894325 4 14 6 16 
-0.1040568157661927 4 14 6 23 
0.0146066446908509 4 14 7 15 
0.2405649591952107 4 14 7 19 
-0.1975477812261947 4 14 7 22 
0.6493616974667379 4 14 8 17 
-1.0560243129548337 4 14 9 16 
-0.6264777062465295 4 14 9 23 
0.0494844668863695 4 14 10 15 
0.1888897365035373 4 14 10 19 
0.6309701914595367 4 14 10 22 
-0.2546039979820268 4 14 11 14 
0.1190529891200389 4 14 11 18 
-0.0131144776996082 4 14 11 21 
0.0680009260379355 4 14 13 5 
1.5219439946243041 4 14 14 4 
0.2546039979820268 4 14 14 11 
0.9070525332051271 4 14 15 3 
-0.0146066446908509 4 14 15 7 
-0.0494844668863695 4 14 15 10 
1.1135828904574476 4 14 16 2 
0.2768240773894325 4 14 16 6 
1.0560243129548337 4 14 16 9 
0.4056518961520714 4 14 17 1 
-0.6493616974667379 4 14 17 8 
-0.1060459691448550 4 14 18 4 
-0.1190529891200389 4 14 18 11 
0.2561233615267529 4 14 19 3 
-0.2405649591952107 4 14 19 7 
-0.1888897365035373 4 14 19 10 
-0.7270394051905491 4 14 20 5 
0.5228372484274719 4 14 21 4 
0.0131144776996082 4 14 21 11 
-0.8856703574679250 4 14 22 3 
0.1975477812261947 4 14 22 7 
-0.6309701914595367 4 14 22 10 
-0.1333146833611087 4 14 23 2 
0.1040568157661927 4 14 23 6 
0.6264777062465295 4 14 23 9 
-0.6449621166958442 4 15 2 17 
-1.4880338413384702 4 15 3 16 
-0.1200075905439405 4 15 3 23 
-2.1633314754368551 4 15 4 15 
0.0698963678553639 4 15 4 19 
0.4528556442299658 4 15 4 22 
-0.2868291807329615 4 15 5 14 
0.4165141587506138 4 15 5 18 
0.3538821524255744 4 15 5 21 
-0.2255784291987675 4 15 6 17 
0.3570489027560796 4 15 7 16 
-0.3346647073293474 4 15 7 23 
0.2193404160324481 4 15 9 17 
-0.1965027183681328 4 15 10 16 
-0.6866625442718123 4 15 10 23 
-0.5079262718870760 4 15 11 15 
0.3346647073293474 4 15 11 19 
0.2333822985485703 4 15 11 22 
0.2868291807329615 4 15 14 5 
2.1633314754368551 4 15 15 4 
0.5079262718870760 4 15 15 11 
1.4880338413384702 4 15 16 3 
-0.3570489027560796 4 15 16 7 
0.1965027183681328 4 15 16 10 
0.6449621166958442 4 15 17 2 
0.2255784291987675 4 15 17 6 
-0.2193404160324481 4 15 17 9 
-0.4165141587506138 4 15 18 5 
-0.0698963678553639 4 15 19 4 
-0.3346647073293474 4 15 19 11 
-0.3538821524255744 4 15 21 5 
-0.4528556442299658 4 15 22 4 
-0.2333822985485703 4 15 22 11 
0.1200075905439405 4 15 23 3 
0.3346647073293474 4 15 23 7 
0.6866625442718123 4 15 23 10 
-0.8785012600833595 4 16 3 17 
-2.9568490894774806 4 16 4 16 
-0.6279338624310166 4 16 4 23 
-0.8785012600833597 4 16 5 15 
0.5400477965476448 4 16 5 19 
0.8106591305716754 4 16 5 22 
0.5400477965476448 4 16 7 17 
0.8106591305716754 4 16 10 17 
-0.6279338624310166 4 16 11 16 
-0.7402035416702133 4 16 11 23 
0.8785012600833595 4 16 15 5 
2.9568490894774806 4 16 16 4 
0.6279338624310166 4 16 16 11 
0.8785012600833597 4 16 17 3 
-0.5400477965476448 4 16 17 7 
-0.8106591305716754 4 16 17 10 
-0.5400477965476448 4 16 19 5 
-0.8106591305716754 4 16 22 5 
0.6279338624310166 4 16 23 4 
0.7402035416702133 4 16 23 11 
-2.1314434666878337 4 17 4 17 
-1.9366315864661996 4 17 5 16 
-0.6284542747894130 4 17 5 23 
0.6284542747894130 4 17 11 17 
1.9366315864661996 4 17 16 5 
2.1314434666878337 4 17 17 4 
-0.6284542747894130 4 17 17 11 
0.6284542747894130 4 17 23 5 
0.0326614504519291 4 18 1 17 
-0.2768240773894325 4 18 2 16 
0.3371076058305285 4 18 2 23 
0.2415167168359020 4 18 3 15 
-0.4976367116786320 4 18 3 19 
-0.1769810816568857 4 18 3 22 
0.1060459691448550 4 18 4 14 
-0.9431443532560172 4 18 4 18 
-0.0645931557962739 4 18 4 21 
-0.5727092469995737 4 18 5 13 
0.1535056724386228 4 18 5 20 
-0.5674872895581380 4 18 6 16 
0.7926446155814209 4 18 6 23 
-1.2187361201370062 4 18 7 15 
1.3729007465329219 4 18 7 22 
-0.0972701025886043 4 18 8 17 
-0.2938512609565039 4 18 9 16 
0.1386096073022519 4 18 9 23 
-0.0062175558171438 4 18 10 15 
0.2989082661215564 4 18 10 19 
0.0288224108527763 4 18 10 22 
0.4014214546244412 4 18 11 14 
0.1725747679082849 4 18 11 18 
-0.1053283539731631 4 18 11 21 
0.5727092469995737 4 18 13 5 
-0.1060459691448550 4 18 14 4 
-0.4014214546244412 4 18 14 11 
-0.2415167168359020 4 18 15 3 
1.2187361201370062 4 18 15 7 
0.0062175558171438 4 18 15 10 
0.2768240773894325 4 18 16 2 
0.5674872895581380 4 18 16 6 
0.2938512609565039 4 18 16 9 
-0.0326614504519291 4 18 17 1 
0.0972701025886043 4 18 17 8 
0.9431443532560172 4 18 18 4 
-0.1725747679082849 4 18 18 11 
0.4976367116786320 4 18 19 3 
-0.2989082661215564 4 18 19 10 
-0.1535056724386228 4 18 20 5 
0.0645931557962739 4 18 21 4 
0.1053283539731631 4 18 21 11 
0.1769810816568857 4 18 22 3 
-1.3729007465329219 4 18 22 7 
-0.0288224108527763 4 18 22 10 
-0.3371076058305285 4 18 23 2 
-0.7926446155814209 4 18 23 6 
-0.1386096073022519 4 18 23 9 
-0.5843547552045125 4 19 2 17 
0.3570489027560796 4 19 3 16 
0.1429365823658156 4 19 3 23 
0.0698963678553639 4 19 4 15 
-1.4709677933490206 4 19 4 19 
0.0271559133921788 4 19 4 22 
-0.3703238925547188 4 19 5 14 
-0.3934163640552480 4 19 5 18 
-0.3216877698508500 4 19 5 21 
-0.9634955015873852 4 19 6 17 
-1.8601521520969277 4 19 7 16 
-0.7926446155814209 4 19 7 23 
-0.5447535549455064 4 19 9 17 
-0.1845981792192072 4 19 10 16 
-0.0193829236574928 4 19 10 23 
0.5244594835917331 4 19 11 15 
-0.1725747679082849 4 19 11 19 
0.1025860569802148 4 19 11 22 
0.3703238925547188 4 19 14 5 
-0.0698963678553639 4 19 15 4 
-0.5244594835917331 4 19 15 11 
-0.3570489027560796 4 19 16 3 
1.8601521520969277 4 19 16 7 
0.1845981792192072 4 19 16 10 
0.5843547552045125 4 19 17 2 
0.9634955015873852 4 19 17 6 
0.5447535549455064 4 19 17 9 
0.3934163640552480 4 19 18 5 
1.4709677933490206 4 19 19 4 
0.1725747679082849 4 19 19 11 
0.3216877698508500 4 19 21 5 
-0.0271559133921788 4 19 22 4 
-0.1025860569802148 4 19 22 11 
-0.1429365823658156 4 19 23 3 
0.7926446155814209 4 19 23 7 
0.0193829236574928 4 19 23 10 
-1.0322329200552471 4 20 0 17 
-0.2108481243480141 4 20 1 16 
-0.5178440895484738 4 20 1 23 
0.0775334409869052 4 20 2 15 
-0.3371076058305285 4 20 2 19 
-0.7059396123855739 4 20 2 22 
0.1757888329181440 4 20 3 14 
0.0818018215212034 4 20 3 18 
0.4263076988277269 4 20 3 21 
0.0788151650638827 4 20 4 13 
-1.6518676778526482 4 20 4 20 
-0.8408250225745892 4 20 5 12 
-0.2568451805087723 4 20 6 15 
-0.4258434310867295 4 20 6 19 
0.0709890680666838 4 20 6 22 
-0.4014214546244413 4 20 7 14 
-0.4258434310867295 4 20 7 18 
-0.4258699917476537 4 20 7 21 
-1.8325586223664405 4 20 8 16 
-0.2646594043666745 4 20 8 23 
0.6130947002594213 4 20 9 15 
-0.2504559817807351 4 20 9 19 
-0.4466855390408437 4 20 9 22 
-0.4676281162653249 4 20 10 14 
0.2192480793789206 4 20 10 18 
-0.2273584931107725 4 20 10 21 
-0.0181340631306221 4 20 11 13 
-0.0453323584366032 4 20 11 20 
0.8408250225745892 4 20 12 5 
-0.0788151650638827 4 20 13 4 
0.0181340631306221 4 20 13 11 
-0.1757888329181440 4 20 14 3 
0.4014214546244413 4 20 14 7 
0.4676281162653249 4 20 14 10 
-0.0775334409869052 4 20 15 2 
0.2568451805087723 4 20 15 6 
-0.6130947002594213 4 20 15 9 
0.2108481243480141 4 20 16 1 
1.8325586223664405 4 20 16 8 
1.0322329200552471 4 20 17 0 
-0.0818018215212034 4 20 18 3 
0.4258434310867295 4 20 18 7 
-0.2192480793789206 4 20 18 10 
0.3371076058305285 4 20 19 2 
0.4258434310867295 4 20 19 6 
0.2504559817807351 4 20 19 9 
1.6518676778526482 4 20 20 4 
0.0453323584366032 4 20 20 11 
-0.4263076988277269 4 20 21 3 
0.4258699917476537 4 20 21 7 
0.2273584931107725 4 20 21 10 
0.7059396123855739 4 20 22 2 
-0.0709890680666838 4 20 22 6 
0.4466855390408437 4 20 22 9 
0.5178440895484738 4 20 23 1 
0.2646594043666745 4 20 23 8 
-0.2722037580596427 4 21 1 17 
-1.0560243129548337 4 21 2 16 
-1.0230530588130438 4 21 2 23 
1.1545383489005070 4 21 3 15 
-0.2122772522873660 4 21 3 19 
-0.3563173937358947 4 21 3 22 
-0.5228372484274719 4 21 4 14 
-0.0645931557962739 4 21 4 18 
-1.6553712898656678 4 21 4 21 
0.1017499405736692 4 21 5 13 
0.5419552111398834 4 21 5 20 
-0.2938512609565039 4 21 6 16 
-0.4022177051675007 4 21 6 23 
-0.4573040139546807 4 21 7 15 
0.7375824587116714 4 21 7 19 
0.1639236347454664 4 21 7 22 
0.7253028323962445 4 21 8 17 
-1.7677410995488954 4 21 9 16 
-0.2702459361297274 4 21 9 23 
0.3372748895500163 4 21 10 15 
0.1988833518993580 4 21 10 19 
-0.5155869121825958 4 21 10 22 
-0.4787329166736851 4 21 11 14 
-0.3548787044032263 4 21 11 18 
-0.1971369208197036 4 21 11 21 
-0.1017499405736692 4 21 13 5 
0.5228372484274719 4 21 14 4 
0.4787329166736851 4 21 14 11 
-1.1545383489005070 4 21 15 3 
0.4573040139546807 4 21 15 7 
-0.3372748895500163 4 21 15 10 
1.0560243129548337 4 21 16 2 
0.2938512609565039 4 21 16 6 
1.7677410995488954 4 21 16 9 
0.2722037580596427 4 21 17 1 
-0.7253028323962445 4 21 17 8 
0.0645931557962739 4 21 18 4 
0.3548787044032263 4 21 18 11 
0.2122772522873660 4 21 19 3 
-0.7375824587116714 4 21 19 7 
-0.1988833518993580 4 21 19 10 
-0.5419552111398834 4 21 20 5 
1.6553712898656678 4 21 21 4 
0.1971369208197036 4 21 21 11 
0.3563173937358947 4 21 22 3 
-0.1639236347454664 4 21 22 7 
0.5155869121825958 4 21 22 10 
1.0230530588130438 4 21 23 2 
0.4022177051675007 4 21 23 6 
0.2702459361297274 4 21 23 9 
-0.6183073485789797 4 22 2 17 
-0.1965027183681328 4 22 3 16 
-0.7263540819713513 4 22 3 23 
0.4528556442299658 4 22 4 15 
0.0271559133921788 4 22 4 19 
-2.3298159578413875 4 22 4 22 
0.0450847801209574 4 22 5 14 
-0.2937836968822852 4 22 5 18 
0.1525318362062181 4 22 5 21 
-0.1881383976023035 4 22 6 17 
-0.1845981792192072 4 22 7 16 
0.2365872824539799 4 22 7 23 
0.2818450863405722 4 22 9 17 
-1.6058747625902829 4 22 10 16 
-0.0481256243181296 4 22 10 23 
-0.0178126550332519 4 22 11 15 
0.0208052682678764 4 22 11 19 
-0.3405616855582246 4 22 11 22 
-0.0450847801209574 4 22 14 5 
-0.4528556442299658 4 22 15 4 
0.0178126550332519 4 22 15 11 
0.1965027183681328 4 22 16 3 
0.1845981792192072 4 22 16 7 
1.6058747625902829 4 22 16 10 
0.6183073485789797 4 22 17 2 
0.1881383976023035 4 22 17 6 
-0.2818450863405722 4 22 17 9 
0.2937836968822852 4 22 18 5 
-0.0271559133921788 4 22 19 4 
-0.0208052682678764 4 22 19 11 
-0.1525318362062181 4 22 21 5 
2.3298159578413875 4 22 22 4 
0.3405616855582246 4 22 22 11 
0.7263540819713513 4 22 23 3 
-0.2365872824539799 4 22 23 7 
0.0481256243181296 4 22 23 10 
-0.0004114220937582 4 23 3 17 
-0.6279338624310166 4 23 4 16 
-1.8627473683601516 4 23 4 23 
0.9932620347081823 4 23 5 15 
0.2018369445582865 4 23 5 19 
-1.2805630884355304 4 23 5 22 
0.5204054686789930 4 23 7 17 
-0.2722492852427233 4 23 10 17 
-1.2834903905334276 4 23 11 16 
0.5830309648145314 4 23 11 23 
-0.9932620347081823 4 23 15 5 
0.6279338624310166 4 23 16 4 
1.2834903905334276 4 23 16 11 
0.0004114220937582 4 23 17 3 
-0.5204054686789930 4 23 17 7 
0.2722492852427233 4 23 17 10 
-0.2018369445582865 4 23 19 5 
1.2805630884355304 4 23 22 5 
1.8627473683601516 4 23 23 4 
-0.5830309648145314 4 23 23 11 
1.3781834174983347 5 0 0 5 
-0.6494984774136444 5 0 1 4 
0.1914078974806580 5 0 1 11 
0.3825619474821162 5 0 2 3 
0.4785875581678595 5 0 2 7 
0.1784234363897237 5 0 2 10 
-0.3825619474821161 5 0 3 2 
-0.4785875581678595 5 0 3 6 
0.1784234363897237 5 0 3 9 
0.6494984774136444 5 0 4 1 
0.1914078974806580 5 0 4 8 
-1.3781834174983347 5 0 5 0 
0.4785875581678595 5 0 6 3 
0.8481537634532695 5 0 6 7 
0.4554209821526503 5 0 6 10 
-0.4785875581678595 5 0 7 2 
-0.8481537634532695 5 0 7 6 
0.4554209821526503 5 0 7 9 
-0.1914078974806580 5 0 8 4 
1.8186010832479886 5 0 8 11 
-0.1784234363897237 5 0 9 3 
-0.4554209821526503 5 0 9 7 
-0.5665786358096067 5 0 9 10 
-0.1784234363897237 5 0 10 2 
-0.4554209821526503 5 0 10 6 
0.5665786358096067 5 0 10 9 
-0.1914078974806580 5 0 11 1 
-1.8186010832479886 5 0 11 8 
0.7286849400846903 5 1 1 5 
-0.3376509701141359 5 1 2 4 
0.3803201668152534 5 1 2 11 
0.4280617252995874 5 1 3 7 
0.3989669325465318 5 1 3 10 
0.3376509701141359 5 1 4 2 
-0.6053706974515026 5 1 4 6 
0.3739536986333119 5 1 4 9 
-0.7286849400846903 5 1 5 1 
0.1914078974806580 5 1 5 8 
0.6053706974515026 5 1 6 4 
0.3527675758781280 5 1 6 11 
-0.4280617252995874 5 1 7 3 
0.6110113646838267 5 1 7 10 
-0.1914078974806580 5 1 8 5 
-0.3739536986333119 5 1 9 4 
0.9698124176013411 5 1 9 11 
-0.3989669325465318 5 1 10 3 
-0.6110113646838267 5 1 10 7 
-0.3803201668152534 5 1 11 2 
-0.3527675758781280 5 1 11 6 
-0.9698124176013411 5 1 11 9 
0.4617484101531621 5 2 2 5 
-0.3581329359628826 5 2 3 4 
0.6477068057111962 5 2 3 11 
0.3581329359628826 5 2 4 3 
0.2140308626497937 5 2 4 7 
0.6633921286999369 5 2 4 10 
-0.4617484101531621 5 2 5 2 
-0.4785875581678595 5 2 5 6 
0.4128492771730066 5 2 5 9 
0.4785875581678595 5 2 6 5 
-0.2140308626497937 5 2 7 4 
0.4988886901723285 5 2 7 11 
-0.4128492771730066 5 2 9 5 
-0.6633921286999369 5 2 10 4 
0.6857609369648280 5 2 10 11 
-0.6477068057111962 5 2 11 3 
-0.4988886901723285 5 2 11 7 
-0.6857609369648280 5 2 11 10 
0.1948118802216338 5 3 3 5 
0.9936734568019402 5 3 4 11 
-0.1948118802216338 5 3 5 3 
0.7696961499524538 5 3 5 10 
-0.7696961499524538 5 3 10 5 
-0.9936734568019402 5 3 11 4 
0.1948118802216338 5 4 4 5 
-0.1948118802216338 5 4 5 4 
1.2569085495788257 5 4 5 11 
-1.2569085495788257 5 4 11 5 
0.4785875581678595 5 6 2 5 
-0.6420925879493813 5 6 3 4 
-0.0479367125992773 5 6 3 11 
0.6420925879493813 5 6 4 3 
0.5700791375321372 5 6 4 7 
-0.1056452992799817 5 6 4 10 
-0.4785875581678595 5 6 5 2 
-0.6306042045131415 5 6 5 6 
0.3237501334375696 5 6 5 9 
0.6306042045131415 5 6 6 5 
-0.5700791375321372 5 6 7 4 
1.3865183301950716 5 6 7 11 
-0.3237501334375696 5 6 9 5 
0.1056452992799817 5 6 10 4 
0.2727309318522697 5 6 10 11 
0.0479367125992773 5 6 11 3 
-1.3865183301950716 5 6 11 7 
-0.2727309318522697 5 6 11 10 
-0.3185685241207064 5 7 4 11 
0.6441314995631697 5 7 5 7 
0.4112701961817906 5 7 5 10 
-0.6441314995631697 5 7 7 5 
-0.4112701961817906 5 7 10 5 
0.3185685241207064 5 7 11 4 
-0.1914078974806580 5 8 1 5 
-0.0776777077238112 5 8 2 4 
-0.3950554632758306 5 8 2 11 
0.0479367125992772 5 8 3 7 
0.0504584763522818 5 8 3 10 
0.0776777077238112 5 8 4 2 
0.2507757750272271 5 8 4 6 
-0.1833476212563612 5 8 4 9 
0.1914078974806580 5 8 5 1 
0.3227114012523185 5 8 5 8 
-0.2507757750272271 5 8 6 4 
-0.0781723040302670 5 8 6 11 
-0.0479367125992772 5 8 7 3 
-0.1961188252459277 5 8 7 10 
-0.3227114012523185 5 8 8 5 
0.1833476212563612 5 8 9 4 
-0.2831499987533450 5 8 9 11 
-0.0504584763522818 5 8 10 3 
0.1961188252459277 5 8 10 7 
0.3950554632758306 5 8 11 2 
0.0781723040302670 5 8 11 6 
0.2831499987533450 5 8 11 9 
-0.4128492771730066 5 9 2 5 
-0.1345417363931263 5 9 3 4 
-0.6337976578491176 5 9 3 11 
0.1345417363931263 5 9 4 3 
0.2230657850946565 5 9 4 7 
-0.1293132501343541 5 9 4 10 
0.4128492771730066 5 9 5 2 
0.3237501334375696 5 9 5 6 
0.0860106400214412 5 9 5 9 
-0.3237501334375696 5 9 6 5 
-0.2230657850946565 5 9 7 4 
-0.2412516260209757 5 9 7 11 
-0.0860106400214412 5 9 9 5 
0.1293132501343541 5 9 10 4 
-0.3269534560025719 5 9 10 11 
0.6337976578491176 5 9 11 3 
0.2412516260209757 5 9 11 7 
0.3269534560025719 5 9 11 10 
-0.7696961499524538 5 10 3 5 
-1.0083138031928069 5 10 4 11 
0.7696961499524538 5 10 5 3 
0.4112701961817906 5 10 5 7 
-0.0585659688244835 5 10 5 10 
-0.4112701961817906 5 10 7 5 
0.0585659688244835 5 10 10 5 
1.0083138031928069 5 10 11 4 
-1.2569085495788257 5 11 4 5 
1.2569085495788257 5 11 5 4 
-1.3602934913300846 5 11 5 11 
1.3602934913300846 5 11 11 5 
-0.0087312404908037 5 12 0 17 
-0.4319617578112045 5 12 1 16 
1.0322329200552471 5 12 1 23 
0.1112657755595448 5 12 2 15 
0.0258211437782080 5 12 2 19 
-0.4169150216781424 5 12 2 22 
-0.2712961719225714 5 12 3 14 
-0.4527664143896516 5 12 3 18 
0.5953384580678661 5 12 3 21 
0.2175367196024399 5 12 4 13 
-0.8408250225745892 5 12 4 20 
-1.3869146579891385 5 12 5 12 
0.0258211437782080 5 12 6 15 
0.2114454892731366 5 12 6 19 
0.2200577884073159 5 12 6 22 
-0.4527664143896516 5 12 7 14 
-0.6367082741801332 5 12 7 18 
0.2353631937453345 5 12 7 21 
-1.0322329200552471 5 12 8 16 
1.6301999278147976 5 12 8 23 
0.4169150216781424 5 12 9 15 
-0.2200577884073159 5 12 9 19 
-0.2151709709391487 5 12 9 22 
-0.5953384580678661 5 12 10 14 
-0.2353631937453345 5 12 10 18 
0.3514076648704580 5 12 10 21 
0.8408250225745892 5 12 11 13 
-0.1884011554331916 5 12 11 20 
1.3869146579891385 5 12 12 5 
-0.2175367196024399 5 12 13 4 
-0.8408250225745892 5 12 13 11 
0.2712961719225715 5 12 14 3 
0.4527664143896516 5 12 14 7 
0.5953384580678661 5 12 14 10 
-0.1112657755595447 5 12 15 2 
-0.0258211437782080 5 12 15 6 
-0.4169150216781424 5 12 15 9 
0.4319617578112045 5 12 16 1 
1.0322329200552471 5 12 16 8 
0.0087312404908037 5 12 17 0 
0.4527664143896516 5 12 18 3 
0.6367082741801332 5 12 18 7 
0.2353631937453345 5 12 18 10 
-0.0258211437782080 5 12 19 2 
-0.2114454892731366 5 12 19 6 
0.2200577884073159 5 12 19 9 
0.8408250225745892 5 12 20 4 
0.1884011554331916 5 12 20 11 
-0.5953384580678661 5 12 21 3 
-0.2353631937453345 5 12 21 7 
-0.3514076648704580 5 12 21 10 
0.4169150216781424 5 12 22 2 
-0.2200577884073159 5 12 22 6 
0.2151709709391487 5 12 22 9 
-1.0322329200552471 5 12 23 1 
-1.6301999278147976 5 12 23 8 
-0.4406929983020082 5 13 1 17 
-0.4056518961520714 5 13 2 16 
0.9827418541238025 5 13 2 23 
-0.2147033068403779 5 13 3 15 
-0.1678405964538988 5 13 3 19 
-0.0268632928440123 5 13 3 22 
-0.0680009260379355 5 13 4 14 
-0.5727092469995737 5 13 4 18 
0.1017499405736694 5 13 4 21 
-1.1693779383866987 5 13 5 13 
-0.8408250225745892 5 13 5 20 
0.0326614504519291 5 13 6 16 
0.1704560299409540 5 13 6 23 
-0.5959023217534863 5 13 7 15 
-0.1901832990705832 5 13 7 19 
0.3089280750178132 5 13 7 22 
-1.0322329200552471 5 13 8 17 
-0.2722037580596425 5 13 9 16 
1.0960767168761281 5 13 9 23 
-0.4258302253905440 5 13 10 15 
-0.3020832896660136 5 13 10 19 
0.1218538034640962 5 13 10 22 
0.6024216873085493 5 13 11 14 
-0.1823115459371740 5 13 11 18 
0.1262642992747870 5 13 11 21 
1.1693779383866987 5 13 13 5 
0.0680009260379355 5 13 14 4 
-0.6024216873085493 5 13 14 11 
0.2147033068403779 5 13 15 3 
0.5959023217534863 5 13 15 7 
0.4258302253905440 5 13 15 10 
0.4056518961520714 5 13 16 2 
-0.0326614504519291 5 13 16 6 
0.2722037580596425 5 13 16 9 
0.4406929983020082 5 13 17 1 
1.0322329200552471 5 13 17 8 
0.5727092469995737 5 13 18 4 
0.1823115459371740 5 13 18 11 
0.1678405964538988 5 13 19 3 
0.1901832990705832 5 13 19 7 
0.3020832896660136 5 13 19 10 
0.8408250225745892 5 13 20 5 
-0.1017499405736694 5 13 21 4 
-0.1262642992747870 5 13 21 11 
0.0268632928440123 5 13 22 3 
-0.3089280750178132 5 13 22 7 
-0.1218538034640962 5 13 22 10 
-0.9827418541238025 5 13 23 2 
-0.1704560299409540 5 13 23 6 
-1.0960767168761281 5 13 23 9 
-0.7613889805536679 5 14 2 17 
-0.6449621166958440 5 14 3 16 
1.0259048037404752 5 14 3 23 
-0.2868291807329613 5 14 4 15 
-0.3703238925547188 5 14 4 19 
0.0450847801209573 5 14 4 22 
-1.2231373907068301 5 14 5 14 
-0.4527664143896517 5 14 5 18 
-0.4344576760680792 5 14 5 21 
0.0258211437782079 5 14 6 17 
-0.5843547552045125 5 14 7 16 
0.2494443450861643 5 14 7 23 
-0.8473069532410858 5 14 9 17 
-0.6183073485789797 5 14 10 16 
0.8496631896299027 5 14 10 23 
0.3781979980292789 5 14 11 15 
-0.2494443450861643 5 14 11 19 
0.1639022526650746 5 14 11 22 
1.2231373907068301 5 14 14 5 
0.2868291807329613 5 14 15 4 
-0.3781979980292789 5 14 15 11 
0.6449621166958440 5 14 16 3 
0.5843547552045125 5 14 16 7 
0.6183073485789797 5 14 16 10 
0.7613889805536679 5 14 17 2 
-0.0258211437782079 5 14 17 6 
0.8473069532410858 5 14 17 9 
0.4527664143896517 5 14 18 5 
0.3703238925547188 5 14 19 4 
0.2494443450861643 5 14 19 11 
0.4344576760680792 5 14 21 5 
-0.0450847801209573 5 14 22 4 
-0.1639022526650746 5 14 22 11 
-1.0259048037404752 5 14 23 3 
-0.2494443450861643 5 14 23 7 
-0.8496631896299027 5 14 23 10 
-1.2421153591683542 5 15 3 17 
-0.8785012600833595 5 15 4 16 
0.9932620347081821 5 15 4 23 
-1.4369272393899883 5 15 5 15 
-0.4269452706114438 5 15 5 19 
-0.2560342396783555 5 15 5 22 
-0.4269452706114438 5 15 7 17 
-1.0257303896308096 5 15 10 17 
-0.0004114220937581 5 15 11 16 
0.5851822809503073 5 15 11 23 
1.4369272393899883 5 15 15 5 
0.8785012600833595 5 15 16 4 
0.0004114220937581 5 15 16 11 
1.2421153591683542 5 15 17 3 
0.4269452706114438 5 15 17 7 
1.0257303896308096 5 15 17 10 
0.4269452706114438 5 15 19 5 
0.2560342396783555 5 15 22 5 
-0.9932620347081821 5 15 23 4 
-0.5851822809503073 5 15 23 11 
-1.9366315864661996 5 16 4 17 
-2.1314434666878337 5 16 5 16 
0.6284542747894130 5 16 5 23 
-0.6284542747894130 5 16 11 17 
2.1314434666878337 5 16 16 5 
1.9366315864661996 5 16 17 4 
0.6284542747894130 5 16 17 11 
-0.6284542747894130 5 16 23 5 
-4.0680750531540326 5 17 5 17 
4.0680750531540326 5 17 17 5 
0.0258211437782080 5 18 2 17 
-0.2255784291987675 5 18 3 16 
0.2512651741230887 5 18 3 23 
0.4165141587506138 5 18 4 15 
-0.3934163640552480 5 18 4 19 
-0.2937836968822852 5 18 4 22 
-0.4527664143896516 5 18 5 14 
-0.7672032065583494 5 18 5 18 
0.1981749709677192 5 18 5 21 
-0.1365990020452080 5 18 6 17 
-0.9634955015873852 5 18 7 16 
1.7724072424392461 5 18 7 23 
-0.1255751624698504 5 18 9 17 
-0.1881383976023035 5 18 10 16 
0.1549702521311933 5 18 10 23 
0.2992018867223660 5 18 11 15 
0.3858889122441742 5 18 11 19 
-0.1177606797210764 5 18 11 22 
0.4527664143896516 5 18 14 5 
-0.4165141587506138 5 18 15 4 
-0.2992018867223660 5 18 15 11 
0.2255784291987675 5 18 16 3 
0.9634955015873852 5 18 16 7 
0.1881383976023035 5 18 16 10 
-0.0258211437782080 5 18 17 2 
0.1365990020452080 5 18 17 6 
0.1255751624698504 5 18 17 9 
0.7672032065583494 5 18 18 5 
0.3934163640552480 5 18 19 4 
-0.3858889122441742 5 18 19 11 
-0.1981749709677192 5 18 21 5 
0.2937836968822852 5 18 22 4 
0.1177606797210764 5 18 22 11 
-0.2512651741230887 5 18 23 3 
-1.7724072424392461 5 18 23 7 
-0.1549702521311933 5 18 23 10 
-0.4269452706114438 5 19 3 17 
0.5400477965476448 5 19 4 16 
0.2018369445582865 5 19 4 23 
-0.4269452706114438 5 19 5 15 
-1.6469089400466894 5 19 5 19 
-0.2605703749745444 5 19 5 22 
-2.2910404396098594 5 19 7 17 
-0.6718405711563350 5 19 10 17 
0.5204054686789930 5 19 11 16 
0.0644488699422356 5 19 11 23 
0.4269452706114438 5 19 15 5 
-0.5400477965476448 5 19 16 4 
-0.5204054686789930 5 19 16 11 
0.4269452706114438 5 19 17 3 
2.2910404396098594 5 19 17 7 
0.6718405711563350 5 19 17 10 
1.6469089400466894 5 19 19 5 
0.2605703749745444 5 19 22 5 
-0.2018369445582865 5 19 23 4 
-0.0644488699422356 5 19 23 11 
-1.0322329200552471 5 20 1 17 
0.6493616974667379 5 20 2 16 
-0.4093916989573429 5 20 2 23 
-0.5544340647699876 5 20 3 15 
-0.2512651741230887 5 20 3 19 
-0.2898139128376450 5 20 3 22 
0.7270394051905491 5 20 4 14 
0.1535056724386228 5 20 4 18 
0.5419552111398834 5 20 4 21 
-0.8408250225745891 5 20 5 13 
-2.0716643792796665 5 20 5 20 
-0.0972701025886043 5 20 6 16 
0.3665443904097092 5 20 6 23 
-0.2992018867223660 5 20 7 15 
-0.9522148596816742 5 20 7 19 
-0.4761371255625140 5 20 7 22 
-2.3943757805319845 5 20 8 17 
0.7253028323962445 5 20 9 16 
-0.3416738218431014 5 20 9 23 
-0.3402723891899268 5 20 10 15 
-0.2800183003165863 5 20 10 19 
-0.2035114054064869 5 20 10 22 
-0.0143362356815123 5 20 11 14 
0.4447166944399762 5 20 11 18 
-0.0585238230897564 5 20 11 21 
0.8408250225745891 5 20 13 5 
-0.7270394051905491 5 20 14 4 
0.0143362356815123 5 20 14 11 
0.5544340647699876 5 20 15 3 
0.2992018867223660 5 20 15 7 
0.3402723891899268 5 20 15 10 
-0.6493616974667379 5 20 16 2 
0.0972701025886043 5 20 16 6 
-0.7253028323962445 5 20 16 9 
1.0322329200552471 5 20 17 1 
2.3943757805319845 5 20 17 8 
-0.1535056724386228 5 20 18 4 
-0.4447166944399762 5 20 18 11 
0.2512651741230887 5 20 19 3 
0.9522148596816742 5 20 19 7 
0.2800183003165863 5 20 19 10 
2.0716643792796665 5 20 20 5 
-0.5419552111398834 5 20 21 4 
0.0585238230897564 5 20 21 11 
0.2898139128376450 5 20 22 3 
0.4761371255625140 5 20 22 7 
0.2035114054064869 5 20 22 10 
0.4093916989573429 5 20 23 2 
-0.3665443904097092 5 20 23 6 
0.3416738218431014 5 20 23 9 
-0.8473069532410858 5 21 2 17 
0.2193404160324481 5 21 3 16 
-0.9989011356287055 5 21 3 23 
0.3538821524255744 5 21 4 15 
-0.3216877698508500 5 21 4 19 
0.1525318362062181 5 21 4 22 
-0.4344576760680792 5 21 5 14 
0.1981749709677192 5 21 5 18 
-1.3720032102346358 5 21 5 21 
-0.1255751624698504 5 21 6 17 
-0.5447535549455064 5 21 7 16 
-0.2645126230895212 5 21 7 23 
-1.4580138502560769 5 21 9 17 
0.2818450863405722 5 21 10 16 
-0.5980423514388126 5 21 10 23 
-0.3651034777795880 5 21 11 15 
-0.0232609970685455 5 21 11 19 
-0.2710888954362407 5 21 11 22 
0.4344576760680792 5 21 14 5 
-0.3538821524255744 5 21 15 4 
0.3651034777795880 5 21 15 11 
-0.2193404160324481 5 21 16 3 
0.5447535549455064 5 21 16 7 
-0.2818450863405722 5 21 16 10 
0.8473069532410858 5 21 17 2 
0.1255751624698504 5 21 17 6 
1.4580138502560769 5 21 17 9 
-0.1981749709677192 5 21 18 5 
0.3216877698508500 5 21 19 4 
0.0232609970685455 5 21 19 11 
1.3720032102346358 5 21 21 5 
-0.1525318362062181 5 21 22 4 
0.2710888954362407 5 21 22 11 
0.9989011356287055 5 21 23 3 
0.2645126230895212 5 21 23 7 
0.5980423514388126 5 21 23 10 
-1.0257303896308096 5 22 3 17 
0.8106591305716754 5 22 4 16 
-1.2805630884355304 5 22 4 23 
-0.2560342396783555 5 22 5 15 
-0.2605703749745444 5 22 5 19 
-1.2014674329896524 5 22 5 22 
-0.6718405711563350 5 22 7 17 
-1.1429014641651687 5 22 10 17 
-0.2722492852427233 5 22 11 16 
-0.7526897390166407 5 22 11 23 
0.2560342396783555 5 22 15 5 
-0.8106591305716754 5 22 16 4 
0.2722492852427233 5 22 16 11 
1.0257303896308096 5 22 17 3 
0.6718405711563350 5 22 17 7 
1.1429014641651687 5 22 17 10 
0.2605703749745444 5 22 19 5 
1.2014674329896524 5 22 22 5 
1.2805630884355304 5 22 23 4 
0.7526897390166407 5 22 23 11 
-0.6284542747894130 5 23 4 17 
0.6284542747894130 5 23 5 16 
-2.8546672714159005 5 23 5 23 
-1.4943737800858157 5 23 11 17 
-0.6284542747894130 5 23 16 5 
0.6284542747894130 5 23 17 4 
1.4943737800858157 5 23 17 11 
2.8546672714159005 5 23 23 5 
-0.6441314995631697 6 0 0 6 
0.4112701961817906 6 0 0 9 
-0.3185685241207064 6 0 1 8 
0.6441314995631697 6 0 6 0 
0.3185685241207064 6 0 8 1 
-0.4112701961817906 6 0 9 0 
-0.2140308626497937 6 1 0 3 
-0.5700791375321372 6 1 0 7 
0.2230657850946565 6 1 0 10 
0.2871525349007157 6 1 1 2 
-0.3891843587479074 6 1 1 6 
0.2117540926113859 6 1 1 9 
-0.2871525349007157 6 1 2 1 
-0.3815229012259175 6 1 2 8 
0.2140308626497937 6 1 3 0 
0.3891843587479074 6 1 6 1 
-0.6200698476731357 6 1 6 8 
0.5700791375321372 6 1 7 0 
0.3815229012259175 6 1 8 2 
0.6200698476731357 6 1 8 6 
-0.1219689806377075 6 1 8 9 
-0.2117540926113859 6 1 9 1 
0.1219689806377075 6 1 9 8 
-0.2230657850946565 6 1 10 0 
-0.4280617252995874 6 2 0 4 
0.0479367125992772 6 2 0 11 
0.2707300062176038 6 2 1 3 
-0.7210994084583739 6 2 1 7 
0.2450267616673147 6 2 1 10 
-0.1342372179326451 6 2 2 6 
0.0384940078642476 6 2 2 9 
-0.2707300062176038 6 2 3 1 
-0.3819277666490264 6 2 3 8 
0.4280617252995874 6 2 4 0 
0.1342372179326451 6 2 6 2 
-0.7594273658422368 6 2 6 9 
0.7210994084583739 6 2 7 1 
-0.4384555940989839 6 2 7 8 
0.3819277666490264 6 2 8 3 
0.4384555940989839 6 2 8 7 
-0.1724901866066674 6 2 8 10 
-0.0384940078642476 6 2 9 2 
0.7594273658422368 6 2 9 6 
-0.2450267616673147 6 2 10 1 
0.1724901866066674 6 2 10 8 
-0.0479367125992772 6 2 11 0 
-0.4785875581678595 6 3 0 5 
-0.0957175116335719 6 3 1 4 
0.0643138487939128 6 3 1 11 
0.3828700465342876 6 3 2 3 
-0.7648414224457865 6 3 2 7 
0.2205060988858080 6 3 2 10 
-0.3828700465342876 6 3 3 2 
0.1207099228826172 6 3 3 6 
-0.1085100580596244 6 3 3 9 
0.0957175116335719 6 3 4 1 
-0.3386470020299757 6 3 4 8 
0.4785875581678595 6 3 5 0 
-0.1207099228826172 6 3 6 3 
-0.7594273658422371 6 3 6 10 
0.7648414224457865 6 3 7 2 
-0.7594273658422371 6 3 7 9 
0.3386470020299757 6 3 8 4 
-0.1493808835048923 6 3 8 11 
0.1085100580596244 6 3 9 3 
0.7594273658422371 6 3 9 7 
-0.1493808835048923 6 3 9 10 
-0.2205060988858080 6 3 10 2 
0.7594273658422371 6 3 10 6 
0.1493808835048923 6 3 10 9 
-0.0643138487939128 6 3 11 1 
0.1493808835048923 6 3 11 8 
-0.6053706974515026 6 4 1 5 
0.3828700465342875 6 4 2 4 
0.0643138487939128 6 4 2 11 
-0.7210994084583739 6 4 3 7 
0.1707635258397419 6 4 3 10 
-0.3828700465342875 6 4 4 2 
0.3756570636978791 6 4 4 6 
-0.2292581051602300 6 4 4 9 
0.6053706974515026 6 4 5 1 
-0.2507757750272271 6 4 5 8 
-0.3756570636978791 6 4 6 4 
-0.6200698476731357 6 4 6 11 
0.7210994084583739 6 4 7 3 
-1.0739924804113654 6 4 7 10 
0.2507757750272271 6 4 8 5 
0.2292581051602300 6 4 9 4 
-0.2439379612754150 6 4 9 11 
-0.1707635258397419 6 4 10 3 
1.0739924804113654 6 4 10 7 
-0.0643138487939128 6 4 11 2 
0.6200698476731357 6 4 11 6 
0.2439379612754150 6 4 11 9 
-0.4785875581678595 6 5 2 5 
0.6420925879493813 6 5 3 4 
0.0479367125992773 6 5 3 11 
-0.6420925879493813 6 5 4 3 
-0.5700791375321372 6 5 4 7 
0.1056452992799817 6 5 4 10 
0.4785875581678595 6 5 5 2 
0.6306042045131415 6 5 5 6 
-0.3237501334375696 6 5 5 9 
-0.6306042045131415 6 5 6 5 
0.5700791375321372 6 5 7 4 
-1.3865183301950716 6 5 7 11 
0.3237501334375696 6 5 9 5 
-0.1056452992799817 6 5 10 4 
-0.2727309318522697 6 5 10 11 
-0.0479367125992773 6 5 11 3 
1.3865183301950716 6 5 11 7 
0.2727309318522697 6 5 11 10 
-0.8481537634532698 6 7 0 5 
0.8481537634532695 6 7 1 4 
-0.8481537634532695 6 7 2 3 
0.8481537634532695 6 7 3 2 
-0.8481537634532695 6 7 4 1 
0.8481537634532698 6 7 5 0 
-1.5924859014927473 6 7 6 7 
1.5924859014927473 6 7 7 6 
-0.6757810226381105 6 7 8 11 
0.6757810226381105 6 7 9 10 
-0.6757810226381105 6 7 10 9 
0.6757810226381105 6 7 11 8 
-0.4988886901723285 6 8 0 3 
-1.3865183301950716 6 8 0 7 
-0.2412516260209757 6 8 0 10 
0.6693294146586947 6 8 1 2 
0.6200698476731357 6 8 1 6 
0.2157820141861035 6 8 1 9 
-0.6693294146586947 6 8 2 1 
-0.1321389576064887 6 8 2 8 
0.4988886901723285 6 8 3 0 
-0.6200698476731357 6 8 6 1 
-0.2856738736551171 6 8 6 8 
1.3865183301950716 6 8 7 0 
0.1321389576064887 6 8 8 2 
0.2856738736551171 6 8 8 6 
-0.3289863264835132 6 8 8 9 
-0.2157820141861035 6 8 9 1 
0.3289863264835132 6 8 9 8 
0.2412516260209757 6 8 10 0 
-0.6110113646838267 6 9 0 4 
-0.1961188252459277 6 9 0 11 
0.3864375177297320 6 9 1 3 
-1.0739924804113654 6 9 1 7 
-0.0349597171538916 6 9 1 10 
0.7594273658422368 6 9 2 6 
0.1568592106743691 6 9 2 9 
-0.3864375177297320 6 9 3 1 
-0.1668531702522620 6 9 3 8 
0.6110113646838267 6 9 4 0 
-0.7594273658422368 6 9 6 2 
-0.0928393010626056 6 9 6 9 
1.0739924804113654 6 9 7 1 
-0.3339992771860588 6 9 7 8 
0.1668531702522620 6 9 8 3 
0.3339992771860588 6 9 8 7 
-0.2849105162324437 6 9 8 10 
-0.1568592106743691 6 9 9 2 
0.0928393010626056 6 9 9 6 
0.0349597171538916 6 9 10 1 
0.2849105162324437 6 9 10 8 
0.1961188252459277 6 9 11 0 
-0.4554209821526503 6 10 0 5 
-0.0910841964305301 6 10 1 4 
-0.1754140099669186 6 10 1 11 
0.3643367857221202 6 10 2 3 
-0.7594273658422371 6 10 2 7 
0.0826984514707279 6 10 2 10 
-0.3643367857221203 6 10 3 2 
0.7594273658422371 6 10 3 6 
0.0494405061357608 6 10 3 9 
0.0910841964305301 6 10 4 1 
-0.1482590113122367 6 10 4 8 
0.4554209821526503 6 10 5 0 
-0.7594273658422371 6 10 6 3 
0.0999952715299059 6 10 6 10 
0.7594273658422371 6 10 7 2 
-0.3856691451850230 6 10 7 9 
0.1482590113122367 6 10 8 4 
-0.1644931632417566 6 10 8 11 
-0.0494405061357608 6 10 9 3 
0.3856691451850230 6 10 9 7 
-0.1644931632417566 6 10 9 10 
-0.0826984514707279 6 10 10 2 
-0.0999952715299059 6 10 10 6 
0.1644931632417566 6 10 10 9 
0.1754140099669186 6 10 11 1 
0.1644931632417566 6 10 11 8 
-0.3527675758781280 6 11 1 5 
0.2231098048862315 6 11 2 4 
-0.1074187045386083 6 11 2 11 
-0.4384555940989839 6 11 3 7 
0.1097641911995563 6 11 3 10 
-0.2231098048862315 6 11 4 2 
0.6200698476731357 6 11 4 6 
-0.0473390007642743 6 11 4 9 
0.3527675758781280 6 11 5 1 
-0.0781723040302670 6 11 5 8 
-0.6200698476731357 6 11 6 4 
0.2928298441224172 6 11 6 11 
0.4384555940989839 6 11 7 3 
-0.3339992771860588 6 11 7 10 
0.0781723040302670 6 11 8 5 
0.0473390007642743 6 11 9 4 
-0.1644931632417566 6 11 9 11 
-0.1097641911995563 6 11 10 3 
0.3339992771860588 6 11 10 7 
0.1074187045386083 6 11 11 2 
-0.2928298441224172 6 11 11 6 
0.1644931632417566 6 11 11 9 
-0.4269452706114438 6 12 0 14 
-2.2910404396098594 6 12 0 18 
0.6718405711563350 6 12 0 21 
0.5400477965476448 6 12 1 13 
-0.5204054686789930 6 12 1 20 
-0.4269452706114438 6 12 2 12 
-1.6469089400466894 6 12 6 12 
-0.2018369445582865 6 12 8 13 
0.0644488699422356 6 12 8 20 
0.2605703749745444 6 12 9 12 
0.4269452706114438 6 12 12 2 
1.6469089400466894 6 12 12 6 
-0.2605703749745444 6 12 12 9 
-0.5400477965476448 6 12 13 1 
0.2018369445582865 6 12 13 8 
0.4269452706114438 6 12 14 0 
2.2910404396098594 6 12 18 0 
0.5204054686789930 6 12 20 1 
-0.0644488699422356 6 12 20 8 
-0.6718405711563350 6 12 21 0 
-0.5843547552045125 6 13 0 15 
-0.9634955015873852 6 13 0 19 
0.5447535549455064 6 13 0 22 
0.3570489027560796 6 13 1 14 
-1.8601521520969277 6 13 1 18 
0.1845981792192072 6 13 1 21 
0.0698963678553639 6 13 2 13 
-0.5244594835917331 6 13 2 20 
-0.3703238925547188 6 13 3 12 
-1.4709677933490206 6 13 6 13 
0.1725747679082849 6 13 6 20 
-0.3934163640552480 6 13 7 12 
-0.1429365823658156 6 13 8 14 
0.7926446155814209 6 13 8 18 
-0.0193829236574928 6 13 8 21 
-0.0271559133921788 6 13 9 13 
0.1025860569802148 6 13 9 20 
0.3216877698508500 6 13 10 12 
0.3703238925547188 6 13 12 3 
0.3934163640552480 6 13 12 7 
-0.3216877698508500 6 13 12 10 
-0.0698963678553639 6 13 13 2 
1.4709677933490206 6 13 13 6 
0.0271559133921788 6 13 13 9 
-0.3570489027560796 6 13 14 1 
0.1429365823658156 6 13 14 8 
0.5843547552045125 6 13 15 0 
1.8601521520969277 6 13 18 1 
-0.7926446155814209 6 13 18 8 
0.9634955015873852 6 13 19 0 
0.5244594835917331 6 13 20 2 
-0.1725747679082849 6 13 20 6 
-0.1025860569802148 6 13 20 9 
-0.1845981792192072 6 13 21 1 
0.0193829236574928 6 13 21 8 
-0.5447535549455064 6 13 22 0 
-0.5959023217534861 6 14 0 16 
0.2992018867223660 6 14 0 23 
0.0146066446908509 6 14 1 15 
-1.2187361201370062 6 14 1 19 
0.4573040139546807 6 14 1 22 
0.3415562164891549 6 14 2 14 
-1.4292638645839979 6 14 2 18 
-0.1387645901119753 6 14 2 21 
-0.2561233615267529 6 14 3 13 
-0.4143493696186088 6 14 3 20 
-0.1678405964538987 6 14 4 12 
-1.2950266466513527 6 14 6 14 
0.2113600619272657 6 14 6 21 
-0.4976367116786320 6 14 7 13 
0.1220287886496429 6 14 7 20 
-0.0324216029695824 6 14 8 15 
0.5604843827486268 6 14 8 19 
-0.0627116933879477 6 14 8 22 
-0.1772585979762229 6 14 9 14 
0.9707874277695027 6 14 9 18 
0.0407610443282858 6 14 9 21 
0.2122772522873660 6 14 10 13 
0.1097784932187198 6 14 10 20 
0.2512651741230887 6 14 11 12 
0.1678405964538987 6 14 12 4 
-0.2512651741230887 6 14 12 11 
0.2561233615267529 6 14 13 3 
0.4976367116786320 6 14 13 7 
-0.2122772522873660 6 14 13 10 
-0.3415562164891549 6 14 14 2 
1.2950266466513527 6 14 14 6 
0.1772585979762229 6 14 14 9 
-0.0146066446908509 6 14 15 1 
0.0324216029695824 6 14 15 8 
0.5959023217534861 6 14 16 0 
1.4292638645839979 6 14 18 2 
-0.9707874277695027 6 14 18 9 
1.2187361201370062 6 14 19 1 
-0.5604843827486268 6 14 19 8 
0.4143493696186088 6 14 20 3 
-0.1220287886496429 6 14 20 7 
-0.1097784932187198 6 14 20 10 
0.1387645901119753 6 14 21 2 
-0.2113600619272657 6 14 21 6 
-0.0407610443282858 6 14 21 9 
-0.4573040139546807 6 14 22 1 
0.0627116933879477 6 14 22 8 
-0.2992018867223660 6 14 23 0 
-0.4527664143896516 6 15 0 17 
-0.3467204452447965 6 15 1 16 
0.4014214546244413 6 15 1 23 
0.3622131315117213 6 15 2 15 
-1.2926648625387898 6 15 2 19 
0.2392247200878556 6 15 2 22 
-0.0206569150225664 6 15 3 14 
-0.9983755770710679 6 15 3 18 
-0.2982477368372123 6 15 3 21 
-0.2510029336112246 6 15 4 13 
-0.2568451805087723 6 15 4 20 
0.0258211437782080 6 15 5 12 
-1.1190854999536850 6 15 6 15 
0.2113600619272657 6 15 6 22 
-0.5278234400930033 6 15 7 14 
0.2113600619272657 6 15 7 21 
0.0818018215212034 6 15 8 16 
-0.0645001806703747 6 15 8 23 
-0.1897376787775879 6 15 9 15 
0.9707874277695029 6 15 9 19 
-0.0441196585062318 6 15 9 22 
0.0187186212020476 6 15 10 14 
0.9707874277695029 6 15 10 18 
0.1052612249986605 6 15 10 21 
0.3371076058305285 6 15 11 13 
0.0848807028345176 6 15 11 20 
-0.0258211437782080 6 15 12 5 
0.2510029336112246 6 15 13 4 
-0.3371076058305285 6 15 13 11 
0.0206569150225663 6 15 14 3 
0.5278234400930033 6 15 14 7 
-0.0187186212020476 6 15 14 10 
-0.3622131315117214 6 15 15 2 
1.1190854999536850 6 15 15 6 
0.1897376787775879 6 15 15 9 
0.3467204452447965 6 15 16 1 
-0.0818018215212034 6 15 16 8 
0.4527664143896516 6 15 17 0 
0.9983755770710679 6 15 18 3 
-0.9707874277695029 6 15 18 10 
1.2926648625387898 6 15 19 2 
-0.9707874277695029 6 15 19 9 
0.2568451805087723 6 15 20 4 
-0.0848807028345176 6 15 20 11 
0.2982477368372123 6 15 21 3 
-0.2113600619272657 6 15 21 7 
-0.1052612249986605 6 15 21 10 
-0.2392247200878556 6 15 22 2 
-0.2113600619272657 6 15 22 6 
0.0441196585062318 6 15 22 9 
-0.4014214546244413 6 15 23 1 
0.0645001806703747 6 15 23 8 
-0.5727092469995737 6 16 1 17 
0.1060459691448550 6 16 2 16 
0.4014214546244412 6 16 2 23 
0.2415167168359020 6 16 3 15 
-1.2187361201370062 6 16 3 19 
-0.0062175558171438 6 16 3 22 
-0.2768240773894325 6 16 4 14 
-0.5674872895581380 6 16 4 18 
-0.2938512609565039 6 16 4 21 
0.0326614504519291 6 16 5 13 
-0.0972701025886043 6 16 5 20 
-0.9431443532560172 6 16 6 16 
0.1725747679082849 6 16 6 23 
-0.4976367116786320 6 16 7 15 
0.2989082661215564 6 16 7 22 
0.1535056724386228 6 16 8 17 
-0.0645931557962739 6 16 9 16 
-0.1053283539731631 6 16 9 23 
-0.1769810816568857 6 16 10 15 
1.3729007465329219 6 16 10 19 
0.0288224108527763 6 16 10 22 
0.3371076058305285 6 16 11 14 
0.7926446155814209 6 16 11 18 
0.1386096073022519 6 16 11 21 
-0.0326614504519291 6 16 13 5 
0.2768240773894325 6 16 14 4 
-0.3371076058305285 6 16 14 11 
-0.2415167168359020 6 16 15 3 
0.4976367116786320 6 16 15 7 
0.1769810816568857 6 16 15 10 
-0.1060459691448550 6 16 16 2 
0.9431443532560172 6 16 16 6 
0.0645931557962739 6 16 16 9 
0.5727092469995737 6 16 17 1 
-0.1535056724386228 6 16 17 8 
0.5674872895581380 6 16 18 4 
-0.7926446155814209 6 16 18 11 
1.2187361201370062 6 16 19 3 
-1.3729007465329219 6 16 19 10 
0.0972701025886043 6 16 20 5 
0.2938512609565039 6 16 21 4 
-0.1386096073022519 6 16 21 11 
0.0062175558171438 6 16 22 3 
-0.2989082661215564 6 16 22 7 
-0.0288224108527763 6 16 22 10 
-0.4014214546244412 6 16 23 2 
-0.1725747679082849 6 16 23 6 
0.1053283539731631 6 16 23 9 
-0.4527664143896516 6 17 2 17 
0.4165141587506138 6 17 3 16 
0.2992018867223660 6 17 3 23 
-0.2255784291987675 6 17 4 15 
-0.9634955015873852 6 17 4 19 
-0.1881383976023035 6 17 4 22 
0.0258211437782080 6 17 5 14 
-0.1365990020452080 6 17 5 18 
-0.1255751624698504 6 17 5 21 
-0.7672032065583494 6 17 6 17 
-0.3934163640552480 6 17 7 16 
0.3858889122441742 6 17 7 23 
0.1981749709677192 6 17 9 17 
-0.2937836968822852 6 17 10 16 
-0.1177606797210764 6 17 10 23 
0.2512651741230887 6 17 11 15 
1.7724072424392461 6 17 11 19 
0.1549702521311933 6 17 11 22 
-0.0258211437782080 6 17 14 5 
0.2255784291987675 6 17 15 4 
-0.2512651741230887 6 17 15 11 
-0.4165141587506138 6 17 16 3 
0.3934163640552480 6 17 16 7 
0.2937836968822852 6 17 16 10 
0.4527664143896516 6 17 17 2 
0.7672032065583494 6 17 17 6 
-0.1981749709677192 6 17 17 9 
0.1365990020452080 6 17 18 5 
0.9634955015873852 6 17 19 4 
-1.7724072424392461 6 17 19 11 
0.1255751624698504 6 17 21 5 
0.1881383976023035 6 17 22 4 
-0.1549702521311933 6 17 22 11 
-0.2992018867223660 6 17 23 3 
-0.3858889122441742 6 17 23 7 
0.1177606797210764 6 17 23 10 
-0.1901832990705832 6 18 0 16 
0.9522148596816742 6 18 0 23 
0.2405649591952107 6 18 1 15 
-0.7375824587116714 6 18 1 22 
-0.2551576709441980 6 18 2 14 
0.5215495582392695 6 18 2 21 
0.2405649591952107 6 18 3 13 
-0.3011167778451727 6 18 3 20 
-0.1901832990705832 6 18 4 12 
-3.4925843755732555 6 18 6 18 
0.3062985807533624 6 18 6 21 
-0.5305247041510623 6 18 7 20 
-0.3011167778451727 6 18 8 15 
-0.5305247041510623 6 18 8 19 
0.0811746271797301 6 18 8 22 
0.5215495582392695 6 18 9 14 
0.3062985807533624 6 18 9 18 
-0.0937323857071693 6 18 9 21 
-0.7375824587116714 6 18 10 13 
0.0811746271797301 6 18 10 20 
0.9522148596816742 6 18 11 12 
0.1901832990705832 6 18 12 4 
-0.9522148596816742 6 18 12 11 
-0.2405649591952107 6 18 13 3 
0.7375824587116714 6 18 13 10 
0.2551576709441980 6 18 14 2 
-0.5215495582392695 6 18 14 9 
-0.2405649591952107 6 18 15 1 
0.3011167778451727 6 18 15 8 
0.1901832990705832 6 18 16 0 
3.4925843755732555 6 18 18 6 
-0.3062985807533624 6 18 18 9 
0.5305247041510623 6 18 19 8 
0.3011167778451727 6 18 20 3 
0.5305247041510623 6 18 20 7 
-0.0811746271797301 6 18 20 10 
-0.5215495582392695 6 18 21 2 
-0.3062985807533624 6 18 21 6 
0.0937323857071693 6 18 21 9 
0.7375824587116714 6 18 22 1 
-0.0811746271797301 6 18 22 8 
-0.9522148596816742 6 18 23 0 
-0.6367082741801332 6 19 0 17 
0.5516557171987340 6 19 1 16 
0.4258434310867295 6 19 1 23 
-0.4666031602173346 6 19 2 15 
-0.5215495582392696 6 19 2 22 
0.3815506032359352 6 19 3 14 
0.5215495582392696 6 19 3 21 
-0.2964980462545359 6 19 4 13 
-0.4258434310867295 6 19 4 20 
0.2114454892731366 6 19 5 12 
-2.5425351385330019 6 19 6 19 
0.3062985807533624 6 19 6 22 
-0.9500492370402543 6 19 7 18 
-0.3062985807533624 6 19 7 21 
-0.4258434310867295 6 19 8 16 
-0.2675912220386783 6 19 8 23 
0.5215495582392696 6 19 9 15 
-0.3062985807533624 6 19 9 19 
0.3144574148922629 6 19 9 22 
-0.5215495582392696 6 19 10 14 
0.3062985807533624 6 19 10 18 
-0.3613236077458476 6 19 10 21 
0.4258434310867295 6 19 11 13 
0.4081898005994323 6 19 11 20 
-0.2114454892731366 6 19 12 5 
0.2964980462545359 6 19 13 4 
-0.4258434310867295 6 19 13 11 
-0.3815506032359352 6 19 14 3 
0.5215495582392696 6 19 14 10 
0.4666031602173346 6 19 15 2 
-0.5215495582392696 6 19 15 9 
-0.5516557171987340 6 19 16 1 
0.4258434310867295 6 19 16 8 
0.6367082741801332 6 19 17 0 
0.9500492370402543 6 19 18 7 
-0.3062985807533624 6 19 18 10 
2.5425351385330019 6 19 19 6 
0.3062985807533624 6 19 19 9 
0.4258434310867295 6 19 20 4 
-0.4081898005994323 6 19 20 11 
-0.5215495582392696 6 19 21 3 
0.3062985807533624 6 19 21 7 
0.3613236077458476 6 19 21 10 
0.5215495582392696 6 19 22 2 
-0.3062985807533624 6 19 22 6 
-0.3144574148922629 6 19 22 9 
-0.4258434310867295 6 19 23 1 
0.2675912220386783 6 19 23 8 
-0.2494443450861643 6 20 0 15 
-1.7724072424392461 6 20 0 19 
-0.2645126230895212 6 20 0 22 
0.3346647073293474 6 20 1 14 
0.7926446155814209 6 20 1 18 
0.2365872824539799 6 20 1 21 
-0.3346647073293474 6 20 2 13 
-0.1448795304109926 6 20 2 20 
0.2494443450861643 6 20 3 12 
0.1725747679082849 6 20 6 13 
-1.0139821837152130 6 20 6 20 
-0.3858889122441742 6 20 7 12 
-0.0127405728045039 6 20 8 14 
-0.7283083100600960 6 20 8 18 
-0.1644931632417566 6 20 8 21 
0.0208052682678764 6 20 9 13 
0.1644931632417566 6 20 9 20 
-0.0232609970685455 6 20 10 12 
-0.2494443450861643 6 20 12 3 
0.3858889122441742 6 20 12 7 
0.0232609970685455 6 20 12 10 
0.3346647073293474 6 20 13 2 
-0.1725747679082849 6 20 13 6 
-0.0208052682678764 6 20 13 9 
-0.3346647073293474 6 20 14 1 
0.0127405728045039 6 20 14 8 
0.2494443450861643 6 20 15 0 
-0.7926446155814209 6 20 18 1 
0.7283083100600960 6 20 18 8 
1.7724072424392461 6 20 19 0 
0.1448795304109926 6 20 20 2 
1.0139821837152130 6 20 20 6 
-0.1644931632417566 6 20 20 9 
-0.2365872824539799 6 20 21 1 
0.1644931632417566 6 20 21 8 
0.2645126230895212 6 20 22 0 
-0.3089280750178132 6 21 0 16 
-0.4761371255625140 6 21 0 23 
0.1975477812261947 6 21 1 15 
-1.3729007465329219 6 21 1 19 
0.1639236347454664 6 21 1 22 
-0.0045916216014056 6 21 2 14 
0.9707874277695027 6 21 2 18 
0.0289680166857266 6 21 2 21 
-0.1888897365035373 6 21 3 13 
-0.1003709281142469 6 21 3 20 
0.3020832896660136 6 21 4 12 
0.2113600619272657 6 21 6 14 
0.3062985807533624 6 21 6 18 
-1.1759801730440294 6 21 6 21 
-0.2989082661215564 6 21 7 13 
0.2805887482415109 6 21 7 20 
0.0664822421380151 6 21 8 15 
0.6145880254275697 6 21 8 19 
0.0124020498497186 6 21 8 22 
-0.1278911939886425 6 21 9 14 
-1.0831408719814239 6 21 9 18 
-0.1788138168802330 6 21 9 21 
0.1988833518993580 6 21 10 13 
0.2973125660821624 6 21 10 20 
-0.2800183003165863 6 21 11 12 
-0.3020832896660136 6 21 12 4 
0.2800183003165863 6 21 12 11 
0.1888897365035373 6 21 13 3 
0.2989082661215564 6 21 13 7 
-0.1988833518993580 6 21 13 10 
0.0045916216014056 6 21 14 2 
-0.2113600619272657 6 21 14 6 
0.1278911939886425 6 21 14 9 
-0.1975477812261947 6 21 15 1 
-0.0664822421380151 6 21 15 8 
0.3089280750178132 6 21 16 0 
-0.9707874277695027 6 21 18 2 
-0.3062985807533624 6 21 18 6 
1.0831408719814239 6 21 18 9 
1.3729007465329219 6 21 19 1 
-0.6145880254275697 6 21 19 8 
0.1003709281142469 6 21 20 3 
-0.2805887482415109 6 21 20 7 
-0.2973125660821624 6 21 20 10 
-0.0289680166857266 6 21 21 2 
1.1759801730440294 6 21 21 6 
0.1788138168802330 6 21 21 9 
-0.1639236347454664 6 21 22 1 
-0.0124020498497186 6 21 22 8 
0.4761371255625140 6 21 23 0 
-0.2353631937453345 6 22 0 17 
-0.0409504766138594 6 22 1 16 
-0.4258699917476537 6 22 1 23 
0.1806378523272583 6 22 2 15 
-0.9707874277695029 6 22 2 19 
0.3767025578615247 6 22 2 22 
-0.1836989333948621 6 22 3 14 
0.9707874277695029 6 22 3 18 
-0.2318230274505322 6 22 3 21 
0.0501337198166706 6 22 4 13 
0.0709890680666838 6 22 4 20 
0.2200577884073159 6 22 5 12 
0.2113600619272657 6 22 6 15 
0.3062985807533624 6 22 6 19 
-1.3379781623728459 6 22 6 22 
-0.2113600619272657 6 22 7 14 
0.3062985807533624 6 22 7 18 
0.3239959786576329 6 22 7 21 
0.2192480793789206 6 22 8 16 
0.1859741436994712 6 22 8 23 
-0.2812635335862929 6 22 9 15 
0.7096651238426560 6 22 9 19 
-0.1716534900609948 6 22 9 22 
0.2940041063907969 6 22 10 14 
-1.4379734339027521 6 22 10 18 
-0.0071603268192382 6 22 10 21 
-0.2504559817807351 6 22 11 13 
0.3504673069412279 6 22 11 20 
-0.2200577884073159 6 22 12 5 
-0.0501337198166706 6 22 13 4 
0.2504559817807351 6 22 13 11 
0.1836989333948620 6 22 14 3 
0.2113600619272657 6 22 14 7 
-0.2940041063907969 6 22 14 10 
-0.1806378523272583 6 22 15 2 
-0.2113600619272657 6 22 15 6 
0.2812635335862929 6 22 15 9 
0.0409504766138594 6 22 16 1 
-0.2192480793789206 6 22 16 8 
0.2353631937453345 6 22 17 0 
-0.9707874277695029 6 22 18 3 
-0.3062985807533624 6 22 18 7 
1.4379734339027521 6 22 18 10 
0.9707874277695029 6 22 19 2 
-0.3062985807533624 6 22 19 6 
-0.7096651238426560 6 22 19 9 
-0.0709890680666838 6 22 20 4 
-0.3504673069412279 6 22 20 11 
0.2318230274505322 6 22 21 3 
-0.3239959786576329 6 22 21 7 
0.0071603268192382 6 22 21 10 
-0.3767025578615247 6 22 22 2 
1.3379781623728459 6 22 22 6 
0.1716534900609948 6 22 22 9 
0.4258699917476537 6 22 23 1 
-0.1859741436994712 6 22 23 8 
-0.1823115459371740 6 23 1 17 
0.1190529891200389 6 23 2 16 
-0.2607910441362586 6 23 2 23 
-0.0079529219027653 6 23 3 15 
-0.5604843827486268 6 23 3 19 
0.3680571027200843 6 23 3 22 
-0.1040568157661927 6 23 4 14 
0.7926446155814209 6 23 4 18 
-0.4022177051675007 6 23 4 21 
0.1704560299409540 6 23 5 13 
0.3665443904097092 6 23 5 20 
0.1725747679082849 6 23 6 16 
-1.4999761517016623 6 23 6 23 
-0.1220287886496429 6 23 7 15 
0.5305247041510623 6 23 7 19 
0.2805887482415109 6 23 7 22 
0.4447166944399762 6 23 8 17 
-0.3548787044032263 6 23 9 16 
0.1859741436994712 6 23 9 23 
0.2582929115205280 6 23 10 15 
0.6145880254275697 6 23 10 19 
-0.3097146159318809 6 23 10 22 
-0.1533723395976503 6 23 11 14 
-1.7928059958240796 6 23 11 18 
0.3504673069412279 6 23 11 21 
-0.1704560299409540 6 23 13 5 
0.1040568157661927 6 23 14 4 
0.1533723395976503 6 23 14 11 
0.0079529219027653 6 23 15 3 
0.1220287886496429 6 23 15 7 
-0.2582929115205280 6 23 15 10 
-0.1190529891200389 6 23 16 2 
-0.1725747679082849 6 23 16 6 
0.3548787044032263 6 23 16 9 
0.1823115459371740 6 23 17 1 
-0.4447166944399762 6 23 17 8 
-0.7926446155814209 6 23 18 4 
1.7928059958240796 6 23 18 11 
0.5604843827486268 6 23 19 3 
-0.5305247041510623 6 23 19 7 
-0.6145880254275697 6 23 19 10 
-0.3665443904097092 6 23 20 5 
0.4022177051675007 6 23 21 4 
-0.3504673069412279 6 23 21 11 
-0.3680571027200843 6 23 22 3 
-0.2805887482415109 6 23 22 7 
0.3097146159318809 6 23 22 10 
0.2607910441362586 6 23 23 2 
1.4999761517016623 6 23 23 6 
-0.1859741436994712 6 23 23 9 
0.4785875581678595 7 0 0 3 
0.6306042045131415 7 0 0 7 
0.3237501334375696 7 0 0 10 
-0.6420925879493813 7 0 1 2 
-0.5700791375321372 7 0 1 6 
-0.1056452992799817 7 0 1 9 
0.6420925879493813 7 0 2 1 
-0.0479367125992773 7 0 2 8 
-0.4785875581678595 7 0 3 0 
0.5700791375321372 7 0 6 1 
1.3865183301950716 7 0 6 8 
-0.6306042045131415 7 0 7 0 
0.0479367125992773 7 0 8 2 
-1.3865183301950716 7 0 8 6 
0.2727309318522697 7 0 8 9 
0.1056452992799817 7 0 9 1 
-0.2727309318522697 7 0 9 8 
-0.3237501334375696 7 0 10 0 
0.6053706974515026 7 1 0 4 
0.2507757750272271 7 1 0 11 
-0.3828700465342875 7 1 1 3 
0.3756570636978791 7 1 1 7 
0.2292581051602300 7 1 1 10 
-0.7210994084583739 7 1 2 6 
-0.1707635258397419 7 1 2 9 
0.3828700465342875 7 1 3 1 
-0.0643138487939128 7 1 3 8 
-0.6053706974515026 7 1 4 0 
0.7210994084583739 7 1 6 2 
1.0739924804113654 7 1 6 9 
-0.3756570636978791 7 1 7 1 
0.6200698476731357 7 1 7 8 
0.0643138487939128 7 1 8 3 
-0.6200698476731357 7 1 8 7 
0.2439379612754150 7 1 8 10 
0.1707635258397419 7 1 9 2 
-1.0739924804113654 7 1 9 6 
-0.2292581051602300 7 1 10 1 
-0.2439379612754150 7 1 10 8 
-0.2507757750272271 7 1 11 0 
0.4785875581678595 7 2 0 5 
0.0957175116335719 7 2 1 4 
0.3386470020299757 7 2 1 11 
-0.3828700465342876 7 2 2 3 
0.1207099228826172 7 2 2 7 
0.1085100580596244 7 2 2 10 
0.3828700465342876 7 2 3 2 
-0.7648414224457865 7 2 3 6 
-0.2205060988858080 7 2 3 9 
-0.0957175116335719 7 2 4 1 
-0.0643138487939128 7 2 4 8 
-0.4785875581678595 7 2 5 0 
0.7648414224457865 7 2 6 3 
0.7594273658422371 7 2 6 10 
-0.1207099228826172 7 2 7 2 
0.7594273658422371 7 2 7 9 
0.0643138487939128 7 2 8 4 
0.1493808835048923 7 2 8 11 
0.2205060988858080 7 2 9 3 
-0.7594273658422371 7 2 9 7 
0.1493808835048923 7 2 9 10 
-0.1085100580596244 7 2 10 2 
-0.7594273658422371 7 2 10 6 
-0.1493808835048923 7 2 10 9 
-0.3386470020299757 7 2 11 1 
-0.1493808835048923 7 2 11 8 
0.4280617252995874 7 3 1 5 
-0.2707300062176038 7 3 2 4 
0.3819277666490264 7 3 2 11 
-0.1342372179326451 7 3 3 7 
-0.0384940078642476 7 3 3 10 
0.2707300062176038 7 3 4 2 
-0.7210994084583739 7 3 4 6 
-0.2450267616673147 7 3 4 9 
-0.4280617252995874 7 3 5 1 
-0.0479367125992772 7 3 5 8 
0.7210994084583739 7 3 6 4 
0.4384555940989839 7 3 6 11 
0.1342372179326451 7 3 7 3 
0.7594273658422368 7 3 7 10 
0.0479367125992772 7 3 8 5 
0.2450267616673147 7 3 9 4 
0.1724901866066674 7 3 9 11 
0.0384940078642476 7 3 10 3 
-0.7594273658422368 7 3 10 7 
-0.3819277666490264 7 3 11 2 
-0.4384555940989839 7 3 11 6 
-0.1724901866066674 7 3 11 9 
0.2140308626497937 7 4 2 5 
-0.2871525349007157 7 4 3 4 
0.3815229012259175 7 4 3 11 
0.2871525349007157 7 4 4 3 
-0.3891843587479074 7 4 4 7 
-0.2117540926113859 7 4 4 10 
-0.2140308626497937 7 4 5 2 
-0.5700791375321372 7 4 5 6 
-0.2230657850946565 7 4 5 9 
0.5700791375321372 7 4 6 5 
0.3891843587479074 7 4 7 4 
0.6200698476731357 7 4 7 11 
0.2230657850946565 7 4 9 5 
0.2117540926113859 7 4 10 4 
0.1219689806377075 7 4 10 11 
-0.3815229012259175 7 4 11 3 
-0.6200698476731357 7 4 11 7 
-0.1219689806377075 7 4 11 10 
0.3185685241207064 7 5 4 11 
-0.6441314995631697 7 5 5 7 
-0.4112701961817906 7 5 5 10 
0.6441314995631697 7 5 7 5 
0.4112701961817906 7 5 10 5 
-0.3185685241207064 7 5 11 4 
0.8481537634532698 7 6 0 5 
-0.8481537634532695 7 6 1 4 
0.8481537634532695 7 6 2 3 
-0.8481537634532695 7 6 3 2 
0.8481537634532695 7 6 4 1 
-0.8481537634532698 7 6 5 0 
1.5924859014927473 7 6 6 7 
-1.5924859014927473 7 6 7 6 
0.6757810226381105 7 6 8 11 
-0.6757810226381105 7 6 9 10 
0.6757810226381105 7 6 10 9 
-0.6757810226381105 7 6 11 8 
-0.3527675758781280 7 8 0 4 
-0.0781723040302670 7 8 0 11 
0.2231098048862315 7 8 1 3 
-0.6200698476731357 7 8 1 7 
-0.0473390007642743 7 8 1 10 
0.4384555940989839 7 8 2 6 
0.1097641911995563 7 8 2 9 
-0.2231098048862315 7 8 3 1 
-0.1074187045386083 7 8 3 8 
0.3527675758781280 7 8 4 0 
-0.4384555940989839 7 8 6 2 
-0.3339992771860588 7 8 6 9 
0.6200698476731357 7 8 7 1 
0.2928298441224172 7 8 7 8 
0.1074187045386083 7 8 8 3 
-0.2928298441224172 7 8 8 7 
-0.1644931632417566 7 8 8 10 
-0.1097641911995563 7 8 9 2 
0.3339992771860588 7 8 9 6 
0.0473390007642743 7 8 10 1 
0.1644931632417566 7 8 10 8 
0.0781723040302670 7 8 11 0 
-0.4554209821526503 7 9 0 5 
-0.0910841964305301 7 9 1 4 
-0.1482590113122367 7 9 1 11 
0.3643367857221202 7 9 2 3 
-0.7594273658422371 7 9 2 7 
0.0494405061357608 7 9 2 10 
-0.3643367857221203 7 9 3 2 
0.7594273658422371 7 9 3 6 
0.0826984514707279 7 9 3 9 
0.0910841964305301 7 9 4 1 
-0.1754140099669186 7 9 4 8 
0.4554209821526503 7 9 5 0 
-0.7594273658422371 7 9 6 3 
-0.3856691451850230 7 9 6 10 
0.7594273658422371 7 9 7 2 
0.0999952715299059 7 9 7 9 
0.1754140099669186 7 9 8 4 
-0.1644931632417566 7 9 8 11 
-0.0826984514707279 7 9 9 3 
-0.0999952715299059 7 9 9 7 
-0.1644931632417566 7 9 9 10 
-0.0494405061357608 7 9 10 2 
0.3856691451850230 7 9 10 6 
0.1644931632417566 7 9 10 9 
0.1482590113122367 7 9 11 1 
0.1644931632417566 7 9 11 8 
-0.6110113646838267 7 10 1 5 
0.3864375177297320 7 10 2 4 
-0.1668531702522620 7 10 2 11 
-0.7594273658422368 7 10 3 7 
0.1568592106743691 7 10 3 10 
-0.3864375177297320 7 10 4 2 
1.0739924804113654 7 10 4 6 
-0.0349597171538916 7 10 4 9 
0.6110113646838267 7 10 5 1 
-0.1961188252459277 7 10 5 8 
-1.0739924804113654 7 10 6 4 
-0.3339992771860588 7 10 6 11 
0.7594273658422368 7 10 7 3 
-0.0928393010626056 7 10 7 10 
0.1961188252459277 7 10 8 5 
0.0349597171538916 7 10 9 4 
-0.2849105162324437 7 10 9 11 
-0.1568592106743691 7 10 10 3 
0.0928393010626056 7 10 10 7 
0.1668531702522620 7 10 11 2 
0.3339992771860588 7 10 11 6 
0.2849105162324437 7 10 11 9 
-0.4988886901723285 7 11 2 5 
0.6693294146586947 7 11 3 4 
-0.1321389576064887 7 11 3 11 
-0.6693294146586947 7 11 4 3 
-0.6200698476731357 7 11 4 7 
0.2157820141861035 7 11 4 10 
0.4988886901723285 7 11 5 2 
1.3865183301950716 7 11 5 6 
-0.2412516260209757 7 11 5 9 
-1.3865183301950716 7 11 6 5 
0.6200698476731357 7 11 7 4 
-0.2856738736551171 7 11 7 11 
0.2412516260209757 7 11 9 5 
-0.2157820141861035 7 11 10 4 
-0.3289863264835132 7 11 10 11 
0.1321389576064887 7 11 11 3 
0.2856738736551171 7 11 11 7 
0.3289863264835132 7 11 11 10 
0.0258211437782080 7 12 0 15 
-0.1365990020452080 7 12 0 19 
0.1255751624698504 7 12 0 22 
-0.2255784291987675 7 12 1 14 
-0.9634955015873852 7 12 1 18 
0.1881383976023035 7 12 1 21 
0.4165141587506138 7 12 2 13 
-0.2992018867223660 7 12 2 20 
-0.4527664143896516 7 12 3 12 
-0.3934163640552480 7 12 6 13 
-0.3858889122441742 7 12 6 20 
-0.7672032065583494 7 12 7 12 
-0.2512651741230887 7 12 8 14 
-1.7724072424392461 7 12 8 18 
0.1549702521311933 7 12 8 21 
0.2937836968822852 7 12 9 13 
-0.1177606797210764 7 12 9 20 
-0.1981749709677192 7 12 10 12 
0.4527664143896516 7 12 12 3 
0.7672032065583494 7 12 12 7 
0.1981749709677192 7 12 12 10 
-0.4165141587506138 7 12 13 2 
0.3934163640552480 7 12 13 6 
-0.2937836968822852 7 12 13 9 
0.2255784291987675 7 12 14 1 
0.2512651741230887 7 12 14 8 
-0.0258211437782080 7 12 15 0 
0.9634955015873852 7 12 18 1 
1.7724072424392461 7 12 18 8 
0.1365990020452080 7 12 19 0 
0.2992018867223660 7 12 20 2 
0.3858889122441742 7 12 20 6 
0.1177606797210764 7 12 20 9 
-0.1881383976023035 7 12 21 1 
-0.1549702521311933 7 12 21 8 
-0.1255751624698504 7 12 22 0 
0.0326614504519291 7 13 0 16 
0.0972701025886043 7 13 0 23 
-0.2768240773894325 7 13 1 15 
-0.5674872895581380 7 13 1 19 
0.2938512609565039 7 13 1 22 
0.2415167168359020 7 13 2 14 
-1.2187361201370062 7 13 2 18 
0.0062175558171438 7 13 2 21 
0.1060459691448550 7 13 3 13 
-0.4014214546244412 7 13 3 20 
-0.5727092469995737 7 13 4 12 
-0.4976367116786320 7 13 6 14 
-0.2989082661215564 7 13 6 21 
-0.9431443532560172 7 13 7 13 
-0.1725747679082849 7 13 7 20 
-0.3371076058305285 7 13 8 15 
-0.7926446155814209 7 13 8 19 
0.1386096073022519 7 13 8 22 
0.1769810816568857 7 13 9 14 
-1.3729007465329219 7 13 9 18 
0.0288224108527763 7 13 9 21 
0.0645931557962739 7 13 10 13 
-0.1053283539731631 7 13 10 20 
-0.1535056724386228 7 13 11 12 
0.5727092469995737 7 13 12 4 
0.1535056724386228 7 13 12 11 
-0.1060459691448550 7 13 13 3 
0.9431443532560172 7 13 13 7 
-0.0645931557962739 7 13 13 10 
-0.2415167168359020 7 13 14 2 
0.4976367116786320 7 13 14 6 
-0.1769810816568857 7 13 14 9 
0.2768240773894325 7 13 15 1 
0.3371076058305285 7 13 15 8 
-0.0326614504519291 7 13 16 0 
1.2187361201370062 7 13 18 2 
1.3729007465329219 7 13 18 9 
0.5674872895581380 7 13 19 1 
0.7926446155814209 7 13 19 8 
0.4014214546244412 7 13 20 3 
0.1725747679082849 7 13 20 7 
0.1053283539731631 7 13 20 10 
-0.0062175558171438 7 13 21 2 
0.2989082661215564 7 13 21 6 
-0.0288224108527763 7 13 21 9 
-0.2938512609565039 7 13 22 1 
-0.1386096073022519 7 13 22 8 
-0.0972701025886043 7 13 23 0 
0.0258211437782080 7 14 0 17 
-0.2510029336112246 7 14 1 16 
0.2568451805087723 7 14 1 23 
-0.0206569150225663 7 14 2 15 
-0.9983755770710679 7 14 2 19 
0.2982477368372123 7 14 2 22 
0.3622131315117214 7 14 3 14 
-1.2926648625387898 7 14 3 18 
-0.2392247200878556 7 14 3 21 
-0.3467204452447965 7 14 4 13 
-0.4014214546244413 7 14 4 20 
-0.4527664143896516 7 14 5 12 
-0.5278234400930033 7 14 6 15 
-0.2113600619272657 7 14 6 22 
-1.1190854999536850 7 14 7 14 
-0.2113600619272657 7 14 7 21 
-0.3371076058305285 7 14 8 16 
0.0848807028345176 7 14 8 23 
-0.0187186212020476 7 14 9 15 
-0.9707874277695029 7 14 9 19 
0.1052612249986605 7 14 9 22 
0.1897376787775879 7 14 10 14 
-0.9707874277695029 7 14 10 18 
-0.0441196585062318 7 14 10 21 
-0.0818018215212034 7 14 11 13 
-0.0645001806703747 7 14 11 20 
0.4527664143896516 7 14 12 5 
0.3467204452447965 7 14 13 4 
0.0818018215212034 7 14 13 11 
-0.3622131315117213 7 14 14 3 
1.1190854999536850 7 14 14 7 
-0.1897376787775879 7 14 14 10 
0.0206569150225664 7 14 15 2 
0.5278234400930033 7 14 15 6 
0.0187186212020476 7 14 15 9 
0.2510029336112246 7 14 16 1 
0.3371076058305285 7 14 16 8 
-0.0258211437782080 7 14 17 0 
1.2926648625387898 7 14 18 3 
0.9707874277695029 7 14 18 10 
0.9983755770710679 7 14 19 2 
0.9707874277695029 7 14 19 9 
0.4014214546244413 7 14 20 4 
0.0645001806703747 7 14 20 11 
0.2392247200878556 7 14 21 3 
0.2113600619272657 7 14 21 7 
0.0441196585062318 7 14 21 10 
-0.2982477368372123 7 14 22 2 
0.2113600619272657 7 14 22 6 
-0.1052612249986605 7 14 22 9 
-0.2568451805087723 7 14 23 1 
-0.0848807028345176 7 14 23 8 
-0.1678405964538987 7 15 1 17 
-0.2561233615267529 7 15 2 16 
0.4143493696186088 7 15 2 23 
0.3415562164891549 7 15 3 15 
-1.4292638645839979 7 15 3 19 
0.1387645901119753 7 15 3 22 
0.0146066446908509 7 15 4 14 
-1.2187361201370062 7 15 4 18 
-0.4573040139546807 7 15 4 21 
-0.5959023217534861 7 15 5 13 
-0.2992018867223660 7 15 5 20 
-0.4976367116786320 7 15 6 16 
-0.1220287886496429 7 15 6 23 
-1.2950266466513527 7 15 7 15 
-0.2113600619272657 7 15 7 22 
-0.2512651741230887 7 15 8 17 
-0.2122772522873660 7 15 9 16 
0.1097784932187198 7 15 9 23 
0.1772585979762229 7 15 10 15 
-0.9707874277695027 7 15 10 19 
0.0407610443282858 7 15 10 22 
0.0324216029695824 7 15 11 14 
-0.5604843827486268 7 15 11 18 
-0.0627116933879477 7 15 11 21 
0.5959023217534861 7 15 13 5 
-0.0146066446908509 7 15 14 4 
-0.0324216029695824 7 15 14 11 
-0.3415562164891549 7 15 15 3 
1.2950266466513527 7 15 15 7 
-0.1772585979762229 7 15 15 10 
0.2561233615267529 7 15 16 2 
0.4976367116786320 7 15 16 6 
0.2122772522873660 7 15 16 9 
0.1678405964538987 7 15 17 1 
0.2512651741230887 7 15 17 8 
1.2187361201370062 7 15 18 4 
0.5604843827486268 7 15 18 11 
1.4292638645839979 7 15 19 3 
0.9707874277695027 7 15 19 10 
0.2992018867223660 7 15 20 5 
0.4573040139546807 7 15 21 4 
0.0627116933879477 7 15 21 11 
-0.1387645901119753 7 15 22 3 
0.2113600619272657 7 15 22 7 
-0.0407610443282858 7 15 22 10 
-0.4143493696186088 7 15 23 2 
0.1220287886496429 7 15 23 6 
-0.1097784932187198 7 15 23 9 
-0.3703238925547188 7 16 2 17 
0.0698963678553639 7 16 3 16 
0.5244594835917331 7 16 3 23 
0.3570489027560796 7 16 4 15 
-1.8601521520969277 7 16 4 19 
-0.1845981792192072 7 16 4 22 
-0.5843547552045125 7 16 5 14 
-0.9634955015873852 7 16 5 18 
-0.5447535549455064 7 16 5 21 
-0.3934163640552480 7 16 6 17 
-1.4709677933490206 7 16 7 16 
-0.1725747679082849 7 16 7 23 
-0.3216877698508500 7 16 9 17 
0.0271559133921788 7 16 10 16 
0.1025860569802148 7 16 10 23 
0.1429365823658156 7 16 11 15 
-0.7926446155814209 7 16 11 19 
-0.0193829236574928 7 16 11 22 
0.5843547552045125 7 16 14 5 
-0.3570489027560796 7 16 15 4 
-0.1429365823658156 7 16 15 11 
-0.0698963678553639 7 16 16 3 
1.4709677933490206 7 16 16 7 
-0.0271559133921788 7 16 16 10 
0.3703238925547188 7 16 17 2 
0.3934163640552480 7 16 17 6 
0.3216877698508500 7 16 17 9 
0.9634955015873852 7 16 18 5 
1.8601521520969277 7 16 19 4 
0.7926446155814209 7 16 19 11 
0.5447535549455064 7 16 21 5 
0.1845981792192072 7 16 22 4 
0.0193829236574928 7 16 22 11 
-0.5244594835917331 7 16 23 3 
0.1725747679082849 7 16 23 7 
-0.1025860569802148 7 16 23 10 
-0.4269452706114438 7 17 3 17 
0.5400477965476448 7 17 4 16 
0.5204054686789930 7 17 4 23 
-0.4269452706114438 7 17 5 15 
-2.2910404396098594 7 17 5 19 
-0.6718405711563350 7 17 5 22 
-1.6469089400466894 7 17 7 17 
-0.2605703749745444 7 17 10 17 
0.2018369445582865 7 17 11 16 
0.0644488699422356 7 17 11 23 
0.4269452706114438 7 17 15 5 
-0.5400477965476448 7 17 16 4 
-0.2018369445582865 7 17 16 11 
0.4269452706114438 7 17 17 3 
1.6469089400466894 7 17 17 7 
0.2605703749745444 7 17 17 10 
2.2910404396098594 7 17 19 5 
0.6718405711563350 7 17 22 5 
-0.5204054686789930 7 17 23 4 
-0.0644488699422356 7 17 23 11 
0.2114454892731366 7 18 0 17 
-0.2964980462545359 7 18 1 16 
0.4258434310867295 7 18 1 23 
0.3815506032359352 7 18 2 15 
-0.5215495582392696 7 18 2 22 
-0.4666031602173346 7 18 3 14 
0.5215495582392696 7 18 3 21 
0.5516557171987340 7 18 4 13 
-0.4258434310867295 7 18 4 20 
-0.6367082741801332 7 18 5 12 
-0.9500492370402543 7 18 6 19 
0.3062985807533624 7 18 6 22 
-2.5425351385330019 7 18 7 18 
-0.3062985807533624 7 18 7 21 
-0.4258434310867295 7 18 8 16 
0.4081898005994323 7 18 8 23 
0.5215495582392696 7 18 9 15 
-0.3062985807533624 7 18 9 19 
-0.3613236077458476 7 18 9 22 
-0.5215495582392696 7 18 10 14 
0.3062985807533624 7 18 10 18 
0.3144574148922629 7 18 10 21 
0.4258434310867295 7 18 11 13 
-0.2675912220386783 7 18 11 20 
0.6367082741801332 7 18 12 5 
-0.5516557171987340 7 18 13 4 
-0.4258434310867295 7 18 13 11 
0.4666031602173346 7 18 14 3 
0.5215495582392696 7 18 14 10 
-0.3815506032359352 7 18 15 2 
-0.5215495582392696 7 18 15 9 
0.2964980462545359 7 18 16 1 
0.4258434310867295 7 18 16 8 
-0.2114454892731366 7 18 17 0 
2.5425351385330019 7 18 18 7 
-0.3062985807533624 7 18 18 10 
0.9500492370402543 7 18 19 6 
0.3062985807533624 7 18 19 9 
0.4258434310867295 7 18 20 4 
0.2675912220386783 7 18 20 11 
-0.5215495582392696 7 18 21 3 
0.3062985807533624 7 18 21 7 
-0.3144574148922629 7 18 21 10 
0.5215495582392696 7 18 22 2 
-0.3062985807533624 7 18 22 6 
0.3613236077458476 7 18 22 9 
-0.4258434310867295 7 18 23 1 
-0.4081898005994323 7 18 23 8 
-0.1901832990705832 7 19 1 17 
0.2405649591952107 7 19 2 16 
0.3011167778451727 7 19 2 23 
-0.2551576709441980 7 19 3 15 
-0.5215495582392695 7 19 3 22 
0.2405649591952107 7 19 4 14 
0.7375824587116714 7 19 4 21 
-0.1901832990705832 7 19 5 13 
-0.9522148596816742 7 19 5 20 
0.5305247041510623 7 19 6 23 
-3.4925843755732555 7 19 7 19 
-0.3062985807533624 7 19 7 22 
-0.9522148596816742 7 19 8 17 
0.7375824587116714 7 19 9 16 
0.0811746271797301 7 19 9 23 
-0.5215495582392695 7 19 10 15 
-0.3062985807533624 7 19 10 19 
-0.0937323857071693 7 19 10 22 
0.3011167778451727 7 19 11 14 
0.5305247041510623 7 19 11 18 
0.0811746271797301 7 19 11 21 
0.1901832990705832 7 19 13 5 
-0.2405649591952107 7 19 14 4 
-0.3011167778451727 7 19 14 11 
0.2551576709441980 7 19 15 3 
0.5215495582392695 7 19 15 10 
-0.2405649591952107 7 19 16 2 
-0.7375824587116714 7 19 16 9 
0.1901832990705832 7 19 17 1 
0.9522148596816742 7 19 17 8 
-0.5305247041510623 7 19 18 11 
3.4925843755732555 7 19 19 7 
0.3062985807533624 7 19 19 10 
0.9522148596816742 7 19 20 5 
-0.7375824587116714 7 19 21 4 
-0.0811746271797301 7 19 21 11 
0.5215495582392695 7 19 22 3 
0.3062985807533624 7 19 22 7 
0.0937323857071693 7 19 22 10 
-0.3011167778451727 7 19 23 2 
-0.5305247041510623 7 19 23 6 
-0.0811746271797301 7 19 23 9 
-0.1704560299409540 7 20 0 16 
0.3665443904097092 7 20 0 23 
0.1040568157661927 7 20 1 15 
-0.7926446155814209 7 20 1 19 
-0.4022177051675007 7 20 1 22 
0.0079529219027653 7 20 2 14 
0.5604843827486268 7 20 2 18 
0.3680571027200843 7 20 2 21 
-0.1190529891200389 7 20 3 13 
-0.2607910441362586 7 20 3 20 
0.1823115459371740 7 20 4 12 
0.1220287886496429 7 20 6 14 
-0.5305247041510623 7 20 6 18 
0.2805887482415109 7 20 6 21 
-0.1725747679082849 7 20 7 13 
-1.4999761517016623 7 20 7 20 
-0.1533723395976503 7 20 8 15 
-1.7928059958240796 7 20 8 19 
-0.3504673069412279 7 20 8 22 
0.2582929115205280 7 20 9 14 
0.6145880254275697 7 20 9 18 
0.3097146159318809 7 20 9 21 
-0.3548787044032263 7 20 10 13 
-0.1859741436994712 7 20 10 20 
0.4447166944399762 7 20 11 12 
-0.1823115459371740 7 20 12 4 
-0.4447166944399762 7 20 12 11 
0.1190529891200389 7 20 13 3 
0.1725747679082849 7 20 13 7 
0.3548787044032263 7 20 13 10 
-0.0079529219027653 7 20 14 2 
-0.1220287886496429 7 20 14 6 
-0.2582929115205280 7 20 14 9 
-0.1040568157661927 7 20 15 1 
0.1533723395976503 7 20 15 8 
0.1704560299409540 7 20 16 0 
-0.5604843827486268 7 20 18 2 
0.5305247041510623 7 20 18 6 
-0.6145880254275697 7 20 18 9 
0.7926446155814209 7 20 19 1 
1.7928059958240796 7 20 19 8 
0.2607910441362586 7 20 20 3 
1.4999761517016623 7 20 20 7 
0.1859741436994712 7 20 20 10 
-0.3680571027200843 7 20 21 2 
-0.2805887482415109 7 20 21 6 
-0.3097146159318809 7 20 21 9 
0.4022177051675007 7 20 22 1 
0.3504673069412279 7 20 22 8 
-0.3665443904097092 7 20 23 0 
-0.2200577884073159 7 21 0 17 
-0.0501337198166706 7 21 1 16 
0.0709890680666838 7 21 1 23 
0.1836989333948620 7 21 2 15 
-0.9707874277695029 7 21 2 19 
-0.2318230274505322 7 21 2 22 
-0.1806378523272583 7 21 3 14 
0.9707874277695029 7 21 3 18 
0.3767025578615247 7 21 3 21 
0.0409504766138594 7 21 4 13 
-0.4258699917476537 7 21 4 20 
0.2353631937453345 7 21 5 12 
0.2113600619272657 7 21 6 15 
-0.3062985807533624 7 21 6 19 
0.3239959786576329 7 21 6 22 
-0.2113600619272657 7 21 7 14 
-0.3062985807533624 7 21 7 18 
-1.3379781623728459 7 21 7 21 
-0.2504559817807351 7 21 8 16 
-0.3504673069412279 7 21 8 23 
0.2940041063907969 7 21 9 15 
-1.4379734339027521 7 21 9 19 
0.0071603268192382 7 21 9 22 
-0.2812635335862929 7 21 10 14 
0.7096651238426560 7 21 10 18 
0.1716534900609948 7 21 10 21 
0.2192480793789206 7 21 11 13 
-0.1859741436994712 7 21 11 20 
-0.2353631937453345 7 21 12 5 
-0.0409504766138594 7 21 13 4 
-0.2192480793789206 7 21 13 11 
0.1806378523272583 7 21 14 3 
0.2113600619272657 7 21 14 7 
0.2812635335862929 7 21 14 10 
-0.1836989333948621 7 21 15 2 
-0.2113600619272657 7 21 15 6 
-0.2940041063907969 7 21 15 9 
0.0501337198166706 7 21 16 1 
0.2504559817807351 7 21 16 8 
0.2200577884073159 7 21 17 0 
-0.9707874277695029 7 21 18 3 
0.3062985807533624 7 21 18 7 
-0.7096651238426560 7 21 18 10 
0.9707874277695029 7 21 19 2 
0.3062985807533624 7 21 19 6 
1.4379734339027521 7 21 19 9 
0.4258699917476537 7 21 20 4 
0.1859741436994712 7 21 20 11 
-0.3767025578615247 7 21 21 3 
1.3379781623728459 7 21 21 7 
-0.1716534900609948 7 21 21 10 
0.2318230274505322 7 21 22 2 
-0.3239959786576329 7 21 22 6 
-0.0071603268192382 7 21 22 9 
-0.0709890680666838 7 21 23 1 
0.3504673069412279 7 21 23 8 
-0.3020832896660136 7 22 1 17 
0.1888897365035373 7 22 2 16 
-0.1003709281142469 7 22 2 23 
0.0045916216014056 7 22 3 15 
-0.9707874277695027 7 22 3 19 
0.0289680166857266 7 22 3 22 
-0.1975477812261947 7 22 4 14 
1.3729007465329219 7 22 4 18 
0.1639236347454664 7 22 4 21 
0.3089280750178132 7 22 5 13 
-0.4761371255625140 7 22 5 20 
0.2989082661215564 7 22 6 16 
0.2805887482415109 7 22 6 23 
-0.2113600619272657 7 22 7 15 
-0.3062985807533624 7 22 7 19 
-1.1759801730440294 7 22 7 22 
-0.2800183003165863 7 22 8 17 
0.1988833518993580 7 22 9 16 
-0.2973125660821624 7 22 9 23 
-0.1278911939886425 7 22 10 15 
-1.0831408719814239 7 22 10 19 
0.1788138168802330 7 22 10 22 
0.0664822421380151 7 22 11 14 
0.6145880254275697 7 22 11 18 
-0.0124020498497186 7 22 11 21 
-0.3089280750178132 7 22 13 5 
0.1975477812261947 7 22 14 4 
-0.0664822421380151 7 22 14 11 
-0.0045916216014056 7 22 15 3 
0.2113600619272657 7 22 15 7 
0.1278911939886425 7 22 15 10 
-0.1888897365035373 7 22 16 2 
-0.2989082661215564 7 22 16 6 
-0.1988833518993580 7 22 16 9 
0.3020832896660136 7 22 17 1 
0.2800183003165863 7 22 17 8 
-1.3729007465329219 7 22 18 4 
-0.6145880254275697 7 22 18 11 
0.9707874277695027 7 22 19 3 
0.3062985807533624 7 22 19 7 
1.0831408719814239 7 22 19 10 
0.4761371255625140 7 22 20 5 
-0.1639236347454664 7 22 21 4 
0.0124020498497186 7 22 21 11 
-0.0289680166857266 7 22 22 3 
1.1759801730440294 7 22 22 7 
-0.1788138168802330 7 22 22 10 
0.1003709281142469 7 22 23 2 
-0.2805887482415109 7 22 23 6 
0.2973125660821624 7 22 23 9 
-0.2494443450861643 7 23 2 17 
0.3346647073293474 7 23 3 16 
-0.1448795304109926 7 23 3 23 
-0.3346647073293474 7 23 4 15 
-0.7926446155814209 7 23 4 19 
0.2365872824539799 7 23 4 22 
0.2494443450861643 7 23 5 14 
1.7724072424392461 7 23 5 18 
-0.2645126230895212 7 23 5 21 
0.3858889122441742 7 23 6 17 
-0.1725747679082849 7 23 7 16 
-1.0139821837152130 7 23 7 23 
-0.0232609970685455 7 23 9 17 
0.0208052682678764 7 23 10 16 
-0.1644931632417566 7 23 10 23 
-0.0127405728045039 7 23 11 15 
-0.7283083100600960 7 23 11 19 
0.1644931632417566 7 23 11 22 
-0.2494443450861643 7 23 14 5 
0.3346647073293474 7 23 15 4 
0.0127405728045039 7 23 15 11 
-0.3346647073293474 7 23 16 3 
0.1725747679082849 7 23 16 7 
-0.0208052682678764 7 23 16 10 
0.2494443450861643 7 23 17 2 
-0.3858889122441742 7 23 17 6 
0.0232609970685455 7 23 17 9 
-1.7724072424392461 7 23 18 5 
0.7926446155814209 7 23 19 4 
0.7283083100600960 7 23 19 11 
0.2645126230895212 7 23 21 5 
-0.2365872824539799 7 23 22 4 
-0.1644931632417566 7 23 22 11 
0.1448795304109926 7 23 23 3 
1.0139821837152130 7 23 23 7 
0.1644931632417566 7 23 23 10 
1.2569085495788257 8 0 0 1 
1.3602934913300846 8 0 0 8 
-1.2569085495788257 8 0 1 0 
-1.3602934913300846 8 0 8 0 
0.9936734568019402 8 1 0 2 
-0.3185685241207064 8 1 0 6 
1.0083138031928069 8 1 0 9 
0.5792569778267241 8 1 1 8 
-0.9936734568019402 8 1 2 0 
0.3185685241207064 8 1 6 0 
-0.5792569778267241 8 1 8 1 
-1.0083138031928069 8 1 9 0 
0.6477068057111962 8 2 0 3 
-0.0479367125992773 8 2 0 7 
0.6337976578491176 8 2 0 10 
0.3879186813431354 8 2 1 2 
-0.3815229012259175 8 2 1 6 
0.7085414269380993 8 2 1 9 
-0.3879186813431354 8 2 2 1 
0.1453657384212662 8 2 2 8 
-0.6477068057111962 8 2 3 0 
0.3815229012259175 8 2 6 1 
0.1321389576064887 8 2 6 8 
0.0479367125992773 8 2 7 0 
-0.1453657384212662 8 2 8 2 
-0.1321389576064887 8 2 8 6 
0.1790797831068815 8 2 8 9 
-0.7085414269380993 8 2 9 1 
-0.1790797831068815 8 2 9 8 
-0.6337976578491176 8 2 10 0 
0.3803201668152534 8 3 0 4 
0.3950554632758306 8 3 0 11 
0.3879186813431356 8 3 1 3 
-0.0643138487939128 8 3 1 7 
0.5443201421393585 8 3 1 10 
-0.3819277666490264 8 3 2 6 
0.3666292079661183 8 3 2 9 
-0.3879186813431356 8 3 3 1 
-0.0663077334907516 8 3 3 8 
-0.3803201668152534 8 3 4 0 
0.3819277666490264 8 3 6 2 
0.1668531702522620 8 3 6 9 
0.0643138487939128 8 3 7 1 
0.1074187045386083 8 3 7 8 
0.0663077334907516 8 3 8 3 
-0.1074187045386083 8 3 8 7 
0.2686196746603222 8 3 8 10 
-0.3666292079661183 8 3 9 2 
-0.1668531702522620 8 3 9 6 
-0.5443201421393585 8 3 10 1 
-0.2686196746603222 8 3 10 8 
-0.3950554632758306 8 3 11 0 
0.1914078974806580 8 4 0 5 
0.2896632894118968 8 4 1 4 
0.4997100264178517 8 4 1 11 
0.0982553919312388 8 4 2 3 
-0.0643138487939128 8 4 2 7 
0.2383114961202490 8 4 2 10 
-0.0982553919312388 8 4 3 2 
-0.3386470020299757 8 4 3 6 
0.1867870014316945 8 4 3 9 
-0.2896632894118968 8 4 4 1 
-0.1806909445137923 8 4 4 8 
-0.1914078974806580 8 4 5 0 
0.3386470020299757 8 4 6 3 
0.1482590113122367 8 4 6 10 
0.0643138487939128 8 4 7 2 
0.1754140099669186 8 4 7 9 
0.1806909445137923 8 4 8 4 
0.2193270459300712 8 4 8 11 
-0.1867870014316945 8 4 9 3 
-0.1754140099669186 8 4 9 7 
0.2193270459300712 8 4 9 10 
-0.2383114961202490 8 4 10 2 
-0.1482590113122367 8 4 10 6 
-0.2193270459300712 8 4 10 9 
-0.4997100264178517 8 4 11 1 
-0.2193270459300712 8 4 11 8 
0.1914078974806580 8 5 1 5 
0.0776777077238112 8 5 2 4 
0.3950554632758306 8 5 2 11 
-0.0479367125992772 8 5 3 7 
-0.0504584763522818 8 5 3 10 
-0.0776777077238112 8 5 4 2 
-0.2507757750272271 8 5 4 6 
0.1833476212563612 8 5 4 9 
-0.1914078974806580 8 5 5 1 
-0.3227114012523185 8 5 5 8 
0.2507757750272271 8 5 6 4 
0.0781723040302670 8 5 6 11 
0.0479367125992772 8 5 7 3 
0.1961188252459277 8 5 7 10 
0.3227114012523185 8 5 8 5 
-0.1833476212563612 8 5 9 4 
0.2831499987533450 8 5 9 11 
0.0504584763522818 8 5 10 3 
-0.1961188252459277 8 5 10 7 
-0.3950554632758306 8 5 11 2 
-0.0781723040302670 8 5 11 6 
-0.2831499987533450 8 5 11 9 
0.4988886901723285 8 6 0 3 
1.3865183301950716 8 6 0 7 
0.2412516260209757 8 6 0 10 
-0.6693294146586947 8 6 1 2 
-0.6200698476731357 8 6 1 6 
-0.2157820141861035 8 6 1 9 
0.6693294146586947 8 6 2 1 
0.1321389576064887 8 6 2 8 
-0.4988886901723285 8 6 3 0 
0.6200698476731357 8 6 6 1 
0.2856738736551171 8 6 6 8 
-1.3865183301950716 8 6 7 0 
-0.1321389576064887 8 6 8 2 
-0.2856738736551171 8 6 8 6 
0.3289863264835132 8 6 8 9 
0.2157820141861035 8 6 9 1 
-0.3289863264835132 8 6 9 8 
-0.2412516260209757 8 6 10 0 
0.3527675758781280 8 7 0 4 
0.0781723040302670 8 7 0 11 
-0.2231098048862315 8 7 1 3 
0.6200698476731357 8 7 1 7 
0.0473390007642743 8 7 1 10 
-0.4384555940989839 8 7 2 6 
-0.1097641911995563 8 7 2 9 
0.2231098048862315 8 7 3 1 
0.1074187045386083 8 7 3 8 
-0.3527675758781280 8 7 4 0 
0.4384555940989839 8 7 6 2 
0.3339992771860588 8 7 6 9 
-0.6200698476731357 8 7 7 1 
-0.2928298441224172 8 7 7 8 
-0.1074187045386083 8 7 8 3 
0.2928298441224172 8 7 8 7 
0.1644931632417566 8 7 8 10 
0.1097641911995563 8 7 9 2 
-0.3339992771860588 8 7 9 6 
-0.0473390007642743 8 7 10 1 
-0.1644931632417566 8 7 10 8 
-0.0781723040302670 8 7 11 0 
-0.6857609369648281 8 9 0 3 
-0.2727309318522697 8 9 0 7 
-0.3269534560025719 8 9 0 10 
0.9200448428203825 8 9 1 2 
0.1219689806377075 8 9 1 6 
0.2924360612400950 8 9 1 9 
-0.9200448428203825 8 9 2 1 
-0.1790797831068815 8 9 2 8 
0.6857609369648281 8 9 3 0 
-0.1219689806377075 8 9 6 1 
-0.3289863264835132 8 9 6 8 
0.2727309318522697 8 9 7 0 
0.1790797831068815 8 9 8 2 
0.3289863264835132 8 9 8 6 
-0.0917094109888214 8 9 8 9 
-0.2924360612400950 8 9 9 1 
0.0917094109888214 8 9 9 8 
0.3269534560025719 8 9 10 0 
-0.9698124176013411 8 10 0 4 
-0.2831499987533450 8 10 0 11 
0.6133632285469216 8 10 1 3 
-0.2439379612754150 8 10 1 7 
-0.0731090153100238 8 10 1 10 
0.1724901866066674 8 10 2 6 
0.2584794024579445 8 10 2 9 
-0.6133632285469216 8 10 3 1 
-0.2686196746603222 8 10 3 8 
0.9698124176013411 8 10 4 0 
-0.1724901866066674 8 10 6 2 
-0.2849105162324437 8 10 6 9 
0.2439379612754150 8 10 7 1 
-0.1644931632417566 8 10 7 8 
0.2686196746603222 8 10 8 3 
0.1644931632417566 8 10 8 7 
-0.0917094109888214 8 10 8 10 
-0.2584794024579445 8 10 9 2 
0.2849105162324437 8 10 9 6 
0.0731090153100238 8 10 10 1 
0.0917094109888214 8 10 10 8 
0.2831499987533450 8 10 11 0 
-1.8186010832479886 8 11 0 5 
1.0673876147849592 8 11 1 4 
-0.2193270459300712 8 11 1 11 
-0.6917808805534447 8 11 2 3 
-0.1493808835048923 8 11 2 7 
0.0895398915534407 8 11 2 10 
0.6917808805534446 8 11 3 2 
0.1493808835048923 8 11 3 6 
0.0895398915534407 8 11 3 9 
-1.0673876147849592 8 11 4 1 
-0.2193270459300712 8 11 4 8 
1.8186010832479886 8 11 5 0 
-0.1493808835048923 8 11 6 3 
-0.6757810226381105 8 11 6 7 
-0.1644931632417566 8 11 6 10 
0.1493808835048923 8 11 7 2 
0.6757810226381105 8 11 7 6 
-0.1644931632417566 8 11 7 9 
0.2193270459300712 8 11 8 4 
-0.9399743838823444 8 11 8 11 
-0.0895398915534407 8 11 9 3 
0.1644931632417566 8 11 9 7 
0.8482649728935232 8 11 9 10 
-0.0895398915534407 8 11 10 2 
0.1644931632417566 8 11 10 6 
-0.8482649728935232 8 11 10 9 
0.2193270459300712 8 11 11 1 
0.9399743838823444 8 11 11 8 
0.6284542747894130 8 12 0 13 
-1.4943737800858157 8 12 0 20 
-0.6284542747894130 8 12 1 12 
-2.8546672714159005 8 12 8 12 
0.6284542747894130 8 12 12 1 
2.8546672714159005 8 12 12 8 
-0.6284542747894130 8 12 13 0 
1.4943737800858157 8 12 20 0 
0.0004114220937582 8 13 0 14 
-0.5204054686789930 8 13 0 18 
-0.2722492852427233 8 13 0 21 
0.6279338624310166 8 13 1 13 
-1.2834903905334276 8 13 1 20 
-0.9932620347081823 8 13 2 12 
-0.2018369445582865 8 13 6 12 
-1.8627473683601516 8 13 8 13 
-0.5830309648145314 8 13 8 20 
-1.2805630884355304 8 13 9 12 
0.9932620347081823 8 13 12 2 
0.2018369445582865 8 13 12 6 
1.2805630884355304 8 13 12 9 
-0.6279338624310166 8 13 13 1 
1.8627473683601516 8 13 13 8 
-0.0004114220937582 8 13 14 0 
0.5204054686789930 8 13 18 0 
1.2834903905334276 8 13 20 1 
0.5830309648145314 8 13 20 8 
0.2722492852427233 8 13 21 0 
-0.3781979980292788 8 14 0 15 
-0.2992018867223660 8 14 0 19 
-0.3651034777795880 8 14 0 22 
0.5079262718870760 8 14 1 14 
-0.5244594835917331 8 14 1 18 
-0.0178126550332519 8 14 1 21 
0.1200075905439405 8 14 2 13 
-1.2725824115845057 8 14 2 20 
-1.0259048037404752 8 14 3 12 
-0.1429365823658156 8 14 6 13 
-0.0127405728045039 8 14 6 20 
-0.2512651741230887 8 14 7 12 
-1.4179481500057716 8 14 8 14 
-0.1448795304109926 8 14 8 18 
-0.3865028977926174 8 14 8 21 
-0.7263540819713513 8 14 9 13 
-0.5655826808994989 8 14 9 20 
-0.9989011356287055 8 14 10 12 
1.0259048037404752 8 14 12 3 
0.2512651741230887 8 14 12 7 
0.9989011356287055 8 14 12 10 
-0.1200075905439405 8 14 13 2 
0.1429365823658156 8 14 13 6 
0.7263540819713513 8 14 13 9 
-0.5079262718870760 8 14 14 1 
1.4179481500057716 8 14 14 8 
0.3781979980292788 8 14 15 0 
0.5244594835917331 8 14 18 1 
0.1448795304109926 8 14 18 8 
0.2992018867223660 8 14 19 0 
1.2725824115845057 8 14 20 2 
0.0127405728045039 8 14 20 6 
0.5655826808994989 8 14 20 9 
0.0178126550332519 8 14 21 1 
0.3865028977926174 8 14 21 8 
0.3651034777795880 8 14 22 0 
-0.6024216873085493 8 15 0 16 
-0.0143362356815123 8 15 0 23 
0.2546039979820268 8 15 1 15 
-0.4014214546244412 8 15 1 19 
-0.4787329166736851 8 15 1 22 
0.2686888465557844 8 15 2 14 
-0.4143493696186088 8 15 2 18 
0.3196221180097535 8 15 2 21 
-0.1333146833611087 8 15 3 13 
-1.4571163274563954 8 15 3 20 
-0.9827418541238025 8 15 4 12 
-0.0324216029695824 8 15 6 14 
-0.3011167778451727 8 15 6 18 
0.0664822421380151 8 15 6 21 
-0.3371076058305285 8 15 7 13 
-0.1533723395976503 8 15 7 20 
-1.3908085939656438 8 15 8 15 
-0.2607910441362586 8 15 8 19 
-0.1669883609540267 8 15 8 22 
-0.0470070899563649 8 15 9 14 
-0.1003709281142469 8 15 9 18 
-0.4766211059527310 8 15 9 21 
-1.0230530588130438 8 15 10 13 
-0.4356080356143490 8 15 10 20 
-0.4093916989573429 8 15 11 12 
0.9827418541238025 8 15 12 4 
0.4093916989573429 8 15 12 11 
0.1333146833611087 8 15 13 3 
0.3371076058305285 8 15 13 7 
1.0230530588130438 8 15 13 10 
-0.2686888465557844 8 15 14 2 
0.0324216029695824 8 15 14 6 
0.0470070899563649 8 15 14 9 
-0.2546039979820268 8 15 15 1 
1.3908085939656438 8 15 15 8 
0.6024216873085493 8 15 16 0 
0.4143493696186088 8 15 18 2 
0.3011167778451727 8 15 18 6 
0.1003709281142469 8 15 18 9 
0.4014214546244412 8 15 19 1 
0.2607910441362586 8 15 19 8 
1.4571163274563954 8 15 20 3 
0.1533723395976503 8 15 20 7 
0.4356080356143490 8 15 20 10 
-0.3196221180097535 8 15 21 2 
-0.0664822421380151 8 15 21 6 
0.4766211059527310 8 15 21 9 
0.4787329166736851 8 15 22 1 
0.1669883609540267 8 15 22 8 
0.0143362356815123 8 15 23 0 
-0.8408250225745892 8 16 0 17 
0.0788151650638827 8 16 1 16 
-0.0181340631306221 8 16 1 23 
0.1757888329181440 8 16 2 15 
-0.4014214546244413 8 16 2 19 
-0.4676281162653249 8 16 2 22 
0.0775334409869052 8 16 3 14 
-0.2568451805087723 8 16 3 18 
0.6130947002594213 8 16 3 21 
-0.2108481243480141 8 16 4 13 
-1.8325586223664405 8 16 4 20 
-1.0322329200552471 8 16 5 12 
0.0818018215212034 8 16 6 15 
-0.4258434310867295 8 16 6 19 
0.2192480793789206 8 16 6 22 
-0.3371076058305285 8 16 7 14 
-0.4258434310867295 8 16 7 18 
-0.2504559817807351 8 16 7 21 
-1.6518676778526482 8 16 8 16 
-0.0453323584366032 8 16 8 23 
0.4263076988277269 8 16 9 15 
-0.4258699917476537 8 16 9 19 
-0.2273584931107725 8 16 9 22 
-0.7059396123855739 8 16 10 14 
0.0709890680666838 8 16 10 18 
-0.4466855390408437 8 16 10 21 
-0.5178440895484738 8 16 11 13 
-0.2646594043666745 8 16 11 20 
1.0322329200552471 8 16 12 5 
0.2108481243480141 8 16 13 4 
0.5178440895484738 8 16 13 11 
-0.0775334409869052 8 16 14 3 
0.3371076058305285 8 16 14 7 
0.7059396123855739 8 16 14 10 
-0.1757888329181440 8 16 15 2 
-0.0818018215212034 8 16 15 6 
-0.4263076988277269 8 16 15 9 
-0.0788151650638827 8 16 16 1 
1.6518676778526482 8 16 16 8 
0.8408250225745892 8 16 17 0 
0.2568451805087723 8 16 18 3 
0.4258434310867295 8 16 18 7 
-0.0709890680666838 8 16 18 10 
0.4014214546244413 8 16 19 2 
0.4258434310867295 8 16 19 6 
0.4258699917476537 8 16 19 9 
1.8325586223664405 8 16 20 4 
0.2646594043666745 8 16 20 11 
-0.6130947002594213 8 16 21 3 
0.2504559817807351 8 16 21 7 
0.4466855390408437 8 16 21 10 
0.4676281162653249 8 16 22 2 
-0.2192480793789206 8 16 22 6 
0.2273584931107725 8 16 22 9 
0.0181340631306221 8 16 23 1 
0.0453323584366032 8 16 23 8 
-0.8408250225745891 8 17 1 17 
0.7270394051905491 8 17 2 16 
-0.0143362356815123 8 17 2 23 
-0.5544340647699876 8 17 3 15 
-0.2992018867223660 8 17 3 19 
-0.3402723891899268 8 17 3 22 
0.6493616974667379 8 17 4 14 
-0.0972701025886043 8 17 4 18 
0.7253028323962445 8 17 4 21 
-1.0322329200552471 8 17 5 13 
-2.3943757805319845 8 17 5 20 
0.1535056724386228 8 17 6 16 
0.4447166944399762 8 17 6 23 
-0.2512651741230887 8 17 7 15 
-0.9522148596816742 8 17 7 19 
-0.2800183003165863 8 17 7 22 
-2.0716643792796665 8 17 8 17 
0.5419552111398834 8 17 9 16 
-0.0585238230897564 8 17 9 23 
-0.2898139128376450 8 17 10 15 
-0.4761371255625140 8 17 10 19 
-0.2035114054064869 8 17 10 22 
-0.4093916989573429 8 17 11 14 
0.3665443904097092 8 17 11 18 
-0.3416738218431014 8 17 11 21 
1.0322329200552471 8 17 13 5 
-0.6493616974667379 8 17 14 4 
0.4093916989573429 8 17 14 11 
0.5544340647699876 8 17 15 3 
0.2512651741230887 8 17 15 7 
0.2898139128376450 8 17 15 10 
-0.7270394051905491 8 17 16 2 
-0.1535056724386228 8 17 16 6 
-0.5419552111398834 8 17 16 9 
0.8408250225745891 8 17 17 1 
2.0716643792796665 8 17 17 8 
0.0972701025886043 8 17 18 4 
-0.3665443904097092 8 17 18 11 
0.2992018867223660 8 17 19 3 
0.9522148596816742 8 17 19 7 
0.4761371255625140 8 17 19 10 
2.3943757805319845 8 17 20 5 
-0.7253028323962445 8 17 21 4 
0.3416738218431014 8 17 21 11 
0.3402723891899268 8 17 22 3 
0.2800183003165863 8 17 22 7 
0.2035114054064869 8 17 22 10 
0.0143362356815123 8 17 23 2 
-0.4447166944399762 8 17 23 6 
0.0585238230897564 8 17 23 9 
0.2494443450861643 8 18 0 15 
-0.3858889122441742 8 18 0 19 
-0.0232609970685455 8 18 0 22 
-0.3346647073293474 8 18 1 14 
0.1725747679082849 8 18 1 18 
0.0208052682678764 8 18 1 21 
0.3346647073293474 8 18 2 13 
-0.0127405728045039 8 18 2 20 
-0.2494443450861643 8 18 3 12 
0.7926446155814209 8 18 6 13 
-0.7283083100600960 8 18 6 20 
-1.7724072424392461 8 18 7 12 
-0.1448795304109926 8 18 8 14 
-1.0139821837152130 8 18 8 18 
0.1644931632417566 8 18 8 21 
0.2365872824539799 8 18 9 13 
-0.1644931632417566 8 18 9 20 
-0.2645126230895212 8 18 10 12 
0.2494443450861643 8 18 12 3 
1.7724072424392461 8 18 12 7 
0.2645126230895212 8 18 12 10 
-0.3346647073293474 8 18 13 2 
-0.7926446155814209 8 18 13 6 
-0.2365872824539799 8 18 13 9 
0.3346647073293474 8 18 14 1 
0.1448795304109926 8 18 14 8 
-0.2494443450861643 8 18 15 0 
-0.1725747679082849 8 18 18 1 
1.0139821837152130 8 18 18 8 
0.3858889122441742 8 18 19 0 
0.0127405728045039 8 18 20 2 
0.7283083100600960 8 18 20 6 
0.1644931632417566 8 18 20 9 
-0.0208052682678764 8 18 21 1 
-0.1644931632417566 8 18 21 8 
0.0232609970685455 8 18 22 0 
0.1823115459371740 8 19 0 16 
0.4447166944399762 8 19 0 23 
-0.1190529891200389 8 19 1 15 
-0.1725747679082849 8 19 1 19 
-0.3548787044032263 8 19 1 22 
0.0079529219027653 8 19 2 14 
0.1220287886496429 8 19 2 18 
0.2582929115205280 8 19 2 21 
0.1040568157661927 8 19 3 13 
-0.1533723395976503 8 19 3 20 
-0.1704560299409540 8 19 4 12 
0.5604843827486268 8 19 6 14 
-0.5305247041510623 8 19 6 18 
0.6145880254275697 8 19 6 21 
-0.7926446155814209 8 19 7 13 
-1.7928059958240796 8 19 7 20 
-0.2607910441362586 8 19 8 15 
-1.4999761517016623 8 19 8 19 
-0.1859741436994712 8 19 8 22 
0.3680571027200843 8 19 9 14 
0.2805887482415109 8 19 9 18 
0.3097146159318809 8 19 9 21 
-0.4022177051675007 8 19 10 13 
-0.3504673069412279 8 19 10 20 
0.3665443904097092 8 19 11 12 
0.1704560299409540 8 19 12 4 
-0.3665443904097092 8 19 12 11 
-0.1040568157661927 8 19 13 3 
0.7926446155814209 8 19 13 7 
0.4022177051675007 8 19 13 10 
-0.0079529219027653 8 19 14 2 
-0.5604843827486268 8 19 14 6 
-0.3680571027200843 8 19 14 9 
0.1190529891200389 8 19 15 1 
0.2607910441362586 8 19 15 8 
-0.1823115459371740 8 19 16 0 
-0.1220287886496429 8 19 18 2 
0.5305247041510623 8 19 18 6 
-0.2805887482415109 8 19 18 9 
0.1725747679082849 8 19 19 1 
1.4999761517016623 8 19 19 8 
0.1533723395976503 8 19 20 3 
1.7928059958240796 8 19 20 7 
0.3504673069412279 8 19 20 10 
-0.2582929115205280 8 19 21 2 
-0.6145880254275697 8 19 21 6 
-0.3097146159318809 8 19 21 9 
0.3548787044032263 8 19 22 1 
0.1859741436994712 8 19 22 8 
-0.4447166944399762 8 19 23 0 
0.5851822809503073 8 20 0 14 
0.0644488699422356 8 20 0 18 
0.7526897390166407 8 20 0 21 
-0.7402035416702133 8 20 1 13 
-0.5830309648145314 8 20 1 20 
0.5851822809503073 8 20 2 12 
0.0644488699422356 8 20 6 12 
-0.5830309648145314 8 20 8 13 
-2.7927116323700636 8 20 8 20 
0.7526897390166407 8 20 9 12 
-0.5851822809503073 8 20 12 2 
-0.0644488699422356 8 20 12 6 
-0.7526897390166407 8 20 12 9 
0.7402035416702133 8 20 13 1 
0.5830309648145314 8 20 13 8 
-0.5851822809503073 8 20 14 0 
-0.0644488699422356 8 20 18 0 
0.5830309648145314 8 20 20 1 
2.7927116323700636 8 20 20 8 
-0.7526897390166407 8 20 21 0 
0.1639022526650746 8 21 0 15 
-0.1177606797210764 8 21 0 19 
0.2710888954362407 8 21 0 22 
0.2333822985485703 8 21 1 14 
0.1025860569802148 8 21 1 18 
0.3405616855582246 8 21 1 21 
-0.6866625442718123 8 21 2 13 
-0.5655826808994989 8 21 2 20 
0.8496631896299027 8 21 3 12 
-0.0193829236574928 8 21 6 13 
-0.1644931632417566 8 21 6 20 
0.1549702521311933 8 21 7 12 
-0.3865028977926174 8 21 8 14 
0.1644931632417566 8 21 8 18 
-1.4422105216794423 8 21 8 21 
0.0481256243181296 8 21 9 13 
-1.3505011106906211 8 21 9 20 
0.5980423514388126 8 21 10 12 
-0.8496631896299027 8 21 12 3 
-0.1549702521311933 8 21 12 7 
-0.5980423514388126 8 21 12 10 
0.6866625442718123 8 21 13 2 
0.0193829236574928 8 21 13 6 
-0.0481256243181296 8 21 13 9 
-0.2333822985485703 8 21 14 1 
0.3865028977926174 8 21 14 8 
-0.1639022526650746 8 21 15 0 
-0.1025860569802148 8 21 18 1 
-0.1644931632417566 8 21 18 8 
0.1177606797210764 8 21 19 0 
0.5655826808994989 8 21 20 2 
0.1644931632417566 8 21 20 6 
1.3505011106906211 8 21 20 9 
-0.3405616855582246 8 21 21 1 
1.4422105216794423 8 21 21 8 
-0.2710888954362407 8 21 22 0 
0.1262642992747870 8 22 0 16 
0.0585238230897564 8 22 0 23 
-0.0131144776996080 8 22 1 15 
-0.1053283539731631 8 22 1 19 
0.1971369208197036 8 22 1 22 
0.1789362100822664 8 22 2 14 
0.1097784932187198 8 22 2 18 
0.1014166237366934 8 22 2 21 
-0.6264777062465298 8 22 3 13 
-0.4356080356143489 8 22 3 20 
1.0960767168761281 8 22 4 12 
-0.0627116933879477 8 22 6 14 
0.0811746271797301 8 22 6 18 
0.0124020498497186 8 22 6 21 
0.1386096073022519 8 22 7 13 
-0.3504673069412279 8 22 7 20 
-0.1669883609540267 8 22 8 15 
-0.1859741436994712 8 22 8 19 
-1.0727929620556829 8 22 8 22 
-0.1570627787212512 8 22 9 14 
0.2973125660821624 8 22 9 18 
-0.4265666549843042 8 22 9 21 
0.2702459361297274 8 22 10 13 
-0.9810835510668616 8 22 10 20 
0.3416738218431014 8 22 11 12 
-1.0960767168761281 8 22 12 4 
-0.3416738218431014 8 22 12 11 
0.6264777062465298 8 22 13 3 
-0.1386096073022519 8 22 13 7 
-0.2702459361297274 8 22 13 10 
-0.1789362100822664 8 22 14 2 
0.0627116933879477 8 22 14 6 
0.1570627787212512 8 22 14 9 
0.0131144776996080 8 22 15 1 
0.1669883609540267 8 22 15 8 
-0.1262642992747870 8 22 16 0 
-0.1097784932187198 8 22 18 2 
-0.0811746271797301 8 22 18 6 
-0.2973125660821624 8 22 18 9 
0.1053283539731631 8 22 19 1 
0.1859741436994712 8 22 19 8 
0.4356080356143489 8 22 20 3 
0.3504673069412279 8 22 20 7 
0.9810835510668616 8 22 20 10 
-0.1014166237366934 8 22 21 2 
-0.0124020498497186 8 22 21 6 
0.4265666549843042 8 22 21 9 
-0.1971369208197036 8 22 22 1 
1.0727929620556829 8 22 22 8 
-0.0585238230897564 8 22 23 0 
-0.1884011554331916 8 23 0 17 
0.2862050610955514 8 23 1 16 
0.0453323584366032 8 23 1 23 
-0.2942360057473387 8 23 2 15 
-0.0645001806703747 8 23 2 19 
0.0929609296162735 8 23 2 22 
0.3975448748061063 8 23 3 14 
0.0848807028345176 8 23 3 18 
-0.0034210380628327 8 23 3 21 
-0.7811825536894081 8 23 4 13 
-0.2646594043666745 8 23 4 20 
1.6301999278147976 8 23 5 12 
-0.0645001806703747 8 23 6 15 
-0.2675912220386783 8 23 6 19 
0.1859741436994712 8 23 6 22 
0.0848807028345176 8 23 7 14 
0.4081898005994323 8 23 7 18 
-0.3504673069412279 8 23 7 21 
-0.0453323584366032 8 23 8 16 
-1.3122166686905652 8 23 8 23 
-0.0929609296162735 8 23 9 15 
-0.1859741436994712 8 23 9 19 
0.2394237066348819 8 23 9 22 
0.0034210380628327 8 23 10 14 
0.3504673069412279 8 23 10 18 
-0.6088412662586415 8 23 10 21 
0.2646594043666745 8 23 11 13 
-0.3722422848082202 8 23 11 20 
-1.6301999278147976 8 23 12 5 
0.7811825536894081 8 23 13 4 
-0.2646594043666745 8 23 13 11 
-0.3975448748061063 8 23 14 3 
-0.0848807028345176 8 23 14 7 
-0.0034210380628327 8 23 14 10 
0.2942360057473387 8 23 15 2 
0.0645001806703747 8 23 15 6 
0.0929609296162735 8 23 15 9 
-0.2862050610955514 8 23 16 1 
0.0453323584366032 8 23 16 8 
0.1884011554331916 8 23 17 0 
-0.0848807028345176 8 23 18 3 
-0.4081898005994323 8 23 18 7 
-0.3504673069412279 8 23 18 10 
0.0645001806703747 8 23 19 2 
0.2675912220386783 8 23 19 6 
0.1859741436994712 8 23 19 9 
0.2646594043666745 8 23 20 4 
0.3722422848082202 8 23 20 11 
0.0034210380628327 8 23 21 3 
0.3504673069412279 8 23 21 7 
0.6088412662586415 8 23 21 10 
-0.0929609296162735 8 23 22 2 
-0.1859741436994712 8 23 22 6 
-0.2394237066348819 8 23 22 9 
-0.0453323584366032 8 23 23 1 
1.3122166686905652 8 23 23 8 
0.7696961499524538 9 0 0 2 
0.4112701961817906 9 0 0 6 
0.0585659688244835 9 0 0 9 
1.0083138031928069 9 0 1 8 
-0.7696961499524538 9 0 2 0 
-0.4112701961817906 9 0 6 0 
-1.0083138031928069 9 0 8 1 
-0.0585659688244835 9 0 9 0 
0.6633921286999370 9 1 0 3 
-0.1056452992799817 9 1 0 7 
0.1293132501343541 9 1 0 10 
0.6493583625980984 9 1 1 2 
0.2117540926113859 9 1 1 6 
0.7239411952511042 9 1 1 9 
-0.6493583625980984 9 1 2 1 
0.7085414269380993 9 1 2 8 
-0.6633921286999370 9 1 3 0 
-0.2117540926113859 9 1 6 1 
-0.2157820141861035 9 1 6 8 
0.1056452992799817 9 1 7 0 
-0.7085414269380993 9 1 8 2 
0.2157820141861035 9 1 8 6 
-0.2924360612400950 9 1 8 9 
-0.7239411952511042 9 1 9 1 
0.2924360612400950 9 1 9 8 
-0.1293132501343541 9 1 10 0 
0.3989669325465317 9 2 0 4 
-0.0504584763522818 9 2 0 11 
0.8361858905815552 9 2 1 3 
-0.1707635258397419 9 2 1 7 
0.6935922832859108 9 2 1 10 
0.0384940078642476 9 2 2 6 
0.6673886277664335 9 2 2 9 
-0.8361858905815552 9 2 3 1 
0.3666292079661183 9 2 3 8 
-0.3989669325465317 9 2 4 0 
-0.0384940078642476 9 2 6 2 
-0.1568592106743691 9 2 6 9 
0.1707635258397419 9 2 7 1 
-0.1097641911995563 9 2 7 8 
-0.3666292079661183 9 2 8 3 
0.1097641911995563 9 2 8 7 
-0.2584794024579445 9 2 8 10 
-0.6673886277664335 9 2 9 2 
0.1568592106743691 9 2 9 6 
-0.6935922832859108 9 2 10 1 
0.2584794024579445 9 2 10 8 
0.0504584763522818 9 2 11 0 
0.1784234363897237 9 3 0 5 
0.6514416072399078 9 3 1 4 
0.2383114961202490 9 3 1 11 
0.4730181708501842 9 3 2 3 
-0.2205060988858080 9 3 2 7 
0.9230569702418870 9 3 2 10 
-0.4730181708501842 9 3 3 2 
-0.1085100580596244 9 3 3 6 
0.2636907861838599 9 3 3 9 
-0.6514416072399078 9 3 4 1 
0.1867870014316945 9 3 4 8 
-0.1784234363897237 9 3 5 0 
0.1085100580596244 9 3 6 3 
-0.0494405061357608 9 3 6 10 
0.2205060988858080 9 3 7 2 
-0.0826984514707279 9 3 7 9 
-0.1867870014316945 9 3 8 4 
-0.0895398915534407 9 3 8 11 
-0.2636907861838599 9 3 9 3 
0.0826984514707279 9 3 9 7 
-0.0895398915534407 9 3 9 10 
-0.9230569702418870 9 3 10 2 
0.0494405061357608 9 3 10 6 
0.0895398915534407 9 3 10 9 
-0.2383114961202490 9 3 11 1 
0.0895398915534407 9 3 11 8 
0.3739536986333118 9 4 1 5 
0.5331870645273618 9 4 2 4 
0.5443201421393585 9 4 2 11 
-0.2450267616673147 9 4 3 7 
0.6935922832859108 9 4 3 10 
-0.5331870645273618 9 4 4 2 
-0.2292581051602300 9 4 4 6 
-0.1123698096832278 9 4 4 9 
-0.3739536986333118 9 4 5 1 
0.1833476212563612 9 4 5 8 
0.2292581051602300 9 4 6 4 
0.0473390007642743 9 4 6 11 
0.2450267616673147 9 4 7 3 
0.0349597171538916 9 4 7 10 
-0.1833476212563612 9 4 8 5 
0.1123698096832278 9 4 9 4 
0.0731090153100238 9 4 9 11 
-0.6935922832859108 9 4 10 3 
-0.0349597171538916 9 4 10 7 
-0.5443201421393585 9 4 11 2 
-0.0473390007642743 9 4 11 6 
-0.0731090153100238 9 4 11 9 
0.4128492771730066 9 5 2 5 
0.1345417363931263 9 5 3 4 
0.6337976578491176 9 5 3 11 
-0.1345417363931263 9 5 4 3 
-0.2230657850946565 9 5 4 7 
0.1293132501343541 9 5 4 10 
-0.4128492771730066 9 5 5 2 
-0.3237501334375696 9 5 5 6 
-0.0860106400214412 9 5 5 9 
0.3237501334375696 9 5 6 5 
0.2230657850946565 9 5 7 4 
0.2412516260209757 9 5 7 11 
0.0860106400214412 9 5 9 5 
-0.1293132501343541 9 5 10 4 
0.3269534560025719 9 5 10 11 
-0.6337976578491176 9 5 11 3 
-0.2412516260209757 9 5 11 7 
-0.3269534560025719 9 5 11 10 
0.6110113646838267 9 6 0 4 
0.1961188252459277 9 6 0 11 
-0.3864375177297320 9 6 1 3 
1.0739924804113654 9 6 1 7 
0.0349597171538916 9 6 1 10 
-0.7594273658422368 9 6 2 6 
-0.1568592106743691 9 6 2 9 
0.3864375177297320 9 6 3 1 
0.1668531702522620 9 6 3 8 
-0.6110113646838267 9 6 4 0 
0.7594273658422368 9 6 6 2 
0.0928393010626056 9 6 6 9 
-1.0739924804113654 9 6 7 1 
0.3339992771860588 9 6 7 8 
-0.1668531702522620 9 6 8 3 
-0.3339992771860588 9 6 8 7 
0.2849105162324437 9 6 8 10 
0.1568592106743691 9 6 9 2 
-0.0928393010626056 9 6 9 6 
-0.0349597171538916 9 6 10 1 
-0.2849105162324437 9 6 10 8 
-0.1961188252459277 9 6 11 0 
0.4554209821526503 9 7 0 5 
0.0910841964305301 9 7 1 4 
0.1482590113122367 9 7 1 11 
-0.3643367857221202 9 7 2 3 
0.7594273658422371 9 7 2 7 
-0.0494405061357608 9 7 2 10 
0.3643367857221203 9 7 3 2 
-0.7594273658422371 9 7 3 6 
-0.0826984514707279 9 7 3 9 
-0.0910841964305301 9 7 4 1 
0.1754140099669186 9 7 4 8 
-0.4554209821526503 9 7 5 0 
0.7594273658422371 9 7 6 3 
0.3856691451850230 9 7 6 10 
-0.7594273658422371 9 7 7 2 
-0.0999952715299059 9 7 7 9 
-0.1754140099669186 9 7 8 4 
0.1644931632417566 9 7 8 11 
0.0826984514707279 9 7 9 3 
0.0999952715299059 9 7 9 7 
0.1644931632417566 9 7 9 10 
0.0494405061357608 9 7 10 2 
-0.3856691451850230 9 7 10 6 
-0.1644931632417566 9 7 10 9 
-0.1482590113122367 9 7 11 1 
-0.1644931632417566 9 7 11 8 
0.6857609369648281 9 8 0 3 
0.2727309318522697 9 8 0 7 
0.3269534560025719 9 8 0 10 
-0.9200448428203825 9 8 1 2 
-0.1219689806377075 9 8 1 6 
-0.2924360612400950 9 8 1 9 
0.9200448428203825 9 8 2 1 
0.1790797831068815 9 8 2 8 
-0.6857609369648281 9 8 3 0 
0.1219689806377075 9 8 6 1 
0.3289863264835132 9 8 6 8 
-0.2727309318522697 9 8 7 0 
-0.1790797831068815 9 8 8 2 
-0.3289863264835132 9 8 8 6 
0.0917094109888214 9 8 8 9 
0.2924360612400950 9 8 9 1 
-0.0917094109888214 9 8 9 8 
-0.3269534560025719 9 8 10 0 
0.5665786358096067 9 10 0 5 
-1.3177921042726355 9 10 1 4 
-0.2193270459300712 9 10 1 11 
1.6933988385041503 9 10 2 3 
-0.1493808835048923 9 10 2 7 
0.0895398915534407 9 10 2 10 
-1.6933988385041503 9 10 3 2 
0.1493808835048923 9 10 3 6 
0.0895398915534407 9 10 3 9 
1.3177921042726355 9 10 4 1 
-0.2193270459300712 9 10 4 8 
-0.5665786358096067 9 10 5 0 
-0.1493808835048923 9 10 6 3 
0.6757810226381105 9 10 6 7 
-0.1644931632417566 9 10 6 10 
0.1493808835048923 9 10 7 2 
-0.6757810226381105 9 10 7 6 
-0.1644931632417566 9 10 7 9 
0.2193270459300712 9 10 8 4 
0.8482649728935232 9 10 8 11 
-0.0895398915534407 9 10 9 3 
0.1644931632417566 9 10 9 7 
-0.9399743838823444 9 10 9 10 
-0.0895398915534407 9 10 10 2 
0.1644931632417566 9 10 10 6 
0.9399743838823444 9 10 10 9 
0.2193270459300712 9 10 11 1 
-0.8482649728935232 9 10 11 8 
-0.9698124176013411 9 11 1 5 
0.6133632285469216 9 11 2 4 
-0.2686196746603222 9 11 2 11 
-0.1724901866066674 9 11 3 7 
0.2584794024579445 9 11 3 10 
-0.6133632285469216 9 11 4 2 
0.2439379612754150 9 11 4 6 
-0.0731090153100238 9 11 4 9 
0.9698124176013411 9 11 5 1 
-0.2831499987533450 9 11 5 8 
-0.2439379612754150 9 11 6 4 
-0.1644931632417566 9 11 6 11 
0.1724901866066674 9 11 7 3 
-0.2849105162324437 9 11 7 10 
0.2831499987533450 9 11 8 5 
0.0731090153100238 9 11 9 4 
-0.0917094109888214 9 11 9 11 
-0.2584794024579445 9 11 10 3 
0.2849105162324437 9 11 10 7 
0.2686196746603222 9 11 11 2 
0.1644931632417566 9 11 11 6 
0.0917094109888214 9 11 11 9 
1.0257303896308096 9 12 0 14 
0.6718405711563350 9 12 0 18 
-1.1429014641651687 9 12 0 21 
-0.8106591305716754 9 12 1 13 
-0.2722492852427233 9 12 1 20 
0.2560342396783555 9 12 2 12 
0.2605703749745444 9 12 6 12 
-1.2805630884355304 9 12 8 13 
0.7526897390166407 9 12 8 20 
-1.2014674329896524 9 12 9 12 
-0.2560342396783555 9 12 12 2 
-0.2605703749745444 9 12 12 6 
1.2014674329896524 9 12 12 9 
0.8106591305716754 9 12 13 1 
1.2805630884355304 9 12 13 8 
-1.0257303896308096 9 12 14 0 
-0.6718405711563350 9 12 18 0 
0.2722492852427233 9 12 20 1 
-0.7526897390166407 9 12 20 8 
1.1429014641651687 9 12 21 0 
0.6183073485789797 9 13 0 15 
0.1881383976023035 9 13 0 19 
0.2818450863405722 9 13 0 22 
0.1965027183681328 9 13 1 14 
0.1845981792192072 9 13 1 18 
-1.6058747625902829 9 13 1 21 
-0.4528556442299658 9 13 2 13 
-0.0178126550332519 9 13 2 20 
-0.0450847801209574 9 13 3 12 
-0.0271559133921788 9 13 6 13 
0.0208052682678764 9 13 6 20 
0.2937836968822852 9 13 7 12 
-0.7263540819713513 9 13 8 14 
0.2365872824539799 9 13 8 18 
0.0481256243181296 9 13 8 21 
-2.3298159578413875 9 13 9 13 
0.3405616855582246 9 13 9 20 
0.1525318362062181 9 13 10 12 
0.0450847801209574 9 13 12 3 
-0.2937836968822852 9 13 12 7 
-0.1525318362062181 9 13 12 10 
0.4528556442299658 9 13 13 2 
0.0271559133921788 9 13 13 6 
2.3298159578413875 9 13 13 9 
-0.1965027183681328 9 13 14 1 
0.7263540819713513 9 13 14 8 
-0.6183073485789797 9 13 15 0 
-0.1845981792192072 9 13 18 1 
-0.2365872824539799 9 13 18 8 
-0.1881383976023035 9 13 19 0 
0.0178126550332519 9 13 20 2 
-0.0208052682678764 9 13 20 6 
-0.3405616855582246 9 13 20 9 
1.6058747625902829 9 13 21 1 
-0.0481256243181296 9 13 21 8 
-0.2818450863405722 9 13 22 0 
0.4258302253905440 9 14 0 16 
-0.3402723891899268 9 14 0 23 
-0.0494844668863695 9 14 1 15 
0.0062175558171438 9 14 1 19 
0.3372748895500163 9 14 1 22 
0.5600289697856357 9 14 2 14 
-0.1387645901119753 9 14 2 18 
-1.8552721030639652 9 14 2 21 
-0.8856703574679250 9 14 3 13 
0.3196221180097535 9 14 3 20 
0.0268632928440123 9 14 4 12 
-0.1772585979762229 9 14 6 14 
0.5215495582392695 9 14 6 18 
-0.1278911939886425 9 14 6 21 
0.1769810816568857 9 14 7 13 
0.2582929115205280 9 14 7 20 
-0.0470070899563649 9 14 8 15 
0.3680571027200843 9 14 8 19 
-0.1570627787212512 9 14 8 22 
-2.5226607308303990 9 14 9 14 
0.0289680166857266 9 14 9 18 
-0.1265536072223174 9 14 9 21 
-0.3563173937358947 9 14 10 13 
0.1014166237366934 9 14 10 20 
-0.2898139128376450 9 14 11 12 
-0.0268632928440123 9 14 12 4 
0.2898139128376450 9 14 12 11 
0.8856703574679250 9 14 13 3 
-0.1769810816568857 9 14 13 7 
0.3563173937358947 9 14 13 10 
-0.5600289697856357 9 14 14 2 
0.1772585979762229 9 14 14 6 
2.5226607308303990 9 14 14 9 
0.0494844668863695 9 14 15 1 
0.0470070899563649 9 14 15 8 
-0.4258302253905440 9 14 16 0 
0.1387645901119753 9 14 18 2 
-0.5215495582392695 9 14 18 6 
-0.0289680166857266 9 14 18 9 
-0.0062175558171438 9 14 19 1 
-0.3680571027200843 9 14 19 8 
-0.3196221180097535 9 14 20 3 
-0.2582929115205280 9 14 20 7 
-0.1014166237366934 9 14 20 10 
1.8552721030639652 9 14 21 2 
0.1278911939886425 9 14 21 6 
0.1265536072223174 9 14 21 9 
-0.3372748895500163 9 14 22 1 
0.1570627787212512 9 14 22 8 
0.3402723891899268 9 14 23 0 
0.5953384580678661 9 15 0 17 
-0.4906610920275148 9 15 1 16 
-0.4676281162653249 9 15 1 23 
0.5940873592615259 9 15 2 15 
-0.2392247200878556 9 15 2 19 
0.3509337686131573 9 15 2 22 
0.1210691884113417 9 15 3 14 
-0.2982477368372123 9 15 3 18 
-1.9046940329341804 9 15 3 21 
-1.1421026992674228 9 15 4 13 
0.6130947002594213 9 15 4 20 
0.4169150216781424 9 15 5 12 
-0.1897376787775879 9 15 6 15 
0.5215495582392696 9 15 6 19 
-0.2812635335862929 9 15 6 22 
-0.0187186212020476 9 15 7 14 
0.5215495582392696 9 15 7 18 
0.2940041063907969 9 15 7 21 
0.4263076988277269 9 15 8 16 
-0.0929609296162734 9 15 8 23 
-2.1683848191180402 9 15 9 15 
0.3767025578615247 9 15 9 19 
-0.3460681440609082 9 15 9 22 
-0.5721232016287296 9 15 10 14 
-0.2318230274505322 9 15 10 18 
-0.2565282525074675 9 15 10 21 
-0.7059396123855739 9 15 11 13 
-0.0034210380628327 9 15 11 20 
-0.4169150216781424 9 15 12 5 
1.1421026992674228 9 15 13 4 
0.7059396123855739 9 15 13 11 
-0.1210691884113417 9 15 14 3 
0.0187186212020476 9 15 14 7 
0.5721232016287296 9 15 14 10 
-0.5940873592615259 9 15 15 2 
0.1897376787775879 9 15 15 6 
2.1683848191180402 9 15 15 9 
0.4906610920275148 9 15 16 1 
-0.4263076988277269 9 15 16 8 
-0.5953384580678661 9 15 17 0 
0.2982477368372123 9 15 18 3 
-0.5215495582392696 9 15 18 7 
0.2318230274505322 9 15 18 10 
0.2392247200878556 9 15 19 2 
-0.5215495582392696 9 15 19 6 
-0.3767025578615247 9 15 19 9 
-0.6130947002594213 9 15 20 4 
0.0034210380628327 9 15 20 11 
1.9046940329341804 9 15 21 3 
-0.2940041063907969 9 15 21 7 
0.2565282525074675 9 15 21 10 
-0.3509337686131573 9 15 22 2 
0.2812635335862929 9 15 22 6 
0.3460681440609082 9 15 22 9 
0.4676281162653249 9 15 23 1 
0.0929609296162734 9 15 23 8 
0.1017499405736692 9 16 1 17 
-0.5228372484274719 9 16 2 16 
-0.4787329166736851 9 16 2 23 
1.1545383489005070 9 16 3 15 
-0.4573040139546807 9 16 3 19 
0.3372748895500163 9 16 3 22 
-1.0560243129548337 9 16 4 14 
-0.2938512609565039 9 16 4 18 
-1.7677410995488954 9 16 4 21 
-0.2722037580596427 9 16 5 13 
0.7253028323962445 9 16 5 20 
-0.0645931557962739 9 16 6 16 
-0.3548787044032263 9 16 6 23 
-0.2122772522873660 9 16 7 15 
0.7375824587116714 9 16 7 19 
0.1988833518993580 9 16 7 22 
0.5419552111398834 9 16 8 17 
-1.6553712898656678 9 16 9 16 
-0.1971369208197036 9 16 9 23 
-0.3563173937358947 9 16 10 15 
0.1639236347454664 9 16 10 19 
-0.5155869121825958 9 16 10 22 
-1.0230530588130438 9 16 11 14 
-0.4022177051675007 9 16 11 18 
-0.2702459361297274 9 16 11 21 
0.2722037580596427 9 16 13 5 
1.0560243129548337 9 16 14 4 
1.0230530588130438 9 16 14 11 
-1.1545383489005070 9 16 15 3 
0.2122772522873660 9 16 15 7 
0.3563173937358947 9 16 15 10 
0.5228372484274719 9 16 16 2 
0.0645931557962739 9 16 16 6 
1.6553712898656678 9 16 16 9 
-0.1017499405736692 9 16 17 1 
-0.5419552111398834 9 16 17 8 
0.2938512609565039 9 16 18 4 
0.4022177051675007 9 16 18 11 
0.4573040139546807 9 16 19 3 
-0.7375824587116714 9 16 19 7 
-0.1639236347454664 9 16 19 10 
-0.7253028323962445 9 16 20 5 
1.7677410995488954 9 16 21 4 
0.2702459361297274 9 16 21 11 
-0.3372748895500163 9 16 22 3 
-0.1988833518993580 9 16 22 7 
0.5155869121825958 9 16 22 10 
0.4787329166736851 9 16 23 2 
0.3548787044032263 9 16 23 6 
0.1971369208197036 9 16 23 9 
-0.4344576760680792 9 17 2 17 
0.3538821524255744 9 17 3 16 
-0.3651034777795880 9 17 3 23 
0.2193404160324481 9 17 4 15 
-0.5447535549455064 9 17 4 19 
0.2818450863405722 9 17 4 22 
-0.8473069532410858 9 17 5 14 
-0.1255751624698504 9 17 5 18 
-1.4580138502560769 9 17 5 21 
0.1981749709677192 9 17 6 17 
-0.3216877698508500 9 17 7 16 
-0.0232609970685455 9 17 7 23 
-1.3720032102346358 9 17 9 17 
0.1525318362062181 9 17 10 16 
-0.2710888954362407 9 17 10 23 
-0.9989011356287055 9 17 11 15 
-0.2645126230895212 9 17 11 19 
-0.5980423514388126 9 17 11 22 
0.8473069532410858 9 17 14 5 
-0.2193404160324481 9 17 15 4 
0.9989011356287055 9 17 15 11 
-0.3538821524255744 9 17 16 3 
0.3216877698508500 9 17 16 7 
-0.1525318362062181 9 17 16 10 
0.4344576760680792 9 17 17 2 
-0.1981749709677192 9 17 17 6 
1.3720032102346358 9 17 17 9 
0.1255751624698504 9 17 18 5 
0.5447535549455064 9 17 19 4 
0.2645126230895212 9 17 19 11 
1.4580138502560769 9 17 21 5 
-0.2818450863405722 9 17 22 4 
0.5980423514388126 9 17 22 11 
0.3651034777795880 9 17 23 3 
0.0232609970685455 9 17 23 7 
0.2710888954362407 9 17 23 10 
0.3020832896660136 9 18 0 16 
-0.2800183003165863 9 18 0 23 
-0.1888897365035373 9 18 1 15 
-0.2989082661215564 9 18 1 19 
0.1988833518993580 9 18 1 22 
-0.0045916216014056 9 18 2 14 
0.2113600619272657 9 18 2 18 
-0.1278911939886425 9 18 2 21 
0.1975477812261947 9 18 3 13 
0.0664822421380151 9 18 3 20 
-0.3089280750178132 9 18 4 12 
0.9707874277695027 9 18 6 14 
0.3062985807533624 9 18 6 18 
-1.0831408719814239 9 18 6 21 
-1.3729007465329219 9 18 7 13 
0.6145880254275697 9 18 7 20 
-0.1003709281142469 9 18 8 15 
0.2805887482415109 9 18 8 19 
0.2973125660821624 9 18 8 22 
0.0289680166857266 9 18 9 14 
-1.1759801730440294 9 18 9 18 
-0.1788138168802330 9 18 9 21 
0.1639236347454664 9 18 10 13 
0.0124020498497186 9 18 10 20 
-0.4761371255625140 9 18 11 12 
0.3089280750178132 9 18 12 4 
0.4761371255625140 9 18 12 11 
-0.1975477812261947 9 18 13 3 
1.3729007465329219 9 18 13 7 
-0.1639236347454664 9 18 13 10 
0.0045916216014056 9 18 14 2 
-0.9707874277695027 9 18 14 6 
-0.0289680166857266 9 18 14 9 
0.1888897365035373 9 18 15 1 
0.1003709281142469 9 18 15 8 
-0.3020832896660136 9 18 16 0 
-0.2113600619272657 9 18 18 2 
-0.3062985807533624 9 18 18 6 
1.1759801730440294 9 18 18 9 
0.2989082661215564 9 18 19 1 
-0.2805887482415109 9 18 19 8 
-0.0664822421380151 9 18 20 3 
-0.6145880254275697 9 18 20 7 
-0.0124020498497186 9 18 20 10 
0.1278911939886425 9 18 21 2 
1.0831408719814239 9 18 21 6 
0.1788138168802330 9 18 21 9 
-0.1988833518993580 9 18 22 1 
-0.2973125660821624 9 18 22 8 
0.2800183003165863 9 18 23 0 
0.2353631937453345 9 19 0 17 
0.0409504766138594 9 19 1 16 
0.2192480793789206 9 19 1 23 
-0.1806378523272583 9 19 2 15 
-0.2113600619272657 9 19 2 19 
-0.2812635335862929 9 19 2 22 
0.1836989333948621 9 19 3 14 
0.2113600619272657 9 19 3 18 
0.2940041063907969 9 19 3 21 
-0.0501337198166706 9 19 4 13 
-0.2504559817807351 9 19 4 20 
-0.2200577884073159 9 19 5 12 
0.9707874277695029 9 19 6 15 
-0.3062985807533624 9 19 6 19 
0.7096651238426560 9 19 6 22 
-0.9707874277695029 9 19 7 14 
-0.3062985807533624 9 19 7 18 
-1.4379734339027521 9 19 7 21 
-0.4258699917476537 9 19 8 16 
-0.1859741436994712 9 19 8 23 
0.3767025578615247 9 19 9 15 
-1.3379781623728459 9 19 9 19 
0.1716534900609948 9 19 9 22 
-0.2318230274505322 9 19 10 14 
0.3239959786576329 9 19 10 18 
0.0071603268192382 9 19 10 21 
0.0709890680666838 9 19 11 13 
-0.3504673069412279 9 19 11 20 
0.2200577884073159 9 19 12 5 
0.0501337198166706 9 19 13 4 
-0.0709890680666838 9 19 13 11 
-0.1836989333948620 9 19 14 3 
0.9707874277695029 9 19 14 7 
0.2318230274505322 9 19 14 10 
0.1806378523272583 9 19 15 2 
-0.9707874277695029 9 19 15 6 
-0.3767025578615247 9 19 15 9 
-0.0409504766138594 9 19 16 1 
0.4258699917476537 9 19 16 8 
-0.2353631937453345 9 19 17 0 
-0.2113600619272657 9 19 18 3 
0.3062985807533624 9 19 18 7 
-0.3239959786576329 9 19 18 10 
0.2113600619272657 9 19 19 2 
0.3062985807533624 9 19 19 6 
1.3379781623728459 9 19 19 9 
0.2504559817807351 9 19 20 4 
0.3504673069412279 9 19 20 11 
-0.2940041063907969 9 19 21 3 
1.4379734339027521 9 19 21 7 
-0.0071603268192382 9 19 21 10 
0.2812635335862929 9 19 22 2 
-0.7096651238426560 9 19 22 6 
-0.1716534900609948 9 19 22 9 
-0.2192480793789206 9 19 23 1 
0.1859741436994712 9 19 23 8 
0.8496631896299027 9 20 0 15 
0.1549702521311933 9 20 0 19 
0.5980423514388126 9 20 0 22 
-0.6866625442718123 9 20 1 14 
-0.0193829236574928 9 20 1 18 
0.0481256243181296 9 20 1 21 
0.2333822985485703 9 20 2 13 
-0.3865028977926174 9 20 2 20 
0.1639022526650746 9 20 3 12 
0.1025860569802148 9 20 6 13 
0.1644931632417566 9 20 6 20 
-0.1177606797210764 9 20 7 12 
-0.5655826808994989 9 20 8 14 
-0.1644931632417566 9 20 8 18 
-1.3505011106906211 9 20 8 21 
0.3405616855582246 9 20 9 13 
-1.4422105216794423 9 20 9 20 
0.2710888954362407 9 20 10 12 
-0.1639022526650746 9 20 12 3 
0.1177606797210764 9 20 12 7 
-0.2710888954362407 9 20 12 10 
-0.2333822985485703 9 20 13 2 
-0.1025860569802148 9 20 13 6 
-0.3405616855582246 9 20 13 9 
0.6866625442718123 9 20 14 1 
0.5655826808994989 9 20 14 8 
-0.8496631896299027 9 20 15 0 
0.0193829236574928 9 20 18 1 
0.1644931632417566 9 20 18 8 
-0.1549702521311933 9 20 19 0 
0.3865028977926174 9 20 20 2 
-0.1644931632417566 9 20 20 6 
1.4422105216794423 9 20 20 9 
-0.0481256243181296 9 20 21 1 
1.3505011106906211 9 20 21 8 
-0.5980423514388126 9 20 22 0 
0.1218538034640961 9 21 0 16 
0.2035114054064870 9 21 0 23 
0.6309701914595368 9 21 1 15 
0.0288224108527763 9 21 1 19 
0.5155869121825958 9 21 1 22 
-0.9468212797877490 9 21 2 14 
0.0407610443282858 9 21 2 18 
-0.1265536072223174 9 21 2 21 
0.6309701914595368 9 21 3 13 
-0.4766211059527309 9 21 3 20 
0.1218538034640961 9 21 4 12 
0.0407610443282858 9 21 6 14 
-0.0937323857071693 9 21 6 18 
-0.1788138168802330 9 21 6 21 
0.0288224108527763 9 21 7 13 
0.3097146159318809 9 21 7 20 
-0.4766211059527309 9 21 8 15 
0.3097146159318809 9 21 8 19 
-0.4265666549843042 9 21 8 22 
-0.1265536072223174 9 21 9 14 
-0.1788138168802330 9 21 9 18 
-2.3001548862050512 9 21 9 21 
0.5155869121825958 9 21 10 13 
-0.4265666549843042 9 21 10 20 
0.2035114054064870 9 21 11 12 
-0.1218538034640961 9 21 12 4 
-0.2035114054064870 9 21 12 11 
-0.6309701914595368 9 21 13 3 
-0.0288224108527763 9 21 13 7 
-0.5155869121825958 9 21 13 10 
0.9468212797877490 9 21 14 2 
-0.0407610443282858 9 21 14 6 
0.1265536072223174 9 21 14 9 
-0.6309701914595368 9 21 15 1 
0.4766211059527309 9 21 15 8 
-0.1218538034640961 9 21 16 0 
-0.0407610443282858 9 21 18 2 
0.0937323857071693 9 21 18 6 
0.1788138168802330 9 21 18 9 
-0.0288224108527763 9 21 19 1 
-0.3097146159318809 9 21 19 8 
0.4766211059527309 9 21 20 3 
-0.3097146159318809 9 21 20 7 
0.4265666549843042 9 21 20 10 
0.1265536072223174 9 21 21 2 
0.1788138168802330 9 21 21 6 
2.3001548862050512 9 21 21 9 
-0.5155869121825958 9 21 22 1 
0.4265666549843042 9 21 22 8 
-0.2035114054064870 9 21 23 0 
0.3514076648704580 9 22 0 17 
-0.1446144040630508 9 22 1 16 
0.2273584931107725 9 22 1 23 
0.5827467605188763 9 22 2 15 
-0.0441196585062318 9 22 2 19 
0.3460681440609082 9 22 2 22 
-1.1106520779852744 9 22 3 14 
0.1052612249986605 9 22 3 18 
-0.2565282525074675 9 22 3 21 
1.1731777002095853 9 22 4 13 
-0.4466855390408437 9 22 4 20 
-0.2151709709391487 9 22 5 12 
-0.0441196585062318 9 22 6 15 
0.3144574148922629 9 22 6 19 
-0.1716534900609948 9 22 6 22 
0.1052612249986605 9 22 7 14 
-0.3613236077458476 9 22 7 18 
0.0071603268192382 9 22 7 21 
-0.2273584931107725 9 22 8 16 
0.2394237066348818 9 22 8 23 
-0.3460681440609082 9 22 9 15 
0.1716534900609948 9 22 9 19 
-1.8047734148555776 9 22 9 22 
0.2565282525074675 9 22 10 14 
-0.0071603268192382 9 22 10 18 
-0.8647990309732331 9 22 10 21 
0.4466855390408437 9 22 11 13 
-0.6088412662586417 9 22 11 20 
0.2151709709391487 9 22 12 5 
-1.1731777002095853 9 22 13 4 
-0.4466855390408437 9 22 13 11 
1.1106520779852744 9 22 14 3 
-0.1052612249986605 9 22 14 7 
-0.2565282525074675 9 22 14 10 
-0.5827467605188763 9 22 15 2 
0.0441196585062318 9 22 15 6 
0.3460681440609082 9 22 15 9 
0.1446144040630508 9 22 16 1 
0.2273584931107725 9 22 16 8 
-0.3514076648704580 9 22 17 0 
-0.1052612249986605 9 22 18 3 
0.3613236077458476 9 22 18 7 
0.0071603268192382 9 22 18 10 
0.0441196585062318 9 22 19 2 
-0.3144574148922629 9 22 19 6 
-0.1716534900609948 9 22 19 9 
0.4466855390408437 9 22 20 4 
0.6088412662586417 9 22 20 11 
0.2565282525074675 9 22 21 3 
-0.0071603268192382 9 22 21 7 
0.8647990309732331 9 22 21 10 
-0.3460681440609082 9 22 22 2 
0.1716534900609948 9 22 22 6 
1.8047734148555776 9 22 22 9 
-0.2273584931107725 9 22 23 1 
-0.2394237066348818 9 22 23 8 
0.1262642992747870 9 23 1 17 
-0.0131144776996080 9 23 2 16 
0.1669883609540267 9 23 2 23 
0.1789362100822664 9 23 3 15 
-0.0627116933879477 9 23 3 19 
0.1570627787212512 9 23 3 22 
-0.6264777062465298 9 23 4 14 
0.1386096073022519 9 23 4 18 
-0.2702459361297274 9 23 4 21 
1.0960767168761281 9 23 5 13 
-0.3416738218431014 9 23 5 20 
-0.1053283539731631 9 23 6 16 
0.1859741436994712 9 23 6 23 
0.1097784932187198 9 23 7 15 
0.0811746271797301 9 23 7 19 
-0.2973125660821624 9 23 7 22 
-0.0585238230897564 9 23 8 17 
-0.1971369208197036 9 23 9 16 
-1.0727929620556829 9 23 9 23 
-0.1014166237366934 9 23 10 15 
-0.0124020498497186 9 23 10 19 
-0.4265666549843042 9 23 10 22 
0.4356080356143489 9 23 11 14 
0.3504673069412279 9 23 11 18 
-0.9810835510668616 9 23 11 21 
-1.0960767168761281 9 23 13 5 
0.6264777062465298 9 23 14 4 
-0.4356080356143489 9 23 14 11 
-0.1789362100822664 9 23 15 3 
-0.1097784932187198 9 23 15 7 
0.1014166237366934 9 23 15 10 
0.0131144776996080 9 23 16 2 
0.1053283539731631 9 23 16 6 
0.1971369208197036 9 23 16 9 
-0.1262642992747870 9 23 17 1 
0.0585238230897564 9 23 17 8 
-0.1386096073022519 9 23 18 4 
-0.3504673069412279 9 23 18 11 
0.0627116933879477 9 23 19 3 
-0.0811746271797301 9 23 19 7 
0.0124020498497186 9 23 19 10 
0.3416738218431014 9 23 20 5 
0.2702459361297274 9 23 21 4 
0.9810835510668616 9 23 21 11 
-0.1570627787212512 9 23 22 3 
0.2973125660821624 9 23 22 7 
0.4265666549843042 9 23 22 10 
-0.1669883609540267 9 23 23 2 
-0.1859741436994712 9 23 23 6 
1.0727929620556829 9 23 23 9 
0.4128492771730066 10 0 0 3 
0.3237501334375696 10 0 0 7 
-0.0860106400214412 10 0 0 10 
0.1345417363931263 10 0 1 2 
0.2230657850946565 10 0 1 6 
0.1293132501343541 10 0 1 9 
-0.1345417363931263 10 0 2 1 
0.6337976578491176 10 0 2 8 
-0.4128492771730066 10 0 3 0 
-0.2230657850946565 10 0 6 1 
0.2412516260209757 10 0 6 8 
-0.3237501334375696 10 0 7 0 
-0.6337976578491176 10 0 8 2 
-0.2412516260209757 10 0 8 6 
0.3269534560025719 10 0 8 9 
-0.1293132501343541 10 0 9 1 
-0.3269534560025719 10 0 9 8 
0.0860106400214412 10 0 10 0 
0.3739536986333118 10 1 0 4 
0.1833476212563612 10 1 0 11 
0.5331870645273618 10 1 1 3 
0.2292581051602300 10 1 1 7 
-0.1123698096832278 10 1 1 10 
0.2450267616673147 10 1 2 6 
0.6935922832859108 10 1 2 9 
-0.5331870645273618 10 1 3 1 
0.5443201421393585 10 1 3 8 
-0.3739536986333118 10 1 4 0 
-0.2450267616673147 10 1 6 2 
0.0349597171538916 10 1 6 9 
-0.2292581051602300 10 1 7 1 
0.0473390007642743 10 1 7 8 
-0.5443201421393585 10 1 8 3 
-0.0473390007642743 10 1 8 7 
0.0731090153100238 10 1 8 10 
-0.6935922832859108 10 1 9 2 
-0.0349597171538916 10 1 9 6 
0.1123698096832278 10 1 10 1 
-0.0731090153100238 10 1 10 8 
-0.1833476212563612 10 1 11 0 
0.1784234363897237 10 2 0 5 
0.6514416072399078 10 2 1 4 
0.1867870014316945 10 2 1 11 
0.4730181708501842 10 2 2 3 
0.1085100580596244 10 2 2 7 
0.2636907861838599 10 2 2 10 
-0.4730181708501842 10 2 3 2 
0.2205060988858080 10 2 3 6 
0.9230569702418870 10 2 3 9 
-0.6514416072399078 10 2 4 1 
0.2383114961202490 10 2 4 8 
-0.1784234363897237 10 2 5 0 
-0.2205060988858080 10 2 6 3 
-0.0826984514707279 10 2 6 10 
-0.1085100580596244 10 2 7 2 
-0.0494405061357608 10 2 7 9 
-0.2383114961202490 10 2 8 4 
-0.0895398915534407 10 2 8 11 
-0.9230569702418870 10 2 9 3 
0.0494405061357608 10 2 9 7 
-0.0895398915534407 10 2 9 10 
-0.2636907861838599 10 2 10 2 
0.0826984514707279 10 2 10 6 
0.0895398915534407 10 2 10 9 
-0.1867870014316945 10 2 11 1 
0.0895398915534407 10 2 11 8 
0.3989669325465317 10 3 1 5 
0.8361858905815552 10 3 2 4 
0.3666292079661183 10 3 2 11 
-0.0384940078642476 10 3 3 7 
0.6673886277664335 10 3 3 10 
-0.8361858905815552 10 3 4 2 
0.1707635258397419 10 3 4 6 
0.6935922832859108 10 3 4 9 
-0.3989669325465317 10 3 5 1 
-0.0504584763522818 10 3 5 8 
-0.1707635258397419 10 3 6 4 
-0.1097641911995563 10 3 6 11 
0.0384940078642476 10 3 7 3 
-0.1568592106743691 10 3 7 10 
0.0504584763522818 10 3 8 5 
-0.6935922832859108 10 3 9 4 
-0.2584794024579445 10 3 9 11 
-0.6673886277664335 10 3 10 3 
0.1568592106743691 10 3 10 7 
-0.3666292079661183 10 3 11 2 
0.1097641911995563 10 3 11 6 
0.2584794024579445 10 3 11 9 
0.6633921286999370 10 4 2 5 
0.6493583625980984 10 4 3 4 
0.7085414269380993 10 4 3 11 
-0.6493583625980984 10 4 4 3 
-0.2117540926113859 10 4 4 7 
0.7239411952511042 10 4 4 10 
-0.6633921286999370 10 4 5 2 
0.1056452992799817 10 4 5 6 
0.1293132501343541 10 4 5 9 
-0.1056452992799817 10 4 6 5 
0.2117540926113859 10 4 7 4 
-0.2157820141861035 10 4 7 11 
-0.1293132501343541 10 4 9 5 
-0.7239411952511042 10 4 10 4 
-0.2924360612400950 10 4 10 11 
-0.7085414269380993 10 4 11 3 
0.2157820141861035 10 4 11 7 
0.2924360612400950 10 4 11 10 
0.7696961499524538 10 5 3 5 
1.0083138031928069 10 5 4 11 
-0.7696961499524538 10 5 5 3 
-0.4112701961817906 10 5 5 7 
0.0585659688244835 10 5 5 10 
0.4112701961817906 10 5 7 5 
-0.0585659688244835 10 5 10 5 
-1.0083138031928069 10 5 11 4 
0.4554209821526503 10 6 0 5 
0.0910841964305301 10 6 1 4 
0.1754140099669186 10 6 1 11 
-0.3643367857221202 10 6 2 3 
0.7594273658422371 10 6 2 7 
-0.0826984514707279 10 6 2 10 
0.3643367857221203 10 6 3 2 
-0.7594273658422371 10 6 3 6 
-0.0494405061357608 10 6 3 9 
-0.0910841964305301 10 6 4 1 
0.1482590113122367 10 6 4 8 
-0.4554209821526503 10 6 5 0 
0.7594273658422371 10 6 6 3 
-0.0999952715299059 10 6 6 10 
-0.7594273658422371 10 6 7 2 
0.3856691451850230 10 6 7 9 
-0.1482590113122367 10 6 8 4 
0.1644931632417566 10 6 8 11 
0.0494405061357608 10 6 9 3 
-0.3856691451850230 10 6 9 7 
0.1644931632417566 10 6 9 10 
0.0826984514707279 10 6 10 2 
0.0999952715299059 10 6 10 6 
-0.1644931632417566 10 6 10 9 
-0.1754140099669186 10 6 11 1 
-0.1644931632417566 10 6 11 8 
0.6110113646838267 10 7 1 5 
-0.3864375177297320 10 7 2 4 
0.1668531702522620 10 7 2 11 
0.7594273658422368 10 7 3 7 
-0.1568592106743691 10 7 3 10 
0.3864375177297320 10 7 4 2 
-1.0739924804113654 10 7 4 6 
0.0349597171538916 10 7 4 9 
-0.6110113646838267 10 7 5 1 
0.1961188252459277 10 7 5 8 
1.0739924804113654 10 7 6 4 
0.3339992771860588 10 7 6 11 
-0.7594273658422368 10 7 7 3 
0.0928393010626056 10 7 7 10 
-0.1961188252459277 10 7 8 5 
-0.0349597171538916 10 7 9 4 
0.2849105162324437 10 7 9 11 
0.1568592106743691 10 7 10 3 
-0.0928393010626056 10 7 10 7 
-0.1668531702522620 10 7 11 2 
-0.3339992771860588 10 7 11 6 
-0.2849105162324437 10 7 11 9 
0.9698124176013411 10 8 0 4 
0.2831499987533450 10 8 0 11 
-0.6133632285469216 10 8 1 3 
0.2439379612754150 10 8 1 7 
0.0731090153100238 10 8 1 10 
-0.1724901866066674 10 8 2 6 
-0.2584794024579445 10 8 2 9 
0.6133632285469216 10 8 3 1 
0.2686196746603222 10 8 3 8 
-0.9698124176013411 10 8 4 0 
0.1724901866066674 10 8 6 2 
0.2849105162324437 10 8 6 9 
-0.2439379612754150 10 8 7 1 
0.1644931632417566 10 8 7 8 
-0.2686196746603222 10 8 8 3 
-0.1644931632417566 10 8 8 7 
0.0917094109888214 10 8 8 10 
0.2584794024579445 10 8 9 2 
-0.2849105162324437 10 8 9 6 
-0.0731090153100238 10 8 10 1 
-0.0917094109888214 10 8 10 8 
-0.2831499987533450 10 8 11 0 
-0.5665786358096067 10 9 0 5 
1.3177921042726355 10 9 1 4 
0.2193270459300712 10 9 1 11 
-1.6933988385041503 10 9 2 3 
0.1493808835048923 10 9 2 7 
-0.0895398915534407 10 9 2 10 
1.6933988385041503 10 9 3 2 
-0.1493808835048923 10 9 3 6 
-0.0895398915534407 10 9 3 9 
-1.3177921042726355 10 9 4 1 
0.2193270459300712 10 9 4 8 
0.5665786358096067 10 9 5 0 
0.1493808835048923 10 9 6 3 
-0.6757810226381105 10 9 6 7 
0.1644931632417566 10 9 6 10 
-0.1493808835048923 10 9 7 2 
0.6757810226381105 10 9 7 6 
0.1644931632417566 10 9 7 9 
-0.2193270459300712 10 9 8 4 
-0.8482649728935232 10 9 8 11 
0.0895398915534407 10 9 9 3 
-0.1644931632417566 10 9 9 7 
0.9399743838823444 10 9 9 10 
0.0895398915534407 10 9 10 2 
-0.1644931632417566 10 9 10 6 
-0.9399743838823444 10 9 10 9 
-0.2193270459300712 10 9 11 1 
0.8482649728935232 10 9 11 8 
-0.6857609369648281 10 11 2 5 
0.9200448428203825 10 11 3 4 
-0.1790797831068815 10 11 3 11 
-0.9200448428203825 10 11 4 3 
-0.1219689806377075 10 11 4 7 
0.2924360612400950 10 11 4 10 
0.6857609369648281 10 11 5 2 
0.2727309318522697 10 11 5 6 
-0.3269534560025719 10 11 5 9 
-0.2727309318522697 10 11 6 5 
0.1219689806377075 10 11 7 4 
-0.3289863264835132 10 11 7 11 
0.3269534560025719 10 11 9 5 
-0.2924360612400950 10 11 10 4 
-0.0917094109888214 10 11 10 11 
0.1790797831068815 10 11 11 3 
0.3289863264835132 10 11 11 7 
0.0917094109888214 10 11 11 10 
0.8473069532410858 10 12 0 15 
0.1255751624698504 10 12 0 19 
-1.4580138502560769 10 12 0 22 
-0.2193404160324481 10 12 1 14 
0.5447535549455064 10 12 1 18 
0.2818450863405722 10 12 1 21 
-0.3538821524255744 10 12 2 13 
-0.3651034777795880 10 12 2 20 
0.4344576760680792 10 12 3 12 
0.3216877698508500 10 12 6 13 
-0.0232609970685455 10 12 6 20 
-0.1981749709677192 10 12 7 12 
-0.9989011356287055 10 12 8 14 
-0.2645126230895212 10 12 8 18 
0.5980423514388126 10 12 8 21 
0.1525318362062181 10 12 9 13 
0.2710888954362407 10 12 9 20 
-1.3720032102346358 10 12 10 12 
-0.4344576760680792 10 12 12 3 
0.1981749709677192 10 12 12 7 
1.3720032102346358 10 12 12 10 
0.3538821524255744 10 12 13 2 
-0.3216877698508500 10 12 13 6 
-0.1525318362062181 10 12 13 9 
0.2193404160324481 10 12 14 1 
0.9989011356287055 10 12 14 8 
-0.8473069532410858 10 12 15 0 
-0.5447535549455064 10 12 18 1 
0.2645126230895212 10 12 18 8 
-0.1255751624698504 10 12 19 0 
0.3651034777795880 10 12 20 2 
0.0232609970685455 10 12 20 6 
-0.2710888954362407 10 12 20 9 
-0.2818450863405722 10 12 21 1 
-0.5980423514388126 10 12 21 8 
1.4580138502560769 10 12 22 0 
0.2722037580596427 10 13 0 16 
0.7253028323962445 10 13 0 23 
1.0560243129548337 10 13 1 15 
0.2938512609565039 10 13 1 19 
-1.7677410995488954 10 13 1 22 
-1.1545383489005070 10 13 2 14 
0.4573040139546807 10 13 2 18 
0.3372748895500163 10 13 2 21 
0.5228372484274719 10 13 3 13 
-0.4787329166736851 10 13 3 20 
-0.1017499405736692 10 13 4 12 
0.2122772522873660 10 13 6 14 
-0.7375824587116714 10 13 6 18 
0.1988833518993580 10 13 6 21 
0.0645931557962739 10 13 7 13 
-0.3548787044032263 10 13 7 20 
-1.0230530588130438 10 13 8 15 
-0.4022177051675007 10 13 8 19 
0.2702459361297274 10 13 8 22 
-0.3563173937358947 10 13 9 14 
0.1639236347454664 10 13 9 18 
0.5155869121825958 10 13 9 21 
-1.6553712898656678 10 13 10 13 
0.1971369208197036 10 13 10 20 
0.5419552111398834 10 13 11 12 
0.1017499405736692 10 13 12 4 
-0.5419552111398834 10 13 12 11 
-0.5228372484274719 10 13 13 3 
-0.0645931557962739 10 13 13 7 
1.6553712898656678 10 13 13 10 
1.1545383489005070 10 13 14 2 
-0.2122772522873660 10 13 14 6 
0.3563173937358947 10 13 14 9 
-1.0560243129548337 10 13 15 1 
1.0230530588130438 10 13 15 8 
-0.2722037580596427 10 13 16 0 
-0.4573040139546807 10 13 18 2 
0.7375824587116714 10 13 18 6 
-0.1639236347454664 10 13 18 9 
-0.2938512609565039 10 13 19 1 
0.4022177051675007 10 13 19 8 
0.4787329166736851 10 13 20 3 
0.3548787044032263 10 13 20 7 
-0.1971369208197036 10 13 20 10 
-0.3372748895500163 10 13 21 2 
-0.1988833518993580 10 13 21 6 
-0.5155869121825958 10 13 21 9 
1.7677410995488954 10 13 22 1 
-0.2702459361297274 10 13 22 8 
-0.7253028323962445 10 13 23 0 
-0.4169150216781424 10 14 0 17 
1.1421026992674228 10 14 1 16 
0.6130947002594213 10 14 1 23 
-0.1210691884113417 10 14 2 15 
0.2982477368372123 10 14 2 19 
-1.9046940329341804 10 14 2 22 
-0.5940873592615259 10 14 3 14 
0.2392247200878556 10 14 3 18 
0.3509337686131573 10 14 3 21 
0.4906610920275148 10 14 4 13 
-0.4676281162653249 10 14 4 20 
-0.5953384580678661 10 14 5 12 
0.0187186212020476 10 14 6 15 
-0.5215495582392696 10 14 6 19 
0.2940041063907969 10 14 6 22 
0.1897376787775879 10 14 7 14 
-0.5215495582392696 10 14 7 18 
-0.2812635335862929 10 14 7 21 
-0.7059396123855739 10 14 8 16 
0.0034210380628327 10 14 8 23 
-0.5721232016287296 10 14 9 15 
-0.2318230274505322 10 14 9 19 
0.2565282525074675 10 14 9 22 
-2.1683848191180402 10 14 10 14 
0.3767025578615247 10 14 10 18 
0.3460681440609082 10 14 10 21 
0.4263076988277269 10 14 11 13 
0.0929609296162734 10 14 11 20 
0.5953384580678661 10 14 12 5 
-0.4906610920275148 10 14 13 4 
-0.4263076988277269 10 14 13 11 
0.5940873592615259 10 14 14 3 
-0.1897376787775879 10 14 14 7 
2.1683848191180402 10 14 14 10 
0.1210691884113417 10 14 15 2 
-0.0187186212020476 10 14 15 6 
0.5721232016287296 10 14 15 9 
-1.1421026992674228 10 14 16 1 
0.7059396123855739 10 14 16 8 
0.4169150216781424 10 14 17 0 
-0.2392247200878556 10 14 18 3 
0.5215495582392696 10 14 18 7 
-0.3767025578615247 10 14 18 10 
-0.2982477368372123 10 14 19 2 
0.5215495582392696 10 14 19 6 
0.2318230274505322 10 14 19 9 
0.4676281162653249 10 14 20 4 
-0.0929609296162734 10 14 20 11 
-0.3509337686131573 10 14 21 3 
0.2812635335862929 10 14 21 7 
-0.3460681440609082 10 14 21 10 
1.9046940329341804 10 14 22 2 
-0.2940041063907969 10 14 22 6 
-0.2565282525074675 10 14 22 9 
-0.6130947002594213 10 14 23 1 
-0.0034210380628327 10 14 23 8 
-0.0268632928440123 10 15 1 17 
0.8856703574679250 10 15 2 16 
0.3196221180097535 10 15 2 23 
-0.5600289697856357 10 15 3 15 
0.1387645901119753 10 15 3 19 
-1.8552721030639652 10 15 3 22 
0.0494844668863695 10 15 4 14 
-0.0062175558171438 10 15 4 18 
0.3372748895500163 10 15 4 21 
-0.4258302253905440 10 15 5 13 
-0.3402723891899268 10 15 5 20 
-0.1769810816568857 10 15 6 16 
0.2582929115205280 10 15 6 23 
0.1772585979762229 10 15 7 15 
-0.5215495582392695 10 15 7 19 
-0.1278911939886425 10 15 7 22 
-0.2898139128376450 10 15 8 17 
-0.3563173937358947 10 15 9 16 
-0.1014166237366934 10 15 9 23 
-2.5226607308303990 10 15 10 15 
0.0289680166857266 10 15 10 19 
0.1265536072223174 10 15 10 22 
-0.0470070899563649 10 15 11 14 
0.3680571027200843 10 15 11 18 
0.1570627787212512 10 15 11 21 
0.4258302253905440 10 15 13 5 
-0.0494844668863695 10 15 14 4 
0.0470070899563649 10 15 14 11 
0.5600289697856357 10 15 15 3 
-0.1772585979762229 10 15 15 7 
2.5226607308303990 10 15 15 10 
-0.8856703574679250 10 15 16 2 
0.1769810816568857 10 15 16 6 
0.3563173937358947 10 15 16 9 
0.0268632928440123 10 15 17 1 
0.2898139128376450 10 15 17 8 
0.0062175558171438 10 15 18 4 
-0.3680571027200843 10 15 18 11 
-0.1387645901119753 10 15 19 3 
0.5215495582392695 10 15 19 7 
-0.0289680166857266 10 15 19 10 
0.3402723891899268 10 15 20 5 
-0.3372748895500163 10 15 21 4 
-0.1570627787212512 10 15 21 11 
1.8552721030639652 10 15 22 3 
0.1278911939886425 10 15 22 7 
-0.1265536072223174 10 15 22 10 
-0.3196221180097535 10 15 23 2 
-0.2582929115205280 10 15 23 6 
0.1014166237366934 10 15 23 9 
0.0450847801209574 10 16 2 17 
0.4528556442299658 10 16 3 16 
-0.0178126550332519 10 16 3 23 
-0.1965027183681328 10 16 4 15 
-0.1845981792192072 10 16 4 19 
-1.6058747625902829 10 16 4 22 
-0.6183073485789797 10 16 5 14 
-0.1881383976023035 10 16 5 18 
0.2818450863405722 10 16 5 21 
-0.2937836968822852 10 16 6 17 
0.0271559133921788 10 16 7 16 
0.0208052682678764 10 16 7 23 
0.1525318362062181 10 16 9 17 
-2.3298159578413875 10 16 10 16 
-0.3405616855582246 10 16 10 23 
-0.7263540819713513 10 16 11 15 
0.2365872824539799 10 16 11 19 
-0.0481256243181296 10 16 11 22 
0.6183073485789797 10 16 14 5 
0.1965027183681328 10 16 15 4 
0.7263540819713513 10 16 15 11 
-0.4528556442299658 10 16 16 3 
-0.0271559133921788 10 16 16 7 
2.3298159578413875 10 16 16 10 
-0.0450847801209574 10 16 17 2 
0.2937836968822852 10 16 17 6 
-0.1525318362062181 10 16 17 9 
0.1881383976023035 10 16 18 5 
0.1845981792192072 10 16 19 4 
-0.2365872824539799 10 16 19 11 
-0.2818450863405722 10 16 21 5 
1.6058747625902829 10 16 22 4 
0.0481256243181296 10 16 22 11 
0.0178126550332519 10 16 23 3 
-0.0208052682678764 10 16 23 7 
0.3405616855582246 10 16 23 10 
-0.2560342396783555 10 17 3 17 
0.8106591305716754 10 17 4 16 
-0.2722492852427233 10 17 4 23 
-1.0257303896308096 10 17 5 15 
-0.6718405711563350 10 17 5 19 
-1.1429014641651687 10 17 5 22 
-0.2605703749745444 10 17 7 17 
-1.2014674329896524 10 17 10 17 
-1.2805630884355304 10 17 11 16 
-0.7526897390166407 10 17 11 23 
1.0257303896308096 10 17 15 5 
-0.8106591305716754 10 17 16 4 
1.2805630884355304 10 17 16 11 
0.2560342396783555 10 17 17 3 
0.2605703749745444 10 17 17 7 
1.2014674329896524 10 17 17 10 
0.6718405711563350 10 17 19 5 
1.1429014641651687 10 17 22 5 
0.2722492852427233 10 17 23 4 
0.7526897390166407 10 17 23 11 
0.2200577884073159 10 18 0 17 
0.0501337198166706 10 18 1 16 
-0.2504559817807351 10 18 1 23 
-0.1836989333948620 10 18 2 15 
-0.2113600619272657 10 18 2 19 
0.2940041063907969 10 18 2 22 
0.1806378523272583 10 18 3 14 
0.2113600619272657 10 18 3 18 
-0.2812635335862929 10 18 3 21 
-0.0409504766138594 10 18 4 13 
0.2192480793789206 10 18 4 20 
-0.2353631937453345 10 18 5 12 
0.9707874277695029 10 18 6 15 
0.3062985807533624 10 18 6 19 
-1.4379734339027521 10 18 6 22 
-0.9707874277695029 10 18 7 14 
0.3062985807533624 10 18 7 18 
0.7096651238426560 10 18 7 21 
0.0709890680666838 10 18 8 16 
0.3504673069412279 10 18 8 23 
-0.2318230274505322 10 18 9 15 
0.3239959786576329 10 18 9 19 
-0.0071603268192382 10 18 9 22 
0.3767025578615247 10 18 10 14 
-1.3379781623728459 10 18 10 18 
-0.1716534900609948 10 18 10 21 
-0.4258699917476537 10 18 11 13 
0.1859741436994712 10 18 11 20 
0.2353631937453345 10 18 12 5 
0.0409504766138594 10 18 13 4 
0.4258699917476537 10 18 13 11 
-0.1806378523272583 10 18 14 3 
0.9707874277695029 10 18 14 7 
-0.3767025578615247 10 18 14 10 
0.1836989333948621 10 18 15 2 
-0.9707874277695029 10 18 15 6 
0.2318230274505322 10 18 15 9 
-0.0501337198166706 10 18 16 1 
-0.0709890680666838 10 18 16 8 
-0.2200577884073159 10 18 17 0 
-0.2113600619272657 10 18 18 3 
-0.3062985807533624 10 18 18 7 
1.3379781623728459 10 18 18 10 
0.2113600619272657 10 18 19 2 
-0.3062985807533624 10 18 19 6 
-0.3239959786576329 10 18 19 9 
-0.2192480793789206 10 18 20 4 
-0.1859741436994712 10 18 20 11 
0.2812635335862929 10 18 21 3 
-0.7096651238426560 10 18 21 7 
0.1716534900609948 10 18 21 10 
-0.2940041063907969 10 18 22 2 
1.4379734339027521 10 18 22 6 
0.0071603268192382 10 18 22 9 
0.2504559817807351 10 18 23 1 
-0.3504673069412279 10 18 23 8 
0.3089280750178132 10 19 1 17 
-0.1975477812261947 10 19 2 16 
0.0664822421380151 10 19 2 23 
0.0045916216014056 10 19 3 15 
-0.2113600619272657 10 19 3 19 
-0.1278911939886425 10 19 3 22 
0.1888897365035373 10 19 4 14 
0.2989082661215564 10 19 4 18 
0.1988833518993580 10 19 4 21 
-0.3020832896660136 10 19 5 13 
-0.2800183003165863 10 19 5 20 
1.3729007465329219 10 19 6 16 
0.6145880254275697 10 19 6 23 
-0.9707874277695027 10 19 7 15 
-0.3062985807533624 10 19 7 19 
-1.0831408719814239 10 19 7 22 
-0.4761371255625140 10 19 8 17 
0.1639236347454664 10 19 9 16 
-0.0124020498497186 10 19 9 23 
0.0289680166857266 10 19 10 15 
-1.1759801730440294 10 19 10 19 
0.1788138168802330 10 19 10 22 
-0.1003709281142469 10 19 11 14 
0.2805887482415109 10 19 11 18 
-0.2973125660821624 10 19 11 21 
0.3020832896660136 10 19 13 5 
-0.1888897365035373 10 19 14 4 
0.1003709281142469 10 19 14 11 
-0.0045916216014056 10 19 15 3 
0.9707874277695027 10 19 15 7 
-0.0289680166857266 10 19 15 10 
0.1975477812261947 10 19 16 2 
-1.3729007465329219 10 19 16 6 
-0.1639236347454664 10 19 16 9 
-0.3089280750178132 10 19 17 1 
0.4761371255625140 10 19 17 8 
-0.2989082661215564 10 19 18 4 
-0.2805887482415109 10 19 18 11 
0.2113600619272657 10 19 19 3 
0.3062985807533624 10 19 19 7 
1.1759801730440294 10 19 19 10 
0.2800183003165863 10 19 20 5 
-0.1988833518993580 10 19 21 4 
0.2973125660821624 10 19 21 11 
0.1278911939886425 10 19 22 3 
1.0831408719814239 10 19 22 7 
-0.1788138168802330 10 19 22 10 
-0.0664822421380151 10 19 23 2 
-0.6145880254275697 10 19 23 6 
0.0124020498497186 10 19 23 9 
1.0960767168761281 10 20 0 16 
0.3416738218431014 10 20 0 23 
-0.6264777062465298 10 20 1 15 
0.1386096073022519 10 20 1 19 
0.2702459361297274 10 20 1 22 
0.1789362100822664 10 20 2 14 
-0.0627116933879477 10 20 2 18 
-0.1570627787212512 10 20 2 21 
-0.0131144776996080 10 20 3 13 
-0.1669883609540267 10 20 3 20 
0.1262642992747870 10 20 4 12 
0.1097784932187198 10 20 6 14 
0.0811746271797301 10 20 6 18 
0.2973125660821624 10 20 6 21 
-0.1053283539731631 10 20 7 13 
-0.1859741436994712 10 20 7 20 
-0.4356080356143489 10 20 8 15 
-0.3504673069412279 10 20 8 19 
-0.9810835510668616 10 20 8 22 
0.1014166237366934 10 20 9 14 
0.0124020498497186 10 20 9 18 
-0.4265666549843042 10 20 9 21 
0.1971369208197036 10 20 10 13 
-1.0727929620556829 10 20 10 20 
0.0585238230897564 10 20 11 12 
-0.1262642992747870 10 20 12 4 
-0.0585238230897564 10 20 12 11 
0.0131144776996080 10 20 13 3 
0.1053283539731631 10 20 13 7 
-0.1971369208197036 10 20 13 10 
-0.1789362100822664 10 20 14 2 
-0.1097784932187198 10 20 14 6 
-0.1014166237366934 10 20 14 9 
0.6264777062465298 10 20 15 1 
0.4356080356143489 10 20 15 8 
-1.0960767168761281 10 20 16 0 
0.0627116933879477 10 20 18 2 
-0.0811746271797301 10 20 18 6 
-0.0124020498497186 10 20 18 9 
-0.1386096073022519 10 20 19 1 
0.3504673069412279 10 20 19 8 
0.1669883609540267 10 20 20 3 
0.1859741436994712 10 20 20 7 
1.0727929620556829 10 20 20 10 
0.1570627787212512 10 20 21 2 
-0.2973125660821624 10 20 21 6 
0.4265666549843042 10 20 21 9 
-0.2702459361297274 10 20 22 1 
0.9810835510668616 10 20 22 8 
-0.3416738218431014 10 20 23 0 
-0.2151709709391487 10 21 0 17 
1.1731777002095853 10 21 1 16 
0.4466855390408437 10 21 1 23 
-1.1106520779852744 10 21 2 15 
0.1052612249986605 10 21 2 19 
0.2565282525074675 10 21 2 22 
0.5827467605188763 10 21 3 14 
-0.0441196585062318 10 21 3 18 
-0.3460681440609082 10 21 3 21 
-0.1446144040630508 10 21 4 13 
-0.2273584931107725 10 21 4 20 
0.3514076648704580 10 21 5 12 
0.1052612249986605 10 21 6 15 
-0.3613236077458476 10 21 6 19 
-0.0071603268192382 10 21 6 22 
-0.0441196585062318 10 21 7 14 
0.3144574148922629 10 21 7 18 
0.1716534900609948 10 21 7 21 
-0.4466855390408437 10 21 8 16 
-0.6088412662586417 10 21 8 23 
-0.2565282525074675 10 21 9 15 
0.0071603268192382 10 21 9 19 
-0.8647990309732331 10 21 9 22 
0.3460681440609082 10 21 10 14 
-0.1716534900609948 10 21 10 18 
-1.8047734148555776 10 21 10 21 
0.2273584931107725 10 21 11 13 
0.2394237066348818 10 21 11 20 
-0.3514076648704580 10 21 12 5 
0.1446144040630508 10 21 13 4 
-0.2273584931107725 10 21 13 11 
-0.5827467605188763 10 21 14 3 
0.0441196585062318 10 21 14 7 
-0.3460681440609082 10 21 14 10 
1.1106520779852744 10 21 15 2 
-0.1052612249986605 10 21 15 6 
0.2565282525074675 10 21 15 9 
-1.1731777002095853 10 21 16 1 
0.4466855390408437 10 21 16 8 
0.2151709709391487 10 21 17 0 
0.0441196585062318 10 21 18 3 
-0.3144574148922629 10 21 18 7 
0.1716534900609948 10 21 18 10 
-0.1052612249986605 10 21 19 2 
0.3613236077458476 10 21 19 6 
-0.0071603268192382 10 21 19 9 
0.2273584931107725 10 21 20 4 
-0.2394237066348818 10 21 20 11 
0.3460681440609082 10 21 21 3 
-0.1716534900609948 10 21 21 7 
1.8047734148555776 10 21 21 10 
-0.2565282525074675 10 21 22 2 
0.0071603268192382 10 21 22 6 
0.8647990309732331 10 21 22 9 
-0.4466855390408437 10 21 23 1 
0.6088412662586417 10 21 23 8 
0.1218538034640961 10 22 1 17 
0.6309701914595368 10 22 2 16 
0.4766211059527309 10 22 2 23 
-0.9468212797877490 10 22 3 15 
0.0407610443282858 10 22 3 19 
0.1265536072223174 10 22 3 22 
0.6309701914595368 10 22 4 14 
0.0288224108527763 10 22 4 18 
-0.5155869121825958 10 22 4 21 
0.1218538034640961 10 22 5 13 
-0.2035114054064870 10 22 5 20 
0.0288224108527763 10 22 6 16 
-0.3097146159318809 10 22 6 23 
0.0407610443282858 10 22 7 15 
-0.0937323857071693 10 22 7 19 
0.1788138168802330 10 22 7 22 
-0.2035114054064870 10 22 8 17 
-0.5155869121825958 10 22 9 16 
-0.4265666549843042 10 22 9 23 
0.1265536072223174 10 22 10 15 
0.1788138168802330 10 22 10 19 
-2.3001548862050512 10 22 10 22 
0.4766211059527309 10 22 11 14 
-0.3097146159318809 10 22 11 18 
-0.4265666549843042 10 22 11 21 
-0.1218538034640961 10 22 13 5 
-0.6309701914595368 10 22 14 4 
-0.4766211059527309 10 22 14 11 
0.9468212797877490 10 22 15 3 
-0.0407610443282858 10 22 15 7 
-0.1265536072223174 10 22 15 10 
-0.6309701914595368 10 22 16 2 
-0.0288224108527763 10 22 16 6 
0.5155869121825958 10 22 16 9 
-0.1218538034640961 10 22 17 1 
0.2035114054064870 10 22 17 8 
-0.0288224108527763 10 22 18 4 
0.3097146159318809 10 22 18 11 
-0.0407610443282858 10 22 19 3 
0.0937323857071693 10 22 19 7 
-0.1788138168802330 10 22 19 10 
0.2035114054064870 10 22 20 5 
0.5155869121825958 10 22 21 4 
0.4265666549843042 10 22 21 11 
-0.1265536072223174 10 22 22 3 
-0.1788138168802330 10 22 22 7 
2.3001548862050512 10 22 22 10 
-0.4766211059527309 10 22 23 2 
0.3097146159318809 10 22 23 6 
0.4265666549843042 10 22 23 9 
0.1639022526650746 10 23 2 17 
0.2333822985485703 10 23 3 16 
0.3865028977926174 10 23 3 23 
-0.6866625442718123 10 23 4 15 
-0.0193829236574928 10 23 4 19 
-0.0481256243181296 10 23 4 22 
0.8496631896299027 10 23 5 14 
0.1549702521311933 10 23 5 18 
-0.5980423514388126 10 23 5 21 
-0.1177606797210764 10 23 6 17 
0.1025860569802148 10 23 7 16 
-0.1644931632417566 10 23 7 23 
-0.2710888954362407 10 23 9 17 
-0.3405616855582246 10 23 10 16 
-1.4422105216794423 10 23 10 23 
0.5655826808994989 10 23 11 15 
0.1644931632417566 10 23 11 19 
-1.3505011106906211 10 23 11 22 
-0.8496631896299027 10 23 14 5 
0.6866625442718123 10 23 15 4 
-0.5655826808994989 10 23 15 11 
-0.2333822985485703 10 23 16 3 
-0.1025860569802148 10 23 16 7 
0.3405616855582246 10 23 16 10 
-0.1639022526650746 10 23 17 2 
0.1177606797210764 10 23 17 6 
0.2710888954362407 10 23 17 9 
-0.1549702521311933 10 23 18 5 
0.0193829236574928 10 23 19 4 
-0.1644931632417566 10 23 19 11 
0.5980423514388126 10 23 21 5 
0.0481256243181296 10 23 22 4 
1.3505011106906211 10 23 22 11 
-0.3865028977926174 10 23 23 3 
0.1644931632417566 10 23 23 7 
1.4422105216794423 10 23 23 10 
0.1914078974806580 11 0 0 4 
-0.3227114012523185 11 0 0 11 
0.0776777077238112 11 0 1 3 
0.2507757750272271 11 0 1 7 
0.1833476212563612 11 0 1 10 
0.0479367125992772 11 0 2 6 
-0.0504584763522818 11 0 2 9 
-0.0776777077238112 11 0 3 1 
0.3950554632758306 11 0 3 8 
-0.1914078974806580 11 0 4 0 
-0.0479367125992772 11 0 6 2 
0.1961188252459277 11 0 6 9 
-0.2507757750272271 11 0 7 1 
0.0781723040302670 11 0 7 8 
-0.3950554632758306 11 0 8 3 
-0.0781723040302670 11 0 8 7 
0.2831499987533450 11 0 8 10 
0.0504584763522818 11 0 9 2 
-0.1961188252459277 11 0 9 6 
-0.1833476212563612 11 0 10 1 
-0.2831499987533450 11 0 10 8 
0.3227114012523185 11 0 11 0 
0.1914078974806580 11 1 0 5 
0.2896632894118968 11 1 1 4 
-0.1806909445137923 11 1 1 11 
0.0982553919312388 11 1 2 3 
0.3386470020299757 11 1 2 7 
0.1867870014316945 11 1 2 10 
-0.0982553919312388 11 1 3 2 
0.0643138487939128 11 1 3 6 
0.2383114961202490 11 1 3 9 
-0.2896632894118968 11 1 4 1 
0.4997100264178517 11 1 4 8 
-0.1914078974806580 11 1 5 0 
-0.0643138487939128 11 1 6 3 
0.1754140099669186 11 1 6 10 
-0.3386470020299757 11 1 7 2 
0.1482590113122367 11 1 7 9 
-0.4997100264178517 11 1 8 4 
0.2193270459300712 11 1 8 11 
-0.2383114961202490 11 1 9 3 
-0.1482590113122367 11 1 9 7 
0.2193270459300712 11 1 9 10 
-0.1867870014316945 11 1 10 2 
-0.1754140099669186 11 1 10 6 
-0.2193270459300712 11 1 10 9 
0.1806909445137923 11 1 11 1 
-0.2193270459300712 11 1 11 8 
0.3803201668152534 11 2 1 5 
0.3879186813431356 11 2 2 4 
-0.0663077334907516 11 2 2 11 
0.3819277666490264 11 2 3 7 
0.3666292079661183 11 2 3 10 
-0.3879186813431356 11 2 4 2 
0.0643138487939128 11 2 4 6 
0.5443201421393585 11 2 4 9 
-0.3803201668152534 11 2 5 1 
0.3950554632758306 11 2 5 8 
-0.0643138487939128 11 2 6 4 
0.1074187045386083 11 2 6 11 
-0.3819277666490264 11 2 7 3 
0.1668531702522620 11 2 7 10 
-0.3950554632758306 11 2 8 5 
-0.5443201421393585 11 2 9 4 
0.2686196746603222 11 2 9 11 
-0.3666292079661183 11 2 10 3 
-0.1668531702522620 11 2 10 7 
0.0663077334907516 11 2 11 2 
-0.1074187045386083 11 2 11 6 
-0.2686196746603222 11 2 11 9 
0.6477068057111962 11 3 2 5 
0.3879186813431354 11 3 3 4 
0.1453657384212662 11 3 3 11 
-0.3879186813431354 11 3 4 3 
0.3815229012259175 11 3 4 7 
0.7085414269380993 11 3 4 10 
-0.6477068057111962 11 3 5 2 
0.0479367125992773 11 3 5 6 
0.6337976578491176 11 3 5 9 
-0.0479367125992773 11 3 6 5 
-0.3815229012259175 11 3 7 4 
0.1321389576064887 11 3 7 11 
-0.6337976578491176 11 3 9 5 
-0.7085414269380993 11 3 10 4 
0.1790797831068815 11 3 10 11 
-0.1453657384212662 11 3 11 3 
-0.1321389576064887 11 3 11 7 
-0.1790797831068815 11 3 11 10 
0.9936734568019402 11 4 3 5 
0.5792569778267241 11 4 4 11 
-0.9936734568019402 11 4 5 3 
0.3185685241207064 11 4 5 7 
1.0083138031928069 11 4 5 10 
-0.3185685241207064 11 4 7 5 
-1.0083138031928069 11 4 10 5 
-0.5792569778267241 11 4 11 4 
1.2569085495788257 11 5 4 5 
-1.2569085495788257 11 5 5 4 
1.3602934913300846 11 5 5 11 
-1.3602934913300846 11 5 11 5 
0.3527675758781280 11 6 1 5 
-0.2231098048862315 11 6 2 4 
0.1074187045386083 11 6 2 11 
0.4384555940989839 11 6 3 7 
-0.1097641911995563 11 6 3 10 
0.2231098048862315 11 6 4 2 
-0.6200698476731357 11 6 4 6 
0.0473390007642743 11 6 4 9 
-0.3527675758781280 11 6 5 1 
0.0781723040302670 11 6 5 8 
0.6200698476731357 11 6 6 4 
-0.2928298441224172 11 6 6 11 
-0.4384555940989839 11 6 7 3 
0.3339992771860588 11 6 7 10 
-0.0781723040302670 11 6 8 5 
-0.0473390007642743 11 6 9 4 
0.1644931632417566 11 6 9 11 
0.1097641911995563 11 6 10 3 
-0.3339992771860588 11 6 10 7 
-0.1074187045386083 11 6 11 2 
0.2928298441224172 11 6 11 6 
-0.1644931632417566 11 6 11 9 
0.4988886901723285 11 7 2 5 
-0.6693294146586947 11 7 3 4 
0.1321389576064887 11 7 3 11 
0.6693294146586947 11 7 4 3 
0.6200698476731357 11 7 4 7 
-0.2157820141861035 11 7 4 10 
-0.4988886901723285 11 7 5 2 
-1.3865183301950716 11 7 5 6 
0.2412516260209757 11 7 5 9 
1.3865183301950716 11 7 6 5 
-0.6200698476731357 11 7 7 4 
0.2856738736551171 11 7 7 11 
-0.2412516260209757 11 7 9 5 
0.2157820141861035 11 7 10 4 
0.3289863264835132 11 7 10 11 
-0.1321389576064887 11 7 11 3 
-0.2856738736551171 11 7 11 7 
-0.3289863264835132 11 7 11 10 
1.8186010832479886 11 8 0 5 
-1.0673876147849592 11 8 1 4 
0.2193270459300712 11 8 1 11 
0.6917808805534447 11 8 2 3 
0.1493808835048923 11 8 2 7 
-0.0895398915534407 11 8 2 10 
-0.6917808805534446 11 8 3 2 
-0.1493808835048923 11 8 3 6 
-0.0895398915534407 11 8 3 9 
1.0673876147849592 11 8 4 1 
0.2193270459300712 11 8 4 8 
-1.8186010832479886 11 8 5 0 
0.1493808835048923 11 8 6 3 
0.6757810226381105 11 8 6 7 
0.1644931632417566 11 8 6 10 
-0.1493808835048923 11 8 7 2 
-0.6757810226381105 11 8 7 6 
0.1644931632417566 11 8 7 9 
-0.2193270459300712 11 8 8 4 
0.9399743838823444 11 8 8 11 
0.0895398915534407 11 8 9 3 
-0.1644931632417566 11 8 9 7 
-0.8482649728935232 11 8 9 10 
0.0895398915534407 11 8 10 2 
-0.1644931632417566 11 8 10 6 
0.8482649728935232 11 8 10 9 
-0.2193270459300712 11 8 11 1 
-0.9399743838823444 11 8 11 8 
0.9698124176013411 11 9 1 5 
-0.6133632285469216 11 9 2 4 
0.2686196746603222 11 9 2 11 
0.1724901866066674 11 9 3 7 
-0.2584794024579445 11 9 3 10 
0.6133632285469216 11 9 4 2 
-0.2439379612754150 11 9 4 6 
0.0731090153100238 11 9 4 9 
-0.9698124176013411 11 9 5 1 
0.2831499987533450 11 9 5 8 
0.2439379612754150 11 9 6 4 
0.1644931632417566 11 9 6 11 
-0.1724901866066674 11 9 7 3 
0.2849105162324437 11 9 7 10 
-0.2831499987533450 11 9 8 5 
-0.0731090153100238 11 9 9 4 
0.0917094109888214 11 9 9 11 
0.2584794024579445 11 9 10 3 
-0.2849105162324437 11 9 10 7 
-0.2686196746603222 11 9 11 2 
-0.1644931632417566 11 9 11 6 
-0.0917094109888214 11 9 11 9 
0.6857609369648281 11 10 2 5 
-0.9200448428203825 11 10 3 4 
0.1790797831068815 11 10 3 11 
0.9200448428203825 11 10 4 3 
0.1219689806377075 11 10 4 7 
-0.2924360612400950 11 10 4 10 
-0.6857609369648281 11 10 5 2 
-0.2727309318522697 11 10 5 6 
0.3269534560025719 11 10 5 9 
0.2727309318522697 11 10 6 5 
-0.1219689806377075 11 10 7 4 
0.3289863264835132 11 10 7 11 
-0.3269534560025719 11 10 9 5 
0.2924360612400950 11 10 10 4 
0.0917094109888214 11 10 10 11 
-0.1790797831068815 11 10 11 3 
-0.3289863264835132 11 10 11 7 
-0.0917094109888214 11 10 11 10 
1.0322329200552471 11 12 0 16 
-2.3943757805319845 11 12 0 23 
-0.6493616974667379 11 12 1 15 
0.0972701025886043 11 12 1 19 
0.7253028323962445 11 12 1 22 
0.5544340647699876 11 12 2 14 
0.2992018867223660 11 12 2 18 
-0.3402723891899268 11 12 2 21 
-0.7270394051905491 11 12 3 13 
-0.0143362356815123 11 12 3 20 
0.8408250225745891 11 12 4 12 
0.2512651741230887 11 12 6 14 
0.9522148596816742 11 12 6 18 
-0.2800183003165863 11 12 6 21 
-0.1535056724386228 11 12 7 13 
0.4447166944399762 11 12 7 20 
-0.4093916989573429 11 12 8 15 
0.3665443904097092 11 12 8 19 
0.3416738218431014 11 12 8 22 
-0.2898139128376450 11 12 9 14 
-0.4761371255625140 11 12 9 18 
0.2035114054064869 11 12 9 21 
0.5419552111398834 11 12 10 13 
0.0585238230897564 11 12 10 20 
-2.0716643792796665 11 12 11 12 
-0.8408250225745891 11 12 12 4 
2.0716643792796665 11 12 12 11 
0.7270394051905491 11 12 13 3 
0.1535056724386228 11 12 13 7 
-0.5419552111398834 11 12 13 10 
-0.5544340647699876 11 12 14 2 
-0.2512651741230887 11 12 14 6 
0.2898139128376450 11 12 14 9 
0.6493616974667379 11 12 15 1 
0.4093916989573429 11 12 15 8 
-1.0322329200552471 11 12 16 0 
-0.2992018867223660 11 12 18 2 
-0.9522148596816742 11 12 18 6 
0.4761371255625140 11 12 18 9 
-0.0972701025886043 11 12 19 1 
-0.3665443904097092 11 12 19 8 
0.0143362356815123 11 12 20 3 
-0.4447166944399762 11 12 20 7 
-0.0585238230897564 11 12 20 10 
0.3402723891899268 11 12 21 2 
0.2800183003165863 11 12 21 6 
-0.2035114054064869 11 12 21 9 
-0.7253028323962445 11 12 22 1 
-0.3416738218431014 11 12 22 8 
2.3943757805319845 11 12 23 0 
1.0322329200552471 11 13 0 17 
0.2108481243480141 11 13 1 16 
-1.8325586223664405 11 13 1 23 
-0.0775334409869052 11 13 2 15 
0.2568451805087723 11 13 2 19 
0.6130947002594213 11 13 2 22 
-0.1757888329181440 11 13 3 14 
0.4014214546244413 11 13 3 18 
-0.4676281162653249 11 13 3 21 
-0.0788151650638827 11 13 4 13 
-0.0181340631306221 11 13 4 20 
0.8408250225745892 11 13 5 12 
0.3371076058305285 11 13 6 15 
0.4258434310867295 11 13 6 19 
-0.2504559817807351 11 13 6 22 
-0.0818018215212034 11 13 7 14 
0.4258434310867295 11 13 7 18 
0.2192480793789206 11 13 7 21 
-0.5178440895484738 11 13 8 16 
0.2646594043666745 11 13 8 23 
-0.7059396123855739 11 13 9 15 
0.0709890680666838 11 13 9 19 
0.4466855390408437 11 13 9 22 
0.4263076988277269 11 13 10 14 
-0.4258699917476537 11 13 10 18 
0.2273584931107725 11 13 10 21 
-1.6518676778526482 11 13 11 13 
0.0453323584366032 11 13 11 20 
-0.8408250225745892 11 13 12 5 
0.0788151650638827 11 13 13 4 
1.6518676778526482 11 13 13 11 
0.1757888329181440 11 13 14 3 
0.0818018215212034 11 13 14 7 
-0.4263076988277269 11 13 14 10 
0.0775334409869052 11 13 15 2 
-0.3371076058305285 11 13 15 6 
0.7059396123855739 11 13 15 9 
-0.2108481243480141 11 13 16 1 
0.5178440895484738 11 13 16 8 
-1.0322329200552471 11 13 17 0 
-0.4014214546244413 11 13 18 3 
-0.4258434310867295 11 13 18 7 
0.4258699917476537 11 13 18 10 
-0.2568451805087723 11 13 19 2 
-0.4258434310867295 11 13 19 6 
-0.0709890680666838 11 13 19 9 
0.0181340631306221 11 13 20 4 
-0.0453323584366032 11 13 20 11 
0.4676281162653249 11 13 21 3 
-0.2192480793789206 11 13 21 7 
-0.2273584931107725 11 13 21 10 
-0.6130947002594213 11 13 22 2 
0.2504559817807351 11 13 22 6 
-0.4466855390408437 11 13 22 9 
1.8325586223664405 11 13 23 1 
-0.2646594043666745 11 13 23 8 
0.9827418541238025 11 14 1 17 
0.1333146833611087 11 14 2 16 
-1.4571163274563954 11 14 2 23 
-0.2686888465557844 11 14 3 15 
0.4143493696186088 11 14 3 19 
0.3196221180097535 11 14 3 22 
-0.2546039979820268 11 14 4 14 
0.4014214546244412 11 14 4 18 
-0.4787329166736851 11 14 4 21 
0.6024216873085493 11 14 5 13 
-0.0143362356815123 11 14 5 20 
0.3371076058305285 11 14 6 16 
-0.1533723395976503 11 14 6 23 
0.0324216029695824 11 14 7 15 
0.3011167778451727 11 14 7 19 
0.0664822421380151 11 14 7 22 
-0.4093916989573429 11 14 8 17 
-1.0230530588130438 11 14 9 16 
0.4356080356143490 11 14 9 23 
-0.0470070899563649 11 14 10 15 
-0.1003709281142469 11 14 10 19 
0.4766211059527310 11 14 10 22 
-1.3908085939656438 11 14 11 14 
-0.2607910441362586 11 14 11 18 
0.1669883609540267 11 14 11 21 
-0.6024216873085493 11 14 13 5 
0.2546039979820268 11 14 14 4 
1.3908085939656438 11 14 14 11 
0.2686888465557844 11 14 15 3 
-0.0324216029695824 11 14 15 7 
0.0470070899563649 11 14 15 10 
-0.1333146833611087 11 14 16 2 
-0.3371076058305285 11 14 16 6 
1.0230530588130438 11 14 16 9 
-0.9827418541238025 11 14 17 1 
0.4093916989573429 11 14 17 8 
-0.4014214546244412 11 14 18 4 
0.2607910441362586 11 14 18 11 
-0.4143493696186088 11 14 19 3 
-0.3011167778451727 11 14 19 7 
0.1003709281142469 11 14 19 10 
0.0143362356815123 11 14 20 5 
0.4787329166736851 11 14 21 4 
-0.1669883609540267 11 14 21 11 
-0.3196221180097535 11 14 22 3 
-0.0664822421380151 11 14 22 7 
-0.4766211059527310 11 14 22 10 
1.4571163274563954 11 14 23 2 
0.1533723395976503 11 14 23 6 
-0.4356080356143490 11 14 23 9 
1.0259048037404752 11 15 2 17 
-0.1200075905439405 11 15 3 16 
-1.2725824115845057 11 15 3 23 
-0.5079262718870760 11 15 4 15 
0.5244594835917331 11 15 4 19 
-0.0178126550332519 11 15 4 22 
0.3781979980292788 11 15 5 14 
0.2992018867223660 11 15 5 18 
-0.3651034777795880 11 15 5 21 
0.2512651741230887 11 15 6 17 
0.1429365823658156 11 15 7 16 
-0.0127405728045039 11 15 7 23 
-0.9989011356287055 11 15 9 17 
-0.7263540819713513 11 15 10 16 
0.5655826808994989 11 15 10 23 
-1.4179481500057716 11 15 11 15 
-0.1448795304109926 11 15 11 19 
0.3865028977926174 11 15 11 22 
-0.3781979980292788 11 15 14 5 
0.5079262718870760 11 15 15 4 
1.4179481500057716 11 15 15 11 
0.1200075905439405 11 15 16 3 
-0.1429365823658156 11 15 16 7 
0.7263540819713513 11 15 16 10 
-1.0259048037404752 11 15 17 2 
-0.2512651741230887 11 15 17 6 
0.9989011356287055 11 15 17 9 
-0.2992018867223660 11 15 18 5 
-0.5244594835917331 11 15 19 4 
0.1448795304109926 11 15 19 11 
0.3651034777795880 11 15 21 5 
0.0178126550332519 11 15 22 4 
-0.3865028977926174 11 15 22 11 
1.2725824115845057 11 15 23 3 
0.0127405728045039 11 15 23 7 
-0.5655826808994989 11 15 23 10 
0.9932620347081823 11 16 3 17 
-0.6279338624310166 11 16 4 16 
-1.2834903905334276 11 16 4 23 
-0.0004114220937582 11 16 5 15 
0.5204054686789930 11 16 5 19 
-0.2722492852427233 11 16 5 22 
0.2018369445582865 11 16 7 17 
-1.2805630884355304 11 16 10 17 
-1.8627473683601516 11 16 11 16 
0.5830309648145314 11 16 11 23 
0.0004114220937582 11 16 15 5 
0.6279338624310166 11 16 16 4 
1.8627473683601516 11 16 16 11 
-0.9932620347081823 11 16 17 3 
-0.2018369445582865 11 16 17 7 
1.2805630884355304 11 16 17 10 
-0.5204054686789930 11 16 19 5 
0.2722492852427233 11 16 22 5 
1.2834903905334276 11 16 23 4 
-0.5830309648145314 11 16 23 11 
0.6284542747894130 11 17 4 17 
-0.6284542747894130 11 17 5 16 
-1.4943737800858157 11 17 5 23 
-2.8546672714159005 11 17 11 17 
0.6284542747894130 11 17 16 5 
-0.6284542747894130 11 17 17 4 
2.8546672714159005 11 17 17 11 
1.4943737800858157 11 17 23 5 
0.1704560299409540 11 18 1 17 
-0.1040568157661927 11 18 2 16 
-0.1533723395976503 11 18 2 23 
-0.0079529219027653 11 18 3 15 
-0.1220287886496429 11 18 3 19 
0.2582929115205280 11 18 3 22 
0.1190529891200389 11 18 4 14 
0.1725747679082849 11 18 4 18 
-0.3548787044032263 11 18 4 21 
-0.1823115459371740 11 18 5 13 
0.4447166944399762 11 18 5 20 
0.7926446155814209 11 18 6 16 
-1.7928059958240796 11 18 6 23 
-0.5604843827486268 11 18 7 15 
0.5305247041510623 11 18 7 19 
0.6145880254275697 11 18 7 22 
0.3665443904097092 11 18 8 17 
-0.4022177051675007 11 18 9 16 
0.3504673069412279 11 18 9 23 
0.3680571027200843 11 18 10 15 
0.2805887482415109 11 18 10 19 
-0.3097146159318809 11 18 10 22 
-0.2607910441362586 11 18 11 14 
-1.4999761517016623 11 18 11 18 
0.1859741436994712 11 18 11 21 
0.1823115459371740 11 18 13 5 
-0.1190529891200389 11 18 14 4 
0.2607910441362586 11 18 14 11 
0.0079529219027653 11 18 15 3 
0.5604843827486268 11 18 15 7 
-0.3680571027200843 11 18 15 10 
0.1040568157661927 11 18 16 2 
-0.7926446155814209 11 18 16 6 
0.4022177051675007 11 18 16 9 
-0.1704560299409540 11 18 17 1 
-0.3665443904097092 11 18 17 8 
-0.1725747679082849 11 18 18 4 
1.4999761517016623 11 18 18 11 
0.1220287886496429 11 18 19 3 
-0.5305247041510623 11 18 19 7 
-0.2805887482415109 11 18 19 10 
-0.4447166944399762 11 18 20 5 
0.3548787044032263 11 18 21 4 
-0.1859741436994712 11 18 21 11 
-0.2582929115205280 11 18 22 3 
-0.6145880254275697 11 18 22 7 
0.3097146159318809 11 18 22 10 
0.1533723395976503 11 18 23 2 
1.7928059958240796 11 18 23 6 
-0.3504673069412279 11 18 23 9 
0.2494443450861643 11 19 2 17 
-0.3346647073293474 11 19 3 16 
-0.0127405728045039 11 19 3 23 
0.3346647073293474 11 19 4 15 
-0.1725747679082849 11 19 4 19 
0.0208052682678764 11 19 4 22 
-0.2494443450861643 11 19 5 14 
0.3858889122441742 11 19 5 18 
-0.0232609970685455 11 19 5 21 
1.7724072424392461 11 19 6 17 
-0.7926446155814209 11 19 7 16 
-0.7283083100600960 11 19 7 23 
-0.2645126230895212 11 19 9 17 
0.2365872824539799 11 19 10 16 
0.1644931632417566 11 19 10 23 
-0.1448795304109926 11 19 11 15 
-1.0139821837152130 11 19 11 19 
-0.1644931632417566 11 19 11 22 
0.2494443450861643 11 19 14 5 
-0.3346647073293474 11 19 15 4 
0.1448795304109926 11 19 15 11 
0.3346647073293474 11 19 16 3 
0.7926446155814209 11 19 16 7 
-0.2365872824539799 11 19 16 10 
-0.2494443450861643 11 19 17 2 
-1.7724072424392461 11 19 17 6 
0.2645126230895212 11 19 17 9 
-0.3858889122441742 11 19 18 5 
0.1725747679082849 11 19 19 4 
1.0139821837152130 11 19 19 11 
0.0232609970685455 11 19 21 5 
-0.0208052682678764 11 19 22 4 
0.1644931632417566 11 19 22 11 
0.0127405728045039 11 19 23 3 
0.7283083100600960 11 19 23 7 
-0.1644931632417566 11 19 23 10 
1.6301999278147976 11 20 0 17 
-0.7811825536894081 11 20 1 16 
0.2646594043666745 11 20 1 23 
0.3975448748061063 11 20 2 15 
0.0848807028345176 11 20 2 19 
0.0034210380628327 11 20 2 22 
-0.2942360057473387 11 20 3 14 
-0.0645001806703747 11 20 3 18 
-0.0929609296162735 11 20 3 21 
0.2862050610955514 11 20 4 13 
-0.0453323584366032 11 20 4 20 
-0.1884011554331916 11 20 5 12 
0.0848807028345176 11 20 6 15 
0.4081898005994323 11 20 6 19 
0.3504673069412279 11 20 6 22 
-0.0645001806703747 11 20 7 14 
-0.2675912220386783 11 20 7 18 
-0.1859741436994712 11 20 7 21 
-0.2646594043666745 11 20 8 16 
-0.3722422848082202 11 20 8 23 
-0.0034210380628327 11 20 9 15 
-0.3504673069412279 11 20 9 19 
-0.6088412662586415 11 20 9 22 
0.0929609296162735 11 20 10 14 
0.1859741436994712 11 20 10 18 
0.2394237066348819 11 20 10 21 
0.0453323584366032 11 20 11 13 
-1.3122166686905652 11 20 11 20 
0.1884011554331916 11 20 12 5 
-0.2862050610955514 11 20 13 4 
-0.0453323584366032 11 20 13 11 
0.2942360057473387 11 20 14 3 
0.0645001806703747 11 20 14 7 
-0.0929609296162735 11 20 14 10 
-0.3975448748061063 11 20 15 2 
-0.0848807028345176 11 20 15 6 
0.0034210380628327 11 20 15 9 
0.7811825536894081 11 20 16 1 
0.2646594043666745 11 20 16 8 
-1.6301999278147976 11 20 17 0 
0.0645001806703747 11 20 18 3 
0.2675912220386783 11 20 18 7 
-0.1859741436994712 11 20 18 10 
-0.0848807028345176 11 20 19 2 
-0.4081898005994323 11 20 19 6 
0.3504673069412279 11 20 19 9 
0.0453323584366032 11 20 20 4 
1.3122166686905652 11 20 20 11 
0.0929609296162735 11 20 21 3 
0.1859741436994712 11 20 21 7 
-0.2394237066348819 11 20 21 10 
-0.0034210380628327 11 20 22 2 
-0.3504673069412279 11 20 22 6 
0.6088412662586415 11 20 22 9 
-0.2646594043666745 11 20 23 1 
0.3722422848082202 11 20 23 8 
1.0960767168761281 11 21 1 17 
-0.6264777062465298 11 21 2 16 
0.4356080356143489 11 21 2 23 
0.1789362100822664 11 21 3 15 
0.1097784932187198 11 21 3 19 
-0.1014166237366934 11 21 3 22 
-0.0131144776996080 11 21 4 14 
-0.1053283539731631 11 21 4 18 
-0.1971369208197036 11 21 4 21 
0.1262642992747870 11 21 5 13 
-0.0585238230897564 11 21 5 20 
0.1386096073022519 11 21 6 16 
0.3504673069412279 11 21 6 23 
-0.0627116933879477 11 21 7 15 
0.0811746271797301 11 21 7 19 
-0.0124020498497186 11 21 7 22 
-0.3416738218431014 11 21 8 17 
-0.2702459361297274 11 21 9 16 
-0.9810835510668616 11 21 9 23 
0.1570627787212512 11 21 10 15 
-0.2973125660821624 11 21 10 19 
-0.4265666549843042 11 21 10 22 
0.1669883609540267 11 21 11 14 
0.1859741436994712 11 21 11 18 
-1.0727929620556829 11 21 11 21 
-0.1262642992747870 11 21 13 5 
0.0131144776996080 11 21 14 4 
-0.1669883609540267 11 21 14 11 
-0.1789362100822664 11 21 15 3 
0.0627116933879477 11 21 15 7 
-0.1570627787212512 11 21 15 10 
0.6264777062465298 11 21 16 2 
-0.1386096073022519 11 21 16 6 
0.2702459361297274 11 21 16 9 
-1.0960767168761281 11 21 17 1 
0.3416738218431014 11 21 17 8 
0.1053283539731631 11 21 18 4 
-0.1859741436994712 11 21 18 11 
-0.1097784932187198 11 21 19 3 
-0.0811746271797301 11 21 19 7 
0.2973125660821624 11 21 19 10 
0.0585238230897564 11 21 20 5 
0.1971369208197036 11 21 21 4 
1.0727929620556829 11 21 21 11 
0.1014166237366934 11 21 22 3 
0.0124020498497186 11 21 22 7 
0.4265666549843042 11 21 22 10 
-0.4356080356143489 11 21 23 2 
-0.3504673069412279 11 21 23 6 
0.9810835510668616 11 21 23 9 
0.8496631896299027 11 22 2 17 
-0.6866625442718123 11 22 3 16 
0.5655826808994989 11 22 3 23 
0.2333822985485703 11 22 4 15 
0.1025860569802148 11 22 4 19 
-0.3405616855582246 11 22 4 22 
0.1639022526650746 11 22 5 14 
-0.1177606797210764 11 22 5 18 
-0.2710888954362407 11 22 5 21 
0.1549702521311933 11 22 6 17 
-0.0193829236574928 11 22 7 16 
0.1644931632417566 11 22 7 23 
-0.5980423514388126 11 22 9 17 
-0.0481256243181296 11 22 10 16 
-1.3505011106906211 11 22 10 23 
0.3865028977926174 11 22 11 15 
-0.1644931632417566 11 22 11 19 
-1.4422105216794423 11 22 11 22 
-0.1639022526650746 11 22 14 5 
-0.2333822985485703 11 22 15 4 
-0.3865028977926174 11 22 15 11 
0.6866625442718123 11 22 16 3 
0.0193829236574928 11 22 16 7 
0.0481256243181296 11 22 16 10 
-0.8496631896299027 11 22 17 2 
-0.1549702521311933 11 22 17 6 
0.5980423514388126 11 22 17 9 
0.1177606797210764 11 22 18 5 
-0.1025860569802148 11 22 19 4 
0.1644931632417566 11 22 19 11 
0.2710888954362407 11 22 21 5 
0.3405616855582246 11 22 22 4 
1.4422105216794423 11 22 22 11 
-0.5655826808994989 11 22 23 3 
-0.1644931632417566 11 22 23 7 
1.3505011106906211 11 22 23 10 
0.5851822809503073 11 23 3 17 
-0.7402035416702133 11 23 4 16 
0.5830309648145314 11 23 4 23 
0.5851822809503073 11 23 5 15 
0.0644488699422356 11 23 5 19 
-0.7526897390166407 11 23 5 22 
0.0644488699422356 11 23 7 17 
-0.7526897390166407 11 23 10 17 
0.5830309648145314 11 23 11 16 
-2.7927116323700636 11 23 11 23 
-0.5851822809503073 11 23 15 5 
0.7402035416702133 11 23 16 4 
-0.5830309648145314 11 23 16 11 
-0.5851822809503073 11 23 17 3 
-0.0644488699422356 11 23 17 7 
0.7526897390166407 11 23 17 10 
-0.0644488699422356 11 23 19 5 
0.7526897390166407 11 23 22 5 
-0.5830309648145314 11 23 23 4 
2.7927116323700636 11 23 23 11 
4.0680750531540326 12 0 0 12 
-4.0680750531540326 12 0 12 0 
1.9366315864661996 12 1 0 13 
-0.6284542747894130 12 1 0 20 
2.1314434666878337 12 1 1 12 
0.6284542747894130 12 1 8 12 
-2.1314434666878337 12 1 12 1 
-0.6284542747894130 12 1 12 8 
-1.9366315864661996 12 1 13 0 
0.6284542747894130 12 1 20 0 
1.2421153591683542 12 2 0 14 
0.4269452706114438 12 2 0 18 
-1.0257303896308096 12 2 0 21 
0.8785012600833593 12 2 1 13 
-0.0004114220937581 12 2 1 20 
1.4369272393899883 12 2 2 12 
0.4269452706114438 12 2 6 12 
0.9932620347081821 12 2 8 13 
-0.5851822809503073 12 2 8 20 
-0.2560342396783555 12 2 9 12 
-1.4369272393899883 12 2 12 2 
-0.4269452706114438 12 2 12 6 
0.2560342396783555 12 2 12 9 
-0.8785012600833593 12 2 13 1 
-0.9932620347081821 12 2 13 8 
-1.2421153591683542 12 2 14 0 
-0.4269452706114438 12 2 18 0 
0.0004114220937581 12 2 20 1 
0.5851822809503073 12 2 20 8 
1.0257303896308096 12 2 21 0 
0.7613889805536679 12 3 0 15 
-0.0258211437782079 12 3 0 19 
-0.8473069532410858 12 3 0 22 
0.6449621166958440 12 3 1 14 
0.5843547552045125 12 3 1 18 
-0.6183073485789797 12 3 1 21 
0.2868291807329613 12 3 2 13 
0.3781979980292789 12 3 2 20 
1.2231373907068301 12 3 3 12 
0.3703238925547188 12 3 6 13 
-0.2494443450861643 12 3 6 20 
0.4527664143896517 12 3 7 12 
1.0259048037404752 12 3 8 14 
0.2494443450861643 12 3 8 18 
-0.8496631896299027 12 3 8 21 
0.0450847801209573 12 3 9 13 
-0.1639022526650746 12 3 9 20 
-0.4344576760680792 12 3 10 12 
-1.2231373907068301 12 3 12 3 
-0.4527664143896517 12 3 12 7 
0.4344576760680792 12 3 12 10 
-0.2868291807329613 12 3 13 2 
-0.3703238925547188 12 3 13 6 
-0.0450847801209573 12 3 13 9 
-0.6449621166958440 12 3 14 1 
-1.0259048037404752 12 3 14 8 
-0.7613889805536679 12 3 15 0 
-0.5843547552045125 12 3 18 1 
-0.2494443450861643 12 3 18 8 
0.0258211437782079 12 3 19 0 
-0.3781979980292789 12 3 20 2 
0.2494443450861643 12 3 20 6 
0.1639022526650746 12 3 20 9 
0.6183073485789797 12 3 21 1 
0.8496631896299027 12 3 21 8 
0.8473069532410858 12 3 22 0 
0.4406929983020082 12 4 0 16 
-1.0322329200552471 12 4 0 23 
0.4056518961520714 12 4 1 15 
-0.0326614504519291 12 4 1 19 
-0.2722037580596425 12 4 1 22 
0.2147033068403779 12 4 2 14 
0.5959023217534863 12 4 2 18 
-0.4258302253905440 12 4 2 21 
0.0680009260379355 12 4 3 13 
0.6024216873085493 12 4 3 20 
1.1693779383866987 12 4 4 12 
0.1678405964538988 12 4 6 14 
0.1901832990705832 12 4 6 18 
-0.3020832896660136 12 4 6 21 
0.5727092469995737 12 4 7 13 
-0.1823115459371740 12 4 7 20 
0.9827418541238025 12 4 8 15 
0.1704560299409540 12 4 8 19 
-1.0960767168761281 12 4 8 22 
-0.0268632928440123 12 4 9 14 
0.3089280750178132 12 4 9 18 
-0.1218538034640962 12 4 9 21 
0.1017499405736694 12 4 10 13 
-0.1262642992747870 12 4 10 20 
-0.8408250225745892 12 4 11 12 
-1.1693779383866987 12 4 12 4 
0.8408250225745892 12 4 12 11 
-0.0680009260379355 12 4 13 3 
-0.5727092469995737 12 4 13 7 
-0.1017499405736694 12 4 13 10 
-0.2147033068403779 12 4 14 2 
-0.1678405964538988 12 4 14 6 
0.0268632928440123 12 4 14 9 
-0.4056518961520714 12 4 15 1 
-0.9827418541238025 12 4 15 8 
-0.4406929983020082 12 4 16 0 
-0.5959023217534863 12 4 18 2 
-0.1901832990705832 12 4 18 6 
-0.3089280750178132 12 4 18 9 
0.0326614504519291 12 4 19 1 
-0.1704560299409540 12 4 19 8 
-0.6024216873085493 12 4 20 3 
0.1823115459371740 12 4 20 7 
0.1262642992747870 12 4 20 10 
0.4258302253905440 12 4 21 2 
0.3020832896660136 12 4 21 6 
0.1218538034640962 12 4 21 9 
0.2722037580596425 12 4 22 1 
1.0960767168761281 12 4 22 8 
1.0322329200552471 12 4 23 0 
0.0087312404908037 12 5 0 17 
0.4319617578112045 12 5 1 16 
-1.0322329200552471 12 5 1 23 
-0.1112657755595448 12 5 2 15 
-0.0258211437782080 12 5 2 19 
0.4169150216781424 12 5 2 22 
0.2712961719225714 12 5 3 14 
0.4527664143896516 12 5 3 18 
-0.5953384580678661 12 5 3 21 
-0.2175367196024399 12 5 4 13 
0.8408250225745892 12 5 4 20 
1.3869146579891385 12 5 5 12 
-0.0258211437782080 12 5 6 15 
-0.2114454892731366 12 5 6 19 
-0.2200577884073159 12 5 6 22 
0.4527664143896516 12 5 7 14 
0.6367082741801332 12 5 7 18 
-0.2353631937453345 12 5 7 21 
1.0322329200552471 12 5 8 16 
-1.6301999278147976 12 5 8 23 
-0.4169150216781424 12 5 9 15 
0.2200577884073159 12 5 9 19 
0.2151709709391487 12 5 9 22 
0.5953384580678661 12 5 10 14 
0.2353631937453345 12 5 10 18 
-0.3514076648704580 12 5 10 21 
-0.8408250225745892 12 5 11 13 
0.1884011554331916 12 5 11 20 
-1.3869146579891385 12 5 12 5 
0.2175367196024399 12 5 13 4 
0.8408250225745892 12 5 13 11 
-0.2712961719225715 12 5 14 3 
-0.4527664143896516 12 5 14 7 
-0.5953384580678661 12 5 14 10 
0.1112657755595447 12 5 15 2 
0.0258211437782080 12 5 15 6 
0.4169150216781424 12 5 15 9 
-0.4319617578112045 12 5 16 1 
-1.0322329200552471 12 5 16 8 
-0.0087312404908037 12 5 17 0 
-0.4527664143896516 12 5 18 3 
-0.6367082741801332 12 5 18 7 
-0.2353631937453345 12 5 18 10 
0.0258211437782080 12 5 19 2 
0.2114454892731366 12 5 19 6 
-0.2200577884073159 12 5 19 9 
-0.8408250225745892 12 5 20 4 
-0.1884011554331916 12 5 20 11 
0.5953384580678661 12 5 21 3 
0.2353631937453345 12 5 21 7 
0.3514076648704580 12 5 21 10 
-0.4169150216781424 12 5 22 2 
0.2200577884073159 12 5 22 6 
-0.2151709709391487 12 5 22 9 
1.0322329200552471 12 5 23 1 
1.6301999278147976 12 5 23 8 
0.4269452706114438 12 6 0 14 
2.2910404396098594 12 6 0 18 
-0.6718405711563350 12 6 0 21 
-0.5400477965476448 12 6 1 13 
0.5204054686789930 12 6 1 20 
0.4269452706114438 12 6 2 12 
1.6469089400466894 12 6 6 12 
0.2018369445582865 12 6 8 13 
-0.0644488699422356 12 6 8 20 
-0.2605703749745444 12 6 9 12 
-0.4269452706114438 12 6 12 2 
-1.6469089400466894 12 6 12 6 
0.2605703749745444 12 6 12 9 
0.5400477965476448 12 6 13 1 
-0.2018369445582865 12 6 13 8 
-0.4269452706114438 12 6 14 0 
-2.2910404396098594 12 6 18 0 
-0.5204054686789930 12 6 20 1 
0.0644488699422356 12 6 20 8 
0.6718405711563350 12 6 21 0 
-0.0258211437782080 12 7 0 15 
0.1365990020452080 12 7 0 19 
-0.1255751624698504 12 7 0 22 
0.2255784291987675 12 7 1 14 
0.9634955015873852 12 7 1 18 
-0.1881383976023035 12 7 1 21 
-0.4165141587506138 12 7 2 13 
0.2992018867223660 12 7 2 20 
0.4527664143896516 12 7 3 12 
0.3934163640552480 12 7 6 13 
0.3858889122441742 12 7 6 20 
0.7672032065583494 12 7 7 12 
0.2512651741230887 12 7 8 14 
1.7724072424392461 12 7 8 18 
-0.1549702521311933 12 7 8 21 
-0.2937836968822852 12 7 9 13 
0.1177606797210764 12 7 9 20 
0.1981749709677192 12 7 10 12 
-0.4527664143896516 12 7 12 3 
-0.7672032065583494 12 7 12 7 
-0.1981749709677192 12 7 12 10 
0.4165141587506138 12 7 13 2 
-0.3934163640552480 12 7 13 6 
0.2937836968822852 12 7 13 9 
-0.2255784291987675 12 7 14 1 
-0.2512651741230887 12 7 14 8 
0.0258211437782080 12 7 15 0 
-0.9634955015873852 12 7 18 1 
-1.7724072424392461 12 7 18 8 
-0.1365990020452080 12 7 19 0 
-0.2992018867223660 12 7 20 2 
-0.3858889122441742 12 7 20 6 
-0.1177606797210764 12 7 20 9 
0.1881383976023035 12 7 21 1 
0.1549702521311933 12 7 21 8 
0.1255751624698504 12 7 22 0 
-0.6284542747894130 12 8 0 13 
1.4943737800858157 12 8 0 20 
0.6284542747894130 12 8 1 12 
2.8546672714159005 12 8 8 12 
-0.6284542747894130 12 8 12 1 
-2.8546672714159005 12 8 12 8 
0.6284542747894130 12 8 13 0 
-1.4943737800858157 12 8 20 0 
-1.0257303896308096 12 9 0 14 
-0.6718405711563350 12 9 0 18 
1.1429014641651687 12 9 0 21 
0.8106591305716754 12 9 1 13 
0.2722492852427233 12 9 1 20 
-0.2560342396783555 12 9 2 12 
-0.2605703749745444 12 9 6 12 
1.2805630884355304 12 9 8 13 
-0.7526897390166407 12 9 8 20 
1.2014674329896524 12 9 9 12 
0.2560342396783555 12 9 12 2 
0.2605703749745444 12 9 12 6 
-1.2014674329896524 12 9 12 9 
-0.8106591305716754 12 9 13 1 
-1.2805630884355304 12 9 13 8 
1.0257303896308096 12 9 14 0 
0.6718405711563350 12 9 18 0 
-0.2722492852427233 12 9 20 1 
0.7526897390166407 12 9 20 8 
-1.1429014641651687 12 9 21 0 
-0.8473069532410858 12 10 0 15 
-0.1255751624698504 12 10 0 19 
1.4580138502560769 12 10 0 22 
0.2193404160324481 12 10 1 14 
-0.5447535549455064 12 10 1 18 
-0.2818450863405722 12 10 1 21 
0.3538821524255744 12 10 2 13 
0.3651034777795880 12 10 2 20 
-0.4344576760680792 12 10 3 12 
-0.3216877698508500 12 10 6 13 
0.0232609970685455 12 10 6 20 
0.1981749709677192 12 10 7 12 
0.9989011356287055 12 10 8 14 
0.2645126230895212 12 10 8 18 
-0.5980423514388126 12 10 8 21 
-0.1525318362062181 12 10 9 13 
-0.2710888954362407 12 10 9 20 
1.3720032102346358 12 10 10 12 
0.4344576760680792 12 10 12 3 
-0.1981749709677192 12 10 12 7 
-1.3720032102346358 12 10 12 10 
-0.3538821524255744 12 10 13 2 
0.3216877698508500 12 10 13 6 
0.1525318362062181 12 10 13 9 
-0.2193404160324481 12 10 14 1 
-0.9989011356287055 12 10 14 8 
0.8473069532410858 12 10 15 0 
0.5447535549455064 12 10 18 1 
-0.2645126230895212 12 10 18 8 
0.1255751624698504 12 10 19 0 
-0.3651034777795880 12 10 20 2 
-0.0232609970685455 12 10 20 6 
0.2710888954362407 12 10 20 9 
0.2818450863405722 12 10 21 1 
0.5980423514388126 12 10 21 8 
-1.4580138502560769 12 10 22 0 
-1.0322329200552471 12 11 0 16 
2.3943757805319845 12 11 0 23 
0.6493616974667379 12 11 1 15 
-0.0972701025886043 12 11 1 19 
-0.7253028323962445 12 11 1 22 
-0.5544340647699876 12 11 2 14 
-0.2992018867223660 12 11 2 18 
0.3402723891899268 12 11 2 21 
0.7270394051905491 12 11 3 13 
0.0143362356815123 12 11 3 20 
-0.8408250225745891 12 11 4 12 
-0.2512651741230887 12 11 6 14 
-0.9522148596816742 12 11 6 18 
0.2800183003165863 12 11 6 21 
0.1535056724386228 12 11 7 13 
-0.4447166944399762 12 11 7 20 
0.4093916989573429 12 11 8 15 
-0.3665443904097092 12 11 8 19 
-0.3416738218431014 12 11 8 22 
0.2898139128376450 12 11 9 14 
0.4761371255625140 12 11 9 18 
-0.2035114054064869 12 11 9 21 
-0.5419552111398834 12 11 10 13 
-0.0585238230897564 12 11 10 20 
2.0716643792796665 12 11 11 12 
0.8408250225745891 12 11 12 4 
-2.0716643792796665 12 11 12 11 
-0.7270394051905491 12 11 13 3 
-0.1535056724386228 12 11 13 7 
0.5419552111398834 12 11 13 10 
0.5544340647699876 12 11 14 2 
0.2512651741230887 12 11 14 6 
-0.2898139128376450 12 11 14 9 
-0.6493616974667379 12 11 15 1 
-0.4093916989573429 12 11 15 8 
1.0322329200552471 12 11 16 0 
0.2992018867223660 12 11 18 2 
0.9522148596816742 12 11 18 6 
-0.4761371255625140 12 11 18 9 
0.0972701025886043 12 11 19 1 
0.3665443904097092 12 11 19 8 
-0.0143362356815123 12 11 20 3 
0.4447166944399762 12 11 20 7 
0.0585238230897564 12 11 20 10 
-0.3402723891899268 12 11 21 2 
-0.2800183003165863 12 11 21 6 
0.2035114054064869 12 11 21 9 
0.7253028323962445 12 11 22 1 
0.3416738218431014 12 11 22 8 
-2.3943757805319845 12 11 23 0 
-0.1948118802216338 12 13 12 13 
-1.2569085495788257 12 13 12 20 
0.1948118802216338 12 13 13 12 
1.2569085495788257 12 13 20 12 
-0.1948118802216338 12 14 12 14 
-0.7696961499524538 12 14 12 21 
-0.9936734568019402 12 14 13 20 
0.1948118802216338 12 14 14 12 
0.9936734568019402 12 14 20 13 
0.7696961499524538 12 14 21 12 
-0.4617484101531621 12 15 12 15 
-0.4785875581678595 12 15 12 19 
-0.4128492771730066 12 15 12 22 
0.3581329359628826 12 15 13 14 
0.2140308626497937 12 15 13 18 
-0.6633921286999369 12 15 13 21 
-0.3581329359628826 12 15 14 13 
-0.6477068057111962 12 15 14 20 
0.4617484101531621 12 15 15 12 
-0.2140308626497937 12 15 18 13 
-0.4988886901723285 12 15 18 20 
0.4785875581678595 12 15 19 12 
0.6477068057111962 12 15 20 14 
0.4988886901723285 12 15 20 18 
-0.6857609369648280 12 15 20 21 
0.6633921286999369 12 15 21 13 
0.6857609369648280 12 15 21 20 
0.4128492771730066 12 15 22 12 
-0.7286849400846903 12 16 12 16 
-0.1914078974806580 12 16 12 23 
0.3376509701141359 12 16 13 15 
-0.6053706974515026 12 16 13 19 
-0.3739536986333119 12 16 13 22 
0.4280617252995874 12 16 14 18 
-0.3989669325465318 12 16 14 21 
-0.3376509701141359 12 16 15 13 
-0.3803201668152534 12 16 15 20 
0.7286849400846903 12 16 16 12 
-0.4280617252995874 12 16 18 14 
-0.6110113646838267 12 16 18 21 
0.6053706974515026 12 16 19 13 
-0.3527675758781280 12 16 19 20 
0.3803201668152534 12 16 20 15 
0.3527675758781280 12 16 20 19 
-0.9698124176013411 12 16 20 22 
0.3989669325465318 12 16 21 14 
0.6110113646838267 12 16 21 18 
0.3739536986333119 12 16 22 13 
0.9698124176013411 12 16 22 20 
0.1914078974806580 12 16 23 12 
-1.3781834174983347 12 17 12 17 
0.6494984774136444 12 17 13 16 
-0.1914078974806580 12 17 13 23 
-0.3825619474821162 12 17 14 15 
-0.4785875581678595 12 17 14 19 
-0.1784234363897237 12 17 14 22 
0.3825619474821161 12 17 15 14 
0.4785875581678595 12 17 15 18 
-0.1784234363897237 12 17 15 21 
-0.6494984774136444 12 17 16 13 
-0.1914078974806580 12 17 16 20 
1.3781834174983347 12 17 17 12 
-0.4785875581678595 12 17 18 15 
-0.8481537634532695 12 17 18 19 
-0.4554209821526503 12 17 18 22 
0.4785875581678595 12 17 19 14 
0.8481537634532695 12 17 19 18 
-0.4554209821526503 12 17 19 21 
0.1914078974806580 12 17 20 16 
-1.8186010832479886 12 17 20 23 
0.1784234363897237 12 17 21 15 
0.4554209821526503 12 17 21 19 
0.5665786358096067 12 17 21 22 
0.1784234363897237 12 17 22 14 
0.4554209821526503 12 17 22 18 
-0.5665786358096067 12 17 22 21 
0.1914078974806580 12 17 23 13 
1.8186010832479886 12 17 23 20 
0.6441314995631697 12 18 12 18 
-0.4112701961817906 12 18 12 21 
0.3185685241207064 12 18 13 20 
-0.6441314995631697 12 18 18 12 
-0.3185685241207064 12 18 20 13 
0.4112701961817906 12 18 21 12 
-0.4785875581678595 12 19 12 15 
-0.6306042045131415 12 19 12 19 
-0.3237501334375696 12 19 12 22 
0.6420925879493813 12 19 13 14 
0.5700791375321372 12 19 13 18 
0.1056452992799817 12 19 13 21 
-0.6420925879493813 12 19 14 13 
0.0479367125992773 12 19 14 20 
0.4785875581678595 12 19 15 12 
-0.5700791375321372 12 19 18 13 
-1.3865183301950716 12 19 18 20 
0.6306042045131415 12 19 19 12 
-0.0479367125992773 12 19 20 14 
1.3865183301950716 12 19 20 18 
-0.2727309318522697 12 19 20 21 
-0.1056452992799817 12 19 21 13 
0.2727309318522697 12 19 21 20 
0.3237501334375696 12 19 22 12 
-1.2569085495788257 12 20 12 13 
-1.3602934913300846 12 20 12 20 
1.2569085495788257 12 20 13 12 
1.3602934913300846 12 20 20 12 
-0.7696961499524538 12 21 12 14 
-0.4112701961817906 12 21 12 18 
-0.0585659688244835 12 21 12 21 
-1.0083138031928069 12 21 13 20 
0.7696961499524538 12 21 14 12 
0.4112701961817906 12 21 18 12 
1.0083138031928069 12 21 20 13 
0.0585659688244835 12 21 21 12 
-0.4128492771730066 12 22 12 15 
-0.3237501334375696 12 22 12 19 
0.0860106400214412 12 22 12 22 
-0.1345417363931263 12 22 13 14 
-0.2230657850946565 12 22 13 18 
-0.1293132501343541 12 22 13 21 
0.1345417363931263 12 22 14 13 
-0.6337976578491176 12 22 14 20 
0.4128492771730066 12 22 15 12 
0.2230657850946565 12 22 18 13 
-0.2412516260209757 12 22 18 20 
0.3237501334375696 12 22 19 12 
0.6337976578491176 12 22 20 14 
0.2412516260209757 12 22 20 18 
-0.3269534560025719 12 22 20 21 
0.1293132501343541 12 22 21 13 
0.3269534560025719 12 22 21 20 
-0.0860106400214412 12 22 22 12 
-0.1914078974806580 12 23 12 16 
0.3227114012523185 12 23 12 23 
-0.0776777077238112 12 23 13 15 
-0.2507757750272271 12 23 13 19 
-0.1833476212563612 12 23 13 22 
-0.0479367125992772 12 23 14 18 
0.0504584763522818 12 23 14 21 
0.0776777077238112 12 23 15 13 
-0.3950554632758306 12 23 15 20 
0.1914078974806580 12 23 16 12 
0.0479367125992772 12 23 18 14 
-0.1961188252459277 12 23 18 21 
0.2507757750272271 12 23 19 13 
-0.0781723040302670 12 23 19 20 
0.3950554632758306 12 23 20 15 
0.0781723040302670 12 23 20 19 
-0.2831499987533450 12 23 20 22 
-0.0504584763522818 12 23 21 14 
0.1961188252459277 12 23 21 18 
0.1833476212563612 12 23 22 13 
0.2831499987533450 12 23 22 20 
-0.3227114012523185 12 23 23 12 
2.1314434666878337 13 0 0 13 
0.6284542747894130 13 0 0 20 
1.9366315864661996 13 0 1 12 
-0.6284542747894130 13 0 8 12 
-1.9366315864661996 13 0 12 1 
0.6284542747894130 13 0 12 8 
-2.1314434666878337 13 0 13 0 
-0.6284542747894130 13 0 20 0 
0.8785012600833595 13 1 0 14 
-0.5400477965476448 13 1 0 18 
0.8106591305716754 13 1 0 21 
2.9568490894774806 13 1 1 13 
-0.6279338624310166 13 1 1 20 
0.8785012600833597 13 1 2 12 
-0.5400477965476448 13 1 6 12 
-0.6279338624310166 13 1 8 13 
0.7402035416702133 13 1 8 20 
0.8106591305716754 13 1 9 12 
-0.8785012600833595 13 1 12 2 
0.5400477965476448 13 1 12 6 
-0.8106591305716754 13 1 12 9 
-2.9568490894774806 13 1 13 1 
0.6279338624310166 13 1 13 8 
-0.8785012600833597 13 1 14 0 
0.5400477965476448 13 1 18 0 
0.6279338624310166 13 1 20 1 
-0.7402035416702133 13 1 20 8 
-0.8106591305716754 13 1 21 0 
0.6449621166958442 13 2 0 15 
0.2255784291987675 13 2 0 19 
0.2193404160324481 13 2 0 22 
1.4880338413384702 13 2 1 14 
-0.3570489027560796 13 2 1 18 
-0.1965027183681328 13 2 1 21 
2.1633314754368551 13 2 2 13 
-0.5079262718870760 13 2 2 20 
0.2868291807329615 13 2 3 12 
-0.0698963678553639 13 2 6 13 
0.3346647073293474 13 2 6 20 
-0.4165141587506138 13 2 7 12 
-0.1200075905439405 13 2 8 14 
-0.3346647073293474 13 2 8 18 
0.6866625442718123 13 2 8 21 
0.4528556442299658 13 2 9 13 
-0.2333822985485703 13 2 9 20 
0.3538821524255744 13 2 10 12 
-0.2868291807329615 13 2 12 3 
0.4165141587506138 13 2 12 7 
-0.3538821524255744 13 2 12 10 
-2.1633314754368551 13 2 13 2 
0.0698963678553639 13 2 13 6 
-0.4528556442299658 13 2 13 9 
-1.4880338413384702 13 2 14 1 
0.1200075905439405 13 2 14 8 
-0.6449621166958442 13 2 15 0 
0.3570489027560796 13 2 18 1 
0.3346647073293474 13 2 18 8 
-0.2255784291987675 13 2 19 0 
0.5079262718870760 13 2 20 2 
-0.3346647073293474 13 2 20 6 
0.2333822985485703 13 2 20 9 
0.1965027183681328 13 2 21 1 
-0.6866625442718123 13 2 21 8 
-0.2193404160324481 13 2 22 0 
0.4056518961520714 13 3 0 16 
0.6493616974667379 13 3 0 23 
1.1135828904574476 13 3 1 15 
0.2768240773894325 13 3 1 19 
-1.0560243129548337 13 3 1 22 
0.9070525332051271 13 3 2 14 
-0.0146066446908509 13 3 2 18 
0.0494844668863695 13 3 2 21 
1.5219439946243041 13 3 3 13 
-0.2546039979820268 13 3 3 20 
0.0680009260379355 13 3 4 12 
0.2561233615267529 13 3 6 14 
-0.2405649591952107 13 3 6 18 
0.1888897365035373 13 3 6 21 
-0.1060459691448550 13 3 7 13 
0.1190529891200389 13 3 7 20 
0.1333146833611087 13 3 8 15 
-0.1040568157661927 13 3 8 19 
0.6264777062465295 13 3 8 22 
0.8856703574679250 13 3 9 14 
-0.1975477812261947 13 3 9 18 
-0.6309701914595367 13 3 9 21 
-0.5228372484274719 13 3 10 13 
0.0131144776996082 13 3 10 20 
0.7270394051905491 13 3 11 12 
-0.0680009260379355 13 3 12 4 
-0.7270394051905491 13 3 12 11 
-1.5219439946243041 13 3 13 3 
0.1060459691448550 13 3 13 7 
0.5228372484274719 13 3 13 10 
-0.9070525332051271 13 3 14 2 
-0.2561233615267529 13 3 14 6 
-0.8856703574679250 13 3 14 9 
-1.1135828904574476 13 3 15 1 
-0.1333146833611087 13 3 15 8 
-0.4056518961520714 13 3 16 0 
0.0146066446908509 13 3 18 2 
0.2405649591952107 13 3 18 6 
0.1975477812261947 13 3 18 9 
-0.2768240773894325 13 3 19 1 
0.1040568157661927 13 3 19 8 
0.2546039979820268 13 3 20 3 
-0.1190529891200389 13 3 20 7 
-0.0131144776996082 13 3 20 10 
-0.0494844668863695 13 3 21 2 
-0.1888897365035373 13 3 21 6 
0.6309701914595367 13 3 21 9 
1.0560243129548337 13 3 22 1 
-0.6264777062465295 13 3 22 8 
-0.6493616974667379 13 3 23 0 
0.4319617578112045 13 4 0 17 
0.5218448120934595 13 4 1 16 
-0.2108481243480141 13 4 1 23 
0.9124340606156484 13 4 2 15 
0.2510029336112246 13 4 2 19 
-1.1421026992674226 13 4 2 22 
0.1027736652430869 13 4 3 14 
0.3467204452447965 13 4 3 18 
0.4906610920275149 13 4 3 21 
1.4729297817013489 13 4 4 13 
-0.0788151650638827 13 4 4 20 
-0.2175367196024399 13 4 5 12 
0.2510029336112246 13 4 6 15 
0.2964980462545359 13 4 6 19 
-0.0501337198166706 13 4 6 22 
0.3467204452447965 13 4 7 14 
-0.5516557171987340 13 4 7 18 
-0.0409504766138594 13 4 7 21 
0.2108481243480141 13 4 8 16 
0.7811825536894081 13 4 8 23 
1.1421026992674226 13 4 9 15 
0.0501337198166706 13 4 9 19 
-1.1731777002095853 13 4 9 22 
-0.4906610920275149 13 4 10 14 
0.0409504766138594 13 4 10 18 
0.1446144040630508 13 4 10 21 
0.0788151650638827 13 4 11 13 
-0.2862050610955514 13 4 11 20 
0.2175367196024399 13 4 12 5 
-1.4729297817013489 13 4 13 4 
-0.0788151650638827 13 4 13 11 
-0.1027736652430869 13 4 14 3 
-0.3467204452447965 13 4 14 7 
0.4906610920275149 13 4 14 10 
-0.9124340606156484 13 4 15 2 
-0.2510029336112246 13 4 15 6 
-1.1421026992674226 13 4 15 9 
-0.5218448120934595 13 4 16 1 
-0.2108481243480141 13 4 16 8 
-0.4319617578112045 13 4 17 0 
-0.3467204452447965 13 4 18 3 
0.5516557171987340 13 4 18 7 
-0.0409504766138594 13 4 18 10 
-0.2510029336112246 13 4 19 2 
-0.2964980462545359 13 4 19 6 
-0.0501337198166706 13 4 19 9 
0.0788151650638827 13 4 20 4 
0.2862050610955514 13 4 20 11 
-0.4906610920275149 13 4 21 3 
0.0409504766138594 13 4 21 7 
-0.1446144040630508 13 4 21 10 
1.1421026992674226 13 4 22 2 
0.0501337198166706 13 4 22 6 
1.1731777002095853 13 4 22 9 
0.2108481243480141 13 4 23 1 
-0.7811825536894081 13 4 23 8 
0.4406929983020082 13 5 1 17 
0.4056518961520714 13 5 2 16 
-0.9827418541238025 13 5 2 23 
0.2147033068403779 13 5 3 15 
0.1678405964538988 13 5 3 19 
0.0268632928440123 13 5 3 22 
0.0680009260379355 13 5 4 14 
0.5727092469995737 13 5 4 18 
-0.1017499405736694 13 5 4 21 
1.1693779383866987 13 5 5 13 
0.8408250225745892 13 5 5 20 
-0.0326614504519291 13 5 6 16 
-0.1704560299409540 13 5 6 23 
0.5959023217534863 13 5 7 15 
0.1901832990705832 13 5 7 19 
-0.3089280750178132 13 5 7 22 
1.0322329200552471 13 5 8 17 
0.2722037580596425 13 5 9 16 
-1.0960767168761281 13 5 9 23 
0.4258302253905440 13 5 10 15 
0.3020832896660136 13 5 10 19 
-0.1218538034640962 13 5 10 22 
-0.6024216873085493 13 5 11 14 
0.1823115459371740 13 5 11 18 
-0.1262642992747870 13 5 11 21 
-1.1693779383866987 13 5 13 5 
-0.0680009260379355 13 5 14 4 
0.6024216873085493 13 5 14 11 
-0.2147033068403779 13 5 15 3 
-0.5959023217534863 13 5 15 7 
-0.4258302253905440 13 5 15 10 
-0.4056518961520714 13 5 16 2 
0.0326614504519291 13 5 16 6 
-0.2722037580596425 13 5 16 9 
-0.4406929983020082 13 5 17 1 
-1.0322329200552471 13 5 17 8 
-0.5727092469995737 13 5 18 4 
-0.1823115459371740 13 5 18 11 
-0.1678405964538988 13 5 19 3 
-0.1901832990705832 13 5 19 7 
-0.3020832896660136 13 5 19 10 
-0.8408250225745892 13 5 20 5 
0.1017499405736694 13 5 21 4 
0.1262642992747870 13 5 21 11 
-0.0268632928440123 13 5 22 3 
0.3089280750178132 13 5 22 7 
0.1218538034640962 13 5 22 10 
0.9827418541238025 13 5 23 2 
0.1704560299409540 13 5 23 6 
1.0960767168761281 13 5 23 9 
0.5843547552045125 13 6 0 15 
0.9634955015873852 13 6 0 19 
-0.5447535549455064 13 6 0 22 
-0.3570489027560796 13 6 1 14 
1.8601521520969277 13 6 1 18 
-0.1845981792192072 13 6 1 21 
-0.0698963678553639 13 6 2 13 
0.5244594835917331 13 6 2 20 
0.3703238925547188 13 6 3 12 
1.4709677933490206 13 6 6 13 
-0.1725747679082849 13 6 6 20 
0.3934163640552480 13 6 7 12 
0.1429365823658156 13 6 8 14 
-0.7926446155814209 13 6 8 18 
0.0193829236574928 13 6 8 21 
0.0271559133921788 13 6 9 13 
-0.1025860569802148 13 6 9 20 
-0.3216877698508500 13 6 10 12 
-0.3703238925547188 13 6 12 3 
-0.3934163640552480 13 6 12 7 
0.3216877698508500 13 6 12 10 
0.0698963678553639 13 6 13 2 
-1.4709677933490206 13 6 13 6 
-0.0271559133921788 13 6 13 9 
0.3570489027560796 13 6 14 1 
-0.1429365823658156 13 6 14 8 
-0.5843547552045125 13 6 15 0 
-1.8601521520969277 13 6 18 1 
0.7926446155814209 13 6 18 8 
-0.9634955015873852 13 6 19 0 
-0.5244594835917331 13 6 20 2 
0.1725747679082849 13 6 20 6 
0.1025860569802148 13 6 20 9 
0.1845981792192072 13 6 21 1 
-0.0193829236574928 13 6 21 8 
0.5447535549455064 13 6 22 0 
-0.0326614504519291 13 7 0 16 
-0.0972701025886043 13 7 0 23 
0.2768240773894325 13 7 1 15 
0.5674872895581380 13 7 1 19 
-0.2938512609565039 13 7 1 22 
-0.2415167168359020 13 7 2 14 
1.2187361201370062 13 7 2 18 
-0.0062175558171438 13 7 2 21 
-0.1060459691448550 13 7 3 13 
0.4014214546244412 13 7 3 20 
0.5727092469995737 13 7 4 12 
0.4976367116786320 13 7 6 14 
0.2989082661215564 13 7 6 21 
0.9431443532560172 13 7 7 13 
0.1725747679082849 13 7 7 20 
0.3371076058305285 13 7 8 15 
0.7926446155814209 13 7 8 19 
-0.1386096073022519 13 7 8 22 
-0.1769810816568857 13 7 9 14 
1.3729007465329219 13 7 9 18 
-0.0288224108527763 13 7 9 21 
-0.0645931557962739 13 7 10 13 
0.1053283539731631 13 7 10 20 
0.1535056724386228 13 7 11 12 
-0.5727092469995737 13 7 12 4 
-0.1535056724386228 13 7 12 11 
0.1060459691448550 13 7 13 3 
-0.9431443532560172 13 7 13 7 
0.0645931557962739 13 7 13 10 
0.2415167168359020 13 7 14 2 
-0.4976367116786320 13 7 14 6 
0.1769810816568857 13 7 14 9 
-0.2768240773894325 13 7 15 1 
-0.3371076058305285 13 7 15 8 
0.0326614504519291 13 7 16 0 
-1.2187361201370062 13 7 18 2 
-1.3729007465329219 13 7 18 9 
-0.5674872895581380 13 7 19 1 
-0.7926446155814209 13 7 19 8 
-0.4014214546244412 13 7 20 3 
-0.1725747679082849 13 7 20 7 
-0.1053283539731631 13 7 20 10 
0.0062175558171438 13 7 21 2 
-0.2989082661215564 13 7 21 6 
0.0288224108527763 13 7 21 9 
0.2938512609565039 13 7 22 1 
0.1386096073022519 13 7 22 8 
0.0972701025886043 13 7 23 0 
-0.0004114220937582 13 8 0 14 
0.5204054686789930 13 8 0 18 
0.2722492852427233 13 8 0 21 
-0.6279338624310166 13 8 1 13 
1.2834903905334276 13 8 1 20 
0.9932620347081823 13 8 2 12 
0.2018369445582865 13 8 6 12 
1.8627473683601516 13 8 8 13 
0.5830309648145314 13 8 8 20 
1.2805630884355304 13 8 9 12 
-0.9932620347081823 13 8 12 2 
-0.2018369445582865 13 8 12 6 
-1.2805630884355304 13 8 12 9 
0.6279338624310166 13 8 13 1 
-1.8627473683601516 13 8 13 8 
0.0004114220937582 13 8 14 0 
-0.5204054686789930 13 8 18 0 
-1.2834903905334276 13 8 20 1 
-0.5830309648145314 13 8 20 8 
-0.2722492852427233 13 8 21 0 
-0.6183073485789797 13 9 0 15 
-0.1881383976023035 13 9 0 19 
-0.2818450863405722 13 9 0 22 
-0.1965027183681328 13 9 1 14 
-0.1845981792192072 13 9 1 18 
1.6058747625902829 13 9 1 21 
0.4528556442299658 13 9 2 13 
0.0178126550332519 13 9 2 20 
0.0450847801209574 13 9 3 12 
0.0271559133921788 13 9 6 13 
-0.0208052682678764 13 9 6 20 
-0.2937836968822852 13 9 7 12 
0.7263540819713513 13 9 8 14 
-0.2365872824539799 13 9 8 18 
-0.0481256243181296 13 9 8 21 
2.3298159578413875 13 9 9 13 
-0.3405616855582246 13 9 9 20 
-0.1525318362062181 13 9 10 12 
-0.0450847801209574 13 9 12 3 
0.2937836968822852 13 9 12 7 
0.1525318362062181 13 9 12 10 
-0.4528556442299658 13 9 13 2 
-0.0271559133921788 13 9 13 6 
-2.3298159578413875 13 9 13 9 
0.1965027183681328 13 9 14 1 
-0.7263540819713513 13 9 14 8 
0.6183073485789797 13 9 15 0 
0.1845981792192072 13 9 18 1 
0.2365872824539799 13 9 18 8 
0.1881383976023035 13 9 19 0 
-0.0178126550332519 13 9 20 2 
0.0208052682678764 13 9 20 6 
0.3405616855582246 13 9 20 9 
-1.6058747625902829 13 9 21 1 
0.0481256243181296 13 9 21 8 
0.2818450863405722 13 9 22 0 
-0.2722037580596427 13 10 0 16 
-0.7253028323962445 13 10 0 23 
-1.0560243129548337 13 10 1 15 
-0.2938512609565039 13 10 1 19 
1.7677410995488954 13 10 1 22 
1.1545383489005070 13 10 2 14 
-0.4573040139546807 13 10 2 18 
-0.3372748895500163 13 10 2 21 
-0.5228372484274719 13 10 3 13 
0.4787329166736851 13 10 3 20 
0.1017499405736692 13 10 4 12 
-0.2122772522873660 13 10 6 14 
0.7375824587116714 13 10 6 18 
-0.1988833518993580 13 10 6 21 
-0.0645931557962739 13 10 7 13 
0.3548787044032263 13 10 7 20 
1.0230530588130438 13 10 8 15 
0.4022177051675007 13 10 8 19 
-0.2702459361297274 13 10 8 22 
0.3563173937358947 13 10 9 14 
-0.1639236347454664 13 10 9 18 
-0.5155869121825958 13 10 9 21 
1.6553712898656678 13 10 10 13 
-0.1971369208197036 13 10 10 20 
-0.5419552111398834 13 10 11 12 
-0.1017499405736692 13 10 12 4 
0.5419552111398834 13 10 12 11 
0.5228372484274719 13 10 13 3 
0.0645931557962739 13 10 13 7 
-1.6553712898656678 13 10 13 10 
-1.1545383489005070 13 10 14 2 
0.2122772522873660 13 10 14 6 
-0.3563173937358947 13 10 14 9 
1.0560243129548337 13 10 15 1 
-1.0230530588130438 13 10 15 8 
0.2722037580596427 13 10 16 0 
0.4573040139546807 13 10 18 2 
-0.7375824587116714 13 10 18 6 
0.1639236347454664 13 10 18 9 
0.2938512609565039 13 10 19 1 
-0.4022177051675007 13 10 19 8 
-0.4787329166736851 13 10 20 3 
-0.3548787044032263 13 10 20 7 
0.1971369208197036 13 10 20 10 
0.3372748895500163 13 10 21 2 
0.1988833518993580 13 10 21 6 
0.5155869121825958 13 10 21 9 
-1.7677410995488954 13 10 22 1 
0.2702459361297274 13 10 22 8 
0.7253028323962445 13 10 23 0 
-1.0322329200552471 13 11 0 17 
-0.2108481243480141 13 11 1 16 
1.8325586223664405 13 11 1 23 
0.0775334409869052 13 11 2 15 
-0.2568451805087723 13 11 2 19 
-0.6130947002594213 13 11 2 22 
0.1757888329181440 13 11 3 14 
-0.4014214546244413 13 11 3 18 
0.4676281162653249 13 11 3 21 
0.0788151650638827 13 11 4 13 
0.0181340631306221 13 11 4 20 
-0.8408250225745892 13 11 5 12 
-0.3371076058305285 13 11 6 15 
-0.4258434310867295 13 11 6 19 
0.2504559817807351 13 11 6 22 
0.0818018215212034 13 11 7 14 
-0.4258434310867295 13 11 7 18 
-0.2192480793789206 13 11 7 21 
0.5178440895484738 13 11 8 16 
-0.2646594043666745 13 11 8 23 
0.7059396123855739 13 11 9 15 
-0.0709890680666838 13 11 9 19 
-0.4466855390408437 13 11 9 22 
-0.4263076988277269 13 11 10 14 
0.4258699917476537 13 11 10 18 
-0.2273584931107725 13 11 10 21 
1.6518676778526482 13 11 11 13 
-0.0453323584366032 13 11 11 20 
0.8408250225745892 13 11 12 5 
-0.0788151650638827 13 11 13 4 
-1.6518676778526482 13 11 13 11 
-0.1757888329181440 13 11 14 3 
-0.0818018215212034 13 11 14 7 
0.4263076988277269 13 11 14 10 
-0.0775334409869052 13 11 15 2 
0.3371076058305285 13 11 15 6 
-0.7059396123855739 13 11 15 9 
0.2108481243480141 13 11 16 1 
-0.5178440895484738 13 11 16 8 
1.0322329200552471 13 11 17 0 
0.4014214546244413 13 11 18 3 
0.4258434310867295 13 11 18 7 
-0.4258699917476537 13 11 18 10 
0.2568451805087723 13 11 19 2 
0.4258434310867295 13 11 19 6 
0.0709890680666838 13 11 19 9 
-0.0181340631306221 13 11 20 4 
0.0453323584366032 13 11 20 11 
-0.4676281162653249 13 11 21 3 
0.2192480793789206 13 11 21 7 
0.2273584931107725 13 11 21 10 
0.6130947002594213 13 11 22 2 
-0.2504559817807351 13 11 22 6 
0.4466855390408437 13 11 22 9 
-1.8325586223664405 13 11 23 1 
0.2646594043666745 13 11 23 8 
0.1948118802216338 13 12 12 13 
1.2569085495788257 13 12 12 20 
-0.1948118802216338 13 12 13 12 
-1.2569085495788257 13 12 20 12 
0.3581329359628827 13 14 12 15 
0.6420925879493813 13 14 12 19 
-0.1345417363931263 13 14 12 22 
-0.6752976340983847 13 14 13 14 
-0.2871525349007157 13 14 13 18 
-0.6493583625980984 13 14 13 21 
0.6752976340983847 13 14 14 13 
-0.3879186813431354 13 14 14 20 
-0.3581329359628827 13 14 15 12 
0.2871525349007157 13 14 18 13 
0.6693294146586947 13 14 18 20 
-0.6420925879493813 13 14 19 12 
0.3879186813431354 13 14 20 14 
-0.6693294146586947 13 14 20 18 
0.9200448428203825 13 14 20 21 
0.6493583625980984 13 14 21 13 
-0.9200448428203825 13 14 21 20 
0.1345417363931263 13 14 22 12 
0.3376509701141358 13 15 12 16 
-0.0776777077238112 13 15 12 23 
-0.4083611041668564 13 15 13 15 
0.3828700465342875 13 15 13 19 
-0.5331870645273618 13 15 13 22 
-0.2707300062176038 13 15 14 18 
-0.8361858905815552 13 15 14 21 
0.4083611041668564 13 15 15 13 
-0.3879186813431356 13 15 15 20 
-0.3376509701141358 13 15 16 12 
0.2707300062176038 13 15 18 14 
0.3864375177297320 13 15 18 21 
-0.3828700465342875 13 15 19 13 
0.2231098048862315 13 15 19 20 
0.3879186813431356 13 15 20 15 
-0.2231098048862315 13 15 20 19 
0.6133632285469215 13 15 20 22 
0.8361858905815552 13 15 21 14 
-0.3864375177297320 13 15 21 18 
0.5331870645273618 13 15 22 13 
-0.6133632285469215 13 15 22 20 
0.0776777077238112 13 15 23 12 
0.6494984774136444 13 16 12 17 
-0.9510849696078895 13 16 13 16 
-0.2896632894118968 13 16 13 23 
0.8096603953725611 13 16 14 15 
-0.0957175116335719 13 16 14 19 
-0.6514416072399077 13 16 14 22 
-0.8096603953725611 13 16 15 14 
0.0957175116335719 13 16 15 18 
-0.6514416072399077 13 16 15 21 
0.9510849696078895 13 16 16 13 
-0.2896632894118968 13 16 16 20 
-0.6494984774136444 13 16 17 12 
-0.0957175116335719 13 16 18 15 
0.8481537634532695 13 16 18 19 
-0.0910841964305301 13 16 18 22 
0.0957175116335719 13 16 19 14 
-0.8481537634532695 13 16 19 18 
-0.0910841964305301 13 16 19 21 
0.2896632894118968 13 16 20 16 
1.0673876147849592 13 16 20 23 
0.6514416072399077 13 16 21 15 
0.0910841964305301 13 16 21 19 
-1.3177921042726355 13 16 21 22 
0.6514416072399077 13 16 22 14 
0.0910841964305301 13 16 22 18 
1.3177921042726355 13 16 22 21 
0.2896632894118968 13 16 23 13 
-1.0673876147849592 13 16 23 20 
-0.7286849400846903 13 17 13 17 
0.3376509701141359 13 17 14 16 
-0.3803201668152534 13 17 14 23 
-0.4280617252995874 13 17 15 19 
-0.3989669325465318 13 17 15 22 
-0.3376509701141359 13 17 16 14 
0.6053706974515026 13 17 16 18 
-0.3739536986333119 13 17 16 21 
0.7286849400846903 13 17 17 13 
-0.1914078974806580 13 17 17 20 
-0.6053706974515026 13 17 18 16 
-0.3527675758781280 13 17 18 23 
0.4280617252995874 13 17 19 15 
-0.6110113646838267 13 17 19 22 
0.1914078974806580 13 17 20 17 
0.3739536986333119 13 17 21 16 
-0.9698124176013411 13 17 21 23 
0.3989669325465318 13 17 22 15 
0.6110113646838267 13 17 22 19 
0.3803201668152534 13 17 23 14 
0.3527675758781280 13 17 23 18 
0.9698124176013411 13 17 23 21 
0.2140308626497937 13 18 12 15 
0.5700791375321372 13 18 12 19 
-0.2230657850946565 13 18 12 22 
-0.2871525349007157 13 18 13 14 
0.3891843587479074 13 18 13 18 
-0.2117540926113859 13 18 13 21 
0.2871525349007157 13 18 14 13 
0.3815229012259175 13 18 14 20 
-0.2140308626497937 13 18 15 12 
-0.3891843587479074 13 18 18 13 
0.6200698476731357 13 18 18 20 
-0.5700791375321372 13 18 19 12 
-0.3815229012259175 13 18 20 14 
-0.6200698476731357 13 18 20 18 
0.1219689806377075 13 18 20 21 
0.2117540926113859 13 18 21 13 
-0.1219689806377075 13 18 21 20 
0.2230657850946565 13 18 22 12 
-0.6053706974515026 13 19 12 16 
-0.2507757750272271 13 19 12 23 
0.3828700465342875 13 19 13 15 
-0.3756570636978791 13 19 13 19 
-0.2292581051602300 13 19 13 22 
0.7210994084583739 13 19 14 18 
0.1707635258397419 13 19 14 21 
-0.3828700465342875 13 19 15 13 
0.0643138487939128 13 19 15 20 
0.6053706974515026 13 19 16 12 
-0.7210994084583739 13 19 18 14 
-1.0739924804113654 13 19 18 21 
0.3756570636978791 13 19 19 13 
-0.6200698476731357 13 19 19 20 
-0.0643138487939128 13 19 20 15 
0.6200698476731357 13 19 20 19 
-0.2439379612754150 13 19 20 22 
-0.1707635258397419 13 19 21 14 
1.0739924804113654 13 19 21 18 
0.2292581051602300 13 19 22 13 
0.2439379612754150 13 19 22 20 
0.2507757750272271 13 19 23 12 
-0.9936734568019402 13 20 12 14 
0.3185685241207064 13 20 12 18 
-1.0083138031928069 13 20 12 21 
-0.5792569778267241 13 20 13 20 
0.9936734568019402 13 20 14 12 
-0.3185685241207064 13 20 18 12 
0.5792569778267241 13 20 20 13 
1.0083138031928069 13 20 21 12 
-0.6633921286999370 13 21 12 15 
0.1056452992799817 13 21 12 19 
-0.1293132501343541 13 21 12 22 
-0.6493583625980984 13 21 13 14 
-0.2117540926113859 13 21 13 18 
-0.7239411952511042 13 21 13 21 
0.6493583625980984 13 21 14 13 
-0.7085414269380993 13 21 14 20 
0.6633921286999370 13 21 15 12 
0.2117540926113859 13 21 18 13 
0.2157820141861035 13 21 18 20 
-0.1056452992799817 13 21 19 12 
0.7085414269380993 13 21 20 14 
-0.2157820141861035 13 21 20 18 
0.2924360612400950 13 21 20 21 
0.7239411952511042 13 21 21 13 
-0.2924360612400950 13 21 21 20 
0.1293132501343541 13 21 22 12 
-0.3739536986333118 13 22 12 16 
-0.1833476212563612 13 22 12 23 
-0.5331870645273618 13 22 13 15 
-0.2292581051602300 13 22 13 19 
0.1123698096832278 13 22 13 22 
-0.2450267616673147 13 22 14 18 
-0.6935922832859108 13 22 14 21 
0.5331870645273618 13 22 15 13 
-0.5443201421393585 13 22 15 20 
0.3739536986333118 13 22 16 12 
0.2450267616673147 13 22 18 14 
-0.0349597171538916 13 22 18 21 
0.2292581051602300 13 22 19 13 
-0.0473390007642743 13 22 19 20 
0.5443201421393585 13 22 20 15 
0.0473390007642743 13 22 20 19 
-0.0731090153100238 13 22 20 22 
0.6935922832859108 13 22 21 14 
0.0349597171538916 13 22 21 18 
-0.1123698096832278 13 22 22 13 
0.0731090153100238 13 22 22 20 
0.1833476212563612 13 22 23 12 
-0.1914078974806580 13 23 12 17 
-0.2896632894118968 13 23 13 16 
0.1806909445137923 13 23 13 23 
-0.0982553919312388 13 23 14 15 
-0.3386470020299757 13 23 14 19 
-0.1867870014316945 13 23 14 22 
0.0982553919312388 13 23 15 14 
-0.0643138487939128 13 23 15 18 
-0.2383114961202490 13 23 15 21 
0.2896632894118968 13 23 16 13 
-0.4997100264178517 13 23 16 20 
0.1914078974806580 13 23 17 12 
0.0643138487939128 13 23 18 15 
-0.1754140099669186 13 23 18 22 
0.3386470020299757 13 23 19 14 
-0.1482590113122367 13 23 19 21 
0.4997100264178517 13 23 20 16 
-0.2193270459300712 13 23 20 23 
0.2383114961202490 13 23 21 15 
0.1482590113122367 13 23 21 19 
-0.2193270459300712 13 23 21 22 
0.1867870014316945 13 23 22 14 
0.1754140099669186 13 23 22 18 
0.2193270459300712 13 23 22 21 
-0.1806909445137923 13 23 23 13 
0.2193270459300712 13 23 23 20 
1.4369272393899883 14 0 0 14 
0.4269452706114438 14 0 0 18 
-0.2560342396783555 14 0 0 21 
0.8785012600833595 14 0 1 13 
0.9932620347081821 14 0 1 20 
1.2421153591683542 14 0 2 12 
0.4269452706114438 14 0 6 12 
-0.0004114220937581 14 0 8 13 
-0.5851822809503073 14 0 8 20 
-1.0257303896308096 14 0 9 12 
-1.2421153591683542 14 0 12 2 
-0.4269452706114438 14 0 12 6 
1.0257303896308096 14 0 12 9 
-0.8785012600833595 14 0 13 1 
0.0004114220937581 14 0 13 8 
-1.4369272393899883 14 0 14 0 
-0.4269452706114438 14 0 18 0 
-0.9932620347081821 14 0 20 1 
0.5851822809503073 14 0 20 8 
0.2560342396783555 14 0 21 0 
0.2868291807329615 14 1 0 15 
-0.4165141587506138 14 1 0 19 
0.3538821524255744 14 1 0 22 
2.1633314754368551 14 1 1 14 
-0.0698963678553639 14 1 1 18 
0.4528556442299658 14 1 1 21 
1.4880338413384702 14 1 2 13 
-0.1200075905439405 14 1 2 20 
0.6449621166958442 14 1 3 12 
-0.3570489027560796 14 1 6 13 
-0.3346647073293474 14 1 6 20 
0.2255784291987675 14 1 7 12 
-0.5079262718870760 14 1 8 14 
0.3346647073293474 14 1 8 18 
-0.2333822985485703 14 1 8 21 
-0.1965027183681328 14 1 9 13 
0.6866625442718123 14 1 9 20 
0.2193404160324481 14 1 10 12 
-0.6449621166958442 14 1 12 3 
-0.2255784291987675 14 1 12 7 
-0.2193404160324481 14 1 12 10 
-1.4880338413384702 14 1 13 2 
0.3570489027560796 14 1 13 6 
0.1965027183681328 14 1 13 9 
-2.1633314754368551 14 1 14 1 
0.5079262718870760 14 1 14 8 
-0.2868291807329615 14 1 15 0 
0.0698963678553639 14 1 18 1 
-0.3346647073293474 14 1 18 8 
0.4165141587506138 14 1 19 0 
0.1200075905439405 14 1 20 2 
0.3346647073293474 14 1 20 6 
-0.6866625442718123 14 1 20 9 
-0.4528556442299658 14 1 21 1 
0.2333822985485703 14 1 21 8 
-0.3538821524255744 14 1 22 0 
0.2147033068403779 14 2 0 16 
-0.5544340647699876 14 2 0 23 
0.9070525332051274 14 2 1 15 
-0.2415167168359020 14 2 1 19 
1.1545383489005070 14 2 1 22 
2.6892908210926532 14 2 2 14 
-0.3415562164891549 14 2 2 18 
-0.5600289697856357 14 2 2 21 
0.9070525332051274 14 2 3 13 
-0.2686888465557844 14 2 3 20 
0.2147033068403779 14 2 4 12 
-0.3415562164891549 14 2 6 14 
0.2551576709441980 14 2 6 18 
0.0045916216014056 14 2 6 21 
-0.2415167168359020 14 2 7 13 
-0.0079529219027653 14 2 7 20 
-0.2686888465557844 14 2 8 15 
-0.0079529219027653 14 2 8 19 
-0.1789362100822664 14 2 8 22 
-0.5600289697856357 14 2 9 14 
0.0045916216014056 14 2 9 18 
0.9468212797877490 14 2 9 21 
1.1545383489005070 14 2 10 13 
-0.1789362100822664 14 2 10 20 
-0.5544340647699876 14 2 11 12 
-0.2147033068403779 14 2 12 4 
0.5544340647699876 14 2 12 11 
-0.9070525332051274 14 2 13 3 
0.2415167168359020 14 2 13 7 
-1.1545383489005070 14 2 13 10 
-2.6892908210926532 14 2 14 2 
0.3415562164891549 14 2 14 6 
0.5600289697856357 14 2 14 9 
-0.9070525332051274 14 2 15 1 
0.2686888465557844 14 2 15 8 
-0.2147033068403779 14 2 16 0 
0.3415562164891549 14 2 18 2 
-0.2551576709441980 14 2 18 6 
-0.0045916216014056 14 2 18 9 
0.2415167168359020 14 2 19 1 
0.0079529219027653 14 2 19 8 
0.2686888465557844 14 2 20 3 
0.0079529219027653 14 2 20 7 
0.1789362100822664 14 2 20 10 
0.5600289697856357 14 2 21 2 
-0.0045916216014056 14 2 21 6 
-0.9468212797877490 14 2 21 9 
-1.1545383489005070 14 2 22 1 
0.1789362100822664 14 2 22 8 
0.5544340647699876 14 2 23 0 
-0.1112657755595448 14 3 0 17 
0.9124340606156484 14 3 1 16 
0.0775334409869052 14 3 1 23 
1.1632233255244717 14 3 2 15 
0.0206569150225663 14 3 2 19 
0.1210691884113418 14 3 2 22 
2.3812448250638898 14 3 3 14 
-0.3622131315117213 14 3 3 18 
-0.5940873592615260 14 3 3 21 
0.1027736652430869 14 3 4 13 
-0.1757888329181440 14 3 4 20 
0.2712961719225715 14 3 5 12 
0.0206569150225663 14 3 6 15 
-0.3815506032359352 14 3 6 19 
0.1836989333948620 14 3 6 22 
-0.3622131315117213 14 3 7 14 
0.4666031602173346 14 3 7 18 
0.1806378523272583 14 3 7 21 
-0.0775334409869052 14 3 8 16 
-0.3975448748061063 14 3 8 23 
-0.1210691884113418 14 3 9 15 
-0.1836989333948620 14 3 9 19 
1.1106520779852744 14 3 9 22 
0.5940873592615260 14 3 10 14 
-0.1806378523272583 14 3 10 18 
-0.5827467605188763 14 3 10 21 
0.1757888329181440 14 3 11 13 
0.2942360057473387 14 3 11 20 
-0.2712961719225715 14 3 12 5 
-0.1027736652430869 14 3 13 4 
-0.1757888329181440 14 3 13 11 
-2.3812448250638898 14 3 14 3 
0.3622131315117213 14 3 14 7 
-0.5940873592615260 14 3 14 10 
-1.1632233255244717 14 3 15 2 
-0.0206569150225663 14 3 15 6 
0.1210691884113418 14 3 15 9 
-0.9124340606156484 14 3 16 1 
0.0775334409869052 14 3 16 8 
0.1112657755595448 14 3 17 0 
0.3622131315117213 14 3 18 3 
-0.4666031602173346 14 3 18 7 
0.1806378523272583 14 3 18 10 
-0.0206569150225663 14 3 19 2 
0.3815506032359352 14 3 19 6 
0.1836989333948620 14 3 19 9 
0.1757888329181440 14 3 20 4 
-0.2942360057473387 14 3 20 11 
0.5940873592615260 14 3 21 3 
-0.1806378523272583 14 3 21 7 
0.5827467605188763 14 3 21 10 
-0.1210691884113418 14 3 22 2 
-0.1836989333948620 14 3 22 6 
-1.1106520779852744 14 3 22 9 
-0.0775334409869052 14 3 23 1 
0.3975448748061063 14 3 23 8 
0.4056518961520714 14 4 1 17 
1.1135828904574476 14 4 2 16 
-0.1333146833611087 14 4 2 23 
0.9070525332051271 14 4 3 15 
0.2561233615267529 14 4 3 19 
-0.8856703574679250 14 4 3 22 
1.5219439946243041 14 4 4 14 
-0.1060459691448550 14 4 4 18 
0.5228372484274719 14 4 4 21 
0.0680009260379355 14 4 5 13 
-0.7270394051905491 14 4 5 20 
0.2768240773894325 14 4 6 16 
0.1040568157661927 14 4 6 23 
-0.0146066446908509 14 4 7 15 
-0.2405649591952107 14 4 7 19 
0.1975477812261947 14 4 7 22 
-0.6493616974667379 14 4 8 17 
1.0560243129548337 14 4 9 16 
0.6264777062465295 14 4 9 23 
-0.0494844668863695 14 4 10 15 
-0.1888897365035373 14 4 10 19 
-0.6309701914595367 14 4 10 22 
0.2546039979820268 14 4 11 14 
-0.1190529891200389 14 4 11 18 
0.0131144776996082 14 4 11 21 
-0.0680009260379355 14 4 13 5 
-1.5219439946243041 14 4 14 4 
-0.2546039979820268 14 4 14 11 
-0.9070525332051271 14 4 15 3 
0.0146066446908509 14 4 15 7 
0.0494844668863695 14 4 15 10 
-1.1135828904574476 14 4 16 2 
-0.2768240773894325 14 4 16 6 
-1.0560243129548337 14 4 16 9 
-0.4056518961520714 14 4 17 1 
0.6493616974667379 14 4 17 8 
0.1060459691448550 14 4 18 4 
0.1190529891200389 14 4 18 11 
-0.2561233615267529 14 4 19 3 
0.2405649591952107 14 4 19 7 
0.1888897365035373 14 4 19 10 
0.7270394051905491 14 4 20 5 
-0.5228372484274719 14 4 21 4 
-0.0131144776996082 14 4 21 11 
0.8856703574679250 14 4 22 3 
-0.1975477812261947 14 4 22 7 
0.6309701914595367 14 4 22 10 
0.1333146833611087 14 4 23 2 
-0.1040568157661927 14 4 23 6 
-0.6264777062465295 14 4 23 9 
0.7613889805536679 14 5 2 17 
0.6449621166958440 14 5 3 16 
-1.0259048037404752 14 5 3 23 
0.2868291807329613 14 5 4 15 
0.3703238925547188 14 5 4 19 
-0.0450847801209573 14 5 4 22 
1.2231373907068301 14 5 5 14 
0.4527664143896517 14 5 5 18 
0.4344576760680792 14 5 5 21 
-0.0258211437782079 14 5 6 17 
0.5843547552045125 14 5 7 16 
-0.2494443450861643 14 5 7 23 
0.8473069532410858 14 5 9 17 
0.6183073485789797 14 5 10 16 
-0.8496631896299027 14 5 10 23 
-0.3781979980292789 14 5 11 15 
0.2494443450861643 14 5 11 19 
-0.1639022526650746 14 5 11 22 
-1.2231373907068301 14 5 14 5 
-0.2868291807329613 14 5 15 4 
0.3781979980292789 14 5 15 11 
-0.6449621166958440 14 5 16 3 
-0.5843547552045125 14 5 16 7 
-0.6183073485789797 14 5 16 10 
-0.7613889805536679 14 5 17 2 
0.0258211437782079 14 5 17 6 
-0.8473069532410858 14 5 17 9 
-0.4527664143896517 14 5 18 5 
-0.3703238925547188 14 5 19 4 
-0.2494443450861643 14 5 19 11 
-0.4344576760680792 14 5 21 5 
0.0450847801209573 14 5 22 4 
0.1639022526650746 14 5 22 11 
1.0259048037404752 14 5 23 3 
0.2494443450861643 14 5 23 7 
0.8496631896299027 14 5 23 10 
0.5959023217534861 14 6 0 16 
-0.2992018867223660 14 6 0 23 
-0.0146066446908509 14 6 1 15 
1.2187361201370062 14 6 1 19 
-0.4573040139546807 14 6 1 22 
-0.3415562164891549 14 6 2 14 
1.4292638645839979 14 6 2 18 
0.1387645901119753 14 6 2 21 
0.2561233615267529 14 6 3 13 
0.4143493696186088 14 6 3 20 
0.1678405964538987 14 6 4 12 
1.2950266466513527 14 6 6 14 
-0.2113600619272657 14 6 6 21 
0.4976367116786320 14 6 7 13 
-0.1220287886496429 14 6 7 20 
0.0324216029695824 14 6 8 15 
-0.5604843827486268 14 6 8 19 
0.0627116933879477 14 6 8 22 
0.1772585979762229 14 6 9 14 
-0.9707874277695027 14 6 9 18 
-0.0407610443282858 14 6 9 21 
-0.2122772522873660 14 6 10 13 
-0.1097784932187198 14 6 10 20 
-0.2512651741230887 14 6 11 12 
-0.1678405964538987 14 6 12 4 
0.2512651741230887 14 6 12 11 
-0.2561233615267529 14 6 13 3 
-0.4976367116786320 14 6 13 7 
0.2122772522873660 14 6 13 10 
0.3415562164891549 14 6 14 2 
-1.2950266466513527 14 6 14 6 
-0.1772585979762229 14 6 14 9 
0.0146066446908509 14 6 15 1 
-0.0324216029695824 14 6 15 8 
-0.5959023217534861 14 6 16 0 
-1.4292638645839979 14 6 18 2 
0.9707874277695027 14 6 18 9 
-1.2187361201370062 14 6 19 1 
0.5604843827486268 14 6 19 8 
-0.4143493696186088 14 6 20 3 
0.1220287886496429 14 6 20 7 
0.1097784932187198 14 6 20 10 
-0.1387645901119753 14 6 21 2 
0.2113600619272657 14 6 21 6 
0.0407610443282858 14 6 21 9 
0.4573040139546807 14 6 22 1 
-0.0627116933879477 14 6 22 8 
0.2992018867223660 14 6 23 0 
-0.0258211437782080 14 7 0 17 
0.2510029336112246 14 7 1 16 
-0.2568451805087723 14 7 1 23 
0.0206569150225663 14 7 2 15 
0.9983755770710679 14 7 2 19 
-0.2982477368372123 14 7 2 22 
-0.3622131315117214 14 7 3 14 
1.2926648625387898 14 7 3 18 
0.2392247200878556 14 7 3 21 
0.3467204452447965 14 7 4 13 
0.4014214546244413 14 7 4 20 
0.4527664143896516 14 7 5 12 
0.5278234400930033 14 7 6 15 
0.2113600619272657 14 7 6 22 
1.1190854999536850 14 7 7 14 
0.2113600619272657 14 7 7 21 
0.3371076058305285 14 7 8 16 
-0.0848807028345176 14 7 8 23 
0.0187186212020476 14 7 9 15 
0.9707874277695029 14 7 9 19 
-0.1052612249986605 14 7 9 22 
-0.1897376787775879 14 7 10 14 
0.9707874277695029 14 7 10 18 
0.0441196585062318 14 7 10 21 
0.0818018215212034 14 7 11 13 
0.0645001806703747 14 7 11 20 
-0.4527664143896516 14 7 12 5 
-0.3467204452447965 14 7 13 4 
-0.0818018215212034 14 7 13 11 
0.3622131315117213 14 7 14 3 
-1.1190854999536850 14 7 14 7 
0.1897376787775879 14 7 14 10 
-0.0206569150225664 14 7 15 2 
-0.5278234400930033 14 7 15 6 
-0.0187186212020476 14 7 15 9 
-0.2510029336112246 14 7 16 1 
-0.3371076058305285 14 7 16 8 
0.0258211437782080 14 7 17 0 
-1.2926648625387898 14 7 18 3 
-0.9707874277695029 14 7 18 10 
-0.9983755770710679 14 7 19 2 
-0.9707874277695029 14 7 19 9 
-0.4014214546244413 14 7 20 4 
-0.0645001806703747 14 7 20 11 
-0.2392247200878556 14 7 21 3 
-0.2113600619272657 14 7 21 7 
-0.0441196585062318 14 7 21 10 
0.2982477368372123 14 7 22 2 
-0.2113600619272657 14 7 22 6 
0.1052612249986605 14 7 22 9 
0.2568451805087723 14 7 23 1 
0.0848807028345176 14 7 23 8 
0.3781979980292788 14 8 0 15 
0.2992018867223660 14 8 0 19 
0.3651034777795880 14 8 0 22 
-0.5079262718870760 14 8 1 14 
0.5244594835917331 14 8 1 18 
0.0178126550332519 14 8 1 21 
-0.1200075905439405 14 8 2 13 
1.2725824115845057 14 8 2 20 
1.0259048037404752 14 8 3 12 
0.1429365823658156 14 8 6 13 
0.0127405728045039 14 8 6 20 
0.2512651741230887 14 8 7 12 
1.4179481500057716 14 8 8 14 
0.1448795304109926 14 8 8 18 
0.3865028977926174 14 8 8 21 
0.7263540819713513 14 8 9 13 
0.5655826808994989 14 8 9 20 
0.9989011356287055 14 8 10 12 
-1.0259048037404752 14 8 12 3 
-0.2512651741230887 14 8 12 7 
-0.9989011356287055 14 8 12 10 
0.1200075905439405 14 8 13 2 
-0.1429365823658156 14 8 13 6 
-0.7263540819713513 14 8 13 9 
0.5079262718870760 14 8 14 1 
-1.4179481500057716 14 8 14 8 
-0.3781979980292788 14 8 15 0 
-0.5244594835917331 14 8 18 1 
-0.1448795304109926 14 8 18 8 
-0.2992018867223660 14 8 19 0 
-1.2725824115845057 14 8 20 2 
-0.0127405728045039 14 8 20 6 
-0.5655826808994989 14 8 20 9 
-0.0178126550332519 14 8 21 1 
-0.3865028977926174 14 8 21 8 
-0.3651034777795880 14 8 22 0 
-0.4258302253905440 14 9 0 16 
0.3402723891899268 14 9 0 23 
0.0494844668863695 14 9 1 15 
-0.0062175558171438 14 9 1 19 
-0.3372748895500163 14 9 1 22 
-0.5600289697856357 14 9 2 14 
0.1387645901119753 14 9 2 18 
1.8552721030639652 14 9 2 21 
0.8856703574679250 14 9 3 13 
-0.3196221180097535 14 9 3 20 
-0.0268632928440123 14 9 4 12 
0.1772585979762229 14 9 6 14 
-0.5215495582392695 14 9 6 18 
0.1278911939886425 14 9 6 21 
-0.1769810816568857 14 9 7 13 
-0.2582929115205280 14 9 7 20 
0.0470070899563649 14 9 8 15 
-0.3680571027200843 14 9 8 19 
0.1570627787212512 14 9 8 22 
2.5226607308303990 14 9 9 14 
-0.0289680166857266 14 9 9 18 
0.1265536072223174 14 9 9 21 
0.3563173937358947 14 9 10 13 
-0.1014166237366934 14 9 10 20 
0.2898139128376450 14 9 11 12 
0.0268632928440123 14 9 12 4 
-0.2898139128376450 14 9 12 11 
-0.8856703574679250 14 9 13 3 
0.1769810816568857 14 9 13 7 
-0.3563173937358947 14 9 13 10 
0.5600289697856357 14 9 14 2 
-0.1772585979762229 14 9 14 6 
-2.5226607308303990 14 9 14 9 
-0.0494844668863695 14 9 15 1 
-0.0470070899563649 14 9 15 8 
0.4258302253905440 14 9 16 0 
-0.1387645901119753 14 9 18 2 
0.5215495582392695 14 9 18 6 
0.0289680166857266 14 9 18 9 
0.0062175558171438 14 9 19 1 
0.3680571027200843 14 9 19 8 
0.3196221180097535 14 9 20 3 
0.2582929115205280 14 9 20 7 
0.1014166237366934 14 9 20 10 
-1.8552721030639652 14 9 21 2 
-0.1278911939886425 14 9 21 6 
-0.1265536072223174 14 9 21 9 
0.3372748895500163 14 9 22 1 
-0.1570627787212512 14 9 22 8 
-0.3402723891899268 14 9 23 0 
0.4169150216781424 14 10 0 17 
-1.1421026992674228 14 10 1 16 
-0.6130947002594213 14 10 1 23 
0.1210691884113417 14 10 2 15 
-0.2982477368372123 14 10 2 19 
1.9046940329341804 14 10 2 22 
0.5940873592615259 14 10 3 14 
-0.2392247200878556 14 10 3 18 
-0.3509337686131573 14 10 3 21 
-0.4906610920275148 14 10 4 13 
0.4676281162653249 14 10 4 20 
0.5953384580678661 14 10 5 12 
-0.0187186212020476 14 10 6 15 
0.5215495582392696 14 10 6 19 
-0.2940041063907969 14 10 6 22 
-0.1897376787775879 14 10 7 14 
0.5215495582392696 14 10 7 18 
0.2812635335862929 14 10 7 21 
0.7059396123855739 14 10 8 16 
-0.0034210380628327 14 10 8 23 
0.5721232016287296 14 10 9 15 
0.2318230274505322 14 10 9 19 
-0.2565282525074675 14 10 9 22 
2.1683848191180402 14 10 10 14 
-0.3767025578615247 14 10 10 18 
-0.3460681440609082 14 10 10 21 
-0.4263076988277269 14 10 11 13 
-0.0929609296162734 14 10 11 20 
-0.5953384580678661 14 10 12 5 
0.4906610920275148 14 10 13 4 
0.4263076988277269 14 10 13 11 
-0.5940873592615259 14 10 14 3 
0.1897376787775879 14 10 14 7 
-2.1683848191180402 14 10 14 10 
-0.1210691884113417 14 10 15 2 
0.0187186212020476 14 10 15 6 
-0.5721232016287296 14 10 15 9 
1.1421026992674228 14 10 16 1 
-0.7059396123855739 14 10 16 8 
-0.4169150216781424 14 10 17 0 
0.2392247200878556 14 10 18 3 
-0.5215495582392696 14 10 18 7 
0.3767025578615247 14 10 18 10 
0.2982477368372123 14 10 19 2 
-0.5215495582392696 14 10 19 6 
-0.2318230274505322 14 10 19 9 
-0.4676281162653249 14 10 20 4 
0.0929609296162734 14 10 20 11 
0.3509337686131573 14 10 21 3 
-0.2812635335862929 14 10 21 7 
0.3460681440609082 14 10 21 10 
-1.9046940329341804 14 10 22 2 
0.2940041063907969 14 10 22 6 
0.2565282525074675 14 10 22 9 
0.6130947002594213 14 10 23 1 
0.0034210380628327 14 10 23 8 
-0.9827418541238025 14 11 1 17 
-0.1333146833611087 14 11 2 16 
1.4571163274563954 14 11 2 23 
0.2686888465557844 14 11 3 15 
-0.4143493696186088 14 11 3 19 
-0.3196221180097535 14 11 3 22 
0.2546039979820268 14 11 4 14 
-0.4014214546244412 14 11 4 18 
0.4787329166736851 14 11 4 21 
-0.6024216873085493 14 11 5 13 
0.0143362356815123 14 11 5 20 
-0.3371076058305285 14 11 6 16 
0.1533723395976503 14 11 6 23 
-0.0324216029695824 14 11 7 15 
-0.3011167778451727 14 11 7 19 
-0.0664822421380151 14 11 7 22 
0.4093916989573429 14 11 8 17 
1.0230530588130438 14 11 9 16 
-0.4356080356143490 14 11 9 23 
0.0470070899563649 14 11 10 15 
0.1003709281142469 14 11 10 19 
-0.4766211059527310 14 11 10 22 
1.3908085939656438 14 11 11 14 
0.2607910441362586 14 11 11 18 
-0.1669883609540267 14 11 11 21 
0.6024216873085493 14 11 13 5 
-0.2546039979820268 14 11 14 4 
-1.3908085939656438 14 11 14 11 
-0.2686888465557844 14 11 15 3 
0.0324216029695824 14 11 15 7 
-0.0470070899563649 14 11 15 10 
0.1333146833611087 14 11 16 2 
0.3371076058305285 14 11 16 6 
-1.0230530588130438 14 11 16 9 
0.9827418541238025 14 11 17 1 
-0.4093916989573429 14 11 17 8 
0.4014214546244412 14 11 18 4 
-0.2607910441362586 14 11 18 11 
0.4143493696186088 14 11 19 3 
0.3011167778451727 14 11 19 7 
-0.1003709281142469 14 11 19 10 
-0.0143362356815123 14 11 20 5 
-0.4787329166736851 14 11 21 4 
0.1669883609540267 14 11 21 11 
0.3196221180097535 14 11 22 3 
0.0664822421380151 14 11 22 7 
0.4766211059527310 14 11 22 10 
-1.4571163274563954 14 11 23 2 
-0.1533723395976503 14 11 23 6 
0.4356080356143490 14 11 23 9 
0.1948118802216338 14 12 12 14 
0.7696961499524538 14 12 12 21 
0.9936734568019402 14 12 13 20 
-0.1948118802216338 14 12 14 12 
-0.9936734568019402 14 12 20 13 
-0.7696961499524538 14 12 21 12 
-0.3581329359628827 14 13 12 15 
-0.6420925879493813 14 13 12 19 
0.1345417363931263 14 13 12 22 
0.6752976340983847 14 13 13 14 
0.2871525349007157 14 13 13 18 
0.6493583625980984 14 13 13 21 
-0.6752976340983847 14 13 14 13 
0.3879186813431354 14 13 14 20 
0.3581329359628827 14 13 15 12 
-0.2871525349007157 14 13 18 13 
-0.6693294146586947 14 13 18 20 
0.6420925879493813 14 13 19 12 
-0.3879186813431354 14 13 20 14 
0.6693294146586947 14 13 20 18 
-0.9200448428203825 14 13 20 21 
-0.6493583625980984 14 13 21 13 
0.9200448428203825 14 13 21 20 
-0.1345417363931263 14 13 22 12 
-0.3825619474821162 14 15 12 17 
0.8096603953725612 14 15 13 16 
-0.0982553919312388 14 15 13 23 
-1.2180214995394174 14 15 14 15 
0.3828700465342876 14 15 14 19 
-0.4730181708501842 14 15 14 22 
1.2180214995394174 14 15 15 14 
-0.3828700465342876 14 15 15 18 
-0.4730181708501842 14 15 15 21 
-0.8096603953725612 14 15 16 13 
-0.0982553919312388 14 15 16 20 
0.3825619474821162 14 15 17 12 
0.3828700465342876 14 15 18 15 
-0.8481537634532695 14 15 18 19 
0.3643367857221202 14 15 18 22 
-0.3828700465342876 14 15 19 14 
0.8481537634532695 14 15 19 18 
0.3643367857221202 14 15 19 21 
0.0982553919312388 14 15 20 16 
-0.6917808805534447 14 15 20 23 
0.4730181708501842 14 15 21 15 
-0.3643367857221202 14 15 21 19 
1.6933988385041503 14 15 21 22 
0.4730181708501842 14 15 22 14 
-0.3643367857221202 14 15 22 18 
-1.6933988385041503 14 15 22 21 
0.0982553919312388 14 15 23 13 
0.6917808805534447 14 15 23 20 
0.3376509701141358 14 16 13 17 
-0.4083611041668564 14 16 14 16 
-0.3879186813431356 14 16 14 23 
0.2707300062176038 14 16 15 19 
-0.8361858905815552 14 16 15 22 
0.4083611041668564 14 16 16 14 
-0.3828700465342875 14 16 16 18 
-0.5331870645273618 14 16 16 21 
-0.3376509701141358 14 16 17 13 
-0.0776777077238112 14 16 17 20 
0.3828700465342875 14 16 18 16 
0.2231098048862315 14 16 18 23 
-0.2707300062176038 14 16 19 15 
0.3864375177297320 14 16 19 22 
0.0776777077238112 14 16 20 17 
0.5331870645273618 14 16 21 16 
0.6133632285469215 14 16 21 23 
0.8361858905815552 14 16 22 15 
-0.3864375177297320 14 16 22 19 
0.3879186813431356 14 16 23 14 
-0.2231098048862315 14 16 23 18 
-0.6133632285469215 14 16 23 21 
-0.4617484101531621 14 17 14 17 
0.3581329359628826 14 17 15 16 
-0.6477068057111962 14 17 15 23 
-0.3581329359628826 14 17 16 15 
-0.2140308626497937 14 17 16 19 
-0.6633921286999369 14 17 16 22 
0.4617484101531621 14 17 17 14 
0.4785875581678595 14 17 17 18 
-0.4128492771730066 14 17 17 21 
-0.4785875581678595 14 17 18 17 
0.2140308626497937 14 17 19 16 
-0.4988886901723285 14 17 19 23 
0.4128492771730066 14 17 21 17 
0.6633921286999369 14 17 22 16 
-0.6857609369648280 14 17 22 23 
0.6477068057111962 14 17 23 15 
0.4988886901723285 14 17 23 19 
0.6857609369648280 14 17 23 22 
0.4280617252995874 14 18 12 16 
-0.0479367125992772 14 18 12 23 
-0.2707300062176038 14 18 13 15 
0.7210994084583739 14 18 13 19 
-0.2450267616673147 14 18 13 22 
0.1342372179326451 14 18 14 18 
-0.0384940078642476 14 18 14 21 
0.2707300062176038 14 18 15 13 
0.3819277666490264 14 18 15 20 
-0.4280617252995874 14 18 16 12 
-0.1342372179326451 14 18 18 14 
0.7594273658422368 14 18 18 21 
-0.7210994084583739 14 18 19 13 
0.4384555940989839 14 18 19 20 
-0.3819277666490264 14 18 20 15 
-0.4384555940989839 14 18 20 19 
0.1724901866066674 14 18 20 22 
0.0384940078642476 14 18 21 14 
-0.7594273658422368 14 18 21 18 
0.2450267616673147 14 18 22 13 
-0.1724901866066674 14 18 22 20 
0.0479367125992772 14 18 23 12 
-0.4785875581678595 14 19 12 17 
-0.0957175116335719 14 19 13 16 
-0.3386470020299757 14 19 13 23 
0.3828700465342876 14 19 14 15 
-0.1207099228826172 14 19 14 19 
-0.1085100580596244 14 19 14 22 
-0.3828700465342876 14 19 15 14 
0.7648414224457865 14 19 15 18 
0.2205060988858080 14 19 15 21 
0.0957175116335719 14 19 16 13 
0.0643138487939128 14 19 16 20 
0.4785875581678595 14 19 17 12 
-0.7648414224457865 14 19 18 15 
-0.7594273658422371 14 19 18 22 
0.1207099228826172 14 19 19 14 
-0.7594273658422371 14 19 19 21 
-0.0643138487939128 14 19 20 16 
-0.1493808835048923 14 19 20 23 
-0.2205060988858080 14 19 21 15 
0.7594273658422371 14 19 21 19 
-0.1493808835048923 14 19 21 22 
0.1085100580596244 14 19 22 14 
0.7594273658422371 14 19 22 18 
0.1493808835048923 14 19 22 21 
0.3386470020299757 14 19 23 13 
0.1493808835048923 14 19 23 20 
-0.6477068057111962 14 20 12 15 
0.0479367125992773 14 20 12 19 
-0.6337976578491176 14 20 12 22 
-0.3879186813431354 14 20 13 14 
0.3815229012259175 14 20 13 18 
-0.7085414269380993 14 20 13 21 
0.3879186813431354 14 20 14 13 
-0.1453657384212662 14 20 14 20 
0.6477068057111962 14 20 15 12 
-0.3815229012259175 14 20 18 13 
-0.1321389576064887 14 20 18 20 
-0.0479367125992773 14 20 19 12 
0.1453657384212662 14 20 20 14 
0.1321389576064887 14 20 20 18 
-0.1790797831068815 14 20 20 21 
0.7085414269380993 14 20 21 13 
0.1790797831068815 14 20 21 20 
0.6337976578491176 14 20 22 12 
-0.3989669325465317 14 21 12 16 
0.0504584763522818 14 21 12 23 
-0.8361858905815552 14 21 13 15 
0.1707635258397419 14 21 13 19 
-0.6935922832859108 14 21 13 22 
-0.0384940078642476 14 21 14 18 
-0.6673886277664335 14 21 14 21 
0.8361858905815552 14 21 15 13 
-0.3666292079661183 14 21 15 20 
0.3989669325465317 14 21 16 12 
0.0384940078642476 14 21 18 14 
0.1568592106743691 14 21 18 21 
-0.1707635258397419 14 21 19 13 
0.1097641911995563 14 21 19 20 
0.3666292079661183 14 21 20 15 
-0.1097641911995563 14 21 20 19 
0.2584794024579445 14 21 20 22 
0.6673886277664335 14 21 21 14 
-0.1568592106743691 14 21 21 18 
0.6935922832859108 14 21 22 13 
-0.2584794024579445 14 21 22 20 
-0.0504584763522818 14 21 23 12 
-0.1784234363897237 14 22 12 17 
-0.6514416072399078 14 22 13 16 
-0.1867870014316945 14 22 13 23 
-0.4730181708501842 14 22 14 15 
-0.1085100580596244 14 22 14 19 
-0.2636907861838599 14 22 14 22 
0.4730181708501842 14 22 15 14 
-0.2205060988858080 14 22 15 18 
-0.9230569702418870 14 22 15 21 
0.6514416072399078 14 22 16 13 
-0.2383114961202490 14 22 16 20 
0.1784234363897237 14 22 17 12 
0.2205060988858080 14 22 18 15 
0.0826984514707279 14 22 18 22 
0.1085100580596244 14 22 19 14 
0.0494405061357608 14 22 19 21 
0.2383114961202490 14 22 20 16 
0.0895398915534407 14 22 20 23 
0.9230569702418870 14 22 21 15 
-0.0494405061357608 14 22 21 19 
0.0895398915534407 14 22 21 22 
0.2636907861838599 14 22 22 14 
-0.0826984514707279 14 22 22 18 
-0.0895398915534407 14 22 22 21 
0.1867870014316945 14 22 23 13 
-0.0895398915534407 14 22 23 20 
-0.3803201668152534 14 23 13 17 
-0.3879186813431356 14 23 14 16 
0.0663077334907516 14 23 14 23 
-0.3819277666490264 14 23 15 19 
-0.3666292079661183 14 23 15 22 
0.3879186813431356 14 23 16 14 
-0.0643138487939128 14 23 16 18 
-0.5443201421393585 14 23 16 21 
0.3803201668152534 14 23 17 13 
-0.3950554632758306 14 23 17 20 
0.0643138487939128 14 23 18 16 
-0.1074187045386083 14 23 18 23 
0.3819277666490264 14 23 19 15 
-0.1668531702522620 14 23 19 22 
0.3950554632758306 14 23 20 17 
0.5443201421393585 14 23 21 16 
-0.2686196746603222 14 23 21 23 
0.3666292079661183 14 23 22 15 
0.1668531702522620 14 23 22 19 
-0.0663077334907516 14 23 23 14 
0.1074187045386083 14 23 23 18 
0.2686196746603222 14 23 23 21 
1.2231373907068301 15 0 0 15 
0.4527664143896517 15 0 0 19 
-0.4344576760680792 15 0 0 22 
0.2868291807329613 15 0 1 14 
0.3703238925547188 15 0 1 18 
0.0450847801209573 15 0 1 21 
0.6449621166958440 15 0 2 13 
1.0259048037404752 15 0 2 20 
0.7613889805536679 15 0 3 12 
0.5843547552045125 15 0 6 13 
0.2494443450861643 15 0 6 20 
-0.0258211437782079 15 0 7 12 
0.3781979980292789 15 0 8 14 
-0.2494443450861643 15 0 8 18 
-0.1639022526650746 15 0 8 21 
-0.6183073485789797 15 0 9 13 
-0.8496631896299027 15 0 9 20 
-0.8473069532410858 15 0 10 12 
-0.7613889805536679 15 0 12 3 
0.0258211437782079 15 0 12 7 
0.8473069532410858 15 0 12 10 
-0.6449621166958440 15 0 13 2 
-0.5843547552045125 15 0 13 6 
0.6183073485789797 15 0 13 9 
-0.2868291807329613 15 0 14 1 
-0.3781979980292789 15 0 14 8 
-1.2231373907068301 15 0 15 0 
-0.3703238925547188 15 0 18 1 
0.2494443450861643 15 0 18 8 
-0.4527664143896517 15 0 19 0 
-1.0259048037404752 15 0 20 2 
-0.2494443450861643 15 0 20 6 
0.8496631896299027 15 0 20 9 
-0.0450847801209573 15 0 21 1 
0.1639022526650746 15 0 21 8 
0.4344576760680792 15 0 22 0 
0.0680009260379355 15 1 0 16 
0.7270394051905491 15 1 0 23 
1.5219439946243041 15 1 1 15 
-0.1060459691448550 15 1 1 19 
-0.5228372484274719 15 1 1 22 
0.9070525332051271 15 1 2 14 
0.2561233615267529 15 1 2 18 
0.8856703574679250 15 1 2 21 
1.1135828904574476 15 1 3 13 
0.1333146833611087 15 1 3 20 
0.4056518961520714 15 1 4 12 
-0.0146066446908509 15 1 6 14 
-0.2405649591952107 15 1 6 18 
-0.1975477812261947 15 1 6 21 
0.2768240773894325 15 1 7 13 
-0.1040568157661927 15 1 7 20 
-0.2546039979820268 15 1 8 15 
0.1190529891200389 15 1 8 19 
0.0131144776996082 15 1 8 22 
0.0494844668863695 15 1 9 14 
0.1888897365035373 15 1 9 18 
-0.6309701914595367 15 1 9 21 
-1.0560243129548337 15 1 10 13 
0.6264777062465295 15 1 10 20 
0.6493616974667379 15 1 11 12 
-0.4056518961520714 15 1 12 4 
-0.6493616974667379 15 1 12 11 
-1.1135828904574476 15 1 13 3 
-0.2768240773894325 15 1 13 7 
1.0560243129548337 15 1 13 10 
-0.9070525332051271 15 1 14 2 
0.0146066446908509 15 1 14 6 
-0.0494844668863695 15 1 14 9 
-1.5219439946243041 15 1 15 1 
0.2546039979820268 15 1 15 8 
-0.0680009260379355 15 1 16 0 
-0.2561233615267529 15 1 18 2 
0.2405649591952107 15 1 18 6 
-0.1888897365035373 15 1 18 9 
0.1060459691448550 15 1 19 1 
-0.1190529891200389 15 1 19 8 
-0.1333146833611087 15 1 20 3 
0.1040568157661927 15 1 20 7 
-0.6264777062465295 15 1 20 10 
-0.8856703574679250 15 1 21 2 
0.1975477812261947 15 1 21 6 
0.6309701914595367 15 1 21 9 
0.5228372484274719 15 1 22 1 
-0.0131144776996082 15 1 22 8 
-0.7270394051905491 15 1 23 0 
0.2712961719225715 15 2 0 17 
0.1027736652430869 15 2 1 16 
0.1757888329181440 15 2 1 23 
2.3812448250638898 15 2 2 15 
-0.3622131315117214 15 2 2 19 
0.5940873592615260 15 2 2 22 
1.1632233255244717 15 2 3 14 
0.0206569150225664 15 2 3 18 
-0.1210691884113418 15 2 3 21 
0.9124340606156484 15 2 4 13 
-0.0775334409869052 15 2 4 20 
-0.1112657755595447 15 2 5 12 
-0.3622131315117214 15 2 6 15 
0.4666031602173346 15 2 6 19 
-0.1806378523272583 15 2 6 22 
0.0206569150225664 15 2 7 14 
-0.3815506032359352 15 2 7 18 
-0.1836989333948621 15 2 7 21 
-0.1757888329181440 15 2 8 16 
0.2942360057473387 15 2 8 23 
-0.5940873592615260 15 2 9 15 
0.1806378523272583 15 2 9 19 
-0.5827467605188763 15 2 9 22 
0.1210691884113418 15 2 10 14 
0.1836989333948621 15 2 10 18 
1.1106520779852744 15 2 10 21 
0.0775334409869052 15 2 11 13 
-0.3975448748061063 15 2 11 20 
0.1112657755595447 15 2 12 5 
-0.9124340606156484 15 2 13 4 
-0.0775334409869052 15 2 13 11 
-1.1632233255244717 15 2 14 3 
-0.0206569150225664 15 2 14 7 
-0.1210691884113418 15 2 14 10 
-2.3812448250638898 15 2 15 2 
0.3622131315117214 15 2 15 6 
0.5940873592615260 15 2 15 9 
-0.1027736652430869 15 2 16 1 
0.1757888329181440 15 2 16 8 
-0.2712961719225715 15 2 17 0 
-0.0206569150225664 15 2 18 3 
0.3815506032359352 15 2 18 7 
-0.1836989333948621 15 2 18 10 
0.3622131315117214 15 2 19 2 
-0.4666031602173346 15 2 19 6 
-0.1806378523272583 15 2 19 9 
0.0775334409869052 15 2 20 4 
0.3975448748061063 15 2 20 11 
0.1210691884113418 15 2 21 3 
0.1836989333948621 15 2 21 7 
-1.1106520779852744 15 2 21 10 
-0.5940873592615260 15 2 22 2 
0.1806378523272583 15 2 22 6 
0.5827467605188763 15 2 22 9 
-0.1757888329181440 15 2 23 1 
-0.2942360057473387 15 2 23 8 
0.2147033068403779 15 3 1 17 
0.9070525332051274 15 3 2 16 
0.2686888465557844 15 3 2 23 
2.6892908210926532 15 3 3 15 
-0.3415562164891549 15 3 3 19 
0.5600289697856357 15 3 3 22 
0.9070525332051274 15 3 4 14 
-0.2415167168359020 15 3 4 18 
-1.1545383489005070 15 3 4 21 
0.2147033068403779 15 3 5 13 
0.5544340647699876 15 3 5 20 
-0.2415167168359020 15 3 6 16 
0.0079529219027653 15 3 6 23 
-0.3415562164891549 15 3 7 15 
0.2551576709441980 15 3 7 19 
-0.0045916216014056 15 3 7 22 
0.5544340647699876 15 3 8 17 
-1.1545383489005070 15 3 9 16 
-0.1789362100822664 15 3 9 23 
0.5600289697856357 15 3 10 15 
-0.0045916216014056 15 3 10 19 
0.9468212797877490 15 3 10 22 
0.2686888465557844 15 3 11 14 
0.0079529219027653 15 3 11 18 
-0.1789362100822664 15 3 11 21 
-0.2147033068403779 15 3 13 5 
-0.9070525332051274 15 3 14 4 
-0.2686888465557844 15 3 14 11 
-2.6892908210926532 15 3 15 3 
0.3415562164891549 15 3 15 7 
-0.5600289697856357 15 3 15 10 
-0.9070525332051274 15 3 16 2 
0.2415167168359020 15 3 16 6 
1.1545383489005070 15 3 16 9 
-0.2147033068403779 15 3 17 1 
-0.5544340647699876 15 3 17 8 
0.2415167168359020 15 3 18 4 
-0.0079529219027653 15 3 18 11 
0.3415562164891549 15 3 19 3 
-0.2551576709441980 15 3 19 7 
0.0045916216014056 15 3 19 10 
-0.5544340647699876 15 3 20 5 
1.1545383489005070 15 3 21 4 
0.1789362100822664 15 3 21 11 
-0.5600289697856357 15 3 22 3 
0.0045916216014056 15 3 22 7 
-0.9468212797877490 15 3 22 10 
-0.2686888465557844 15 3 23 2 
-0.0079529219027653 15 3 23 6 
0.1789362100822664 15 3 23 9 
0.6449621166958442 15 4 2 17 
1.4880338413384702 15 4 3 16 
0.1200075905439405 15 4 3 23 
2.1633314754368551 15 4 4 15 
-0.0698963678553639 15 4 4 19 
-0.4528556442299658 15 4 4 22 
0.2868291807329615 15 4 5 14 
-0.4165141587506138 15 4 5 18 
-0.3538821524255744 15 4 5 21 
0.2255784291987675 15 4 6 17 
-0.3570489027560796 15 4 7 16 
0.3346647073293474 15 4 7 23 
-0.2193404160324481 15 4 9 17 
0.1965027183681328 15 4 10 16 
0.6866625442718123 15 4 10 23 
0.5079262718870760 15 4 11 15 
-0.3346647073293474 15 4 11 19 
-0.2333822985485703 15 4 11 22 
-0.2868291807329615 15 4 14 5 
-2.1633314754368551 15 4 15 4 
-0.5079262718870760 15 4 15 11 
-1.4880338413384702 15 4 16 3 
0.3570489027560796 15 4 16 7 
-0.1965027183681328 15 4 16 10 
-0.6449621166958442 15 4 17 2 
-0.2255784291987675 15 4 17 6 
0.2193404160324481 15 4 17 9 
0.4165141587506138 15 4 18 5 
0.0698963678553639 15 4 19 4 
0.3346647073293474 15 4 19 11 
0.3538821524255744 15 4 21 5 
0.4528556442299658 15 4 22 4 
0.2333822985485703 15 4 22 11 
-0.1200075905439405 15 4 23 3 
-0.3346647073293474 15 4 23 7 
-0.6866625442718123 15 4 23 10 
1.2421153591683542 15 5 3 17 
0.8785012600833593 15 5 4 16 
-0.9932620347081821 15 5 4 23 
1.4369272393899883 15 5 5 15 
0.4269452706114438 15 5 5 19 
0.2560342396783555 15 5 5 22 
0.4269452706114438 15 5 7 17 
1.0257303896308096 15 5 10 17 
0.0004114220937581 15 5 11 16 
-0.5851822809503073 15 5 11 23 
-1.4369272393899883 15 5 15 5 
-0.8785012600833593 15 5 16 4 
-0.0004114220937581 15 5 16 11 
-1.2421153591683542 15 5 17 3 
-0.4269452706114438 15 5 17 7 
-1.0257303896308096 15 5 17 10 
-0.4269452706114438 15 5 19 5 
-0.2560342396783555 15 5 22 5 
0.9932620347081821 15 5 23 4 
0.5851822809503073 15 5 23 11 
0.4527664143896516 15 6 0 17 
0.3467204452447965 15 6 1 16 
-0.4014214546244413 15 6 1 23 
-0.3622131315117213 15 6 2 15 
1.2926648625387898 15 6 2 19 
-0.2392247200878556 15 6 2 22 
0.0206569150225664 15 6 3 14 
0.9983755770710679 15 6 3 18 
0.2982477368372123 15 6 3 21 
0.2510029336112246 15 6 4 13 
0.2568451805087723 15 6 4 20 
-0.0258211437782080 15 6 5 12 
1.1190854999536850 15 6 6 15 
-0.2113600619272657 15 6 6 22 
0.5278234400930033 15 6 7 14 
-0.2113600619272657 15 6 7 21 
-0.0818018215212034 15 6 8 16 
0.0645001806703747 15 6 8 23 
0.1897376787775879 15 6 9 15 
-0.9707874277695029 15 6 9 19 
0.0441196585062318 15 6 9 22 
-0.0187186212020476 15 6 10 14 
-0.9707874277695029 15 6 10 18 
-0.1052612249986605 15 6 10 21 
-0.3371076058305285 15 6 11 13 
-0.0848807028345176 15 6 11 20 
0.0258211437782080 15 6 12 5 
-0.2510029336112246 15 6 13 4 
0.3371076058305285 15 6 13 11 
-0.0206569150225663 15 6 14 3 
-0.5278234400930033 15 6 14 7 
0.0187186212020476 15 6 14 10 
0.3622131315117214 15 6 15 2 
-1.1190854999536850 15 6 15 6 
-0.1897376787775879 15 6 15 9 
-0.3467204452447965 15 6 16 1 
0.0818018215212034 15 6 16 8 
-0.4527664143896516 15 6 17 0 
-0.9983755770710679 15 6 18 3 
0.9707874277695029 15 6 18 10 
-1.2926648625387898 15 6 19 2 
0.9707874277695029 15 6 19 9 
-0.2568451805087723 15 6 20 4 
0.0848807028345176 15 6 20 11 
-0.2982477368372123 15 6 21 3 
0.2113600619272657 15 6 21 7 
0.1052612249986605 15 6 21 10 
0.2392247200878556 15 6 22 2 
0.2113600619272657 15 6 22 6 
-0.0441196585062318 15 6 22 9 
0.4014214546244413 15 6 23 1 
-0.0645001806703747 15 6 23 8 
0.1678405964538987 15 7 1 17 
0.2561233615267529 15 7 2 16 
-0.4143493696186088 15 7 2 23 
-0.3415562164891549 15 7 3 15 
1.4292638645839979 15 7 3 19 
-0.1387645901119753 15 7 3 22 
-0.0146066446908509 15 7 4 14 
1.2187361201370062 15 7 4 18 
0.4573040139546807 15 7 4 21 
0.5959023217534861 15 7 5 13 
0.2992018867223660 15 7 5 20 
0.4976367116786320 15 7 6 16 
0.1220287886496429 15 7 6 23 
1.2950266466513527 15 7 7 15 
0.2113600619272657 15 7 7 22 
0.2512651741230887 15 7 8 17 
0.2122772522873660 15 7 9 16 
-0.1097784932187198 15 7 9 23 
-0.1772585979762229 15 7 10 15 
0.9707874277695027 15 7 10 19 
-0.0407610443282858 15 7 10 22 
-0.0324216029695824 15 7 11 14 
0.5604843827486268 15 7 11 18 
0.0627116933879477 15 7 11 21 
-0.5959023217534861 15 7 13 5 
0.0146066446908509 15 7 14 4 
0.0324216029695824 15 7 14 11 
0.3415562164891549 15 7 15 3 
-1.2950266466513527 15 7 15 7 
0.1772585979762229 15 7 15 10 
-0.2561233615267529 15 7 16 2 
-0.4976367116786320 15 7 16 6 
-0.2122772522873660 15 7 16 9 
-0.1678405964538987 15 7 17 1 
-0.2512651741230887 15 7 17 8 
-1.2187361201370062 15 7 18 4 
-0.5604843827486268 15 7 18 11 
-1.4292638645839979 15 7 19 3 
-0.9707874277695027 15 7 19 10 
-0.2992018867223660 15 7 20 5 
-0.4573040139546807 15 7 21 4 
-0.0627116933879477 15 7 21 11 
0.1387645901119753 15 7 22 3 
-0.2113600619272657 15 7 22 7 
0.0407610443282858 15 7 22 10 
0.4143493696186088 15 7 23 2 
-0.1220287886496429 15 7 23 6 
0.1097784932187198 15 7 23 9 
0.6024216873085493 15 8 0 16 
0.0143362356815123 15 8 0 23 
-0.2546039979820268 15 8 1 15 
0.4014214546244412 15 8 1 19 
0.4787329166736851 15 8 1 22 
-0.2686888465557844 15 8 2 14 
0.4143493696186088 15 8 2 18 
-0.3196221180097535 15 8 2 21 
0.1333146833611087 15 8 3 13 
1.4571163274563954 15 8 3 20 
0.9827418541238025 15 8 4 12 
0.0324216029695824 15 8 6 14 
0.3011167778451727 15 8 6 18 
-0.0664822421380151 15 8 6 21 
0.3371076058305285 15 8 7 13 
0.1533723395976503 15 8 7 20 
1.3908085939656438 15 8 8 15 
0.2607910441362586 15 8 8 19 
0.1669883609540267 15 8 8 22 
0.0470070899563649 15 8 9 14 
0.1003709281142469 15 8 9 18 
0.4766211059527310 15 8 9 21 
1.0230530588130438 15 8 10 13 
0.4356080356143490 15 8 10 20 
0.4093916989573429 15 8 11 12 
-0.9827418541238025 15 8 12 4 
-0.4093916989573429 15 8 12 11 
-0.1333146833611087 15 8 13 3 
-0.3371076058305285 15 8 13 7 
-1.0230530588130438 15 8 13 10 
0.2686888465557844 15 8 14 2 
-0.0324216029695824 15 8 14 6 
-0.0470070899563649 15 8 14 9 
0.2546039979820268 15 8 15 1 
-1.3908085939656438 15 8 15 8 
-0.6024216873085493 15 8 16 0 
-0.4143493696186088 15 8 18 2 
-0.3011167778451727 15 8 18 6 
-0.1003709281142469 15 8 18 9 
-0.4014214546244412 15 8 19 1 
-0.2607910441362586 15 8 19 8 
-1.4571163274563954 15 8 20 3 
-0.1533723395976503 15 8 20 7 
-0.4356080356143490 15 8 20 10 
0.3196221180097535 15 8 21 2 
0.0664822421380151 15 8 21 6 
-0.4766211059527310 15 8 21 9 
-0.4787329166736851 15 8 22 1 
-0.1669883609540267 15 8 22 8 
-0.0143362356815123 15 8 23 0 
-0.5953384580678661 15 9 0 17 
0.4906610920275148 15 9 1 16 
0.4676281162653249 15 9 1 23 
-0.5940873592615259 15 9 2 15 
0.2392247200878556 15 9 2 19 
-0.3509337686131573 15 9 2 22 
-0.1210691884113417 15 9 3 14 
0.2982477368372123 15 9 3 18 
1.9046940329341804 15 9 3 21 
1.1421026992674228 15 9 4 13 
-0.6130947002594213 15 9 4 20 
-0.4169150216781424 15 9 5 12 
0.1897376787775879 15 9 6 15 
-0.5215495582392696 15 9 6 19 
0.2812635335862929 15 9 6 22 
0.0187186212020476 15 9 7 14 
-0.5215495582392696 15 9 7 18 
-0.2940041063907969 15 9 7 21 
-0.4263076988277269 15 9 8 16 
0.0929609296162734 15 9 8 23 
2.1683848191180402 15 9 9 15 
-0.3767025578615247 15 9 9 19 
0.3460681440609082 15 9 9 22 
0.5721232016287296 15 9 10 14 
0.2318230274505322 15 9 10 18 
0.2565282525074675 15 9 10 21 
0.7059396123855739 15 9 11 13 
0.0034210380628327 15 9 11 20 
0.4169150216781424 15 9 12 5 
-1.1421026992674228 15 9 13 4 
-0.7059396123855739 15 9 13 11 
0.1210691884113417 15 9 14 3 
-0.0187186212020476 15 9 14 7 
-0.5721232016287296 15 9 14 10 
0.5940873592615259 15 9 15 2 
-0.1897376787775879 15 9 15 6 
-2.1683848191180402 15 9 15 9 
-0.4906610920275148 15 9 16 1 
0.4263076988277269 15 9 16 8 
0.5953384580678661 15 9 17 0 
-0.2982477368372123 15 9 18 3 
0.5215495582392696 15 9 18 7 
-0.2318230274505322 15 9 18 10 
-0.2392247200878556 15 9 19 2 
0.5215495582392696 15 9 19 6 
0.3767025578615247 15 9 19 9 
0.6130947002594213 15 9 20 4 
-0.0034210380628327 15 9 20 11 
-1.9046940329341804 15 9 21 3 
0.2940041063907969 15 9 21 7 
-0.2565282525074675 15 9 21 10 
0.3509337686131573 15 9 22 2 
-0.2812635335862929 15 9 22 6 
-0.3460681440609082 15 9 22 9 
-0.4676281162653249 15 9 23 1 
-0.0929609296162734 15 9 23 8 
0.0268632928440123 15 10 1 17 
-0.8856703574679250 15 10 2 16 
-0.3196221180097535 15 10 2 23 
0.5600289697856357 15 10 3 15 
-0.1387645901119753 15 10 3 19 
1.8552721030639652 15 10 3 22 
-0.0494844668863695 15 10 4 14 
0.0062175558171438 15 10 4 18 
-0.3372748895500163 15 10 4 21 
0.4258302253905440 15 10 5 13 
0.3402723891899268 15 10 5 20 
0.1769810816568857 15 10 6 16 
-0.2582929115205280 15 10 6 23 
-0.1772585979762229 15 10 7 15 
0.5215495582392695 15 10 7 19 
0.1278911939886425 15 10 7 22 
0.2898139128376450 15 10 8 17 
0.3563173937358947 15 10 9 16 
0.1014166237366934 15 10 9 23 
2.5226607308303990 15 10 10 15 
-0.0289680166857266 15 10 10 19 
-0.1265536072223174 15 10 10 22 
0.0470070899563649 15 10 11 14 
-0.3680571027200843 15 10 11 18 
-0.1570627787212512 15 10 11 21 
-0.4258302253905440 15 10 13 5 
0.0494844668863695 15 10 14 4 
-0.0470070899563649 15 10 14 11 
-0.5600289697856357 15 10 15 3 
0.1772585979762229 15 10 15 7 
-2.5226607308303990 15 10 15 10 
0.8856703574679250 15 10 16 2 
-0.1769810816568857 15 10 16 6 
-0.3563173937358947 15 10 16 9 
-0.0268632928440123 15 10 17 1 
-0.2898139128376450 15 10 17 8 
-0.0062175558171438 15 10 18 4 
0.3680571027200843 15 10 18 11 
0.1387645901119753 15 10 19 3 
-0.5215495582392695 15 10 19 7 
0.0289680166857266 15 10 19 10 
-0.3402723891899268 15 10 20 5 
0.3372748895500163 15 10 21 4 
0.1570627787212512 15 10 21 11 
-1.8552721030639652 15 10 22 3 
-0.1278911939886425 15 10 22 7 
0.1265536072223174 15 10 22 10 
0.3196221180097535 15 10 23 2 
0.2582929115205280 15 10 23 6 
-0.1014166237366934 15 10 23 9 
-1.0259048037404752 15 11 2 17 
0.1200075905439405 15 11 3 16 
1.2725824115845057 15 11 3 23 
0.5079262718870760 15 11 4 15 
-0.5244594835917331 15 11 4 19 
0.0178126550332519 15 11 4 22 
-0.3781979980292788 15 11 5 14 
-0.2992018867223660 15 11 5 18 
0.3651034777795880 15 11 5 21 
-0.2512651741230887 15 11 6 17 
-0.1429365823658156 15 11 7 16 
0.0127405728045039 15 11 7 23 
0.9989011356287055 15 11 9 17 
0.7263540819713513 15 11 10 16 
-0.5655826808994989 15 11 10 23 
1.4179481500057716 15 11 11 15 
0.1448795304109926 15 11 11 19 
-0.3865028977926174 15 11 11 22 
0.3781979980292788 15 11 14 5 
-0.5079262718870760 15 11 15 4 
-1.4179481500057716 15 11 15 11 
-0.1200075905439405 15 11 16 3 
0.1429365823658156 15 11 16 7 
-0.7263540819713513 15 11 16 10 
1.0259048037404752 15 11 17 2 
0.2512651741230887 15 11 17 6 
-0.9989011356287055 15 11 17 9 
0.2992018867223660 15 11 18 5 
0.5244594835917331 15 11 19 4 
-0.1448795304109926 15 11 19 11 
-0.3651034777795880 15 11 21 5 
-0.0178126550332519 15 11 22 4 
0.3865028977926174 15 11 22 11 
-1.2725824115845057 15 11 23 3 
-0.0127405728045039 15 11 23 7 
0.5655826808994989 15 11 23 10 
0.4617484101531621 15 12 12 15 
0.4785875581678595 15 12 12 19 
0.4128492771730066 15 12 12 22 
-0.3581329359628826 15 12 13 14 
-0.2140308626497937 15 12 13 18 
0.6633921286999369 15 12 13 21 
0.3581329359628826 15 12 14 13 
0.6477068057111962 15 12 14 20 
-0.4617484101531621 15 12 15 12 
0.2140308626497937 15 12 18 13 
0.4988886901723285 15 12 18 20 
-0.4785875581678595 15 12 19 12 
-0.6477068057111962 15 12 20 14 
-0.4988886901723285 15 12 20 18 
0.6857609369648280 15 12 20 21 
-0.6633921286999369 15 12 21 13 
-0.6857609369648280 15 12 21 20 
-0.4128492771730066 15 12 22 12 
-0.3376509701141358 15 13 12 16 
0.0776777077238112 15 13 12 23 
0.4083611041668564 15 13 13 15 
-0.3828700465342875 15 13 13 19 
0.5331870645273618 15 13 13 22 
0.2707300062176038 15 13 14 18 
0.8361858905815552 15 13 14 21 
-0.4083611041668564 15 13 15 13 
0.3879186813431356 15 13 15 20 
0.3376509701141358 15 13 16 12 
-0.2707300062176038 15 13 18 14 
-0.3864375177297320 15 13 18 21 
0.3828700465342875 15 13 19 13 
-0.2231098048862315 15 13 19 20 
-0.3879186813431356 15 13 20 15 
0.2231098048862315 15 13 20 19 
-0.6133632285469215 15 13 20 22 
-0.8361858905815552 15 13 21 14 
0.3864375177297320 15 13 21 18 
-0.5331870645273618 15 13 22 13 
0.6133632285469215 15 13 22 20 
-0.0776777077238112 15 13 23 12 
0.3825619474821161 15 14 12 17 
-0.8096603953725612 15 14 13 16 
0.0982553919312388 15 14 13 23 
1.2180214995394174 15 14 14 15 
-0.3828700465342876 15 14 14 19 
0.4730181708501842 15 14 14 22 
-1.2180214995394176 15 14 15 14 
0.3828700465342876 15 14 15 18 
0.4730181708501842 15 14 15 21 
0.8096603953725612 15 14 16 13 
0.0982553919312388 15 14 16 20 
-0.3825619474821161 15 14 17 12 
-0.3828700465342876 15 14 18 15 
0.8481537634532695 15 14 18 19 
-0.3643367857221203 15 14 18 22 
0.3828700465342876 15 14 19 14 
-0.8481537634532695 15 14 19 18 
-0.3643367857221203 15 14 19 21 
-0.0982553919312388 15 14 20 16 
0.6917808805534446 15 14 20 23 
-0.4730181708501842 15 14 21 15 
0.3643367857221203 15 14 21 19 
-1.6933988385041503 15 14 21 22 
-0.4730181708501842 15 14 22 14 
0.3643367857221203 15 14 22 18 
1.6933988385041503 15 14 22 21 
-0.0982553919312388 15 14 23 13 
-0.6917808805534446 15 14 23 20 
0.3581329359628827 15 16 14 17 
-0.6752976340983847 15 16 15 16 
-0.3879186813431354 15 16 15 23 
0.6752976340983847 15 16 16 15 
0.2871525349007157 15 16 16 19 
-0.6493583625980984 15 16 16 22 
-0.3581329359628827 15 16 17 14 
-0.6420925879493813 15 16 17 18 
-0.1345417363931263 15 16 17 21 
0.6420925879493813 15 16 18 17 
-0.2871525349007157 15 16 19 16 
0.6693294146586947 15 16 19 23 
0.1345417363931263 15 16 21 17 
0.6493583625980984 15 16 22 16 
0.9200448428203825 15 16 22 23 
0.3879186813431354 15 16 23 15 
-0.6693294146586947 15 16 23 19 
-0.9200448428203825 15 16 23 22 
-0.1948118802216338 15 17 15 17 
-0.9936734568019402 15 17 16 23 
0.1948118802216338 15 17 17 15 
-0.7696961499524538 15 17 17 22 
0.7696961499524538 15 17 22 17 
0.9936734568019402 15 17 23 16 
0.4785875581678595 15 18 12 17 
0.0957175116335719 15 18 13 16 
-0.0643138487939128 15 18 13 23 
-0.3828700465342876 15 18 14 15 
0.7648414224457865 15 18 14 19 
-0.2205060988858080 15 18 14 22 
0.3828700465342876 15 18 15 14 
-0.1207099228826172 15 18 15 18 
0.1085100580596244 15 18 15 21 
-0.0957175116335719 15 18 16 13 
0.3386470020299757 15 18 16 20 
-0.4785875581678595 15 18 17 12 
0.1207099228826172 15 18 18 15 
0.7594273658422371 15 18 18 22 
-0.7648414224457865 15 18 19 14 
0.7594273658422371 15 18 19 21 
-0.3386470020299757 15 18 20 16 
0.1493808835048923 15 18 20 23 
-0.1085100580596244 15 18 21 15 
-0.7594273658422371 15 18 21 19 
0.1493808835048923 15 18 21 22 
0.2205060988858080 15 18 22 14 
-0.7594273658422371 15 18 22 18 
-0.1493808835048923 15 18 22 21 
0.0643138487939128 15 18 23 13 
-0.1493808835048923 15 18 23 20 
-0.4280617252995874 15 19 13 17 
0.2707300062176038 15 19 14 16 
-0.3819277666490264 15 19 14 23 
0.1342372179326451 15 19 15 19 
0.0384940078642476 15 19 15 22 
-0.2707300062176038 15 19 16 14 
0.7210994084583739 15 19 16 18 
0.2450267616673147 15 19 16 21 
0.4280617252995874 15 19 17 13 
0.0479367125992772 15 19 17 20 
-0.7210994084583739 15 19 18 16 
-0.4384555940989839 15 19 18 23 
-0.1342372179326451 15 19 19 15 
-0.7594273658422368 15 19 19 22 
-0.0479367125992772 15 19 20 17 
-0.2450267616673147 15 19 21 16 
-0.1724901866066674 15 19 21 23 
-0.0384940078642476 15 19 22 15 
0.7594273658422368 15 19 22 19 
0.3819277666490264 15 19 23 14 
0.4384555940989839 15 19 23 18 
0.1724901866066674 15 19 23 21 
-0.3803201668152534 15 20 12 16 
-0.3950554632758306 15 20 12 23 
-0.3879186813431356 15 20 13 15 
0.0643138487939128 15 20 13 19 
-0.5443201421393585 15 20 13 22 
0.3819277666490264 15 20 14 18 
-0.3666292079661183 15 20 14 21 
0.3879186813431356 15 20 15 13 
0.0663077334907516 15 20 15 20 
0.3803201668152534 15 20 16 12 
-0.3819277666490264 15 20 18 14 
-0.1668531702522620 15 20 18 21 
-0.0643138487939128 15 20 19 13 
-0.1074187045386083 15 20 19 20 
-0.0663077334907516 15 20 20 15 
0.1074187045386083 15 20 20 19 
-0.2686196746603222 15 20 20 22 
0.3666292079661183 15 20 21 14 
0.1668531702522620 15 20 21 18 
0.5443201421393585 15 20 22 13 
0.2686196746603222 15 20 22 20 
0.3950554632758306 15 20 23 12 
-0.1784234363897237 15 21 12 17 
-0.6514416072399078 15 21 13 16 
-0.2383114961202490 15 21 13 23 
-0.4730181708501842 15 21 14 15 
0.2205060988858080 15 21 14 19 
-0.9230569702418870 15 21 14 22 
0.4730181708501842 15 21 15 14 
0.1085100580596244 15 21 15 18 
-0.2636907861838599 15 21 15 21 
0.6514416072399078 15 21 16 13 
-0.1867870014316945 15 21 16 20 
0.1784234363897237 15 21 17 12 
-0.1085100580596244 15 21 18 15 
0.0494405061357608 15 21 18 22 
-0.2205060988858080 15 21 19 14 
0.0826984514707279 15 21 19 21 
0.1867870014316945 15 21 20 16 
0.0895398915534407 15 21 20 23 
0.2636907861838599 15 21 21 15 
-0.0826984514707279 15 21 21 19 
0.0895398915534407 15 21 21 22 
0.9230569702418870 15 21 22 14 
-0.0494405061357608 15 21 22 18 
-0.0895398915534407 15 21 22 21 
0.2383114961202490 15 21 23 13 
-0.0895398915534407 15 21 23 20 
-0.3989669325465317 15 22 13 17 
-0.8361858905815552 15 22 14 16 
-0.3666292079661183 15 22 14 23 
0.0384940078642476 15 22 15 19 
-0.6673886277664335 15 22 15 22 
0.8361858905815552 15 22 16 14 
-0.1707635258397419 15 22 16 18 
-0.6935922832859108 15 22 16 21 
0.3989669325465317 15 22 17 13 
0.0504584763522818 15 22 17 20 
0.1707635258397419 15 22 18 16 
0.1097641911995563 15 22 18 23 
-0.0384940078642476 15 22 19 15 
0.1568592106743691 15 22 19 22 
-0.0504584763522818 15 22 20 17 
0.6935922832859108 15 22 21 16 
0.2584794024579445 15 22 21 23 
0.6673886277664335 15 22 22 15 
-0.1568592106743691 15 22 22 19 
0.3666292079661183 15 22 23 14 
-0.1097641911995563 15 22 23 18 
-0.2584794024579445 15 22 23 21 
-0.6477068057111962 15 23 14 17 
-0.3879186813431354 15 23 15 16 
-0.1453657384212662 15 23 15 23 
0.3879186813431354 15 23 16 15 
-0.3815229012259175 15 23 16 19 
-0.7085414269380993 15 23 16 22 
0.6477068057111962 15 23 17 14 
-0.0479367125992773 15 23 17 18 
-0.6337976578491176 15 23 17 21 
0.0479367125992773 15 23 18 17 
0.3815229012259175 15 23 19 16 
-0.1321389576064887 15 23 19 23 
0.6337976578491176 15 23 21 17 
0.7085414269380993 15 23 22 16 
-0.1790797831068815 15 23 22 23 
0.1453657384212662 15 23 23 15 
0.1321389576064887 15 23 23 19 
0.1790797831068815 15 23 23 22 
1.1693779383866987 16 0 0 16 
-0.8408250225745892 16 0 0 23 
0.0680009260379355 16 0 1 15 
0.5727092469995737 16 0 1 19 
0.1017499405736694 16 0 1 22 
0.2147033068403779 16 0 2 14 
0.1678405964538988 16 0 2 18 
-0.0268632928440123 16 0 2 21 
0.4056518961520714 16 0 3 13 
0.9827418541238025 16 0 3 20 
0.4406929983020082 16 0 4 12 
0.5959023217534863 16 0 6 14 
0.1901832990705832 16 0 6 18 
0.3089280750178132 16 0 6 21 
-0.0326614504519291 16 0 7 13 
0.1704560299409540 16 0 7 20 
0.6024216873085493 16 0 8 15 
-0.1823115459371740 16 0 8 19 
-0.1262642992747870 16 0 8 22 
-0.4258302253905440 16 0 9 14 
-0.3020832896660136 16 0 9 18 
-0.1218538034640962 16 0 9 21 
-0.2722037580596425 16 0 10 13 
-1.0960767168761281 16 0 10 20 
-1.0322329200552471 16 0 11 12 
-0.4406929983020082 16 0 12 4 
1.0322329200552471 16 0 12 11 
-0.4056518961520714 16 0 13 3 
0.0326614504519291 16 0 13 7 
0.2722037580596425 16 0 13 10 
-0.2147033068403779 16 0 14 2 
-0.5959023217534863 16 0 14 6 
0.4258302253905440 16 0 14 9 
-0.0680009260379355 16 0 15 1 
-0.6024216873085493 16 0 15 8 
-1.1693779383866987 16 0 16 0 
-0.1678405964538988 16 0 18 2 
-0.1901832990705832 16 0 18 6 
0.3020832896660136 16 0 18 9 
-0.5727092469995737 16 0 19 1 
0.1823115459371740 16 0 19 8 
-0.9827418541238025 16 0 20 3 
-0.1704560299409540 16 0 20 7 
1.0960767168761281 16 0 20 10 
0.0268632928440123 16 0 21 2 
-0.3089280750178132 16 0 21 6 
0.1218538034640962 16 0 21 9 
-0.1017499405736694 16 0 22 1 
0.1262642992747870 16 0 22 8 
0.8408250225745892 16 0 23 0 
-0.2175367196024399 16 1 0 17 
1.4729297817013489 16 1 1 16 
0.0788151650638827 16 1 1 23 
0.1027736652430869 16 1 2 15 
0.3467204452447965 16 1 2 19 
-0.4906610920275149 16 1 2 22 
0.9124340606156484 16 1 3 14 
0.2510029336112246 16 1 3 18 
1.1421026992674226 16 1 3 21 
0.5218448120934595 16 1 4 13 
0.2108481243480141 16 1 4 20 
0.4319617578112045 16 1 5 12 
0.3467204452447965 16 1 6 15 
-0.5516557171987340 16 1 6 19 
0.0409504766138594 16 1 6 22 
0.2510029336112246 16 1 7 14 
0.2964980462545359 16 1 7 18 
0.0501337198166706 16 1 7 21 
-0.0788151650638827 16 1 8 16 
-0.2862050610955514 16 1 8 23 
0.4906610920275149 16 1 9 15 
-0.0409504766138594 16 1 9 19 
0.1446144040630508 16 1 9 22 
-1.1421026992674226 16 1 10 14 
-0.0501337198166706 16 1 10 18 
-1.1731777002095853 16 1 10 21 
-0.2108481243480141 16 1 11 13 
0.7811825536894081 16 1 11 20 
-0.4319617578112045 16 1 12 5 
-0.5218448120934595 16 1 13 4 
0.2108481243480141 16 1 13 11 
-0.9124340606156484 16 1 14 3 
-0.2510029336112246 16 1 14 7 
1.1421026992674226 16 1 14 10 
-0.1027736652430869 16 1 15 2 
-0.3467204452447965 16 1 15 6 
-0.4906610920275149 16 1 15 9 
-1.4729297817013489 16 1 16 1 
0.0788151650638827 16 1 16 8 
0.2175367196024399 16 1 17 0 
-0.2510029336112246 16 1 18 3 
-0.2964980462545359 16 1 18 7 
0.0501337198166706 16 1 18 10 
-0.3467204452447965 16 1 19 2 
0.5516557171987340 16 1 19 6 
0.0409504766138594 16 1 19 9 
-0.2108481243480141 16 1 20 4 
-0.7811825536894081 16 1 20 11 
-1.1421026992674226 16 1 21 3 
-0.0501337198166706 16 1 21 7 
1.1731777002095853 16 1 21 10 
0.4906610920275149 16 1 22 2 
-0.0409504766138594 16 1 22 6 
-0.1446144040630508 16 1 22 9 
-0.0788151650638827 16 1 23 1 
0.2862050610955514 16 1 23 8 
0.0680009260379355 16 2 1 17 
1.5219439946243041 16 2 2 16 
0.2546039979820268 16 2 2 23 
0.9070525332051271 16 2 3 15 
-0.0146066446908509 16 2 3 19 
-0.0494844668863695 16 2 3 22 
1.1135828904574476 16 2 4 14 
0.2768240773894325 16 2 4 18 
1.0560243129548337 16 2 4 21 
0.4056518961520714 16 2 5 13 
-0.6493616974667379 16 2 5 20 
-0.1060459691448550 16 2 6 16 
-0.1190529891200389 16 2 6 23 
0.2561233615267529 16 2 7 15 
-0.2405649591952107 16 2 7 19 
-0.1888897365035373 16 2 7 22 
-0.7270394051905491 16 2 8 17 
0.5228372484274719 16 2 9 16 
0.0131144776996082 16 2 9 23 
-0.8856703574679250 16 2 10 15 
0.1975477812261947 16 2 10 19 
-0.6309701914595367 16 2 10 22 
-0.1333146833611087 16 2 11 14 
0.1040568157661927 16 2 11 18 
0.6264777062465295 16 2 11 21 
-0.4056518961520714 16 2 13 5 
-1.1135828904574476 16 2 14 4 
0.1333146833611087 16 2 14 11 
-0.9070525332051271 16 2 15 3 
-0.2561233615267529 16 2 15 7 
0.8856703574679250 16 2 15 10 
-1.5219439946243041 16 2 16 2 
0.1060459691448550 16 2 16 6 
-0.5228372484274719 16 2 16 9 
-0.0680009260379355 16 2 17 1 
0.7270394051905491 16 2 17 8 
-0.2768240773894325 16 2 18 4 
-0.1040568157661927 16 2 18 11 
0.0146066446908509 16 2 19 3 
0.2405649591952107 16 2 19 7 
-0.1975477812261947 16 2 19 10 
0.6493616974667379 16 2 20 5 
-1.0560243129548337 16 2 21 4 
-0.6264777062465295 16 2 21 11 
0.0494844668863695 16 2 22 3 
0.1888897365035373 16 2 22 7 
0.6309701914595367 16 2 22 10 
-0.2546039979820268 16 2 23 2 
0.1190529891200389 16 2 23 6 
-0.0131144776996082 16 2 23 9 
0.2868291807329615 16 3 2 17 
2.1633314754368551 16 3 3 16 
0.5079262718870760 16 3 3 23 
1.4880338413384702 16 3 4 15 
-0.3570489027560796 16 3 4 19 
0.1965027183681328 16 3 4 22 
0.6449621166958442 16 3 5 14 
0.2255784291987675 16 3 5 18 
-0.2193404160324481 16 3 5 21 
-0.4165141587506138 16 3 6 17 
-0.0698963678553639 16 3 7 16 
-0.3346647073293474 16 3 7 23 
-0.3538821524255744 16 3 9 17 
-0.4528556442299658 16 3 10 16 
-0.2333822985485703 16 3 10 23 
0.1200075905439405 16 3 11 15 
0.3346647073293474 16 3 11 19 
0.6866625442718123 16 3 11 22 
-0.6449621166958442 16 3 14 5 
-1.4880338413384702 16 3 15 4 
-0.1200075905439405 16 3 15 11 
-2.1633314754368551 16 3 16 3 
0.0698963678553639 16 3 16 7 
0.4528556442299658 16 3 16 10 
-0.2868291807329615 16 3 17 2 
0.4165141587506138 16 3 17 6 
0.3538821524255744 16 3 17 9 
-0.2255784291987675 16 3 18 5 
0.3570489027560796 16 3 19 4 
-0.3346647073293474 16 3 19 11 
0.2193404160324481 16 3 21 5 
-0.1965027183681328 16 3 22 4 
-0.6866625442718123 16 3 22 11 
-0.5079262718870760 16 3 23 3 
0.3346647073293474 16 3 23 7 
0.2333822985485703 16 3 23 10 
0.8785012600833595 16 4 3 17 
2.9568490894774806 16 4 4 16 
0.6279338624310166 16 4 4 23 
0.8785012600833597 16 4 5 15 
-0.5400477965476448 16 4 5 19 
-0.8106591305716754 16 4 5 22 
-0.5400477965476448 16 4 7 17 
-0.8106591305716754 16 4 10 17 
0.6279338624310166 16 4 11 16 
0.7402035416702133 16 4 11 23 
-0.8785012600833595 16 4 15 5 
-2.9568490894774806 16 4 16 4 
-0.6279338624310166 16 4 16 11 
-0.8785012600833597 16 4 17 3 
0.5400477965476448 16 4 17 7 
0.8106591305716754 16 4 17 10 
0.5400477965476448 16 4 19 5 
0.8106591305716754 16 4 22 5 
-0.6279338624310166 16 4 23 4 
-0.7402035416702133 16 4 23 11 
1.9366315864661996 16 5 4 17 
2.1314434666878337 16 5 5 16 
-0.6284542747894130 16 5 5 23 
0.6284542747894130 16 5 11 17 
-2.1314434666878337 16 5 16 5 
-1.9366315864661996 16 5 17 4 
-0.6284542747894130 16 5 17 11 
0.6284542747894130 16 5 23 5 
0.5727092469995737 16 6 1 17 
-0.1060459691448550 16 6 2 16 
-0.4014214546244412 16 6 2 23 
-0.2415167168359020 16 6 3 15 
1.2187361201370062 16 6 3 19 
0.0062175558171438 16 6 3 22 
0.2768240773894325 16 6 4 14 
0.5674872895581380 16 6 4 18 
0.2938512609565039 16 6 4 21 
-0.0326614504519291 16 6 5 13 
0.0972701025886043 16 6 5 20 
0.9431443532560172 16 6 6 16 
-0.1725747679082849 16 6 6 23 
0.4976367116786320 16 6 7 15 
-0.2989082661215564 16 6 7 22 
-0.1535056724386228 16 6 8 17 
0.0645931557962739 16 6 9 16 
0.1053283539731631 16 6 9 23 
0.1769810816568857 16 6 10 15 
-1.3729007465329219 16 6 10 19 
-0.0288224108527763 16 6 10 22 
-0.3371076058305285 16 6 11 14 
-0.7926446155814209 16 6 11 18 
-0.1386096073022519 16 6 11 21 
0.0326614504519291 16 6 13 5 
-0.2768240773894325 16 6 14 4 
0.3371076058305285 16 6 14 11 
0.2415167168359020 16 6 15 3 
-0.4976367116786320 16 6 15 7 
-0.1769810816568857 16 6 15 10 
0.1060459691448550 16 6 16 2 
-0.9431443532560172 16 6 16 6 
-0.0645931557962739 16 6 16 9 
-0.5727092469995737 16 6 17 1 
0.1535056724386228 16 6 17 8 
-0.5674872895581380 16 6 18 4 
0.7926446155814209 16 6 18 11 
-1.2187361201370062 16 6 19 3 
1.3729007465329219 16 6 19 10 
-0.0972701025886043 16 6 20 5 
-0.2938512609565039 16 6 21 4 
0.1386096073022519 16 6 21 11 
-0.0062175558171438 16 6 22 3 
0.2989082661215564 16 6 22 7 
0.0288224108527763 16 6 22 10 
0.4014214546244412 16 6 23 2 
0.1725747679082849 16 6 23 6 
-0.1053283539731631 16 6 23 9 
0.3703238925547188 16 7 2 17 
-0.0698963678553639 16 7 3 16 
-0.5244594835917331 16 7 3 23 
-0.3570489027560796 16 7 4 15 
1.8601521520969277 16 7 4 19 
0.1845981792192072 16 7 4 22 
0.5843547552045125 16 7 5 14 
0.9634955015873852 16 7 5 18 
0.5447535549455064 16 7 5 21 
0.3934163640552480 16 7 6 17 
1.4709677933490206 16 7 7 16 
0.1725747679082849 16 7 7 23 
0.3216877698508500 16 7 9 17 
-0.0271559133921788 16 7 10 16 
-0.1025860569802148 16 7 10 23 
-0.1429365823658156 16 7 11 15 
0.7926446155814209 16 7 11 19 
0.0193829236574928 16 7 11 22 
-0.5843547552045125 16 7 14 5 
0.3570489027560796 16 7 15 4 
0.1429365823658156 16 7 15 11 
0.0698963678553639 16 7 16 3 
-1.4709677933490206 16 7 16 7 
0.0271559133921788 16 7 16 10 
-0.3703238925547188 16 7 17 2 
-0.3934163640552480 16 7 17 6 
-0.3216877698508500 16 7 17 9 
-0.9634955015873852 16 7 18 5 
-1.8601521520969277 16 7 19 4 
-0.7926446155814209 16 7 19 11 
-0.5447535549455064 16 7 21 5 
-0.1845981792192072 16 7 22 4 
-0.0193829236574928 16 7 22 11 
0.5244594835917331 16 7 23 3 
-0.1725747679082849 16 7 23 7 
0.1025860569802148 16 7 23 10 
0.8408250225745892 16 8 0 17 
-0.0788151650638827 16 8 1 16 
0.0181340631306221 16 8 1 23 
-0.1757888329181440 16 8 2 15 
0.4014214546244413 16 8 2 19 
0.4676281162653249 16 8 2 22 
-0.0775334409869052 16 8 3 14 
0.2568451805087723 16 8 3 18 
-0.6130947002594213 16 8 3 21 
0.2108481243480141 16 8 4 13 
1.8325586223664405 16 8 4 20 
1.0322329200552471 16 8 5 12 
-0.0818018215212034 16 8 6 15 
0.4258434310867295 16 8 6 19 
-0.2192480793789206 16 8 6 22 
0.3371076058305285 16 8 7 14 
0.4258434310867295 16 8 7 18 
0.2504559817807351 16 8 7 21 
1.6518676778526482 16 8 8 16 
0.0453323584366032 16 8 8 23 
-0.4263076988277269 16 8 9 15 
0.4258699917476537 16 8 9 19 
0.2273584931107725 16 8 9 22 
0.7059396123855739 16 8 10 14 
-0.0709890680666838 16 8 10 18 
0.4466855390408437 16 8 10 21 
0.5178440895484738 16 8 11 13 
0.2646594043666745 16 8 11 20 
-1.0322329200552471 16 8 12 5 
-0.2108481243480141 16 8 13 4 
-0.5178440895484738 16 8 13 11 
0.0775334409869052 16 8 14 3 
-0.3371076058305285 16 8 14 7 
-0.7059396123855739 16 8 14 10 
0.1757888329181440 16 8 15 2 
0.0818018215212034 16 8 15 6 
0.4263076988277269 16 8 15 9 
0.0788151650638827 16 8 16 1 
-1.6518676778526482 16 8 16 8 
-0.8408250225745892 16 8 17 0 
-0.2568451805087723 16 8 18 3 
-0.4258434310867295 16 8 18 7 
0.0709890680666838 16 8 18 10 
-0.4014214546244413 16 8 19 2 
-0.4258434310867295 16 8 19 6 
-0.4258699917476537 16 8 19 9 
-1.8325586223664405 16 8 20 4 
-0.2646594043666745 16 8 20 11 
0.6130947002594213 16 8 21 3 
-0.2504559817807351 16 8 21 7 
-0.4466855390408437 16 8 21 10 
-0.4676281162653249 16 8 22 2 
0.2192480793789206 16 8 22 6 
-0.2273584931107725 16 8 22 9 
-0.0181340631306221 16 8 23 1 
-0.0453323584366032 16 8 23 8 
-0.1017499405736692 16 9 1 17 
0.5228372484274719 16 9 2 16 
0.4787329166736851 16 9 2 23 
-1.1545383489005070 16 9 3 15 
0.4573040139546807 16 9 3 19 
-0.3372748895500163 16 9 3 22 
1.0560243129548337 16 9 4 14 
0.2938512609565039 16 9 4 18 
1.7677410995488954 16 9 4 21 
0.2722037580596427 16 9 5 13 
-0.7253028323962445 16 9 5 20 
0.0645931557962739 16 9 6 16 
0.3548787044032263 16 9 6 23 
0.2122772522873660 16 9 7 15 
-0.7375824587116714 16 9 7 19 
-0.1988833518993580 16 9 7 22 
-0.5419552111398834 16 9 8 17 
1.6553712898656678 16 9 9 16 
0.1971369208197036 16 9 9 23 
0.3563173937358947 16 9 10 15 
-0.1639236347454664 16 9 10 19 
0.5155869121825958 16 9 10 22 
1.0230530588130438 16 9 11 14 
0.4022177051675007 16 9 11 18 
0.2702459361297274 16 9 11 21 
-0.2722037580596427 16 9 13 5 
-1.0560243129548337 16 9 14 4 
-1.0230530588130438 16 9 14 11 
1.1545383489005070 16 9 15 3 
-0.2122772522873660 16 9 15 7 
-0.3563173937358947 16 9 15 10 
-0.5228372484274719 16 9 16 2 
-0.0645931557962739 16 9 16 6 
-1.6553712898656678 16 9 16 9 
0.1017499405736692 16 9 17 1 
0.5419552111398834 16 9 17 8 
-0.2938512609565039 16 9 18 4 
-0.4022177051675007 16 9 18 11 
-0.4573040139546807 16 9 19 3 
0.7375824587116714 16 9 19 7 
0.1639236347454664 16 9 19 10 
0.7253028323962445 16 9 20 5 
-1.7677410995488954 16 9 21 4 
-0.2702459361297274 16 9 21 11 
0.3372748895500163 16 9 22 3 
0.1988833518993580 16 9 22 7 
-0.5155869121825958 16 9 22 10 
-0.4787329166736851 16 9 23 2 
-0.3548787044032263 16 9 23 6 
-0.1971369208197036 16 9 23 9 
-0.0450847801209574 16 10 2 17 
-0.4528556442299658 16 10 3 16 
0.0178126550332519 16 10 3 23 
0.1965027183681328 16 10 4 15 
0.1845981792192072 16 10 4 19 
1.6058747625902829 16 10 4 22 
0.6183073485789797 16 10 5 14 
0.1881383976023035 16 10 5 18 
-0.2818450863405722 16 10 5 21 
0.2937836968822852 16 10 6 17 
-0.0271559133921788 16 10 7 16 
-0.0208052682678764 16 10 7 23 
-0.1525318362062181 16 10 9 17 
2.3298159578413875 16 10 10 16 
0.3405616855582246 16 10 10 23 
0.7263540819713513 16 10 11 15 
-0.2365872824539799 16 10 11 19 
0.0481256243181296 16 10 11 22 
-0.6183073485789797 16 10 14 5 
-0.1965027183681328 16 10 15 4 
-0.7263540819713513 16 10 15 11 
0.4528556442299658 16 10 16 3 
0.0271559133921788 16 10 16 7 
-2.3298159578413875 16 10 16 10 
0.0450847801209574 16 10 17 2 
-0.2937836968822852 16 10 17 6 
0.1525318362062181 16 10 17 9 
-0.1881383976023035 16 10 18 5 
-0.1845981792192072 16 10 19 4 
0.2365872824539799 16 10 19 11 
0.2818450863405722 16 10 21 5 
-1.6058747625902829 16 10 22 4 
-0.0481256243181296 16 10 22 11 
-0.0178126550332519 16 10 23 3 
0.0208052682678764 16 10 23 7 
-0.3405616855582246 16 10 23 10 
-0.9932620347081823 16 11 3 17 
0.6279338624310166 16 11 4 16 
1.2834903905334276 16 11 4 23 
0.0004114220937582 16 11 5 15 
-0.5204054686789930 16 11 5 19 
0.2722492852427233 16 11 5 22 
-0.2018369445582865 16 11 7 17 
1.2805630884355304 16 11 10 17 
1.8627473683601516 16 11 11 16 
-0.5830309648145314 16 11 11 23 
-0.0004114220937582 16 11 15 5 
-0.6279338624310166 16 11 16 4 
-1.8627473683601516 16 11 16 11 
0.9932620347081823 16 11 17 3 
0.2018369445582865 16 11 17 7 
-1.2805630884355304 16 11 17 10 
0.5204054686789930 16 11 19 5 
-0.2722492852427233 16 11 22 5 
-1.2834903905334276 16 11 23 4 
0.5830309648145314 16 11 23 11 
0.7286849400846903 16 12 12 16 
0.1914078974806580 16 12 12 23 
-0.3376509701141359 16 12 13 15 
0.6053706974515026 16 12 13 19 
0.3739536986333119 16 12 13 22 
-0.4280617252995874 16 12 14 18 
0.3989669325465318 16 12 14 21 
0.3376509701141359 16 12 15 13 
0.3803201668152534 16 12 15 20 
-0.7286849400846903 16 12 16 12 
0.4280617252995874 16 12 18 14 
0.6110113646838267 16 12 18 21 
-0.6053706974515026 16 12 19 13 
0.3527675758781280 16 12 19 20 
-0.3803201668152534 16 12 20 15 
-0.3527675758781280 16 12 20 19 
0.9698124176013411 16 12 20 22 
-0.3989669325465318 16 12 21 14 
-0.6110113646838267 16 12 21 18 
-0.3739536986333119 16 12 22 13 
-0.9698124176013411 16 12 22 20 
-0.1914078974806580 16 12 23 12 
-0.6494984774136444 16 13 12 17 
0.9510849696078895 16 13 13 16 
0.2896632894118968 16 13 13 23 
-0.8096603953725611 16 13 14 15 
0.0957175116335719 16 13 14 19 
0.6514416072399077 16 13 14 22 
0.8096603953725611 16 13 15 14 
-0.0957175116335719 16 13 15 18 
0.6514416072399077 16 13 15 21 
-0.9510849696078895 16 13 16 13 
0.2896632894118968 16 13 16 20 
0.6494984774136444 16 13 17 12 
0.0957175116335719 16 13 18 15 
-0.8481537634532695 16 13 18 19 
0.0910841964305301 16 13 18 22 
-0.0957175116335719 16 13 19 14 
0.8481537634532695 16 13 19 18 
0.0910841964305301 16 13 19 21 
-0.2896632894118968 16 13 20 16 
-1.0673876147849592 16 13 20 23 
-0.6514416072399077 16 13 21 15 
-0.0910841964305301 16 13 21 19 
1.3177921042726355 16 13 21 22 
-0.6514416072399077 16 13 22 14 
-0.0910841964305301 16 13 22 18 
-1.3177921042726355 16 13 22 21 
-0.2896632894118968 16 13 23 13 
1.0673876147849592 16 13 23 20 
-0.3376509701141358 16 14 13 17 
0.4083611041668564 16 14 14 16 
0.3879186813431356 16 14 14 23 
-0.2707300062176038 16 14 15 19 
0.8361858905815552 16 14 15 22 
-0.4083611041668564 16 14 16 14 
0.3828700465342875 16 14 16 18 
0.5331870645273618 16 14 16 21 
0.3376509701141358 16 14 17 13 
0.0776777077238112 16 14 17 20 
-0.3828700465342875 16 14 18 16 
-0.2231098048862315 16 14 18 23 
0.2707300062176038 16 14 19 15 
-0.3864375177297320 16 14 19 22 
-0.0776777077238112 16 14 20 17 
-0.5331870645273618 16 14 21 16 
-0.6133632285469215 16 14 21 23 
-0.8361858905815552 16 14 22 15 
0.3864375177297320 16 14 22 19 
-0.3879186813431356 16 14 23 14 
0.2231098048862315 16 14 23 18 
0.6133632285469215 16 14 23 21 
-0.3581329359628827 16 15 14 17 
0.6752976340983847 16 15 15 16 
0.3879186813431354 16 15 15 23 
-0.6752976340983847 16 15 16 15 
-0.2871525349007157 16 15 16 19 
0.6493583625980984 16 15 16 22 
0.3581329359628827 16 15 17 14 
0.6420925879493813 16 15 17 18 
0.1345417363931263 16 15 17 21 
-0.6420925879493813 16 15 18 17 
0.2871525349007157 16 15 19 16 
-0.6693294146586947 16 15 19 23 
-0.1345417363931263 16 15 21 17 
-0.6493583625980984 16 15 22 16 
-0.9200448428203825 16 15 22 23 
-0.3879186813431354 16 15 23 15 
0.6693294146586947 16 15 23 19 
0.9200448428203825 16 15 23 22 
-0.1948118802216338 16 17 16 17 
0.1948118802216338 16 17 17 16 
-1.2569085495788257 16 17 17 23 
1.2569085495788257 16 17 23 17 
0.6053706974515026 16 18 13 17 
-0.3828700465342875 16 18 14 16 
-0.0643138487939128 16 18 14 23 
0.7210994084583739 16 18 15 19 
-0.1707635258397419 16 18 15 22 
0.3828700465342875 16 18 16 14 
-0.3756570636978791 16 18 16 18 
0.2292581051602300 16 18 16 21 
-0.6053706974515026 16 18 17 13 
0.2507757750272271 16 18 17 20 
0.3756570636978791 16 18 18 16 
0.6200698476731357 16 18 18 23 
-0.7210994084583739 16 18 19 15 
1.0739924804113654 16 18 19 22 
-0.2507757750272271 16 18 20 17 
-0.2292581051602300 16 18 21 16 
0.2439379612754150 16 18 21 23 
0.1707635258397419 16 18 22 15 
-1.0739924804113654 16 18 22 19 
0.0643138487939128 16 18 23 14 
-0.6200698476731357 16 18 23 18 
-0.2439379612754150 16 18 23 21 
-0.2140308626497937 16 19 14 17 
0.2871525349007157 16 19 15 16 
-0.3815229012259175 16 19 15 23 
-0.2871525349007157 16 19 16 15 
0.3891843587479074 16 19 16 19 
0.2117540926113859 16 19 16 22 
0.2140308626497937 16 19 17 14 
0.5700791375321372 16 19 17 18 
0.2230657850946565 16 19 17 21 
-0.5700791375321372 16 19 18 17 
-0.3891843587479074 16 19 19 16 
-0.6200698476731357 16 19 19 23 
-0.2230657850946565 16 19 21 17 
-0.2117540926113859 16 19 22 16 
-0.1219689806377075 16 19 22 23 
0.3815229012259175 16 19 23 15 
0.6200698476731357 16 19 23 19 
0.1219689806377075 16 19 23 22 
-0.1914078974806580 16 20 12 17 
-0.2896632894118968 16 20 13 16 
-0.4997100264178517 16 20 13 23 
-0.0982553919312388 16 20 14 15 
0.0643138487939128 16 20 14 19 
-0.2383114961202490 16 20 14 22 
0.0982553919312388 16 20 15 14 
0.3386470020299757 16 20 15 18 
-0.1867870014316945 16 20 15 21 
0.2896632894118968 16 20 16 13 
0.1806909445137923 16 20 16 20 
0.1914078974806580 16 20 17 12 
-0.3386470020299757 16 20 18 15 
-0.1482590113122367 16 20 18 22 
-0.0643138487939128 16 20 19 14 
-0.1754140099669186 16 20 19 21 
-0.1806909445137923 16 20 20 16 
-0.2193270459300712 16 20 20 23 
0.1867870014316945 16 20 21 15 
0.1754140099669186 16 20 21 19 
-0.2193270459300712 16 20 21 22 
0.2383114961202490 16 20 22 14 
0.1482590113122367 16 20 22 18 
0.2193270459300712 16 20 22 21 
0.4997100264178517 16 20 23 13 
0.2193270459300712 16 20 23 20 
-0.3739536986333118 16 21 13 17 
-0.5331870645273618 16 21 14 16 
-0.5443201421393585 16 21 14 23 
0.2450267616673147 16 21 15 19 
-0.6935922832859108 16 21 15 22 
0.5331870645273618 16 21 16 14 
0.2292581051602300 16 21 16 18 
0.1123698096832278 16 21 16 21 
0.3739536986333118 16 21 17 13 
-0.1833476212563612 16 21 17 20 
-0.2292581051602300 16 21 18 16 
-0.0473390007642743 16 21 18 23 
-0.2450267616673147 16 21 19 15 
-0.0349597171538916 16 21 19 22 
0.1833476212563612 16 21 20 17 
-0.1123698096832278 16 21 21 16 
-0.0731090153100238 16 21 21 23 
0.6935922832859108 16 21 22 15 
0.0349597171538916 16 21 22 19 
0.5443201421393585 16 21 23 14 
0.0473390007642743 16 21 23 18 
0.0731090153100238 16 21 23 21 
-0.6633921286999370 16 22 14 17 
-0.6493583625980984 16 22 15 16 
-0.7085414269380993 16 22 15 23 
0.6493583625980984 16 22 16 15 
0.2117540926113859 16 22 16 19 
-0.7239411952511042 16 22 16 22 
0.6633921286999370 16 22 17 14 
-0.1056452992799817 16 22 17 18 
-0.1293132501343541 16 22 17 21 
0.1056452992799817 16 22 18 17 
-0.2117540926113859 16 22 19 16 
0.2157820141861035 16 22 19 23 
0.1293132501343541 16 22 21 17 
0.7239411952511042 16 22 22 16 
0.2924360612400950 16 22 22 23 
0.7085414269380993 16 22 23 15 
-0.2157820141861035 16 22 23 19 
-0.2924360612400950 16 22 23 22 
-0.9936734568019402 16 23 15 17 
-0.5792569778267241 16 23 16 23 
0.9936734568019402 16 23 17 15 
-0.3185685241207064 16 23 17 19 
-1.0083138031928069 16 23 17 22 
0.3185685241207064 16 23 19 17 
1.0083138031928069 16 23 22 17 
0.5792569778267241 16 23 23 16 
1.3869146579891385 17 0 0 17 
-0.2175367196024399 17 0 1 16 
-0.8408250225745892 17 0 1 23 
0.2712961719225715 17 0 2 15 
0.4527664143896516 17 0 2 19 
0.5953384580678661 17 0 2 22 
-0.1112657755595447 17 0 3 14 
-0.0258211437782080 17 0 3 18 
-0.4169150216781424 17 0 3 21 
0.4319617578112045 17 0 4 13 
1.0322329200552471 17 0 4 20 
0.0087312404908037 17 0 5 12 
0.4527664143896516 17 0 6 15 
0.6367082741801332 17 0 6 19 
0.2353631937453345 17 0 6 22 
-0.0258211437782080 17 0 7 14 
-0.2114454892731366 17 0 7 18 
0.2200577884073159 17 0 7 21 
0.8408250225745892 17 0 8 16 
0.1884011554331916 17 0 8 23 
-0.5953384580678661 17 0 9 15 
-0.2353631937453345 17 0 9 19 
-0.3514076648704580 17 0 9 22 
0.4169150216781424 17 0 10 14 
-0.2200577884073159 17 0 10 18 
0.2151709709391487 17 0 10 21 
-1.0322329200552471 17 0 11 13 
-1.6301999278147976 17 0 11 20 
-0.0087312404908037 17 0 12 5 
-0.4319617578112045 17 0 13 4 
1.0322329200552471 17 0 13 11 
0.1112657755595448 17 0 14 3 
0.0258211437782080 17 0 14 7 
-0.4169150216781424 17 0 14 10 
-0.2712961719225714 17 0 15 2 
-0.4527664143896516 17 0 15 6 
0.5953384580678661 17 0 15 9 
0.2175367196024399 17 0 16 1 
-0.8408250225745892 17 0 16 8 
-1.3869146579891385 17 0 17 0 
0.0258211437782080 17 0 18 3 
0.2114454892731366 17 0 18 7 
0.2200577884073159 17 0 18 10 
-0.4527664143896516 17 0 19 2 
-0.6367082741801332 17 0 19 6 
0.2353631937453345 17 0 19 9 
-1.0322329200552471 17 0 20 4 
1.6301999278147976 17 0 20 11 
0.4169150216781424 17 0 21 3 
-0.2200577884073159 17 0 21 7 
-0.2151709709391487 17 0 21 10 
-0.5953384580678661 17 0 22 2 
-0.2353631937453345 17 0 22 6 
0.3514076648704580 17 0 22 9 
0.8408250225745892 17 0 23 1 
-0.1884011554331916 17 0 23 8 
1.1693779383866987 17 1 1 17 
0.0680009260379355 17 1 2 16 
-0.6024216873085493 17 1 2 23 
0.2147033068403779 17 1 3 15 
0.5959023217534863 17 1 3 19 
0.4258302253905440 17 1 3 22 
0.4056518961520714 17 1 4 14 
-0.0326614504519291 17 1 4 18 
0.2722037580596425 17 1 4 21 
0.4406929983020082 17 1 5 13 
1.0322329200552471 17 1 5 20 
0.5727092469995737 17 1 6 16 
0.1823115459371740 17 1 6 23 
0.1678405964538988 17 1 7 15 
0.1901832990705832 17 1 7 19 
0.3020832896660136 17 1 7 22 
0.8408250225745892 17 1 8 17 
-0.1017499405736694 17 1 9 16 
-0.1262642992747870 17 1 9 23 
0.0268632928440123 17 1 10 15 
-0.3089280750178132 17 1 10 19 
-0.1218538034640962 17 1 10 22 
-0.9827418541238025 17 1 11 14 
-0.1704560299409540 17 1 11 18 
-1.0960767168761281 17 1 11 21 
-0.4406929983020082 17 1 13 5 
-0.4056518961520714 17 1 14 4 
0.9827418541238025 17 1 14 11 
-0.2147033068403779 17 1 15 3 
-0.1678405964538988 17 1 15 7 
-0.0268632928440123 17 1 15 10 
-0.0680009260379355 17 1 16 2 
-0.5727092469995737 17 1 16 6 
0.1017499405736694 17 1 16 9 
-1.1693779383866987 17 1 17 1 
-0.8408250225745892 17 1 17 8 
0.0326614504519291 17 1 18 4 
0.1704560299409540 17 1 18 11 
-0.5959023217534863 17 1 19 3 
-0.1901832990705832 17 1 19 7 
0.3089280750178132 17 1 19 10 
-1.0322329200552471 17 1 20 5 
-0.2722037580596425 17 1 21 4 
1.0960767168761281 17 1 21 11 
-0.4258302253905440 17 1 22 3 
-0.3020832896660136 17 1 22 7 
0.1218538034640962 17 1 22 10 
0.6024216873085493 17 1 23 2 
-0.1823115459371740 17 1 23 6 
0.1262642992747870 17 1 23 9 
1.2231373907068301 17 2 2 17 
0.2868291807329613 17 2 3 16 
-0.3781979980292789 17 2 3 23 
0.6449621166958440 17 2 4 15 
0.5843547552045125 17 2 4 19 
0.6183073485789797 17 2 4 22 
0.7613889805536679 17 2 5 14 
-0.0258211437782079 17 2 5 18 
0.8473069532410858 17 2 5 21 
0.4527664143896517 17 2 6 17 
0.3703238925547188 17 2 7 16 
0.2494443450861643 17 2 7 23 
0.4344576760680792 17 2 9 17 
-0.0450847801209573 17 2 10 16 
-0.1639022526650746 17 2 10 23 
-1.0259048037404752 17 2 11 15 
-0.2494443450861643 17 2 11 19 
-0.8496631896299027 17 2 11 22 
-0.7613889805536679 17 2 14 5 
-0.6449621166958440 17 2 15 4 
1.0259048037404752 17 2 15 11 
-0.2868291807329613 17 2 16 3 
-0.3703238925547188 17 2 16 7 
0.0450847801209573 17 2 16 10 
-1.2231373907068301 17 2 17 2 
-0.4527664143896517 17 2 17 6 
-0.4344576760680792 17 2 17 9 
0.0258211437782079 17 2 18 5 
-0.5843547552045125 17 2 19 4 
0.2494443450861643 17 2 19 11 
-0.8473069532410858 17 2 21 5 
-0.6183073485789797 17 2 22 4 
0.8496631896299027 17 2 22 11 
0.3781979980292789 17 2 23 3 
-0.2494443450861643 17 2 23 7 
0.1639022526650746 17 2 23 10 
1.4369272393899883 17 3 3 17 
0.8785012600833595 17 3 4 16 
0.0004114220937581 17 3 4 23 
1.2421153591683542 17 3 5 15 
0.4269452706114438 17 3 5 19 
1.0257303896308096 17 3 5 22 
0.4269452706114438 17 3 7 17 
0.2560342396783555 17 3 10 17 
-0.9932620347081821 17 3 11 16 
-0.5851822809503073 17 3 11 23 
-1.2421153591683542 17 3 15 5 
-0.8785012600833595 17 3 16 4 
0.9932620347081821 17 3 16 11 
-1.4369272393899883 17 3 17 3 
-0.4269452706114438 17 3 17 7 
-0.2560342396783555 17 3 17 10 
-0.4269452706114438 17 3 19 5 
-1.0257303896308096 17 3 22 5 
-0.0004114220937581 17 3 23 4 
0.5851822809503073 17 3 23 11 
2.1314434666878337 17 4 4 17 
1.9366315864661996 17 4 5 16 
0.6284542747894130 17 4 5 23 
-0.6284542747894130 17 4 11 17 
-1.9366315864661996 17 4 16 5 
-2.1314434666878337 17 4 17 4 
0.6284542747894130 17 4 17 11 
-0.6284542747894130 17 4 23 5 
4.0680750531540326 17 5 5 17 
-4.0680750531540326 17 5 17 5 
0.4527664143896516 17 6 2 17 
-0.4165141587506138 17 6 3 16 
-0.2992018867223660 17 6 3 23 
0.2255784291987675 17 6 4 15 
0.9634955015873852 17 6 4 19 
0.1881383976023035 17 6 4 22 
-0.0258211437782080 17 6 5 14 
0.1365990020452080 17 6 5 18 
0.1255751624698504 17 6 5 21 
0.7672032065583494 17 6 6 17 
0.3934163640552480 17 6 7 16 
-0.3858889122441742 17 6 7 23 
-0.1981749709677192 17 6 9 17 
0.2937836968822852 17 6 10 16 
0.1177606797210764 17 6 10 23 
-0.2512651741230887 17 6 11 15 
-1.7724072424392461 17 6 11 19 
-0.1549702521311933 17 6 11 22 
0.0258211437782080 17 6 14 5 
-0.2255784291987675 17 6 15 4 
0.2512651741230887 17 6 15 11 
0.4165141587506138 17 6 16 3 
-0.3934163640552480 17 6 16 7 
-0.2937836968822852 17 6 16 10 
-0.4527664143896516 17 6 17 2 
-0.7672032065583494 17 6 17 6 
0.1981749709677192 17 6 17 9 
-0.1365990020452080 17 6 18 5 
-0.9634955015873852 17 6 19 4 
1.7724072424392461 17 6 19 11 
-0.1255751624698504 17 6 21 5 
-0.1881383976023035 17 6 22 4 
0.1549702521311933 17 6 22 11 
0.2992018867223660 17 6 23 3 
0.3858889122441742 17 6 23 7 
-0.1177606797210764 17 6 23 10 
0.4269452706114438 17 7 3 17 
-0.5400477965476448 17 7 4 16 
-0.5204054686789930 17 7 4 23 
0.4269452706114438 17 7 5 15 
2.2910404396098594 17 7 5 19 
0.6718405711563350 17 7 5 22 
1.6469089400466894 17 7 7 17 
0.2605703749745444 17 7 10 17 
-0.2018369445582865 17 7 11 16 
-0.0644488699422356 17 7 11 23 
-0.4269452706114438 17 7 15 5 
0.5400477965476448 17 7 16 4 
0.2018369445582865 17 7 16 11 
-0.4269452706114438 17 7 17 3 
-1.6469089400466894 17 7 17 7 
-0.2605703749745444 17 7 17 10 
-2.2910404396098594 17 7 19 5 
-0.6718405711563350 17 7 22 5 
0.5204054686789930 17 7 23 4 
0.0644488699422356 17 7 23 11 
0.8408250225745891 17 8 1 17 
-0.7270394051905491 17 8 2 16 
0.0143362356815123 17 8 2 23 
0.5544340647699876 17 8 3 15 
0.2992018867223660 17 8 3 19 
0.3402723891899268 17 8 3 22 
-0.6493616974667379 17 8 4 14 
0.0972701025886043 17 8 4 18 
-0.7253028323962445 17 8 4 21 
1.0322329200552471 17 8 5 13 
2.3943757805319845 17 8 5 20 
-0.1535056724386228 17 8 6 16 
-0.4447166944399762 17 8 6 23 
0.2512651741230887 17 8 7 15 
0.9522148596816742 17 8 7 19 
0.2800183003165863 17 8 7 22 
2.0716643792796665 17 8 8 17 
-0.5419552111398834 17 8 9 16 
0.0585238230897564 17 8 9 23 
0.2898139128376450 17 8 10 15 
0.4761371255625140 17 8 10 19 
0.2035114054064869 17 8 10 22 
0.4093916989573429 17 8 11 14 
-0.3665443904097092 17 8 11 18 
0.3416738218431014 17 8 11 21 
-1.0322329200552471 17 8 13 5 
0.6493616974667379 17 8 14 4 
-0.4093916989573429 17 8 14 11 
-0.5544340647699876 17 8 15 3 
-0.2512651741230887 17 8 15 7 
-0.2898139128376450 17 8 15 10 
0.7270394051905491 17 8 16 2 
0.1535056724386228 17 8 16 6 
0.5419552111398834 17 8 16 9 
-0.8408250225745891 17 8 17 1 
-2.0716643792796665 17 8 17 8 
-0.0972701025886043 17 8 18 4 
0.3665443904097092 17 8 18 11 
-0.2992018867223660 17 8 19 3 
-0.9522148596816742 17 8 19 7 
-0.4761371255625140 17 8 19 10 
-2.3943757805319845 17 8 20 5 
0.7253028323962445 17 8 21 4 
-0.3416738218431014 17 8 21 11 
-0.3402723891899268 17 8 22 3 
-0.2800183003165863 17 8 22 7 
-0.2035114054064869 17 8 22 10 
-0.0143362356815123 17 8 23 2 
0.4447166944399762 17 8 23 6 
-0.0585238230897564 17 8 23 9 
0.4344576760680792 17 9 2 17 
-0.3538821524255744 17 9 3 16 
0.3651034777795880 17 9 3 23 
-0.2193404160324481 17 9 4 15 
0.5447535549455064 17 9 4 19 
-0.2818450863405722 17 9 4 22 
0.8473069532410858 17 9 5 14 
0.1255751624698504 17 9 5 18 
1.4580138502560769 17 9 5 21 
-0.1981749709677192 17 9 6 17 
0.3216877698508500 17 9 7 16 
0.0232609970685455 17 9 7 23 
1.3720032102346358 17 9 9 17 
-0.1525318362062181 17 9 10 16 
0.2710888954362407 17 9 10 23 
0.9989011356287055 17 9 11 15 
0.2645126230895212 17 9 11 19 
0.5980423514388126 17 9 11 22 
-0.8473069532410858 17 9 14 5 
0.2193404160324481 17 9 15 4 
-0.9989011356287055 17 9 15 11 
0.3538821524255744 17 9 16 3 
-0.3216877698508500 17 9 16 7 
0.1525318362062181 17 9 16 10 
-0.4344576760680792 17 9 17 2 
0.1981749709677192 17 9 17 6 
-1.3720032102346358 17 9 17 9 
-0.1255751624698504 17 9 18 5 
-0.5447535549455064 17 9 19 4 
-0.2645126230895212 17 9 19 11 
-1.4580138502560769 17 9 21 5 
0.2818450863405722 17 9 22 4 
-0.5980423514388126 17 9 22 11 
-0.3651034777795880 17 9 23 3 
-0.0232609970685455 17 9 23 7 
-0.2710888954362407 17 9 23 10 
0.2560342396783555 17 10 3 17 
-0.8106591305716754 17 10 4 16 
0.2722492852427233 17 10 4 23 
1.0257303896308096 17 10 5 15 
0.6718405711563350 17 10 5 19 
1.1429014641651687 17 10 5 22 
0.2605703749745444 17 10 7 17 
1.2014674329896524 17 10 10 17 
1.2805630884355304 17 10 11 16 
0.7526897390166407 17 10 11 23 
-1.0257303896308096 17 10 15 5 
0.8106591305716754 17 10 16 4 
-1.2805630884355304 17 10 16 11 
-0.2560342396783555 17 10 17 3 
-0.2605703749745444 17 10 17 7 
-1.2014674329896524 17 10 17 10 
-0.6718405711563350 17 10 19 5 
-1.1429014641651687 17 10 22 5 
-0.2722492852427233 17 10 23 4 
-0.7526897390166407 17 10 23 11 
-0.6284542747894130 17 11 4 17 
0.6284542747894130 17 11 5 16 
1.4943737800858157 17 11 5 23 
2.8546672714159005 17 11 11 17 
-0.6284542747894130 17 11 16 5 
0.6284542747894130 17 11 17 4 
-2.8546672714159005 17 11 17 11 
-1.4943737800858157 17 11 23 5 
1.3781834174983347 17 12 12 17 
-0.6494984774136444 17 12 13 16 
0.1914078974806580 17 12 13 23 
0.3825619474821162 17 12 14 15 
0.4785875581678595 17 12 14 19 
0.1784234363897237 17 12 14 22 
-0.3825619474821161 17 12 15 14 
-0.4785875581678595 17 12 15 18 
0.1784234363897237 17 12 15 21 
0.6494984774136444 17 12 16 13 
0.1914078974806580 17 12 16 20 
-1.3781834174983347 17 12 17 12 
0.4785875581678595 17 12 18 15 
0.8481537634532695 17 12 18 19 
0.4554209821526503 17 12 18 22 
-0.4785875581678595 17 12 19 14 
-0.8481537634532695 17 12 19 18 
0.4554209821526503 17 12 19 21 
-0.1914078974806580 17 12 20 16 
1.8186010832479886 17 12 20 23 
-0.1784234363897237 17 12 21 15 
-0.4554209821526503 17 12 21 19 
-0.5665786358096067 17 12 21 22 
-0.1784234363897237 17 12 22 14 
-0.4554209821526503 17 12 22 18 
0.5665786358096067 17 12 22 21 
-0.1914078974806580 17 12 23 13 
-1.8186010832479886 17 12 23 20 
0.7286849400846903 17 13 13 17 
-0.3376509701141359 17 13 14 16 
0.3803201668152534 17 13 14 23 
0.4280617252995874 17 13 15 19 
0.3989669325465318 17 13 15 22 
0.3376509701141359 17 13 16 14 
-0.6053706974515026 17 13 16 18 
0.3739536986333119 17 13 16 21 
-0.7286849400846903 17 13 17 13 
0.1914078974806580 17 13 17 20 
0.6053706974515026 17 13 18 16 
0.3527675758781280 17 13 18 23 
-0.4280617252995874 17 13 19 15 
0.6110113646838267 17 13 19 22 
-0.1914078974806580 17 13 20 17 
-0.3739536986333119 17 13 21 16 
0.9698124176013411 17 13 21 23 
-0.3989669325465318 17 13 22 15 
-0.6110113646838267 17 13 22 19 
-0.3803201668152534 17 13 23 14 
-0.3527675758781280 17 13 23 18 
-0.9698124176013411 17 13 23 21 
0.4617484101531621 17 14 14 17 
-0.3581329359628826 17 14 15 16 
0.6477068057111962 17 14 15 23 
0.3581329359628826 17 14 16 15 
0.2140308626497937 17 14 16 19 
0.6633921286999369 17 14 16 22 
-0.4617484101531621 17 14 17 14 
-0.4785875581678595 17 14 17 18 
0.4128492771730066 17 14 17 21 
0.4785875581678595 17 14 18 17 
-0.2140308626497937 17 14 19 16 
0.4988886901723285 17 14 19 23 
-0.4128492771730066 17 14 21 17 
-0.6633921286999369 17 14 22 16 
0.6857609369648280 17 14 22 23 
-0.6477068057111962 17 14 23 15 
-0.4988886901723285 17 14 23 19 
-0.6857609369648280 17 14 23 22 
0.1948118802216338 17 15 15 17 
0.9936734568019402 17 15 16 23 
-0.1948118802216338 17 15 17 15 
0.7696961499524538 17 15 17 22 
-0.7696961499524538 17 15 22 17 
-0.9936734568019402 17 15 23 16 
0.1948118802216338 17 16 16 17 
-0.1948118802216338 17 16 17 16 
1.2569085495788257 17 16 17 23 
-1.2569085495788257 17 16 23 17 
0.4785875581678595 17 18 14 17 
-0.6420925879493813 17 18 15 16 
-0.0479367125992773 17 18 15 23 
0.6420925879493813 17 18 16 15 
0.5700791375321372 17 18 16 19 
-0.1056452992799817 17 18 16 22 
-0.4785875581678595 17 18 17 14 
-0.6306042045131415 17 18 17 18 
0.3237501334375696 17 18 17 21 
0.6306042045131415 17 18 18 17 
-0.5700791375321372 17 18 19 16 
1.3865183301950716 17 18 19 23 
-0.3237501334375696 17 18 21 17 
0.1056452992799817 17 18 22 16 
0.2727309318522697 17 18 22 23 
0.0479367125992773 17 18 23 15 
-1.3865183301950716 17 18 23 19 
-0.2727309318522697 17 18 23 22 
-0.3185685241207064 17 19 16 23 
0.6441314995631697 17 19 17 19 
0.4112701961817906 17 19 17 22 
-0.6441314995631697 17 19 19 17 
-0.4112701961817906 17 19 22 17 
0.3185685241207064 17 19 23 16 
-0.1914078974806580 17 20 13 17 
-0.0776777077238112 17 20 14 16 
-0.3950554632758306 17 20 14 23 
0.0479367125992772 17 20 15 19 
0.0504584763522818 17 20 15 22 
0.0776777077238112 17 20 16 14 
0.2507757750272271 17 20 16 18 
-0.1833476212563612 17 20 16 21 
0.1914078974806580 17 20 17 13 
0.3227114012523185 17 20 17 20 
-0.2507757750272271 17 20 18 16 
-0.0781723040302670 17 20 18 23 
-0.0479367125992772 17 20 19 15 
-0.1961188252459277 17 20 19 22 
-0.3227114012523185 17 20 20 17 
0.1833476212563612 17 20 21 16 
-0.2831499987533450 17 20 21 23 
-0.0504584763522818 17 20 22 15 
0.1961188252459277 17 20 22 19 
0.3950554632758306 17 20 23 14 
0.0781723040302670 17 20 23 18 
0.2831499987533450 17 20 23 21 
-0.4128492771730066 17 21 14 17 
-0.1345417363931263 17 21 15 16 
-0.6337976578491176 17 21 15 23 
0.1345417363931263 17 21 16 15 
0.2230657850946565 17 21 16 19 
-0.1293132501343541 17 21 16 22 
0.4128492771730066 17 21 17 14 
0.3237501334375696 17 21 17 18 
0.0860106400214412 17 21 17 21 
-0.3237501334375696 17 21 18 17 
-0.2230657850946565 17 21 19 16 
-0.2412516260209757 17 21 19 23 
-0.0860106400214412 17 21 21 17 
0.1293132501343541 17 21 22 16 
-0.3269534560025719 17 21 22 23 
0.6337976578491176 17 21 23 15 
0.2412516260209757 17 21 23 19 
0.3269534560025719 17 21 23 22 
-0.7696961499524538 17 22 15 17 
-1.0083138031928069 17 22 16 23 
0.7696961499524538 17 22 17 15 
0.4112701961817906 17 22 17 19 
-0.0585659688244835 17 22 17 22 
-0.4112701961817906 17 22 19 17 
0.0585659688244835 17 22 22 17 
1.0083138031928069 17 22 23 16 
-1.2569085495788257 17 23 16 17 
1.2569085495788257 17 23 17 16 
-1.3602934913300846 17 23 17 23 
1.3602934913300846 17 23 23 17 
0.4269452706114438 18 0 0 14 
1.6469089400466894 18 0 0 18 
-0.2605703749745444 18 0 0 21 
-0.5400477965476448 18 0 1 13 
0.2018369445582865 18 0 1 20 
0.4269452706114438 18 0 2 12 
2.2910404396098594 18 0 6 12 
0.5204054686789930 18 0 8 13 
-0.0644488699422356 18 0 8 20 
-0.6718405711563350 18 0 9 12 
-0.4269452706114438 18 0 12 2 
-2.2910404396098594 18 0 12 6 
0.6718405711563350 18 0 12 9 
0.5400477965476448 18 0 13 1 
-0.5204054686789930 18 0 13 8 
-0.4269452706114438 18 0 14 0 
-1.6469089400466894 18 0 18 0 
-0.2018369445582865 18 0 20 1 
0.0644488699422356 18 0 20 8 
0.2605703749745444 18 0 21 0 
0.3703238925547188 18 1 0 15 
0.3934163640552480 18 1 0 19 
-0.3216877698508500 18 1 0 22 
-0.0698963678553639 18 1 1 14 
1.4709677933490206 18 1 1 18 
0.0271559133921788 18 1 1 21 
-0.3570489027560796 18 1 2 13 
0.1429365823658156 18 1 2 20 
0.5843547552045125 18 1 3 12 
1.8601521520969277 18 1 6 13 
-0.7926446155814209 18 1 6 20 
0.9634955015873852 18 1 7 12 
0.5244594835917331 18 1 8 14 
-0.1725747679082849 18 1 8 18 
-0.1025860569802148 18 1 8 21 
-0.1845981792192072 18 1 9 13 
0.0193829236574928 18 1 9 20 
-0.5447535549455064 18 1 10 12 
-0.5843547552045125 18 1 12 3 
-0.9634955015873852 18 1 12 7 
0.5447535549455064 18 1 12 10 
0.3570489027560796 18 1 13 2 
-1.8601521520969277 18 1 13 6 
0.1845981792192072 18 1 13 9 
0.0698963678553639 18 1 14 1 
-0.5244594835917331 18 1 14 8 
-0.3703238925547188 18 1 15 0 
-1.4709677933490206 18 1 18 1 
0.1725747679082849 18 1 18 8 
-0.3934163640552480 18 1 19 0 
-0.1429365823658156 18 1 20 2 
0.7926446155814209 18 1 20 6 
-0.0193829236574928 18 1 20 9 
-0.0271559133921788 18 1 21 1 
0.1025860569802148 18 1 21 8 
0.3216877698508500 18 1 22 0 
0.1678405964538987 18 2 0 16 
-0.2512651741230887 18 2 0 23 
0.2561233615267529 18 2 1 15 
0.4976367116786320 18 2 1 19 
-0.2122772522873660 18 2 1 22 
-0.3415562164891549 18 2 2 14 
1.2950266466513527 18 2 2 18 
0.1772585979762229 18 2 2 21 
-0.0146066446908509 18 2 3 13 
0.0324216029695824 18 2 3 20 
0.5959023217534861 18 2 4 12 
1.4292638645839979 18 2 6 14 
-0.9707874277695027 18 2 6 21 
1.2187361201370062 18 2 7 13 
-0.5604843827486268 18 2 7 20 
0.4143493696186088 18 2 8 15 
-0.1220287886496429 18 2 8 19 
-0.1097784932187198 18 2 8 22 
0.1387645901119753 18 2 9 14 
-0.2113600619272657 18 2 9 18 
-0.0407610443282858 18 2 9 21 
-0.4573040139546807 18 2 10 13 
0.0627116933879477 18 2 10 20 
-0.2992018867223660 18 2 11 12 
-0.5959023217534861 18 2 12 4 
0.2992018867223660 18 2 12 11 
0.0146066446908509 18 2 13 3 
-1.2187361201370062 18 2 13 7 
0.4573040139546807 18 2 13 10 
0.3415562164891549 18 2 14 2 
-1.4292638645839979 18 2 14 6 
-0.1387645901119753 18 2 14 9 
-0.2561233615267529 18 2 15 1 
-0.4143493696186088 18 2 15 8 
-0.1678405964538987 18 2 16 0 
-1.2950266466513527 18 2 18 2 
0.2113600619272657 18 2 18 9 
-0.4976367116786320 18 2 19 1 
0.1220287886496429 18 2 19 8 
-0.0324216029695824 18 2 20 3 
0.5604843827486268 18 2 20 7 
-0.0627116933879477 18 2 20 10 
-0.1772585979762229 18 2 21 2 
0.9707874277695027 18 2 21 6 
0.0407610443282858 18 2 21 9 
0.2122772522873660 18 2 22 1 
0.1097784932187198 18 2 22 8 
0.2512651741230887 18 2 23 0 
-0.0258211437782080 18 3 0 17 
0.2510029336112246 18 3 1 16 
-0.3371076058305285 18 3 1 23 
0.0206569150225663 18 3 2 15 
0.5278234400930033 18 3 2 19 
-0.0187186212020476 18 3 2 22 
-0.3622131315117214 18 3 3 14 
1.1190854999536850 18 3 3 18 
0.1897376787775879 18 3 3 21 
0.3467204452447965 18 3 4 13 
-0.0818018215212034 18 3 4 20 
0.4527664143896516 18 3 5 12 
0.9983755770710679 18 3 6 15 
-0.9707874277695029 18 3 6 22 
1.2926648625387898 18 3 7 14 
-0.9707874277695029 18 3 7 21 
0.2568451805087723 18 3 8 16 
-0.0848807028345176 18 3 8 23 
0.2982477368372123 18 3 9 15 
-0.2113600619272657 18 3 9 19 
-0.1052612249986605 18 3 9 22 
-0.2392247200878556 18 3 10 14 
-0.2113600619272657 18 3 10 18 
0.0441196585062318 18 3 10 21 
-0.4014214546244413 18 3 11 13 
0.0645001806703747 18 3 11 20 
-0.4527664143896516 18 3 12 5 
-0.3467204452447965 18 3 13 4 
0.4014214546244413 18 3 13 11 
0.3622131315117213 18 3 14 3 
-1.2926648625387898 18 3 14 7 
0.2392247200878556 18 3 14 10 
-0.0206569150225664 18 3 15 2 
-0.9983755770710679 18 3 15 6 
-0.2982477368372123 18 3 15 9 
-0.2510029336112246 18 3 16 1 
-0.2568451805087723 18 3 16 8 
0.0258211437782080 18 3 17 0 
-1.1190854999536850 18 3 18 3 
0.2113600619272657 18 3 18 10 
-0.5278234400930033 18 3 19 2 
0.2113600619272657 18 3 19 9 
0.0818018215212034 18 3 20 4 
-0.0645001806703747 18 3 20 11 
-0.1897376787775879 18 3 21 3 
0.9707874277695029 18 3 21 7 
-0.0441196585062318 18 3 21 10 
0.0187186212020476 18 3 22 2 
0.9707874277695029 18 3 22 6 
0.1052612249986605 18 3 22 9 
0.3371076058305285 18 3 23 1 
0.0848807028345176 18 3 23 8 
-0.0326614504519291 18 4 1 17 
0.2768240773894325 18 4 2 16 
-0.3371076058305285 18 4 2 23 
-0.2415167168359020 18 4 3 15 
0.4976367116786320 18 4 3 19 
0.1769810816568857 18 4 3 22 
-0.1060459691448550 18 4 4 14 
0.9431443532560172 18 4 4 18 
0.0645931557962739 18 4 4 21 
0.5727092469995737 18 4 5 13 
-0.1535056724386228 18 4 5 20 
0.5674872895581380 18 4 6 16 
-0.7926446155814209 18 4 6 23 
1.2187361201370062 18 4 7 15 
-1.3729007465329219 18 4 7 22 
0.0972701025886043 18 4 8 17 
0.2938512609565039 18 4 9 16 
-0.1386096073022519 18 4 9 23 
0.0062175558171438 18 4 10 15 
-0.2989082661215564 18 4 10 19 
-0.0288224108527763 18 4 10 22 
-0.4014214546244412 18 4 11 14 
-0.1725747679082849 18 4 11 18 
0.1053283539731631 18 4 11 21 
-0.5727092469995737 18 4 13 5 
0.1060459691448550 18 4 14 4 
0.4014214546244412 18 4 14 11 
0.2415167168359020 18 4 15 3 
-1.2187361201370062 18 4 15 7 
-0.0062175558171438 18 4 15 10 
-0.2768240773894325 18 4 16 2 
-0.5674872895581380 18 4 16 6 
-0.2938512609565039 18 4 16 9 
0.0326614504519291 18 4 17 1 
-0.0972701025886043 18 4 17 8 
-0.9431443532560172 18 4 18 4 
0.1725747679082849 18 4 18 11 
-0.4976367116786320 18 4 19 3 
0.2989082661215564 18 4 19 10 
0.1535056724386228 18 4 20 5 
-0.0645931557962739 18 4 21 4 
-0.1053283539731631 18 4 21 11 
-0.1769810816568857 18 4 22 3 
1.3729007465329219 18 4 22 7 
0.0288224108527763 18 4 22 10 
0.3371076058305285 18 4 23 2 
0.7926446155814209 18 4 23 6 
0.1386096073022519 18 4 23 9 
-0.0258211437782080 18 5 2 17 
0.2255784291987675 18 5 3 16 
-0.2512651741230887 18 5 3 23 
-0.4165141587506138 18 5 4 15 
0.3934163640552480 18 5 4 19 
0.2937836968822852 18 5 4 22 
0.4527664143896516 18 5 5 14 
0.7672032065583494 18 5 5 18 
-0.1981749709677192 18 5 5 21 
0.1365990020452080 18 5 6 17 
0.9634955015873852 18 5 7 16 
-1.7724072424392461 18 5 7 23 
0.1255751624698504 18 5 9 17 
0.1881383976023035 18 5 10 16 
-0.1549702521311933 18 5 10 23 
-0.2992018867223660 18 5 11 15 
-0.3858889122441742 18 5 11 19 
0.1177606797210764 18 5 11 22 
-0.4527664143896516 18 5 14 5 
0.4165141587506138 18 5 15 4 
0.2992018867223660 18 5 15 11 
-0.2255784291987675 18 5 16 3 
-0.9634955015873852 18 5 16 7 
-0.1881383976023035 18 5 16 10 
0.0258211437782080 18 5 17 2 
-0.1365990020452080 18 5 17 6 
-0.1255751624698504 18 5 17 9 
-0.7672032065583494 18 5 18 5 
-0.3934163640552480 18 5 19 4 
0.3858889122441742 18 5 19 11 
0.1981749709677192 18 5 21 5 
-0.2937836968822852 18 5 22 4 
-0.1177606797210764 18 5 22 11 
0.2512651741230887 18 5 23 3 
1.7724072424392461 18 5 23 7 
0.1549702521311933 18 5 23 10 
0.1901832990705832 18 6 0 16 
-0.9522148596816742 18 6 0 23 
-0.2405649591952107 18 6 1 15 
0.7375824587116714 18 6 1 22 
0.2551576709441980 18 6 2 14 
-0.5215495582392695 18 6 2 21 
-0.2405649591952107 18 6 3 13 
0.3011167778451727 18 6 3 20 
0.1901832990705832 18 6 4 12 
3.4925843755732555 18 6 6 18 
-0.3062985807533624 18 6 6 21 
0.5305247041510623 18 6 7 20 
0.3011167778451727 18 6 8 15 
0.5305247041510623 18 6 8 19 
-0.0811746271797301 18 6 8 22 
-0.5215495582392695 18 6 9 14 
-0.3062985807533624 18 6 9 18 
0.0937323857071693 18 6 9 21 
0.7375824587116714 18 6 10 13 
-0.0811746271797301 18 6 10 20 
-0.9522148596816742 18 6 11 12 
-0.1901832990705832 18 6 12 4 
0.9522148596816742 18 6 12 11 
0.2405649591952107 18 6 13 3 
-0.7375824587116714 18 6 13 10 
-0.2551576709441980 18 6 14 2 
0.5215495582392695 18 6 14 9 
0.2405649591952107 18 6 15 1 
-0.3011167778451727 18 6 15 8 
-0.1901832990705832 18 6 16 0 
-3.4925843755732555 18 6 18 6 
0.3062985807533624 18 6 18 9 
-0.5305247041510623 18 6 19 8 
-0.3011167778451727 18 6 20 3 
-0.5305247041510623 18 6 20 7 
0.0811746271797301 18 6 20 10 
0.5215495582392695 18 6 21 2 
0.3062985807533624 18 6 21 6 
-0.0937323857071693 18 6 21 9 
-0.7375824587116714 18 6 22 1 
0.0811746271797301 18 6 22 8 
0.9522148596816742 18 6 23 0 
-0.2114454892731366 18 7 0 17 
0.2964980462545359 18 7 1 16 
-0.4258434310867295 18 7 1 23 
-0.3815506032359352 18 7 2 15 
0.5215495582392696 18 7 2 22 
0.4666031602173346 18 7 3 14 
-0.5215495582392696 18 7 3 21 
-0.5516557171987340 18 7 4 13 
0.4258434310867295 18 7 4 20 
0.6367082741801332 18 7 5 12 
0.9500492370402543 18 7 6 19 
-0.3062985807533624 18 7 6 22 
2.5425351385330019 18 7 7 18 
0.3062985807533624 18 7 7 21 
0.4258434310867295 18 7 8 16 
-0.4081898005994323 18 7 8 23 
-0.5215495582392696 18 7 9 15 
0.3062985807533624 18 7 9 19 
0.3613236077458476 18 7 9 22 
0.5215495582392696 18 7 10 14 
-0.3062985807533624 18 7 10 18 
-0.3144574148922629 18 7 10 21 
-0.4258434310867295 18 7 11 13 
0.2675912220386783 18 7 11 20 
-0.6367082741801332 18 7 12 5 
0.5516557171987340 18 7 13 4 
0.4258434310867295 18 7 13 11 
-0.4666031602173346 18 7 14 3 
-0.5215495582392696 18 7 14 10 
0.3815506032359352 18 7 15 2 
0.5215495582392696 18 7 15 9 
-0.2964980462545359 18 7 16 1 
-0.4258434310867295 18 7 16 8 
0.2114454892731366 18 7 17 0 
-2.5425351385330019 18 7 18 7 
0.3062985807533624 18 7 18 10 
-0.9500492370402543 18 7 19 6 
-0.3062985807533624 18 7 19 9 
-0.4258434310867295 18 7 20 4 
-0.2675912220386783 18 7 20 11 
0.5215495582392696 18 7 21 3 
-0.3062985807533624 18 7 21 7 
0.3144574148922629 18 7 21 10 
-0.5215495582392696 18 7 22 2 
0.3062985807533624 18 7 22 6 
-0.3613236077458476 18 7 22 9 
0.4258434310867295 18 7 23 1 
0.4081898005994323 18 7 23 8 
-0.2494443450861643 18 8 0 15 
0.3858889122441742 18 8 0 19 
0.0232609970685455 18 8 0 22 
0.3346647073293474 18 8 1 14 
-0.1725747679082849 18 8 1 18 
-0.0208052682678764 18 8 1 21 
-0.3346647073293474 18 8 2 13 
0.0127405728045039 18 8 2 20 
0.2494443450861643 18 8 3 12 
-0.7926446155814209 18 8 6 13 
0.7283083100600960 18 8 6 20 
1.7724072424392461 18 8 7 12 
0.1448795304109926 18 8 8 14 
1.0139821837152130 18 8 8 18 
-0.1644931632417566 18 8 8 21 
-0.2365872824539799 18 8 9 13 
0.1644931632417566 18 8 9 20 
0.2645126230895212 18 8 10 12 
-0.2494443450861643 18 8 12 3 
-1.7724072424392461 18 8 12 7 
-0.2645126230895212 18 8 12 10 
0.3346647073293474 18 8 13 2 
0.7926446155814209 18 8 13 6 
0.2365872824539799 18 8 13 9 
-0.3346647073293474 18 8 14 1 
-0.1448795304109926 18 8 14 8 
0.2494443450861643 18 8 15 0 
0.1725747679082849 18 8 18 1 
-1.0139821837152130 18 8 18 8 
-0.3858889122441742 18 8 19 0 
-0.0127405728045039 18 8 20 2 
-0.7283083100600960 18 8 20 6 
-0.1644931632417566 18 8 20 9 
0.0208052682678764 18 8 21 1 
0.1644931632417566 18 8 21 8 
-0.0232609970685455 18 8 22 0 
-0.3020832896660136 18 9 0 16 
0.2800183003165863 18 9 0 23 
0.1888897365035373 18 9 1 15 
0.2989082661215564 18 9 1 19 
-0.1988833518993580 18 9 1 22 
0.0045916216014056 18 9 2 14 
-0.2113600619272657 18 9 2 18 
0.1278911939886425 18 9 2 21 
-0.1975477812261947 18 9 3 13 
-0.0664822421380151 18 9 3 20 
0.3089280750178132 18 9 4 12 
-0.9707874277695027 18 9 6 14 
-0.3062985807533624 18 9 6 18 
1.0831408719814239 18 9 6 21 
1.3729007465329219 18 9 7 13 
-0.6145880254275697 18 9 7 20 
0.1003709281142469 18 9 8 15 
-0.2805887482415109 18 9 8 19 
-0.2973125660821624 18 9 8 22 
-0.0289680166857266 18 9 9 14 
1.1759801730440294 18 9 9 18 
0.1788138168802330 18 9 9 21 
-0.1639236347454664 18 9 10 13 
-0.0124020498497186 18 9 10 20 
0.4761371255625140 18 9 11 12 
-0.3089280750178132 18 9 12 4 
-0.4761371255625140 18 9 12 11 
0.1975477812261947 18 9 13 3 
-1.3729007465329219 18 9 13 7 
0.1639236347454664 18 9 13 10 
-0.0045916216014056 18 9 14 2 
0.9707874277695027 18 9 14 6 
0.0289680166857266 18 9 14 9 
-0.1888897365035373 18 9 15 1 
-0.1003709281142469 18 9 15 8 
0.3020832896660136 18 9 16 0 
0.2113600619272657 18 9 18 2 
0.3062985807533624 18 9 18 6 
-1.1759801730440294 18 9 18 9 
-0.2989082661215564 18 9 19 1 
0.2805887482415109 18 9 19 8 
0.0664822421380151 18 9 20 3 
0.6145880254275697 18 9 20 7 
0.0124020498497186 18 9 20 10 
-0.1278911939886425 18 9 21 2 
-1.0831408719814239 18 9 21 6 
-0.1788138168802330 18 9 21 9 
0.1988833518993580 18 9 22 1 
0.2973125660821624 18 9 22 8 
-0.2800183003165863 18 9 23 0 
-0.2200577884073159 18 10 0 17 
-0.0501337198166706 18 10 1 16 
0.2504559817807351 18 10 1 23 
0.1836989333948620 18 10 2 15 
0.2113600619272657 18 10 2 19 
-0.2940041063907969 18 10 2 22 
-0.1806378523272583 18 10 3 14 
-0.2113600619272657 18 10 3 18 
0.2812635335862929 18 10 3 21 
0.0409504766138594 18 10 4 13 
-0.2192480793789206 18 10 4 20 
0.2353631937453345 18 10 5 12 
-0.9707874277695029 18 10 6 15 
-0.3062985807533624 18 10 6 19 
1.4379734339027521 18 10 6 22 
0.9707874277695029 18 10 7 14 
-0.3062985807533624 18 10 7 18 
-0.7096651238426560 18 10 7 21 
-0.0709890680666838 18 10 8 16 
-0.3504673069412279 18 10 8 23 
0.2318230274505322 18 10 9 15 
-0.3239959786576329 18 10 9 19 
0.0071603268192382 18 10 9 22 
-0.3767025578615247 18 10 10 14 
1.3379781623728459 18 10 10 18 
0.1716534900609948 18 10 10 21 
0.4258699917476537 18 10 11 13 
-0.1859741436994712 18 10 11 20 
-0.2353631937453345 18 10 12 5 
-0.0409504766138594 18 10 13 4 
-0.4258699917476537 18 10 13 11 
0.1806378523272583 18 10 14 3 
-0.9707874277695029 18 10 14 7 
0.3767025578615247 18 10 14 10 
-0.1836989333948621 18 10 15 2 
0.9707874277695029 18 10 15 6 
-0.2318230274505322 18 10 15 9 
0.0501337198166706 18 10 16 1 
0.0709890680666838 18 10 16 8 
0.2200577884073159 18 10 17 0 
0.2113600619272657 18 10 18 3 
0.3062985807533624 18 10 18 7 
-1.3379781623728459 18 10 18 10 
-0.2113600619272657 18 10 19 2 
0.3062985807533624 18 10 19 6 
0.3239959786576329 18 10 19 9 
0.2192480793789206 18 10 20 4 
0.1859741436994712 18 10 20 11 
-0.2812635335862929 18 10 21 3 
0.7096651238426560 18 10 21 7 
-0.1716534900609948 18 10 21 10 
0.2940041063907969 18 10 22 2 
-1.4379734339027521 18 10 22 6 
-0.0071603268192382 18 10 22 9 
-0.2504559817807351 18 10 23 1 
0.3504673069412279 18 10 23 8 
-0.1704560299409540 18 11 1 17 
0.1040568157661927 18 11 2 16 
0.1533723395976503 18 11 2 23 
0.0079529219027653 18 11 3 15 
0.1220287886496429 18 11 3 19 
-0.2582929115205280 18 11 3 22 
-0.1190529891200389 18 11 4 14 
-0.1725747679082849 18 11 4 18 
0.3548787044032263 18 11 4 21 
0.1823115459371740 18 11 5 13 
-0.4447166944399762 18 11 5 20 
-0.7926446155814209 18 11 6 16 
1.7928059958240796 18 11 6 23 
0.5604843827486268 18 11 7 15 
-0.5305247041510623 18 11 7 19 
-0.6145880254275697 18 11 7 22 
-0.3665443904097092 18 11 8 17 
0.4022177051675007 18 11 9 16 
-0.3504673069412279 18 11 9 23 
-0.3680571027200843 18 11 10 15 
-0.2805887482415109 18 11 10 19 
0.3097146159318809 18 11 10 22 
0.2607910441362586 18 11 11 14 
1.4999761517016623 18 11 11 18 
-0.1859741436994712 18 11 11 21 
-0.1823115459371740 18 11 13 5 
0.1190529891200389 18 11 14 4 
-0.2607910441362586 18 11 14 11 
-0.0079529219027653 18 11 15 3 
-0.5604843827486268 18 11 15 7 
0.3680571027200843 18 11 15 10 
-0.1040568157661927 18 11 16 2 
0.7926446155814209 18 11 16 6 
-0.4022177051675007 18 11 16 9 
0.1704560299409540 18 11 17 1 
0.3665443904097092 18 11 17 8 
0.1725747679082849 18 11 18 4 
-1.4999761517016623 18 11 18 11 
-0.1220287886496429 18 11 19 3 
0.5305247041510623 18 11 19 7 
0.2805887482415109 18 11 19 10 
0.4447166944399762 18 11 20 5 
-0.3548787044032263 18 11 21 4 
0.1859741436994712 18 11 21 11 
0.2582929115205280 18 11 22 3 
0.6145880254275697 18 11 22 7 
-0.3097146159318809 18 11 22 10 
-0.1533723395976503 18 11 23 2 
-1.7928059958240796 18 11 23 6 
0.3504673069412279 18 11 23 9 
-0.6441314995631697 18 12 12 18 
0.4112701961817906 18 12 12 21 
-0.3185685241207064 18 12 13 20 
0.6441314995631697 18 12 18 12 
0.3185685241207064 18 12 20 13 
-0.4112701961817906 18 12 21 12 
-0.2140308626497937 18 13 12 15 
-0.5700791375321372 18 13 12 19 
0.2230657850946565 18 13 12 22 
0.2871525349007157 18 13 13 14 
-0.3891843587479074 18 13 13 18 
0.2117540926113859 18 13 13 21 
-0.2871525349007157 18 13 14 13 
-0.3815229012259175 18 13 14 20 
0.2140308626497937 18 13 15 12 
0.3891843587479074 18 13 18 13 
-0.6200698476731357 18 13 18 20 
0.5700791375321372 18 13 19 12 
0.3815229012259175 18 13 20 14 
0.6200698476731357 18 13 20 18 
-0.1219689806377075 18 13 20 21 
-0.2117540926113859 18 13 21 13 
0.1219689806377075 18 13 21 20 
-0.2230657850946565 18 13 22 12 
-0.4280617252995874 18 14 12 16 
0.0479367125992772 18 14 12 23 
0.2707300062176038 18 14 13 15 
-0.7210994084583739 18 14 13 19 
0.2450267616673147 18 14 13 22 
-0.1342372179326451 18 14 14 18 
0.0384940078642476 18 14 14 21 
-0.2707300062176038 18 14 15 13 
-0.3819277666490264 18 14 15 20 
0.4280617252995874 18 14 16 12 
0.1342372179326451 18 14 18 14 
-0.7594273658422368 18 14 18 21 
0.7210994084583739 18 14 19 13 
-0.4384555940989839 18 14 19 20 
0.3819277666490264 18 14 20 15 
0.4384555940989839 18 14 20 19 
-0.1724901866066674 18 14 20 22 
-0.0384940078642476 18 14 21 14 
0.7594273658422368 18 14 21 18 
-0.2450267616673147 18 14 22 13 
0.1724901866066674 18 14 22 20 
-0.0479367125992772 18 14 23 12 
-0.4785875581678595 18 15 12 17 
-0.0957175116335719 18 15 13 16 
0.0643138487939128 18 15 13 23 
0.3828700465342876 18 15 14 15 
-0.7648414224457865 18 15 14 19 
0.2205060988858080 18 15 14 22 
-0.3828700465342876 18 15 15 14 
0.1207099228826172 18 15 15 18 
-0.1085100580596244 18 15 15 21 
0.0957175116335719 18 15 16 13 
-0.3386470020299757 18 15 16 20 
0.4785875581678595 18 15 17 12 
-0.1207099228826172 18 15 18 15 
-0.7594273658422371 18 15 18 22 
0.7648414224457865 18 15 19 14 
-0.7594273658422371 18 15 19 21 
0.3386470020299757 18 15 20 16 
-0.1493808835048923 18 15 20 23 
0.1085100580596244 18 15 21 15 
0.7594273658422371 18 15 21 19 
-0.1493808835048923 18 15 21 22 
-0.2205060988858080 18 15 22 14 
0.7594273658422371 18 15 22 18 
0.1493808835048923 18 15 22 21 
-0.0643138487939128 18 15 23 13 
0.1493808835048923 18 15 23 20 
-0.6053706974515026 18 16 13 17 
0.3828700465342875 18 16 14 16 
0.0643138487939128 18 16 14 23 
-0.7210994084583739 18 16 15 19 
0.1707635258397419 18 16 15 22 
-0.3828700465342875 18 16 16 14 
0.3756570636978791 18 16 16 18 
-0.2292581051602300 18 16 16 21 
0.6053706974515026 18 16 17 13 
-0.2507757750272271 18 16 17 20 
-0.3756570636978791 18 16 18 16 
-0.6200698476731357 18 16 18 23 
0.7210994084583739 18 16 19 15 
-1.0739924804113654 18 16 19 22 
0.2507757750272271 18 16 20 17 
0.2292581051602300 18 16 21 16 
-0.2439379612754150 18 16 21 23 
-0.1707635258397419 18 16 22 15 
1.0739924804113654 18 16 22 19 
-0.0643138487939128 18 16 23 14 
0.6200698476731357 18 16 23 18 
0.2439379612754150 18 16 23 21 
-0.4785875581678595 18 17 14 17 
0.6420925879493813 18 17 15 16 
0.0479367125992773 18 17 15 23 
-0.6420925879493813 18 17 16 15 
-0.5700791375321372 18 17 16 19 
0.1056452992799817 18 17 16 22 
0.4785875581678595 18 17 17 14 
0.6306042045131415 18 17 17 18 
-0.3237501334375696 18 17 17 21 
-0.6306042045131415 18 17 18 17 
0.5700791375321372 18 17 19 16 
-1.3865183301950716 18 17 19 23 
0.3237501334375696 18 17 21 17 
-0.1056452992799817 18 17 22 16 
-0.2727309318522697 18 17 22 23 
-0.0479367125992773 18 17 23 15 
1.3865183301950716 18 17 23 19 
0.2727309318522697 18 17 23 22 
-0.8481537634532698 18 19 12 17 
0.8481537634532695 18 19 13 16 
-0.8481537634532695 18 19 14 15 
0.8481537634532695 18 19 15 14 
-0.8481537634532695 18 19 16 13 
0.8481537634532698 18 19 17 12 
-1.5924859014927473 18 19 18 19 
1.5924859014927473 18 19 19 18 
-0.6757810226381105 18 19 20 23 
0.6757810226381105 18 19 21 22 
-0.6757810226381105 18 19 22 21 
0.6757810226381105 18 19 23 20 
-0.4988886901723285 18 20 12 15 
-1.3865183301950716 18 20 12 19 
-0.2412516260209757 18 20 12 22 
0.6693294146586947 18 20 13 14 
0.6200698476731357 18 20 13 18 
0.2157820141861035 18 20 13 21 
-0.6693294146586947 18 20 14 13 
-0.1321389576064887 18 20 14 20 
0.4988886901723285 18 20 15 12 
-0.6200698476731357 18 20 18 13 
-0.2856738736551171 18 20 18 20 
1.3865183301950716 18 20 19 12 
0.1321389576064887 18 20 20 14 
0.2856738736551171 18 20 20 18 
-0.3289863264835132 18 20 20 21 
-0.2157820141861035 18 20 21 13 
0.3289863264835132 18 20 21 20 
0.2412516260209757 18 20 22 12 
-0.6110113646838267 18 21 12 16 
-0.1961188252459277 18 21 12 23 
0.3864375177297320 18 21 13 15 
-1.0739924804113654 18 21 13 19 
-0.0349597171538916 18 21 13 22 
0.7594273658422368 18 21 14 18 
0.1568592106743691 18 21 14 21 
-0.3864375177297320 18 21 15 13 
-0.1668531702522620 18 21 15 20 
0.6110113646838267 18 21 16 12 
-0.7594273658422368 18 21 18 14 
-0.0928393010626056 18 21 18 21 
1.0739924804113654 18 21 19 13 
-0.3339992771860588 18 21 19 20 
0.1668531702522620 18 21 20 15 
0.3339992771860588 18 21 20 19 
-0.2849105162324437 18 21 20 22 
-0.1568592106743691 18 21 21 14 
0.0928393010626056 18 21 21 18 
0.0349597171538916 18 21 22 13 
0.2849105162324437 18 21 22 20 
0.1961188252459277 18 21 23 12 
-0.4554209821526503 18 22 12 17 
-0.0910841964305301 18 22 13 16 
-0.1754140099669186 18 22 13 23 
0.3643367857221202 18 22 14 15 
-0.7594273658422371 18 22 14 19 
0.0826984514707279 18 22 14 22 
-0.3643367857221203 18 22 15 14 
0.7594273658422371 18 22 15 18 
0.0494405061357608 18 22 15 21 
0.0910841964305301 18 22 16 13 
-0.1482590113122367 18 22 16 20 
0.4554209821526503 18 22 17 12 
-0.7594273658422371 18 22 18 15 
0.0999952715299059 18 22 18 22 
0.7594273658422371 18 22 19 14 
-0.3856691451850230 18 22 19 21 
0.1482590113122367 18 22 20 16 
-0.1644931632417566 18 22 20 23 
-0.0494405061357608 18 22 21 15 
0.3856691451850230 18 22 21 19 
-0.1644931632417566 18 22 21 22 
-0.0826984514707279 18 22 22 14 
-0.0999952715299059 18 22 22 18 
0.1644931632417566 18 22 22 21 
0.1754140099669186 18 22 23 13 
0.1644931632417566 18 22 23 20 
-0.3527675758781280 18 23 13 17 
0.2231098048862315 18 23 14 16 
-0.1074187045386083 18 23 14 23 
-0.4384555940989839 18 23 15 19 
0.1097641911995563 18 23 15 22 
-0.2231098048862315 18 23 16 14 
0.6200698476731357 18 23 16 18 
-0.0473390007642743 18 23 16 21 
0.3527675758781280 18 23 17 13 
-0.0781723040302670 18 23 17 20 
-0.6200698476731357 18 23 18 16 
0.2928298441224172 18 23 18 23 
0.4384555940989839 18 23 19 15 
-0.3339992771860588 18 23 19 22 
0.0781723040302670 18 23 20 17 
0.0473390007642743 18 23 21 16 
-0.1644931632417566 18 23 21 23 
-0.1097641911995563 18 23 22 15 
0.3339992771860588 18 23 22 19 
0.1074187045386083 18 23 23 14 
-0.2928298441224172 18 23 23 18 
0.1644931632417566 18 23 23 21 
0.4527664143896516 19 0 0 15 
0.7672032065583494 19 0 0 19 
0.1981749709677192 19 0 0 22 
-0.4165141587506138 19 0 1 14 
0.3934163640552480 19 0 1 18 
-0.2937836968822852 19 0 1 21 
0.2255784291987675 19 0 2 13 
0.2512651741230887 19 0 2 20 
-0.0258211437782080 19 0 3 12 
0.9634955015873852 19 0 6 13 
1.7724072424392461 19 0 6 20 
0.1365990020452080 19 0 7 12 
0.2992018867223660 19 0 8 14 
0.3858889122441742 19 0 8 18 
0.1177606797210764 19 0 8 21 
-0.1881383976023035 19 0 9 13 
-0.1549702521311933 19 0 9 20 
-0.1255751624698504 19 0 10 12 
0.0258211437782080 19 0 12 3 
-0.1365990020452080 19 0 12 7 
0.1255751624698504 19 0 12 10 
-0.2255784291987675 19 0 13 2 
-0.9634955015873852 19 0 13 6 
0.1881383976023035 19 0 13 9 
0.4165141587506138 19 0 14 1 
-0.2992018867223660 19 0 14 8 
-0.4527664143896516 19 0 15 0 
-0.3934163640552480 19 0 18 1 
-0.3858889122441742 19 0 18 8 
-0.7672032065583494 19 0 19 0 
-0.2512651741230887 19 0 20 2 
-1.7724072424392461 19 0 20 6 
0.1549702521311933 19 0 20 9 
0.2937836968822852 19 0 21 1 
-0.1177606797210764 19 0 21 8 
-0.1981749709677192 19 0 22 0 
0.5727092469995737 19 1 0 16 
0.1535056724386228 19 1 0 23 
-0.1060459691448550 19 1 1 15 
0.9431443532560172 19 1 1 19 
-0.0645931557962739 19 1 1 22 
-0.2415167168359020 19 1 2 14 
0.4976367116786320 19 1 2 18 
-0.1769810816568857 19 1 2 21 
0.2768240773894325 19 1 3 13 
0.3371076058305285 19 1 3 20 
-0.0326614504519291 19 1 4 12 
1.2187361201370062 19 1 6 14 
1.3729007465329219 19 1 6 21 
0.5674872895581380 19 1 7 13 
0.7926446155814209 19 1 7 20 
0.4014214546244412 19 1 8 15 
0.1725747679082849 19 1 8 19 
0.1053283539731631 19 1 8 22 
-0.0062175558171438 19 1 9 14 
0.2989082661215564 19 1 9 18 
-0.0288224108527763 19 1 9 21 
-0.2938512609565039 19 1 10 13 
-0.1386096073022519 19 1 10 20 
-0.0972701025886043 19 1 11 12 
0.0326614504519291 19 1 12 4 
0.0972701025886043 19 1 12 11 
-0.2768240773894325 19 1 13 3 
-0.5674872895581380 19 1 13 7 
0.2938512609565039 19 1 13 10 
0.2415167168359020 19 1 14 2 
-1.2187361201370062 19 1 14 6 
0.0062175558171438 19 1 14 9 
0.1060459691448550 19 1 15 1 
-0.4014214546244412 19 1 15 8 
-0.5727092469995737 19 1 16 0 
-0.4976367116786320 19 1 18 2 
-0.2989082661215564 19 1 18 9 
-0.9431443532560172 19 1 19 1 
-0.1725747679082849 19 1 19 8 
-0.3371076058305285 19 1 20 3 
-0.7926446155814209 19 1 20 7 
0.1386096073022519 19 1 20 10 
0.1769810816568857 19 1 21 2 
-1.3729007465329219 19 1 21 6 
0.0288224108527763 19 1 21 9 
0.0645931557962739 19 1 22 1 
-0.1053283539731631 19 1 22 8 
-0.1535056724386228 19 1 23 0 
0.4527664143896516 19 2 0 17 
0.3467204452447965 19 2 1 16 
0.0818018215212034 19 2 1 23 
-0.3622131315117213 19 2 2 15 
1.1190854999536850 19 2 2 19 
-0.1897376787775879 19 2 2 22 
0.0206569150225664 19 2 3 14 
0.5278234400930033 19 2 3 18 
0.0187186212020476 19 2 3 21 
0.2510029336112246 19 2 4 13 
0.3371076058305285 19 2 4 20 
-0.0258211437782080 19 2 5 12 
1.2926648625387898 19 2 6 15 
0.9707874277695029 19 2 6 22 
0.9983755770710679 19 2 7 14 
0.9707874277695029 19 2 7 21 
0.4014214546244413 19 2 8 16 
0.0645001806703747 19 2 8 23 
0.2392247200878556 19 2 9 15 
0.2113600619272657 19 2 9 19 
0.0441196585062318 19 2 9 22 
-0.2982477368372123 19 2 10 14 
0.2113600619272657 19 2 10 18 
-0.1052612249986605 19 2 10 21 
-0.2568451805087723 19 2 11 13 
-0.0848807028345176 19 2 11 20 
0.0258211437782080 19 2 12 5 
-0.2510029336112246 19 2 13 4 
0.2568451805087723 19 2 13 11 
-0.0206569150225663 19 2 14 3 
-0.9983755770710679 19 2 14 7 
0.2982477368372123 19 2 14 10 
0.3622131315117214 19 2 15 2 
-1.2926648625387898 19 2 15 6 
-0.2392247200878556 19 2 15 9 
-0.3467204452447965 19 2 16 1 
-0.4014214546244413 19 2 16 8 
-0.4527664143896516 19 2 17 0 
-0.5278234400930033 19 2 18 3 
-0.2113600619272657 19 2 18 10 
-1.1190854999536850 19 2 19 2 
-0.2113600619272657 19 2 19 9 
-0.3371076058305285 19 2 20 4 
0.0848807028345176 19 2 20 11 
-0.0187186212020476 19 2 21 3 
-0.9707874277695029 19 2 21 7 
0.1052612249986605 19 2 21 10 
0.1897376787775879 19 2 22 2 
-0.9707874277695029 19 2 22 6 
-0.0441196585062318 19 2 22 9 
-0.0818018215212034 19 2 23 1 
-0.0645001806703747 19 2 23 8 
0.5959023217534861 19 3 1 17 
-0.0146066446908509 19 3 2 16 
-0.0324216029695824 19 3 2 23 
-0.3415562164891549 19 3 3 15 
1.2950266466513527 19 3 3 19 
-0.1772585979762229 19 3 3 22 
0.2561233615267529 19 3 4 14 
0.4976367116786320 19 3 4 18 
0.2122772522873660 19 3 4 21 
0.1678405964538987 19 3 5 13 
0.2512651741230887 19 3 5 20 
1.2187361201370062 19 3 6 16 
0.5604843827486268 19 3 6 23 
1.4292638645839979 19 3 7 15 
0.9707874277695027 19 3 7 22 
0.2992018867223660 19 3 8 17 
0.4573040139546807 19 3 9 16 
0.0627116933879477 19 3 9 23 
-0.1387645901119753 19 3 10 15 
0.2113600619272657 19 3 10 19 
-0.0407610443282858 19 3 10 22 
-0.4143493696186088 19 3 11 14 
0.1220287886496429 19 3 11 18 
-0.1097784932187198 19 3 11 21 
-0.1678405964538987 19 3 13 5 
-0.2561233615267529 19 3 14 4 
0.4143493696186088 19 3 14 11 
0.3415562164891549 19 3 15 3 
-1.4292638645839979 19 3 15 7 
0.1387645901119753 19 3 15 10 
0.0146066446908509 19 3 16 2 
-1.2187361201370062 19 3 16 6 
-0.4573040139546807 19 3 16 9 
-0.5959023217534861 19 3 17 1 
-0.2992018867223660 19 3 17 8 
-0.4976367116786320 19 3 18 4 
-0.1220287886496429 19 3 18 11 
-1.2950266466513527 19 3 19 3 
-0.2113600619272657 19 3 19 10 
-0.2512651741230887 19 3 20 5 
-0.2122772522873660 19 3 21 4 
0.1097784932187198 19 3 21 11 
0.1772585979762229 19 3 22 3 
-0.9707874277695027 19 3 22 7 
0.0407610443282858 19 3 22 10 
0.0324216029695824 19 3 23 2 
-0.5604843827486268 19 3 23 6 
-0.0627116933879477 19 3 23 9 
0.5843547552045125 19 4 2 17 
-0.3570489027560796 19 4 3 16 
-0.1429365823658156 19 4 3 23 
-0.0698963678553639 19 4 4 15 
1.4709677933490206 19 4 4 19 
-0.0271559133921788 19 4 4 22 
0.3703238925547188 19 4 5 14 
0.3934163640552480 19 4 5 18 
0.3216877698508500 19 4 5 21 
0.9634955015873852 19 4 6 17 
1.8601521520969277 19 4 7 16 
0.7926446155814209 19 4 7 23 
0.5447535549455064 19 4 9 17 
0.1845981792192072 19 4 10 16 
0.0193829236574928 19 4 10 23 
-0.5244594835917331 19 4 11 15 
0.1725747679082849 19 4 11 19 
-0.1025860569802148 19 4 11 22 
-0.3703238925547188 19 4 14 5 
0.0698963678553639 19 4 15 4 
0.5244594835917331 19 4 15 11 
0.3570489027560796 19 4 16 3 
-1.8601521520969277 19 4 16 7 
-0.1845981792192072 19 4 16 10 
-0.5843547552045125 19 4 17 2 
-0.9634955015873852 19 4 17 6 
-0.5447535549455064 19 4 17 9 
-0.3934163640552480 19 4 18 5 
-1.4709677933490206 19 4 19 4 
-0.1725747679082849 19 4 19 11 
-0.3216877698508500 19 4 21 5 
0.0271559133921788 19 4 22 4 
0.1025860569802148 19 4 22 11 
0.1429365823658156 19 4 23 3 
-0.7926446155814209 19 4 23 7 
-0.0193829236574928 19 4 23 10 
0.4269452706114438 19 5 3 17 
-0.5400477965476448 19 5 4 16 
-0.2018369445582865 19 5 4 23 
0.4269452706114438 19 5 5 15 
1.6469089400466894 19 5 5 19 
0.2605703749745444 19 5 5 22 
2.2910404396098594 19 5 7 17 
0.6718405711563350 19 5 10 17 
-0.5204054686789930 19 5 11 16 
-0.0644488699422356 19 5 11 23 
-0.4269452706114438 19 5 15 5 
0.5400477965476448 19 5 16 4 
0.5204054686789930 19 5 16 11 
-0.4269452706114438 19 5 17 3 
-2.2910404396098594 19 5 17 7 
-0.6718405711563350 19 5 17 10 
-1.6469089400466894 19 5 19 5 
-0.2605703749745444 19 5 22 5 
0.2018369445582865 19 5 23 4 
0.0644488699422356 19 5 23 11 
0.6367082741801332 19 6 0 17 
-0.5516557171987340 19 6 1 16 
-0.4258434310867295 19 6 1 23 
0.4666031602173346 19 6 2 15 
0.5215495582392696 19 6 2 22 
-0.3815506032359352 19 6 3 14 
-0.5215495582392696 19 6 3 21 
0.2964980462545359 19 6 4 13 
0.4258434310867295 19 6 4 20 
-0.2114454892731366 19 6 5 12 
2.5425351385330019 19 6 6 19 
-0.3062985807533624 19 6 6 22 
0.9500492370402543 19 6 7 18 
0.3062985807533624 19 6 7 21 
0.4258434310867295 19 6 8 16 
0.2675912220386783 19 6 8 23 
-0.5215495582392696 19 6 9 15 
0.3062985807533624 19 6 9 19 
-0.3144574148922629 19 6 9 22 
0.5215495582392696 19 6 10 14 
-0.3062985807533624 19 6 10 18 
0.3613236077458476 19 6 10 21 
-0.4258434310867295 19 6 11 13 
-0.4081898005994323 19 6 11 20 
0.2114454892731366 19 6 12 5 
-0.2964980462545359 19 6 13 4 
0.4258434310867295 19 6 13 11 
0.3815506032359352 19 6 14 3 
-0.5215495582392696 19 6 14 10 
-0.4666031602173346 19 6 15 2 
0.5215495582392696 19 6 15 9 
0.5516557171987340 19 6 16 1 
-0.4258434310867295 19 6 16 8 
-0.6367082741801332 19 6 17 0 
-0.9500492370402543 19 6 18 7 
0.3062985807533624 19 6 18 10 
-2.5425351385330019 19 6 19 6 
-0.3062985807533624 19 6 19 9 
-0.4258434310867295 19 6 20 4 
0.4081898005994323 19 6 20 11 
0.5215495582392696 19 6 21 3 
-0.3062985807533624 19 6 21 7 
-0.3613236077458476 19 6 21 10 
-0.5215495582392696 19 6 22 2 
0.3062985807533624 19 6 22 6 
0.3144574148922629 19 6 22 9 
0.4258434310867295 19 6 23 1 
-0.2675912220386783 19 6 23 8 
0.1901832990705832 19 7 1 17 
-0.2405649591952107 19 7 2 16 
-0.3011167778451727 19 7 2 23 
0.2551576709441980 19 7 3 15 
0.5215495582392695 19 7 3 22 
-0.2405649591952107 19 7 4 14 
-0.7375824587116714 19 7 4 21 
0.1901832990705832 19 7 5 13 
0.9522148596816742 19 7 5 20 
-0.5305247041510623 19 7 6 23 
3.4925843755732555 19 7 7 19 
0.3062985807533624 19 7 7 22 
0.9522148596816742 19 7 8 17 
-0.7375824587116714 19 7 9 16 
-0.0811746271797301 19 7 9 23 
0.5215495582392695 19 7 10 15 
0.3062985807533624 19 7 10 19 
0.0937323857071693 19 7 10 22 
-0.3011167778451727 19 7 11 14 
-0.5305247041510623 19 7 11 18 
-0.0811746271797301 19 7 11 21 
-0.1901832990705832 19 7 13 5 
0.2405649591952107 19 7 14 4 
0.3011167778451727 19 7 14 11 
-0.2551576709441980 19 7 15 3 
-0.5215495582392695 19 7 15 10 
0.2405649591952107 19 7 16 2 
0.7375824587116714 19 7 16 9 
-0.1901832990705832 19 7 17 1 
-0.9522148596816742 19 7 17 8 
0.5305247041510623 19 7 18 11 
-3.4925843755732555 19 7 19 7 
-0.3062985807533624 19 7 19 10 
-0.9522148596816742 19 7 20 5 
0.7375824587116714 19 7 21 4 
0.0811746271797301 19 7 21 11 
-0.5215495582392695 19 7 22 3 
-0.3062985807533624 19 7 22 7 
-0.0937323857071693 19 7 22 10 
0.3011167778451727 19 7 23 2 
0.5305247041510623 19 7 23 6 
0.0811746271797301 19 7 23 9 
-0.1823115459371740 19 8 0 16 
-0.4447166944399762 19 8 0 23 
0.1190529891200389 19 8 1 15 
0.1725747679082849 19 8 1 19 
0.3548787044032263 19 8 1 22 
-0.0079529219027653 19 8 2 14 
-0.1220287886496429 19 8 2 18 
-0.2582929115205280 19 8 2 21 
-0.1040568157661927 19 8 3 13 
0.1533723395976503 19 8 3 20 
0.1704560299409540 19 8 4 12 
-0.5604843827486268 19 8 6 14 
0.5305247041510623 19 8 6 18 
-0.6145880254275697 19 8 6 21 
0.7926446155814209 19 8 7 13 
1.7928059958240796 19 8 7 20 
0.2607910441362586 19 8 8 15 
1.4999761517016623 19 8 8 19 
0.1859741436994712 19 8 8 22 
-0.3680571027200843 19 8 9 14 
-0.2805887482415109 19 8 9 18 
-0.3097146159318809 19 8 9 21 
0.4022177051675007 19 8 10 13 
0.3504673069412279 19 8 10 20 
-0.3665443904097092 19 8 11 12 
-0.1704560299409540 19 8 12 4 
0.3665443904097092 19 8 12 11 
0.1040568157661927 19 8 13 3 
-0.7926446155814209 19 8 13 7 
-0.4022177051675007 19 8 13 10 
0.0079529219027653 19 8 14 2 
0.5604843827486268 19 8 14 6 
0.3680571027200843 19 8 14 9 
-0.1190529891200389 19 8 15 1 
-0.2607910441362586 19 8 15 8 
0.1823115459371740 19 8 16 0 
0.1220287886496429 19 8 18 2 
-0.5305247041510623 19 8 18 6 
0.2805887482415109 19 8 18 9 
-0.1725747679082849 19 8 19 1 
-1.4999761517016623 19 8 19 8 
-0.1533723395976503 19 8 20 3 
-1.7928059958240796 19 8 20 7 
-0.3504673069412279 19 8 20 10 
0.2582929115205280 19 8 21 2 
0.6145880254275697 19 8 21 6 
0.3097146159318809 19 8 21 9 
-0.3548787044032263 19 8 22 1 
-0.1859741436994712 19 8 22 8 
0.4447166944399762 19 8 23 0 
-0.2353631937453345 19 9 0 17 
-0.0409504766138594 19 9 1 16 
-0.2192480793789206 19 9 1 23 
0.1806378523272583 19 9 2 15 
0.2113600619272657 19 9 2 19 
0.2812635335862929 19 9 2 22 
-0.1836989333948621 19 9 3 14 
-0.2113600619272657 19 9 3 18 
-0.2940041063907969 19 9 3 21 
0.0501337198166706 19 9 4 13 
0.2504559817807351 19 9 4 20 
0.2200577884073159 19 9 5 12 
-0.9707874277695029 19 9 6 15 
0.3062985807533624 19 9 6 19 
-0.7096651238426560 19 9 6 22 
0.9707874277695029 19 9 7 14 
0.3062985807533624 19 9 7 18 
1.4379734339027521 19 9 7 21 
0.4258699917476537 19 9 8 16 
0.1859741436994712 19 9 8 23 
-0.3767025578615247 19 9 9 15 
1.3379781623728459 19 9 9 19 
-0.1716534900609948 19 9 9 22 
0.2318230274505322 19 9 10 14 
-0.3239959786576329 19 9 10 18 
-0.0071603268192382 19 9 10 21 
-0.0709890680666838 19 9 11 13 
0.3504673069412279 19 9 11 20 
-0.2200577884073159 19 9 12 5 
-0.0501337198166706 19 9 13 4 
0.0709890680666838 19 9 13 11 
0.1836989333948620 19 9 14 3 
-0.9707874277695029 19 9 14 7 
-0.2318230274505322 19 9 14 10 
-0.1806378523272583 19 9 15 2 
0.9707874277695029 19 9 15 6 
0.3767025578615247 19 9 15 9 
0.0409504766138594 19 9 16 1 
-0.4258699917476537 19 9 16 8 
0.2353631937453345 19 9 17 0 
0.2113600619272657 19 9 18 3 
-0.3062985807533624 19 9 18 7 
0.3239959786576329 19 9 18 10 
-0.2113600619272657 19 9 19 2 
-0.3062985807533624 19 9 19 6 
-1.3379781623728459 19 9 19 9 
-0.2504559817807351 19 9 20 4 
-0.3504673069412279 19 9 20 11 
0.2940041063907969 19 9 21 3 
-1.4379734339027521 19 9 21 7 
0.0071603268192382 19 9 21 10 
-0.2812635335862929 19 9 22 2 
0.7096651238426560 19 9 22 6 
0.1716534900609948 19 9 22 9 
0.2192480793789206 19 9 23 1 
-0.1859741436994712 19 9 23 8 
-0.3089280750178132 19 10 1 17 
0.1975477812261947 19 10 2 16 
-0.0664822421380151 19 10 2 23 
-0.0045916216014056 19 10 3 15 
0.2113600619272657 19 10 3 19 
0.1278911939886425 19 10 3 22 
-0.1888897365035373 19 10 4 14 
-0.2989082661215564 19 10 4 18 
-0.1988833518993580 19 10 4 21 
0.3020832896660136 19 10 5 13 
0.2800183003165863 19 10 5 20 
-1.3729007465329219 19 10 6 16 
-0.6145880254275697 19 10 6 23 
0.9707874277695027 19 10 7 15 
0.3062985807533624 19 10 7 19 
1.0831408719814239 19 10 7 22 
0.4761371255625140 19 10 8 17 
-0.1639236347454664 19 10 9 16 
0.0124020498497186 19 10 9 23 
-0.0289680166857266 19 10 10 15 
1.1759801730440294 19 10 10 19 
-0.1788138168802330 19 10 10 22 
0.1003709281142469 19 10 11 14 
-0.2805887482415109 19 10 11 18 
0.2973125660821624 19 10 11 21 
-0.3020832896660136 19 10 13 5 
0.1888897365035373 19 10 14 4 
-0.1003709281142469 19 10 14 11 
0.0045916216014056 19 10 15 3 
-0.9707874277695027 19 10 15 7 
0.0289680166857266 19 10 15 10 
-0.1975477812261947 19 10 16 2 
1.3729007465329219 19 10 16 6 
0.1639236347454664 19 10 16 9 
0.3089280750178132 19 10 17 1 
-0.4761371255625140 19 10 17 8 
0.2989082661215564 19 10 18 4 
0.2805887482415109 19 10 18 11 
-0.2113600619272657 19 10 19 3 
-0.3062985807533624 19 10 19 7 
-1.1759801730440294 19 10 19 10 
-0.2800183003165863 19 10 20 5 
0.1988833518993580 19 10 21 4 
-0.2973125660821624 19 10 21 11 
-0.1278911939886425 19 10 22 3 
-1.0831408719814239 19 10 22 7 
0.1788138168802330 19 10 22 10 
0.0664822421380151 19 10 23 2 
0.6145880254275697 19 10 23 6 
-0.0124020498497186 19 10 23 9 
-0.2494443450861643 19 11 2 17 
0.3346647073293474 19 11 3 16 
0.0127405728045039 19 11 3 23 
-0.3346647073293474 19 11 4 15 
0.1725747679082849 19 11 4 19 
-0.0208052682678764 19 11 4 22 
0.2494443450861643 19 11 5 14 
-0.3858889122441742 19 11 5 18 
0.0232609970685455 19 11 5 21 
-1.7724072424392461 19 11 6 17 
0.7926446155814209 19 11 7 16 
0.7283083100600960 19 11 7 23 
0.2645126230895212 19 11 9 17 
-0.2365872824539799 19 11 10 16 
-0.1644931632417566 19 11 10 23 
0.1448795304109926 19 11 11 15 
1.0139821837152130 19 11 11 19 
0.1644931632417566 19 11 11 22 
-0.2494443450861643 19 11 14 5 
0.3346647073293474 19 11 15 4 
-0.1448795304109926 19 11 15 11 
-0.3346647073293474 19 11 16 3 
-0.7926446155814209 19 11 16 7 
0.2365872824539799 19 11 16 10 
0.2494443450861643 19 11 17 2 
1.7724072424392461 19 11 17 6 
-0.2645126230895212 19 11 17 9 
0.3858889122441742 19 11 18 5 
-0.1725747679082849 19 11 19 4 
-1.0139821837152130 19 11 19 11 
-0.0232609970685455 19 11 21 5 
0.0208052682678764 19 11 22 4 
-0.1644931632417566 19 11 22 11 
-0.0127405728045039 19 11 23 3 
-0.7283083100600960 19 11 23 7 
0.1644931632417566 19 11 23 10 
0.4785875581678595 19 12 12 15 
0.6306042045131415 19 12 12 19 
0.3237501334375696 19 12 12 22 
-0.6420925879493813 19 12 13 14 
-0.5700791375321372 19 12 13 18 
-0.1056452992799817 19 12 13 21 
0.6420925879493813 19 12 14 13 
-0.0479367125992773 19 12 14 20 
-0.4785875581678595 19 12 15 12 
0.5700791375321372 19 12 18 13 
1.3865183301950716 19 12 18 20 
-0.6306042045131415 19 12 19 12 
0.0479367125992773 19 12 20 14 
-1.3865183301950716 19 12 20 18 
0.2727309318522697 19 12 20 21 
0.1056452992799817 19 12 21 13 
-0.2727309318522697 19 12 21 20 
-0.3237501334375696 19 12 22 12 
0.6053706974515026 19 13 12 16 
0.2507757750272271 19 13 12 23 
-0.3828700465342875 19 13 13 15 
0.3756570636978791 19 13 13 19 
0.2292581051602300 19 13 13 22 
-0.7210994084583739 19 13 14 18 
-0.1707635258397419 19 13 14 21 
0.3828700465342875 19 13 15 13 
-0.0643138487939128 19 13 15 20 
-0.6053706974515026 19 13 16 12 
0.7210994084583739 19 13 18 14 
1.0739924804113654 19 13 18 21 
-0.3756570636978791 19 13 19 13 
0.6200698476731357 19 13 19 20 
0.0643138487939128 19 13 20 15 
-0.6200698476731357 19 13 20 19 
0.2439379612754150 19 13 20 22 
0.1707635258397419 19 13 21 14 
-1.0739924804113654 19 13 21 18 
-0.2292581051602300 19 13 22 13 
-0.2439379612754150 19 13 22 20 
-0.2507757750272271 19 13 23 12 
0.4785875581678595 19 14 12 17 
0.0957175116335719 19 14 13 16 
0.3386470020299757 19 14 13 23 
-0.3828700465342876 19 14 14 15 
0.1207099228826172 19 14 14 19 
0.1085100580596244 19 14 14 22 
0.3828700465342876 19 14 15 14 
-0.7648414224457865 19 14 15 18 
-0.2205060988858080 19 14 15 21 
-0.0957175116335719 19 14 16 13 
-0.0643138487939128 19 14 16 20 
-0.4785875581678595 19 14 17 12 
0.7648414224457865 19 14 18 15 
0.7594273658422371 19 14 18 22 
-0.1207099228826172 19 14 19 14 
0.7594273658422371 19 14 19 21 
0.0643138487939128 19 14 20 16 
0.1493808835048923 19 14 20 23 
0.2205060988858080 19 14 21 15 
-0.7594273658422371 19 14 21 19 
0.1493808835048923 19 14 21 22 
-0.1085100580596244 19 14 22 14 
-0.7594273658422371 19 14 22 18 
-0.1493808835048923 19 14 22 21 
-0.3386470020299757 19 14 23 13 
-0.1493808835048923 19 14 23 20 
0.4280617252995874 19 15 13 17 
-0.2707300062176038 19 15 14 16 
0.3819277666490264 19 15 14 23 
-0.1342372179326451 19 15 15 19 
-0.0384940078642476 19 15 15 22 
0.2707300062176038 19 15 16 14 
-0.7210994084583739 19 15 16 18 
-0.2450267616673147 19 15 16 21 
-0.4280617252995874 19 15 17 13 
-0.0479367125992772 19 15 17 20 
0.7210994084583739 19 15 18 16 
0.4384555940989839 19 15 18 23 
0.1342372179326451 19 15 19 15 
0.7594273658422368 19 15 19 22 
0.0479367125992772 19 15 20 17 
0.2450267616673147 19 15 21 16 
0.1724901866066674 19 15 21 23 
0.0384940078642476 19 15 22 15 
-0.7594273658422368 19 15 22 19 
-0.3819277666490264 19 15 23 14 
-0.4384555940989839 19 15 23 18 
-0.1724901866066674 19 15 23 21 
0.2140308626497937 19 16 14 17 
-0.2871525349007157 19 16 15 16 
0.3815229012259175 19 16 15 23 
0.2871525349007157 19 16 16 15 
-0.3891843587479074 19 16 16 19 
-0.2117540926113859 19 16 16 22 
-0.2140308626497937 19 16 17 14 
-0.5700791375321372 19 16 17 18 
-0.2230657850946565 19 16 17 21 
0.5700791375321372 19 16 18 17 
0.3891843587479074 19 16 19 16 
0.6200698476731357 19 16 19 23 
0.2230657850946565 19 16 21 17 
0.2117540926113859 19 16 22 16 
0.1219689806377075 19 16 22 23 
-0.3815229012259175 19 16 23 15 
-0.6200698476731357 19 16 23 19 
-0.1219689806377075 19 16 23 22 
0.3185685241207064 19 17 16 23 
-0.6441314995631697 19 17 17 19 
-0.4112701961817906 19 17 17 22 
0.6441314995631697 19 17 19 17 
0.4112701961817906 19 17 22 17 
-0.3185685241207064 19 17 23 16 
0.8481537634532698 19 18 12 17 
-0.8481537634532695 19 18 13 16 
0.8481537634532695 19 18 14 15 
-0.8481537634532695 19 18 15 14 
0.8481537634532695 19 18 16 13 
-0.8481537634532698 19 18 17 12 
1.5924859014927473 19 18 18 19 
-1.5924859014927473 19 18 19 18 
0.6757810226381105 19 18 20 23 
-0.6757810226381105 19 18 21 22 
0.6757810226381105 19 18 22 21 
-0.6757810226381105 19 18 23 20 
-0.3527675758781280 19 20 12 16 
-0.0781723040302670 19 20 12 23 
0.2231098048862315 19 20 13 15 
-0.6200698476731357 19 20 13 19 
-0.0473390007642743 19 20 13 22 
0.4384555940989839 19 20 14 18 
0.1097641911995563 19 20 14 21 
-0.2231098048862315 19 20 15 13 
-0.1074187045386083 19 20 15 20 
0.3527675758781280 19 20 16 12 
-0.4384555940989839 19 20 18 14 
-0.3339992771860588 19 20 18 21 
0.6200698476731357 19 20 19 13 
0.2928298441224172 19 20 19 20 
0.1074187045386083 19 20 20 15 
-0.2928298441224172 19 20 20 19 
-0.1644931632417566 19 20 20 22 
-0.1097641911995563 19 20 21 14 
0.3339992771860588 19 20 21 18 
0.0473390007642743 19 20 22 13 
0.1644931632417566 19 20 22 20 
0.0781723040302670 19 20 23 12 
-0.4554209821526503 19 21 12 17 
-0.0910841964305301 19 21 13 16 
-0.1482590113122367 19 21 13 23 
0.3643367857221202 19 21 14 15 
-0.7594273658422371 19 21 14 19 
0.0494405061357608 19 21 14 22 
-0.3643367857221203 19 21 15 14 
0.7594273658422371 19 21 15 18 
0.0826984514707279 19 21 15 21 
0.0910841964305301 19 21 16 13 
-0.1754140099669186 19 21 16 20 
0.4554209821526503 19 21 17 12 
-0.7594273658422371 19 21 18 15 
-0.3856691451850230 19 21 18 22 
0.7594273658422371 19 21 19 14 
0.0999952715299059 19 21 19 21 
0.1754140099669186 19 21 20 16 
-0.1644931632417566 19 21 20 23 
-0.0826984514707279 19 21 21 15 
-0.0999952715299059 19 21 21 19 
-0.1644931632417566 19 21 21 22 
-0.0494405061357608 19 21 22 14 
0.3856691451850230 19 21 22 18 
0.1644931632417566 19 21 22 21 
0.1482590113122367 19 21 23 13 
0.1644931632417566 19 21 23 20 
-0.6110113646838267 19 22 13 17 
0.3864375177297320 19 22 14 16 
-0.1668531702522620 19 22 14 23 
-0.7594273658422368 19 22 15 19 
0.1568592106743691 19 22 15 22 
-0.3864375177297320 19 22 16 14 
1.0739924804113654 19 22 16 18 
-0.0349597171538916 19 22 16 21 
0.6110113646838267 19 22 17 13 
-0.1961188252459277 19 22 17 20 
-1.0739924804113654 19 22 18 16 
-0.3339992771860588 19 22 18 23 
0.7594273658422368 19 22 19 15 
-0.0928393010626056 19 22 19 22 
0.1961188252459277 19 22 20 17 
0.0349597171538916 19 22 21 16 
-0.2849105162324437 19 22 21 23 
-0.1568592106743691 19 22 22 15 
0.0928393010626056 19 22 22 19 
0.1668531702522620 19 22 23 14 
0.3339992771860588 19 22 23 18 
0.2849105162324437 19 22 23 21 
-0.4988886901723285 19 23 14 17 
0.6693294146586947 19 23 15 16 
-0.1321389576064887 19 23 15 23 
-0.6693294146586947 19 23 16 15 
-0.6200698476731357 19 23 16 19 
0.2157820141861035 19 23 16 22 
0.4988886901723285 19 23 17 14 
1.3865183301950716 19 23 17 18 
-0.2412516260209757 19 23 17 21 
-1.3865183301950716 19 23 18 17 
0.6200698476731357 19 23 19 16 
-0.2856738736551171 19 23 19 23 
0.2412516260209757 19 23 21 17 
-0.2157820141861035 19 23 22 16 
-0.3289863264835132 19 23 22 23 
0.1321389576064887 19 23 23 15 
0.2856738736551171 19 23 23 19 
0.3289863264835132 19 23 23 22 
0.6284542747894130 20 0 0 13 
2.8546672714159005 20 0 0 20 
-0.6284542747894130 20 0 1 12 
1.4943737800858157 20 0 8 12 
0.6284542747894130 20 0 12 1 
-1.4943737800858157 20 0 12 8 
-0.6284542747894130 20 0 13 0 
-2.8546672714159005 20 0 20 0 
0.9932620347081823 20 1 0 14 
0.2018369445582865 20 1 0 18 
1.2805630884355304 20 1 0 21 
-0.6279338624310166 20 1 1 13 
1.8627473683601516 20 1 1 20 
-0.0004114220937582 20 1 2 12 
0.5204054686789930 20 1 6 12 
1.2834903905334276 20 1 8 13 
0.5830309648145314 20 1 8 20 
0.2722492852427233 20 1 9 12 
0.0004114220937582 20 1 12 2 
-0.5204054686789930 20 1 12 6 
-0.2722492852427233 20 1 12 9 
0.6279338624310166 20 1 13 1 
-1.2834903905334276 20 1 13 8 
-0.9932620347081823 20 1 14 0 
-0.2018369445582865 20 1 18 0 
-1.8627473683601516 20 1 20 1 
-0.5830309648145314 20 1 20 8 
-1.2805630884355304 20 1 21 0 
1.0259048037404752 20 2 0 15 
0.2512651741230887 20 2 0 19 
0.9989011356287055 20 2 0 22 
-0.1200075905439405 20 2 1 14 
0.1429365823658156 20 2 1 18 
0.7263540819713513 20 2 1 21 
-0.5079262718870760 20 2 2 13 
1.4179481500057716 20 2 2 20 
0.3781979980292788 20 2 3 12 
0.5244594835917331 20 2 6 13 
0.1448795304109926 20 2 6 20 
0.2992018867223660 20 2 7 12 
1.2725824115845057 20 2 8 14 
0.0127405728045039 20 2 8 18 
0.5655826808994989 20 2 8 21 
0.0178126550332519 20 2 9 13 
0.3865028977926174 20 2 9 20 
0.3651034777795880 20 2 10 12 
-0.3781979980292788 20 2 12 3 
-0.2992018867223660 20 2 12 7 
-0.3651034777795880 20 2 12 10 
0.5079262718870760 20 2 13 2 
-0.5244594835917331 20 2 13 6 
-0.0178126550332519 20 2 13 9 
0.1200075905439405 20 2 14 1 
-1.2725824115845057 20 2 14 8 
-1.0259048037404752 20 2 15 0 
-0.1429365823658156 20 2 18 1 
-0.0127405728045039 20 2 18 8 
-0.2512651741230887 20 2 19 0 
-1.4179481500057716 20 2 20 2 
-0.1448795304109926 20 2 20 6 
-0.3865028977926174 20 2 20 9 
-0.7263540819713513 20 2 21 1 
-0.5655826808994989 20 2 21 8 
-0.9989011356287055 20 2 22 0 
0.9827418541238025 20 3 0 16 
0.4093916989573429 20 3 0 23 
0.1333146833611087 20 3 1 15 
0.3371076058305285 20 3 1 19 
1.0230530588130438 20 3 1 22 
-0.2686888465557844 20 3 2 14 
0.0324216029695824 20 3 2 18 
0.0470070899563649 20 3 2 21 
-0.2546039979820268 20 3 3 13 
1.3908085939656438 20 3 3 20 
0.6024216873085493 20 3 4 12 
0.4143493696186088 20 3 6 14 
0.3011167778451727 20 3 6 18 
0.1003709281142469 20 3 6 21 
0.4014214546244412 20 3 7 13 
0.2607910441362586 20 3 7 20 
1.4571163274563954 20 3 8 15 
0.1533723395976503 20 3 8 19 
0.4356080356143490 20 3 8 22 
-0.3196221180097535 20 3 9 14 
-0.0664822421380151 20 3 9 18 
0.4766211059527310 20 3 9 21 
0.4787329166736851 20 3 10 13 
0.1669883609540267 20 3 10 20 
0.0143362356815123 20 3 11 12 
-0.6024216873085493 20 3 12 4 
-0.0143362356815123 20 3 12 11 
0.2546039979820268 20 3 13 3 
-0.4014214546244412 20 3 13 7 
-0.4787329166736851 20 3 13 10 
0.2686888465557844 20 3 14 2 
-0.4143493696186088 20 3 14 6 
0.3196221180097535 20 3 14 9 
-0.1333146833611087 20 3 15 1 
-1.4571163274563954 20 3 15 8 
-0.9827418541238025 20 3 16 0 
-0.0324216029695824 20 3 18 2 
-0.3011167778451727 20 3 18 6 
0.0664822421380151 20 3 18 9 
-0.3371076058305285 20 3 19 1 
-0.1533723395976503 20 3 19 8 
-1.3908085939656438 20 3 20 3 
-0.2607910441362586 20 3 20 7 
-0.1669883609540267 20 3 20 10 
-0.0470070899563649 20 3 21 2 
-0.1003709281142469 20 3 21 6 
-0.4766211059527310 20 3 21 9 
-1.0230530588130438 20 3 22 1 
-0.4356080356143490 20 3 22 8 
-0.4093916989573429 20 3 23 0 
1.0322329200552471 20 4 0 17 
0.2108481243480141 20 4 1 16 
0.5178440895484738 20 4 1 23 
-0.0775334409869052 20 4 2 15 
0.3371076058305285 20 4 2 19 
0.7059396123855739 20 4 2 22 
-0.1757888329181440 20 4 3 14 
-0.0818018215212034 20 4 3 18 
-0.4263076988277269 20 4 3 21 
-0.0788151650638827 20 4 4 13 
1.6518676778526482 20 4 4 20 
0.8408250225745892 20 4 5 12 
0.2568451805087723 20 4 6 15 
0.4258434310867295 20 4 6 19 
-0.0709890680666838 20 4 6 22 
0.4014214546244413 20 4 7 14 
0.4258434310867295 20 4 7 18 
0.4258699917476537 20 4 7 21 
1.8325586223664405 20 4 8 16 
0.2646594043666745 20 4 8 23 
-0.6130947002594213 20 4 9 15 
0.2504559817807351 20 4 9 19 
0.4466855390408437 20 4 9 22 
0.4676281162653249 20 4 10 14 
-0.2192480793789206 20 4 10 18 
0.2273584931107725 20 4 10 21 
0.0181340631306221 20 4 11 13 
0.0453323584366032 20 4 11 20 
-0.8408250225745892 20 4 12 5 
0.0788151650638827 20 4 13 4 
-0.0181340631306221 20 4 13 11 
0.1757888329181440 20 4 14 3 
-0.4014214546244413 20 4 14 7 
-0.4676281162653249 20 4 14 10 
0.0775334409869052 20 4 15 2 
-0.2568451805087723 20 4 15 6 
0.6130947002594213 20 4 15 9 
-0.2108481243480141 20 4 16 1 
-1.8325586223664405 20 4 16 8 
-1.0322329200552471 20 4 17 0 
0.0818018215212034 20 4 18 3 
-0.4258434310867295 20 4 18 7 
0.2192480793789206 20 4 18 10 
-0.3371076058305285 20 4 19 2 
-0.4258434310867295 20 4 19 6 
-0.2504559817807351 20 4 19 9 
-1.6518676778526482 20 4 20 4 
-0.0453323584366032 20 4 20 11 
0.4263076988277269 20 4 21 3 
-0.4258699917476537 20 4 21 7 
-0.2273584931107725 20 4 21 10 
-0.7059396123855739 20 4 22 2 
0.0709890680666838 20 4 22 6 
-0.4466855390408437 20 4 22 9 
-0.5178440895484738 20 4 23 1 
-0.2646594043666745 20 4 23 8 
1.0322329200552471 20 5 1 17 
-0.6493616974667379 20 5 2 16 
0.4093916989573429 20 5 2 23 
0.5544340647699876 20 5 3 15 
0.2512651741230887 20 5 3 19 
0.2898139128376450 20 5 3 22 
-0.7270394051905491 20 5 4 14 
-0.1535056724386228 20 5 4 18 
-0.5419552111398834 20 5 4 21 
0.8408250225745891 20 5 5 13 
2.0716643792796665 20 5 5 20 
0.0972701025886043 20 5 6 16 
-0.3665443904097092 20 5 6 23 
0.2992018867223660 20 5 7 15 
0.9522148596816742 20 5 7 19 
0.4761371255625140 20 5 7 22 
2.3943757805319845 20 5 8 17 
-0.7253028323962445 20 5 9 16 
0.3416738218431014 20 5 9 23 
0.3402723891899268 20 5 10 15 
0.2800183003165863 20 5 10 19 
0.2035114054064869 20 5 10 22 
0.0143362356815123 20 5 11 14 
-0.4447166944399762 20 5 11 18 
0.0585238230897564 20 5 11 21 
-0.8408250225745891 20 5 13 5 
0.7270394051905491 20 5 14 4 
-0.0143362356815123 20 5 14 11 
-0.5544340647699876 20 5 15 3 
-0.2992018867223660 20 5 15 7 
-0.3402723891899268 20 5 15 10 
0.6493616974667379 20 5 16 2 
-0.0972701025886043 20 5 16 6 
0.7253028323962445 20 5 16 9 
-1.0322329200552471 20 5 17 1 
-2.3943757805319845 20 5 17 8 
0.1535056724386228 20 5 18 4 
0.4447166944399762 20 5 18 11 
-0.2512651741230887 20 5 19 3 
-0.9522148596816742 20 5 19 7 
-0.2800183003165863 20 5 19 10 
-2.0716643792796665 20 5 20 5 
0.5419552111398834 20 5 21 4 
-0.0585238230897564 20 5 21 11 
-0.2898139128376450 20 5 22 3 
-0.4761371255625140 20 5 22 7 
-0.2035114054064869 20 5 22 10 
-0.4093916989573429 20 5 23 2 
0.3665443904097092 20 5 23 6 
-0.3416738218431014 20 5 23 9 
0.2494443450861643 20 6 0 15 
1.7724072424392461 20 6 0 19 
0.2645126230895212 20 6 0 22 
-0.3346647073293474 20 6 1 14 
-0.7926446155814209 20 6 1 18 
-0.2365872824539799 20 6 1 21 
0.3346647073293474 20 6 2 13 
0.1448795304109926 20 6 2 20 
-0.2494443450861643 20 6 3 12 
-0.1725747679082849 20 6 6 13 
1.0139821837152130 20 6 6 20 
0.3858889122441742 20 6 7 12 
0.0127405728045039 20 6 8 14 
0.7283083100600960 20 6 8 18 
0.1644931632417566 20 6 8 21 
-0.0208052682678764 20 6 9 13 
-0.1644931632417566 20 6 9 20 
0.0232609970685455 20 6 10 12 
0.2494443450861643 20 6 12 3 
-0.3858889122441742 20 6 12 7 
-0.0232609970685455 20 6 12 10 
-0.3346647073293474 20 6 13 2 
0.1725747679082849 20 6 13 6 
0.0208052682678764 20 6 13 9 
0.3346647073293474 20 6 14 1 
-0.0127405728045039 20 6 14 8 
-0.2494443450861643 20 6 15 0 
0.7926446155814209 20 6 18 1 
-0.7283083100600960 20 6 18 8 
-1.7724072424392461 20 6 19 0 
-0.1448795304109926 20 6 20 2 
-1.0139821837152130 20 6 20 6 
0.1644931632417566 20 6 20 9 
0.2365872824539799 20 6 21 1 
-0.1644931632417566 20 6 21 8 
-0.2645126230895212 20 6 22 0 
0.1704560299409540 20 7 0 16 
-0.3665443904097092 20 7 0 23 
-0.1040568157661927 20 7 1 15 
0.7926446155814209 20 7 1 19 
0.4022177051675007 20 7 1 22 
-0.0079529219027653 20 7 2 14 
-0.5604843827486268 20 7 2 18 
-0.3680571027200843 20 7 2 21 
0.1190529891200389 20 7 3 13 
0.2607910441362586 20 7 3 20 
-0.1823115459371740 20 7 4 12 
-0.1220287886496429 20 7 6 14 
0.5305247041510623 20 7 6 18 
-0.2805887482415109 20 7 6 21 
0.1725747679082849 20 7 7 13 
1.4999761517016623 20 7 7 20 
0.1533723395976503 20 7 8 15 
1.7928059958240796 20 7 8 19 
0.3504673069412279 20 7 8 22 
-0.2582929115205280 20 7 9 14 
-0.6145880254275697 20 7 9 18 
-0.3097146159318809 20 7 9 21 
0.3548787044032263 20 7 10 13 
0.1859741436994712 20 7 10 20 
-0.4447166944399762 20 7 11 12 
0.1823115459371740 20 7 12 4 
0.4447166944399762 20 7 12 11 
-0.1190529891200389 20 7 13 3 
-0.1725747679082849 20 7 13 7 
-0.3548787044032263 20 7 13 10 
0.0079529219027653 20 7 14 2 
0.1220287886496429 20 7 14 6 
0.2582929115205280 20 7 14 9 
0.1040568157661927 20 7 15 1 
-0.1533723395976503 20 7 15 8 
-0.1704560299409540 20 7 16 0 
0.5604843827486268 20 7 18 2 
-0.5305247041510623 20 7 18 6 
0.6145880254275697 20 7 18 9 
-0.7926446155814209 20 7 19 1 
-1.7928059958240796 20 7 19 8 
-0.2607910441362586 20 7 20 3 
-1.4999761517016623 20 7 20 7 
-0.1859741436994712 20 7 20 10 
0.3680571027200843 20 7 21 2 
0.2805887482415109 20 7 21 6 
0.3097146159318809 20 7 21 9 
-0.4022177051675007 20 7 22 1 
-0.3504673069412279 20 7 22 8 
0.3665443904097092 20 7 23 0 
-0.5851822809503073 20 8 0 14 
-0.0644488699422356 20 8 0 18 
-0.7526897390166407 20 8 0 21 
0.7402035416702133 20 8 1 13 
0.5830309648145314 20 8 1 20 
-0.5851822809503073 20 8 2 12 
-0.0644488699422356 20 8 6 12 
0.5830309648145314 20 8 8 13 
2.7927116323700636 20 8 8 20 
-0.7526897390166407 20 8 9 12 
0.5851822809503073 20 8 12 2 
0.0644488699422356 20 8 12 6 
0.7526897390166407 20 8 12 9 
-0.7402035416702133 20 8 13 1 
-0.5830309648145314 20 8 13 8 
0.5851822809503073 20 8 14 0 
0.0644488699422356 20 8 18 0 
-0.5830309648145314 20 8 20 1 
-2.7927116323700636 20 8 20 8 
0.7526897390166407 20 8 21 0 
-0.8496631896299027 20 9 0 15 
-0.1549702521311933 20 9 0 19 
-0.5980423514388126 20 9 0 22 
0.6866625442718123 20 9 1 14 
0.0193829236574928 20 9 1 18 
-0.0481256243181296 20 9 1 21 
-0.2333822985485703 20 9 2 13 
0.3865028977926174 20 9 2 20 
-0.1639022526650746 20 9 3 12 
-0.1025860569802148 20 9 6 13 
-0.1644931632417566 20 9 6 20 
0.1177606797210764 20 9 7 12 
0.5655826808994989 20 9 8 14 
0.1644931632417566 20 9 8 18 
1.3505011106906211 20 9 8 21 
-0.3405616855582246 20 9 9 13 
1.4422105216794423 20 9 9 20 
-0.2710888954362407 20 9 10 12 
0.1639022526650746 20 9 12 3 
-0.1177606797210764 20 9 12 7 
0.2710888954362407 20 9 12 10 
0.2333822985485703 20 9 13 2 
0.1025860569802148 20 9 13 6 
0.3405616855582246 20 9 13 9 
-0.6866625442718123 20 9 14 1 
-0.5655826808994989 20 9 14 8 
0.8496631896299027 20 9 15 0 
-0.0193829236574928 20 9 18 1 
-0.1644931632417566 20 9 18 8 
0.1549702521311933 20 9 19 0 
-0.3865028977926174 20 9 20 2 
0.1644931632417566 20 9 20 6 
-1.4422105216794423 20 9 20 9 
0.0481256243181296 20 9 21 1 
-1.3505011106906211 20 9 21 8 
0.5980423514388126 20 9 22 0 
-1.0960767168761281 20 10 0 16 
-0.3416738218431014 20 10 0 23 
0.6264777062465298 20 10 1 15 
-0.1386096073022519 20 10 1 19 
-0.2702459361297274 20 10 1 22 
-0.1789362100822664 20 10 2 14 
0.0627116933879477 20 10 2 18 
0.1570627787212512 20 10 2 21 
0.0131144776996080 20 10 3 13 
0.1669883609540267 20 10 3 20 
-0.1262642992747870 20 10 4 12 
-0.1097784932187198 20 10 6 14 
-0.0811746271797301 20 10 6 18 
-0.2973125660821624 20 10 6 21 
0.1053283539731631 20 10 7 13 
0.1859741436994712 20 10 7 20 
0.4356080356143489 20 10 8 15 
0.3504673069412279 20 10 8 19 
0.9810835510668616 20 10 8 22 
-0.1014166237366934 20 10 9 14 
-0.0124020498497186 20 10 9 18 
0.4265666549843042 20 10 9 21 
-0.1971369208197036 20 10 10 13 
1.0727929620556829 20 10 10 20 
-0.0585238230897564 20 10 11 12 
0.1262642992747870 20 10 12 4 
0.0585238230897564 20 10 12 11 
-0.0131144776996080 20 10 13 3 
-0.1053283539731631 20 10 13 7 
0.1971369208197036 20 10 13 10 
0.1789362100822664 20 10 14 2 
0.1097784932187198 20 10 14 6 
0.1014166237366934 20 10 14 9 
-0.6264777062465298 20 10 15 1 
-0.4356080356143489 20 10 15 8 
1.0960767168761281 20 10 16 0 
-0.0627116933879477 20 10 18 2 
0.0811746271797301 20 10 18 6 
0.0124020498497186 20 10 18 9 
0.1386096073022519 20 10 19 1 
-0.3504673069412279 20 10 19 8 
-0.1669883609540267 20 10 20 3 
-0.1859741436994712 20 10 20 7 
-1.0727929620556829 20 10 20 10 
-0.1570627787212512 20 10 21 2 
0.2973125660821624 20 10 21 6 
-0.4265666549843042 20 10 21 9 
0.2702459361297274 20 10 22 1 
-0.9810835510668616 20 10 22 8 
0.3416738218431014 20 10 23 0 
-1.6301999278147976 20 11 0 17 
0.7811825536894081 20 11 1 16 
-0.2646594043666745 20 11 1 23 
-0.3975448748061063 20 11 2 15 
-0.0848807028345176 20 11 2 19 
-0.0034210380628327 20 11 2 22 
0.2942360057473387 20 11 3 14 
0.0645001806703747 20 11 3 18 
0.0929609296162735 20 11 3 21 
-0.2862050610955514 20 11 4 13 
0.0453323584366032 20 11 4 20 
0.1884011554331916 20 11 5 12 
-0.0848807028345176 20 11 6 15 
-0.4081898005994323 20 11 6 19 
-0.3504673069412279 20 11 6 22 
0.0645001806703747 20 11 7 14 
0.2675912220386783 20 11 7 18 
0.1859741436994712 20 11 7 21 
0.2646594043666745 20 11 8 16 
0.3722422848082202 20 11 8 23 
0.0034210380628327 20 11 9 15 
0.3504673069412279 20 11 9 19 
0.6088412662586415 20 11 9 22 
-0.0929609296162735 20 11 10 14 
-0.1859741436994712 20 11 10 18 
-0.2394237066348819 20 11 10 21 
-0.0453323584366032 20 11 11 13 
1.3122166686905652 20 11 11 20 
-0.1884011554331916 20 11 12 5 
0.2862050610955514 20 11 13 4 
0.0453323584366032 20 11 13 11 
-0.2942360057473387 20 11 14 3 
-0.0645001806703747 20 11 14 7 
0.0929609296162735 20 11 14 10 
0.3975448748061063 20 11 15 2 
0.0848807028345176 20 11 15 6 
-0.0034210380628327 20 11 15 9 
-0.7811825536894081 20 11 16 1 
-0.2646594043666745 20 11 16 8 
1.6301999278147976 20 11 17 0 
-0.0645001806703747 20 11 18 3 
-0.2675912220386783 20 11 18 7 
0.1859741436994712 20 11 18 10 
0.0848807028345176 20 11 19 2 
0.4081898005994323 20 11 19 6 
-0.3504673069412279 20 11 19 9 
-0.0453323584366032 20 11 20 4 
-1.3122166686905652 20 11 20 11 
-0.0929609296162735 20 11 21 3 
-0.1859741436994712 20 11 21 7 
0.2394237066348819 20 11 21 10 
0.0034210380628327 20 11 22 2 
0.3504673069412279 20 11 22 6 
-0.6088412662586415 20 11 22 9 
0.2646594043666745 20 11 23 1 
-0.3722422848082202 20 11 23 8 
1.2569085495788257 20 12 12 13 
1.3602934913300846 20 12 12 20 
-1.2569085495788257 20 12 13 12 
-1.3602934913300846 20 12 20 12 
0.9936734568019402 20 13 12 14 
-0.3185685241207064 20 13 12 18 
1.0083138031928069 20 13 12 21 
0.5792569778267241 20 13 13 20 
-0.9936734568019402 20 13 14 12 
0.3185685241207064 20 13 18 12 
-0.5792569778267241 20 13 20 13 
-1.0083138031928069 20 13 21 12 
0.6477068057111962 20 14 12 15 
-0.0479367125992773 20 14 12 19 
0.6337976578491176 20 14 12 22 
0.3879186813431354 20 14 13 14 
-0.3815229012259175 20 14 13 18 
0.7085414269380993 20 14 13 21 
-0.3879186813431354 20 14 14 13 
0.1453657384212662 20 14 14 20 
-0.6477068057111962 20 14 15 12 
0.3815229012259175 20 14 18 13 
0.1321389576064887 20 14 18 20 
0.0479367125992773 20 14 19 12 
-0.1453657384212662 20 14 20 14 
-0.1321389576064887 20 14 20 18 
0.1790797831068815 20 14 20 21 
-0.7085414269380993 20 14 21 13 
-0.1790797831068815 20 14 21 20 
-0.6337976578491176 20 14 22 12 
0.3803201668152534 20 15 12 16 
0.3950554632758306 20 15 12 23 
0.3879186813431356 20 15 13 15 
-0.0643138487939128 20 15 13 19 
0.5443201421393585 20 15 13 22 
-0.3819277666490264 20 15 14 18 
0.3666292079661183 20 15 14 21 
-0.3879186813431356 20 15 15 13 
-0.0663077334907516 20 15 15 20 
-0.3803201668152534 20 15 16 12 
0.3819277666490264 20 15 18 14 
0.1668531702522620 20 15 18 21 
0.0643138487939128 20 15 19 13 
0.1074187045386083 20 15 19 20 
0.0663077334907516 20 15 20 15 
-0.1074187045386083 20 15 20 19 
0.2686196746603222 20 15 20 22 
-0.3666292079661183 20 15 21 14 
-0.1668531702522620 20 15 21 18 
-0.5443201421393585 20 15 22 13 
-0.2686196746603222 20 15 22 20 
-0.3950554632758306 20 15 23 12 
0.1914078974806580 20 16 12 17 
0.2896632894118968 20 16 13 16 
0.4997100264178517 20 16 13 23 
0.0982553919312388 20 16 14 15 
-0.0643138487939128 20 16 14 19 
0.2383114961202490 20 16 14 22 
-0.0982553919312388 20 16 15 14 
-0.3386470020299757 20 16 15 18 
0.1867870014316945 20 16 15 21 
-0.2896632894118968 20 16 16 13 
-0.1806909445137923 20 16 16 20 
-0.1914078974806580 20 16 17 12 
0.3386470020299757 20 16 18 15 
0.1482590113122367 20 16 18 22 
0.0643138487939128 20 16 19 14 
0.1754140099669186 20 16 19 21 
0.1806909445137923 20 16 20 16 
0.2193270459300712 20 16 20 23 
-0.1867870014316945 20 16 21 15 
-0.1754140099669186 20 16 21 19 
0.2193270459300712 20 16 21 22 
-0.2383114961202490 20 16 22 14 
-0.1482590113122367 20 16 22 18 
-0.2193270459300712 20 16 22 21 
-0.4997100264178517 20 16 23 13 
-0.2193270459300712 20 16 23 20 
0.1914078974806580 20 17 13 17 
0.0776777077238112 20 17 14 16 
0.3950554632758306 20 17 14 23 
-0.0479367125992772 20 17 15 19 
-0.0504584763522818 20 17 15 22 
-0.0776777077238112 20 17 16 14 
-0.2507757750272271 20 17 16 18 
0.1833476212563612 20 17 16 21 
-0.1914078974806580 20 17 17 13 
-0.3227114012523185 20 17 17 20 
0.2507757750272271 20 17 18 16 
0.0781723040302670 20 17 18 23 
0.0479367125992772 20 17 19 15 
0.1961188252459277 20 17 19 22 
0.3227114012523185 20 17 20 17 
-0.1833476212563612 20 17 21 16 
0.2831499987533450 20 17 21 23 
0.0504584763522818 20 17 22 15 
-0.1961188252459277 20 17 22 19 
-0.3950554632758306 20 17 23 14 
-0.0781723040302670 20 17 23 18 
-0.2831499987533450 20 17 23 21 
0.4988886901723285 20 18 12 15 
1.3865183301950716 20 18 12 19 
0.2412516260209757 20 18 12 22 
-0.6693294146586947 20 18 13 14 
-0.6200698476731357 20 18 13 18 
-0.2157820141861035 20 18 13 21 
0.6693294146586947 20 18 14 13 
0.1321389576064887 20 18 14 20 
-0.4988886901723285 20 18 15 12 
0.6200698476731357 20 18 18 13 
0.2856738736551171 20 18 18 20 
-1.3865183301950716 20 18 19 12 
-0.1321389576064887 20 18 20 14 
-0.2856738736551171 20 18 20 18 
0.3289863264835132 20 18 20 21 
0.2157820141861035 20 18 21 13 
-0.3289863264835132 20 18 21 20 
-0.2412516260209757 20 18 22 12 
0.3527675758781280 20 19 12 16 
0.0781723040302670 20 19 12 23 
-0.2231098048862315 20 19 13 15 
0.6200698476731357 20 19 13 19 
0.0473390007642743 20 19 13 22 
-0.4384555940989839 20 19 14 18 
-0.1097641911995563 20 19 14 21 
0.2231098048862315 20 19 15 13 
0.1074187045386083 20 19 15 20 
-0.3527675758781280 20 19 16 12 
0.4384555940989839 20 19 18 14 
0.3339992771860588 20 19 18 21 
-0.6200698476731357 20 19 19 13 
-0.2928298441224172 20 19 19 20 
-0.1074187045386083 20 19 20 15 
0.2928298441224172 20 19 20 19 
0.1644931632417566 20 19 20 22 
0.1097641911995563 20 19 21 14 
-0.3339992771860588 20 19 21 18 
-0.0473390007642743 20 19 22 13 
-0.1644931632417566 20 19 22 20 
-0.0781723040302670 20 19 23 12 
-0.6857609369648281 20 21 12 15 
-0.2727309318522697 20 21 12 19 
-0.3269534560025719 20 21 12 22 
0.9200448428203825 20 21 13 14 
0.1219689806377075 20 21 13 18 
0.2924360612400950 20 21 13 21 
-0.9200448428203825 20 21 14 13 
-0.1790797831068815 20 21 14 20 
0.6857609369648281 20 21 15 12 
-0.1219689806377075 20 21 18 13 
-0.3289863264835132 20 21 18 20 
0.2727309318522697 20 21 19 12 
0.1790797831068815 20 21 20 14 
0.3289863264835132 20 21 20 18 
-0.0917094109888214 20 21 20 21 
-0.2924360612400950 20 21 21 13 
0.0917094109888214 20 21 21 20 
0.3269534560025719 20 21 22 12 
-0.9698124176013411 20 22 12 16 
-0.2831499987533450 20 22 12 23 
0.6133632285469216 20 22 13 15 
-0.2439379612754150 20 22 13 19 
-0.0731090153100238 20 22 13 22 
0.1724901866066674 20 22 14 18 
0.2584794024579445 20 22 14 21 
-0.6133632285469216 20 22 15 13 
-0.2686196746603222 20 22 15 20 
0.9698124176013411 20 22 16 12 
-0.1724901866066674 20 22 18 14 
-0.2849105162324437 20 22 18 21 
0.2439379612754150 20 22 19 13 
-0.1644931632417566 20 22 19 20 
0.2686196746603222 20 22 20 15 
0.1644931632417566 20 22 20 19 
-0.0917094109888214 20 22 20 22 
-0.2584794024579445 20 22 21 14 
0.2849105162324437 20 22 21 18 
0.0731090153100238 20 22 22 13 
0.0917094109888214 20 22 22 20 
0.2831499987533450 20 22 23 12 
-1.8186010832479886 20 23 12 17 
1.0673876147849592 20 23 13 16 
-0.2193270459300712 20 23 13 23 
-0.6917808805534447 20 23 14 15 
-0.1493808835048923 20 23 14 19 
0.0895398915534407 20 23 14 22 
0.6917808805534446 20 23 15 14 
0.1493808835048923 20 23 15 18 
0.0895398915534407 20 23 15 21 
-1.0673876147849592 20 23 16 13 
-0.2193270459300712 20 23 16 20 
1.8186010832479886 20 23 17 12 
-0.1493808835048923 20 23 18 15 
-0.6757810226381105 20 23 18 19 
-0.1644931632417566 20 23 18 22 
0.1493808835048923 20 23 19 14 
0.6757810226381105 20 23 19 18 
-0.1644931632417566 20 23 19 21 
0.2193270459300712 20 23 20 16 
-0.9399743838823444 20 23 20 23 
-0.0895398915534407 20 23 21 15 
0.1644931632417566 20 23 21 19 
0.8482649728935232 20 23 21 22 
-0.0895398915534407 20 23 22 14 
0.1644931632417566 20 23 22 18 
-0.8482649728935232 20 23 22 21 
0.2193270459300712 20 23 23 13 
0.9399743838823444 20 23 23 20 
-0.2560342396783555 21 0 0 14 
-0.2605703749745444 21 0 0 18 
1.2014674329896524 21 0 0 21 
0.8106591305716754 21 0 1 13 
1.2805630884355304 21 0 1 20 
-1.0257303896308096 21 0 2 12 
-0.6718405711563350 21 0 6 12 
0.2722492852427233 21 0 8 13 
-0.7526897390166407 21 0 8 20 
1.1429014641651687 21 0 9 12 
1.0257303896308096 21 0 12 2 
0.6718405711563350 21 0 12 6 
-1.1429014641651687 21 0 12 9 
-0.8106591305716754 21 0 13 1 
-0.2722492852427233 21 0 13 8 
0.2560342396783555 21 0 14 0 
0.2605703749745444 21 0 18 0 
-1.2805630884355304 21 0 20 1 
0.7526897390166407 21 0 20 8 
-1.2014674329896524 21 0 21 0 
0.0450847801209574 21 1 0 15 
-0.2937836968822852 21 1 0 19 
-0.1525318362062181 21 1 0 22 
0.4528556442299658 21 1 1 14 
0.0271559133921788 21 1 1 18 
2.3298159578413875 21 1 1 21 
-0.1965027183681328 21 1 2 13 
0.7263540819713513 21 1 2 20 
-0.6183073485789797 21 1 3 12 
-0.1845981792192072 21 1 6 13 
-0.2365872824539799 21 1 6 20 
-0.1881383976023035 21 1 7 12 
0.0178126550332519 21 1 8 14 
-0.0208052682678764 21 1 8 18 
-0.3405616855582246 21 1 8 21 
1.6058747625902829 21 1 9 13 
-0.0481256243181296 21 1 9 20 
-0.2818450863405722 21 1 10 12 
0.6183073485789797 21 1 12 3 
0.1881383976023035 21 1 12 7 
0.2818450863405722 21 1 12 10 
0.1965027183681328 21 1 13 2 
0.1845981792192072 21 1 13 6 
-1.6058747625902829 21 1 13 9 
-0.4528556442299658 21 1 14 1 
-0.0178126550332519 21 1 14 8 
-0.0450847801209574 21 1 15 0 
-0.0271559133921788 21 1 18 1 
0.0208052682678764 21 1 18 8 
0.2937836968822852 21 1 19 0 
-0.7263540819713513 21 1 20 2 
0.2365872824539799 21 1 20 6 
0.0481256243181296 21 1 20 9 
-2.3298159578413875 21 1 21 1 
0.3405616855582246 21 1 21 8 
0.1525318362062181 21 1 22 0 
-0.0268632928440123 21 2 0 16 
0.2898139128376450 21 2 0 23 
0.8856703574679250 21 2 1 15 
-0.1769810816568857 21 2 1 19 
0.3563173937358947 21 2 1 22 
-0.5600289697856357 21 2 2 14 
0.1772585979762229 21 2 2 18 
2.5226607308303990 21 2 2 21 
0.0494844668863695 21 2 3 13 
0.0470070899563649 21 2 3 20 
-0.4258302253905440 21 2 4 12 
0.1387645901119753 21 2 6 14 
-0.5215495582392695 21 2 6 18 
-0.0289680166857266 21 2 6 21 
-0.0062175558171438 21 2 7 13 
-0.3680571027200843 21 2 7 20 
-0.3196221180097535 21 2 8 15 
-0.2582929115205280 21 2 8 19 
-0.1014166237366934 21 2 8 22 
1.8552721030639652 21 2 9 14 
0.1278911939886425 21 2 9 18 
0.1265536072223174 21 2 9 21 
-0.3372748895500163 21 2 10 13 
0.1570627787212512 21 2 10 20 
0.3402723891899268 21 2 11 12 
0.4258302253905440 21 2 12 4 
-0.3402723891899268 21 2 12 11 
-0.0494844668863695 21 2 13 3 
0.0062175558171438 21 2 13 7 
0.3372748895500163 21 2 13 10 
0.5600289697856357 21 2 14 2 
-0.1387645901119753 21 2 14 6 
-1.8552721030639652 21 2 14 9 
-0.8856703574679250 21 2 15 1 
0.3196221180097535 21 2 15 8 
0.0268632928440123 21 2 16 0 
-0.1772585979762229 21 2 18 2 
0.5215495582392695 21 2 18 6 
-0.1278911939886425 21 2 18 9 
0.1769810816568857 21 2 19 1 
0.2582929115205280 21 2 19 8 
-0.0470070899563649 21 2 20 3 
0.3680571027200843 21 2 20 7 
-0.1570627787212512 21 2 20 10 
-2.5226607308303990 21 2 21 2 
0.0289680166857266 21 2 21 6 
-0.1265536072223174 21 2 21 9 
-0.3563173937358947 21 2 22 1 
0.1014166237366934 21 2 22 8 
-0.2898139128376450 21 2 23 0 
-0.4169150216781424 21 3 0 17 
1.1421026992674228 21 3 1 16 
0.7059396123855739 21 3 1 23 
-0.1210691884113417 21 3 2 15 
0.0187186212020476 21 3 2 19 
0.5721232016287296 21 3 2 22 
-0.5940873592615259 21 3 3 14 
0.1897376787775879 21 3 3 18 
2.1683848191180402 21 3 3 21 
0.4906610920275148 21 3 4 13 
-0.4263076988277269 21 3 4 20 
-0.5953384580678661 21 3 5 12 
0.2982477368372123 21 3 6 15 
-0.5215495582392696 21 3 6 19 
0.2318230274505322 21 3 6 22 
0.2392247200878556 21 3 7 14 
-0.5215495582392696 21 3 7 18 
-0.3767025578615247 21 3 7 21 
-0.6130947002594213 21 3 8 16 
0.0034210380628327 21 3 8 23 
1.9046940329341804 21 3 9 15 
-0.2940041063907969 21 3 9 19 
0.2565282525074675 21 3 9 22 
-0.3509337686131573 21 3 10 14 
0.2812635335862929 21 3 10 18 
0.3460681440609082 21 3 10 21 
0.4676281162653249 21 3 11 13 
0.0929609296162734 21 3 11 20 
0.5953384580678661 21 3 12 5 
-0.4906610920275148 21 3 13 4 
-0.4676281162653249 21 3 13 11 
0.5940873592615259 21 3 14 3 
-0.2392247200878556 21 3 14 7 
0.3509337686131573 21 3 14 10 
0.1210691884113417 21 3 15 2 
-0.2982477368372123 21 3 15 6 
-1.9046940329341804 21 3 15 9 
-1.1421026992674228 21 3 16 1 
0.6130947002594213 21 3 16 8 
0.4169150216781424 21 3 17 0 
-0.1897376787775879 21 3 18 3 
0.5215495582392696 21 3 18 7 
-0.2812635335862929 21 3 18 10 
-0.0187186212020476 21 3 19 2 
0.5215495582392696 21 3 19 6 
0.2940041063907969 21 3 19 9 
0.4263076988277269 21 3 20 4 
-0.0929609296162734 21 3 20 11 
-2.1683848191180402 21 3 21 3 
0.3767025578615247 21 3 21 7 
-0.3460681440609082 21 3 21 10 
-0.5721232016287296 21 3 22 2 
-0.2318230274505322 21 3 22 6 
-0.2565282525074675 21 3 22 9 
-0.7059396123855739 21 3 23 1 
-0.0034210380628327 21 3 23 8 
0.2722037580596427 21 4 1 17 
1.0560243129548337 21 4 2 16 
1.0230530588130438 21 4 2 23 
-1.1545383489005070 21 4 3 15 
0.2122772522873660 21 4 3 19 
0.3563173937358947 21 4 3 22 
0.5228372484274719 21 4 4 14 
0.0645931557962739 21 4 4 18 
1.6553712898656678 21 4 4 21 
-0.1017499405736692 21 4 5 13 
-0.5419552111398834 21 4 5 20 
0.2938512609565039 21 4 6 16 
0.4022177051675007 21 4 6 23 
0.4573040139546807 21 4 7 15 
-0.7375824587116714 21 4 7 19 
-0.1639236347454664 21 4 7 22 
-0.7253028323962445 21 4 8 17 
1.7677410995488954 21 4 9 16 
0.2702459361297274 21 4 9 23 
-0.3372748895500163 21 4 10 15 
-0.1988833518993580 21 4 10 19 
0.5155869121825958 21 4 10 22 
0.4787329166736851 21 4 11 14 
0.3548787044032263 21 4 11 18 
0.1971369208197036 21 4 11 21 
0.1017499405736692 21 4 13 5 
-0.5228372484274719 21 4 14 4 
-0.4787329166736851 21 4 14 11 
1.1545383489005070 21 4 15 3 
-0.4573040139546807 21 4 15 7 
0.3372748895500163 21 4 15 10 
-1.0560243129548337 21 4 16 2 
-0.2938512609565039 21 4 16 6 
-1.7677410995488954 21 4 16 9 
-0.2722037580596427 21 4 17 1 
0.7253028323962445 21 4 17 8 
-0.0645931557962739 21 4 18 4 
-0.3548787044032263 21 4 18 11 
-0.2122772522873660 21 4 19 3 
0.7375824587116714 21 4 19 7 
0.1988833518993580 21 4 19 10 
0.5419552111398834 21 4 20 5 
-1.6553712898656678 21 4 21 4 
-0.1971369208197036 21 4 21 11 
-0.3563173937358947 21 4 22 3 
0.1639236347454664 21 4 22 7 
-0.5155869121825958 21 4 22 10 
-1.0230530588130438 21 4 23 2 
-0.4022177051675007 21 4 23 6 
-0.2702459361297274 21 4 23 9 
0.8473069532410858 21 5 2 17 
-0.2193404160324481 21 5 3 16 
0.9989011356287055 21 5 3 23 
-0.3538821524255744 21 5 4 15 
0.3216877698508500 21 5 4 19 
-0.1525318362062181 21 5 4 22 
0.4344576760680792 21 5 5 14 
-0.1981749709677192 21 5 5 18 
1.3720032102346358 21 5 5 21 
0.1255751624698504 21 5 6 17 
0.5447535549455064 21 5 7 16 
0.2645126230895212 21 5 7 23 
1.4580138502560769 21 5 9 17 
-0.2818450863405722 21 5 10 16 
0.5980423514388126 21 5 10 23 
0.3651034777795880 21 5 11 15 
0.0232609970685455 21 5 11 19 
0.2710888954362407 21 5 11 22 
-0.4344576760680792 21 5 14 5 
0.3538821524255744 21 5 15 4 
-0.3651034777795880 21 5 15 11 
0.2193404160324481 21 5 16 3 
-0.5447535549455064 21 5 16 7 
0.2818450863405722 21 5 16 10 
-0.8473069532410858 21 5 17 2 
-0.1255751624698504 21 5 17 6 
-1.4580138502560769 21 5 17 9 
0.1981749709677192 21 5 18 5 
-0.3216877698508500 21 5 19 4 
-0.0232609970685455 21 5 19 11 
-1.3720032102346358 21 5 21 5 
0.1525318362062181 21 5 22 4 
-0.2710888954362407 21 5 22 11 
-0.9989011356287055 21 5 23 3 
-0.2645126230895212 21 5 23 7 
-0.5980423514388126 21 5 23 10 
0.3089280750178132 21 6 0 16 
0.4761371255625140 21 6 0 23 
-0.1975477812261947 21 6 1 15 
1.3729007465329219 21 6 1 19 
-0.1639236347454664 21 6 1 22 
0.0045916216014056 21 6 2 14 
-0.9707874277695027 21 6 2 18 
-0.0289680166857266 21 6 2 21 
0.1888897365035373 21 6 3 13 
0.1003709281142469 21 6 3 20 
-0.3020832896660136 21 6 4 12 
-0.2113600619272657 21 6 6 14 
-0.3062985807533624 21 6 6 18 
1.1759801730440294 21 6 6 21 
0.2989082661215564 21 6 7 13 
-0.2805887482415109 21 6 7 20 
-0.0664822421380151 21 6 8 15 
-0.6145880254275697 21 6 8 19 
-0.0124020498497186 21 6 8 22 
0.1278911939886425 21 6 9 14 
1.0831408719814239 21 6 9 18 
0.1788138168802330 21 6 9 21 
-0.1988833518993580 21 6 10 13 
-0.2973125660821624 21 6 10 20 
0.2800183003165863 21 6 11 12 
0.3020832896660136 21 6 12 4 
-0.2800183003165863 21 6 12 11 
-0.1888897365035373 21 6 13 3 
-0.2989082661215564 21 6 13 7 
0.1988833518993580 21 6 13 10 
-0.0045916216014056 21 6 14 2 
0.2113600619272657 21 6 14 6 
-0.1278911939886425 21 6 14 9 
0.1975477812261947 21 6 15 1 
0.0664822421380151 21 6 15 8 
-0.3089280750178132 21 6 16 0 
0.9707874277695027 21 6 18 2 
0.3062985807533624 21 6 18 6 
-1.0831408719814239 21 6 18 9 
-1.3729007465329219 21 6 19 1 
0.6145880254275697 21 6 19 8 
-0.1003709281142469 21 6 20 3 
0.2805887482415109 21 6 20 7 
0.2973125660821624 21 6 20 10 
0.0289680166857266 21 6 21 2 
-1.1759801730440294 21 6 21 6 
-0.1788138168802330 21 6 21 9 
0.1639236347454664 21 6 22 1 
0.0124020498497186 21 6 22 8 
-0.4761371255625140 21 6 23 0 
0.2200577884073159 21 7 0 17 
0.0501337198166706 21 7 1 16 
-0.0709890680666838 21 7 1 23 
-0.1836989333948620 21 7 2 15 
0.9707874277695029 21 7 2 19 
0.2318230274505322 21 7 2 22 
0.1806378523272583 21 7 3 14 
-0.9707874277695029 21 7 3 18 
-0.3767025578615247 21 7 3 21 
-0.0409504766138594 21 7 4 13 
0.4258699917476537 21 7 4 20 
-0.2353631937453345 21 7 5 12 
-0.2113600619272657 21 7 6 15 
0.3062985807533624 21 7 6 19 
-0.3239959786576329 21 7 6 22 
0.2113600619272657 21 7 7 14 
0.3062985807533624 21 7 7 18 
1.3379781623728459 21 7 7 21 
0.2504559817807351 21 7 8 16 
0.3504673069412279 21 7 8 23 
-0.2940041063907969 21 7 9 15 
1.4379734339027521 21 7 9 19 
-0.0071603268192382 21 7 9 22 
0.2812635335862929 21 7 10 14 
-0.7096651238426560 21 7 10 18 
-0.1716534900609948 21 7 10 21 
-0.2192480793789206 21 7 11 13 
0.1859741436994712 21 7 11 20 
0.2353631937453345 21 7 12 5 
0.0409504766138594 21 7 13 4 
0.2192480793789206 21 7 13 11 
-0.1806378523272583 21 7 14 3 
-0.2113600619272657 21 7 14 7 
-0.2812635335862929 21 7 14 10 
0.1836989333948621 21 7 15 2 
0.2113600619272657 21 7 15 6 
0.2940041063907969 21 7 15 9 
-0.0501337198166706 21 7 16 1 
-0.2504559817807351 21 7 16 8 
-0.2200577884073159 21 7 17 0 
0.9707874277695029 21 7 18 3 
-0.3062985807533624 21 7 18 7 
0.7096651238426560 21 7 18 10 
-0.9707874277695029 21 7 19 2 
-0.3062985807533624 21 7 19 6 
-1.4379734339027521 21 7 19 9 
-0.4258699917476537 21 7 20 4 
-0.1859741436994712 21 7 20 11 
0.3767025578615247 21 7 21 3 
-1.3379781623728459 21 7 21 7 
0.1716534900609948 21 7 21 10 
-0.2318230274505322 21 7 22 2 
0.3239959786576329 21 7 22 6 
0.0071603268192382 21 7 22 9 
0.0709890680666838 21 7 23 1 
-0.3504673069412279 21 7 23 8 
-0.1639022526650746 21 8 0 15 
0.1177606797210764 21 8 0 19 
-0.2710888954362407 21 8 0 22 
-0.2333822985485703 21 8 1 14 
-0.1025860569802148 21 8 1 18 
-0.3405616855582246 21 8 1 21 
0.6866625442718123 21 8 2 13 
0.5655826808994989 21 8 2 20 
-0.8496631896299027 21 8 3 12 
0.0193829236574928 21 8 6 13 
0.1644931632417566 21 8 6 20 
-0.1549702521311933 21 8 7 12 
0.3865028977926174 21 8 8 14 
-0.1644931632417566 21 8 8 18 
1.4422105216794423 21 8 8 21 
-0.0481256243181296 21 8 9 13 
1.3505011106906211 21 8 9 20 
-0.5980423514388126 21 8 10 12 
0.8496631896299027 21 8 12 3 
0.1549702521311933 21 8 12 7 
0.5980423514388126 21 8 12 10 
-0.6866625442718123 21 8 13 2 
-0.0193829236574928 21 8 13 6 
0.0481256243181296 21 8 13 9 
0.2333822985485703 21 8 14 1 
-0.3865028977926174 21 8 14 8 
0.1639022526650746 21 8 15 0 
0.1025860569802148 21 8 18 1 
0.1644931632417566 21 8 18 8 
-0.1177606797210764 21 8 19 0 
-0.5655826808994989 21 8 20 2 
-0.1644931632417566 21 8 20 6 
-1.3505011106906211 21 8 20 9 
0.3405616855582246 21 8 21 1 
-1.4422105216794423 21 8 21 8 
0.2710888954362407 21 8 22 0 
-0.1218538034640961 21 9 0 16 
-0.2035114054064870 21 9 0 23 
-0.6309701914595368 21 9 1 15 
-0.0288224108527763 21 9 1 19 
-0.5155869121825958 21 9 1 22 
0.9468212797877490 21 9 2 14 
-0.0407610443282858 21 9 2 18 
0.1265536072223174 21 9 2 21 
-0.6309701914595368 21 9 3 13 
0.4766211059527309 21 9 3 20 
-0.1218538034640961 21 9 4 12 
-0.0407610443282858 21 9 6 14 
0.0937323857071693 21 9 6 18 
0.1788138168802330 21 9 6 21 
-0.0288224108527763 21 9 7 13 
-0.3097146159318809 21 9 7 20 
0.4766211059527309 21 9 8 15 
-0.3097146159318809 21 9 8 19 
0.4265666549843042 21 9 8 22 
0.1265536072223174 21 9 9 14 
0.1788138168802330 21 9 9 18 
2.3001548862050512 21 9 9 21 
-0.5155869121825958 21 9 10 13 
0.4265666549843042 21 9 10 20 
-0.2035114054064870 21 9 11 12 
0.1218538034640961 21 9 12 4 
0.2035114054064870 21 9 12 11 
0.6309701914595368 21 9 13 3 
0.0288224108527763 21 9 13 7 
0.5155869121825958 21 9 13 10 
-0.9468212797877490 21 9 14 2 
0.0407610443282858 21 9 14 6 
-0.1265536072223174 21 9 14 9 
0.6309701914595368 21 9 15 1 
-0.4766211059527309 21 9 15 8 
0.1218538034640961 21 9 16 0 
0.0407610443282858 21 9 18 2 
-0.0937323857071693 21 9 18 6 
-0.1788138168802330 21 9 18 9 
0.0288224108527763 21 9 19 1 
0.3097146159318809 21 9 19 8 
-0.4766211059527309 21 9 20 3 
0.3097146159318809 21 9 20 7 
-0.4265666549843042 21 9 20 10 
-0.1265536072223174 21 9 21 2 
-0.1788138168802330 21 9 21 6 
-2.3001548862050512 21 9 21 9 
0.5155869121825958 21 9 22 1 
-0.4265666549843042 21 9 22 8 
0.2035114054064870 21 9 23 0 
0.2151709709391487 21 10 0 17 
-1.1731777002095853 21 10 1 16 
-0.4466855390408437 21 10 1 23 
1.1106520779852744 21 10 2 15 
-0.1052612249986605 21 10 2 19 
-0.2565282525074675 21 10 2 22 
-0.5827467605188763 21 10 3 14 
0.0441196585062318 21 10 3 18 
0.3460681440609082 21 10 3 21 
0.1446144040630508 21 10 4 13 
0.2273584931107725 21 10 4 20 
-0.3514076648704580 21 10 5 12 
-0.1052612249986605 21 10 6 15 
0.3613236077458476 21 10 6 19 
0.0071603268192382 21 10 6 22 
0.0441196585062318 21 10 7 14 
-0.3144574148922629 21 10 7 18 
-0.1716534900609948 21 10 7 21 
0.4466855390408437 21 10 8 16 
0.6088412662586417 21 10 8 23 
0.2565282525074675 21 10 9 15 
-0.0071603268192382 21 10 9 19 
0.8647990309732331 21 10 9 22 
-0.3460681440609082 21 10 10 14 
0.1716534900609948 21 10 10 18 
1.8047734148555776 21 10 10 21 
-0.2273584931107725 21 10 11 13 
-0.2394237066348818 21 10 11 20 
0.3514076648704580 21 10 12 5 
-0.1446144040630508 21 10 13 4 
0.2273584931107725 21 10 13 11 
0.5827467605188763 21 10 14 3 
-0.0441196585062318 21 10 14 7 
0.3460681440609082 21 10 14 10 
-1.1106520779852744 21 10 15 2 
0.1052612249986605 21 10 15 6 
-0.2565282525074675 21 10 15 9 
1.1731777002095853 21 10 16 1 
-0.4466855390408437 21 10 16 8 
-0.2151709709391487 21 10 17 0 
-0.0441196585062318 21 10 18 3 
0.3144574148922629 21 10 18 7 
-0.1716534900609948 21 10 18 10 
0.1052612249986605 21 10 19 2 
-0.3613236077458476 21 10 19 6 
0.0071603268192382 21 10 19 9 
-0.2273584931107725 21 10 20 4 
0.2394237066348818 21 10 20 11 
-0.3460681440609082 21 10 21 3 
0.1716534900609948 21 10 21 7 
-1.8047734148555776 21 10 21 10 
0.2565282525074675 21 10 22 2 
-0.0071603268192382 21 10 22 6 
-0.8647990309732331 21 10 22 9 
0.4466855390408437 21 10 23 1 
-0.6088412662586417 21 10 23 8 
-1.0960767168761281 21 11 1 17 
0.6264777062465298 21 11 2 16 
-0.4356080356143489 21 11 2 23 
-0.1789362100822664 21 11 3 15 
-0.1097784932187198 21 11 3 19 
0.1014166237366934 21 11 3 22 
0.0131144776996080 21 11 4 14 
0.1053283539731631 21 11 4 18 
0.1971369208197036 21 11 4 21 
-0.1262642992747870 21 11 5 13 
0.0585238230897564 21 11 5 20 
-0.1386096073022519 21 11 6 16 
-0.3504673069412279 21 11 6 23 
0.0627116933879477 21 11 7 15 
-0.0811746271797301 21 11 7 19 
0.0124020498497186 21 11 7 22 
0.3416738218431014 21 11 8 17 
0.2702459361297274 21 11 9 16 
0.9810835510668616 21 11 9 23 
-0.1570627787212512 21 11 10 15 
0.2973125660821624 21 11 10 19 
0.4265666549843042 21 11 10 22 
-0.1669883609540267 21 11 11 14 
-0.1859741436994712 21 11 11 18 
1.0727929620556829 21 11 11 21 
0.1262642992747870 21 11 13 5 
-0.0131144776996080 21 11 14 4 
0.1669883609540267 21 11 14 11 
0.1789362100822664 21 11 15 3 
-0.0627116933879477 21 11 15 7 
0.1570627787212512 21 11 15 10 
-0.6264777062465298 21 11 16 2 
0.1386096073022519 21 11 16 6 
-0.2702459361297274 21 11 16 9 
1.0960767168761281 21 11 17 1 
-0.3416738218431014 21 11 17 8 
-0.1053283539731631 21 11 18 4 
0.1859741436994712 21 11 18 11 
0.1097784932187198 21 11 19 3 
0.0811746271797301 21 11 19 7 
-0.2973125660821624 21 11 19 10 
-0.0585238230897564 21 11 20 5 
-0.1971369208197036 21 11 21 4 
-1.0727929620556829 21 11 21 11 
-0.1014166237366934 21 11 22 3 
-0.0124020498497186 21 11 22 7 
-0.4265666549843042 21 11 22 10 
0.4356080356143489 21 11 23 2 
0.3504673069412279 21 11 23 6 
-0.9810835510668616 21 11 23 9 
0.7696961499524538 21 12 12 14 
0.4112701961817906 21 12 12 18 
0.0585659688244835 21 12 12 21 
1.0083138031928069 21 12 13 20 
-0.7696961499524538 21 12 14 12 
-0.4112701961817906 21 12 18 12 
-1.0083138031928069 21 12 20 13 
-0.0585659688244835 21 12 21 12 
0.6633921286999370 21 13 12 15 
-0.1056452992799817 21 13 12 19 
0.1293132501343541 21 13 12 22 
0.6493583625980984 21 13 13 14 
0.2117540926113859 21 13 13 18 
0.7239411952511042 21 13 13 21 
-0.6493583625980984 21 13 14 13 
0.7085414269380993 21 13 14 20 
-0.6633921286999370 21 13 15 12 
-0.2117540926113859 21 13 18 13 
-0.2157820141861035 21 13 18 20 
0.1056452992799817 21 13 19 12 
-0.7085414269380993 21 13 20 14 
0.2157820141861035 21 13 20 18 
-0.2924360612400950 21 13 20 21 
-0.7239411952511042 21 13 21 13 
0.2924360612400950 21 13 21 20 
-0.1293132501343541 21 13 22 12 
0.3989669325465317 21 14 12 16 
-0.0504584763522818 21 14 12 23 
0.8361858905815552 21 14 13 15 
-0.1707635258397419 21 14 13 19 
0.6935922832859108 21 14 13 22 
0.0384940078642476 21 14 14 18 
0.6673886277664335 21 14 14 21 
-0.8361858905815552 21 14 15 13 
0.3666292079661183 21 14 15 20 
-0.3989669325465317 21 14 16 12 
-0.0384940078642476 21 14 18 14 
-0.1568592106743691 21 14 18 21 
0.1707635258397419 21 14 19 13 
-0.1097641911995563 21 14 19 20 
-0.3666292079661183 21 14 20 15 
0.1097641911995563 21 14 20 19 
-0.2584794024579445 21 14 20 22 
-0.6673886277664335 21 14 21 14 
0.1568592106743691 21 14 21 18 
-0.6935922832859108 21 14 22 13 
0.2584794024579445 21 14 22 20 
0.0504584763522818 21 14 23 12 
0.1784234363897237 21 15 12 17 
0.6514416072399078 21 15 13 16 
0.2383114961202490 21 15 13 23 
0.4730181708501842 21 15 14 15 
-0.2205060988858080 21 15 14 19 
0.9230569702418870 21 15 14 22 
-0.4730181708501842 21 15 15 14 
-0.1085100580596244 21 15 15 18 
0.2636907861838599 21 15 15 21 
-0.6514416072399078 21 15 16 13 
0.1867870014316945 21 15 16 20 
-0.1784234363897237 21 15 17 12 
0.1085100580596244 21 15 18 15 
-0.0494405061357608 21 15 18 22 
0.2205060988858080 21 15 19 14 
-0.0826984514707279 21 15 19 21 
-0.1867870014316945 21 15 20 16 
-0.0895398915534407 21 15 20 23 
-0.2636907861838599 21 15 21 15 
0.0826984514707279 21 15 21 19 
-0.0895398915534407 21 15 21 22 
-0.9230569702418870 21 15 22 14 
0.0494405061357608 21 15 22 18 
0.0895398915534407 21 15 22 21 
-0.2383114961202490 21 15 23 13 
0.0895398915534407 21 15 23 20 
0.3739536986333118 21 16 13 17 
0.5331870645273618 21 16 14 16 
0.5443201421393585 21 16 14 23 
-0.2450267616673147 21 16 15 19 
0.6935922832859108 21 16 15 22 
-0.5331870645273618 21 16 16 14 
-0.2292581051602300 21 16 16 18 
-0.1123698096832278 21 16 16 21 
-0.3739536986333118 21 16 17 13 
0.1833476212563612 21 16 17 20 
0.2292581051602300 21 16 18 16 
0.0473390007642743 21 16 18 23 
0.2450267616673147 21 16 19 15 
0.0349597171538916 21 16 19 22 
-0.1833476212563612 21 16 20 17 
0.1123698096832278 21 16 21 16 
0.0731090153100238 21 16 21 23 
-0.6935922832859108 21 16 22 15 
-0.0349597171538916 21 16 22 19 
-0.5443201421393585 21 16 23 14 
-0.0473390007642743 21 16 23 18 
-0.0731090153100238 21 16 23 21 
0.4128492771730066 21 17 14 17 
0.1345417363931263 21 17 15 16 
0.6337976578491176 21 17 15 23 
-0.1345417363931263 21 17 16 15 
-0.2230657850946565 21 17 16 19 
0.1293132501343541 21 17 16 22 
-0.4128492771730066 21 17 17 14 
-0.3237501334375696 21 17 17 18 
-0.0860106400214412 21 17 17 21 
0.3237501334375696 21 17 18 17 
0.2230657850946565 21 17 19 16 
0.2412516260209757 21 17 19 23 
0.0860106400214412 21 17 21 17 
-0.1293132501343541 21 17 22 16 
0.3269534560025719 21 17 22 23 
-0.6337976578491176 21 17 23 15 
-0.2412516260209757 21 17 23 19 
-0.3269534560025719 21 17 23 22 
0.6110113646838267 21 18 12 16 
0.1961188252459277 21 18 12 23 
-0.3864375177297320 21 18 13 15 
1.0739924804113654 21 18 13 19 
0.0349597171538916 21 18 13 22 
-0.7594273658422368 21 18 14 18 
-0.1568592106743691 21 18 14 21 
0.3864375177297320 21 18 15 13 
0.1668531702522620 21 18 15 20 
-0.6110113646838267 21 18 16 12 
0.7594273658422368 21 18 18 14 
0.0928393010626056 21 18 18 21 
-1.0739924804113654 21 18 19 13 
0.3339992771860588 21 18 19 20 
-0.1668531702522620 21 18 20 15 
-0.3339992771860588 21 18 20 19 
0.2849105162324437 21 18 20 22 
0.1568592106743691 21 18 21 14 
-0.0928393010626056 21 18 21 18 
-0.0349597171538916 21 18 22 13 
-0.2849105162324437 21 18 22 20 
-0.1961188252459277 21 18 23 12 
0.4554209821526503 21 19 12 17 
0.0910841964305301 21 19 13 16 
0.1482590113122367 21 19 13 23 
-0.3643367857221202 21 19 14 15 
0.7594273658422371 21 19 14 19 
-0.0494405061357608 21 19 14 22 
0.3643367857221203 21 19 15 14 
-0.7594273658422371 21 19 15 18 
-0.0826984514707279 21 19 15 21 
-0.0910841964305301 21 19 16 13 
0.1754140099669186 21 19 16 20 
-0.4554209821526503 21 19 17 12 
0.7594273658422371 21 19 18 15 
0.3856691451850230 21 19 18 22 
-0.7594273658422371 21 19 19 14 
-0.0999952715299059 21 19 19 21 
-0.1754140099669186 21 19 20 16 
0.1644931632417566 21 19 20 23 
0.0826984514707279 21 19 21 15 
0.0999952715299059 21 19 21 19 
0.1644931632417566 21 19 21 22 
0.0494405061357608 21 19 22 14 
-0.3856691451850230 21 19 22 18 
-0.1644931632417566 21 19 22 21 
-0.1482590113122367 21 19 23 13 
-0.1644931632417566 21 19 23 20 
0.6857609369648281 21 20 12 15 
0.2727309318522697 21 20 12 19 
0.3269534560025719 21 20 12 22 
-0.9200448428203825 21 20 13 14 
-0.1219689806377075 21 20 13 18 
-0.2924360612400950 21 20 13 21 
0.9200448428203825 21 20 14 13 
0.1790797831068815 21 20 14 20 
-0.6857609369648281 21 20 15 12 
0.1219689806377075 21 20 18 13 
0.3289863264835132 21 20 18 20 
-0.2727309318522697 21 20 19 12 
-0.1790797831068815 21 20 20 14 
-0.3289863264835132 21 20 20 18 
0.0917094109888214 21 20 20 21 
0.2924360612400950 21 20 21 13 
-0.0917094109888214 21 20 21 20 
-0.3269534560025719 21 20 22 12 
0.5665786358096067 21 22 12 17 
-1.3177921042726355 21 22 13 16 
-0.2193270459300712 21 22 13 23 
1.6933988385041503 21 22 14 15 
-0.1493808835048923 21 22 14 19 
0.0895398915534407 21 22 14 22 
-1.6933988385041503 21 22 15 14 
0.1493808835048923 21 22 15 18 
0.0895398915534407 21 22 15 21 
1.3177921042726355 21 22 16 13 
-0.2193270459300712 21 22 16 20 
-0.5665786358096067 21 22 17 12 
-0.1493808835048923 21 22 18 15 
0.6757810226381105 21 22 18 19 
-0.1644931632417566 21 22 18 22 
0.1493808835048923 21 22 19 14 
-0.6757810226381105 21 22 19 18 
-0.1644931632417566 21 22 19 21 
0.2193270459300712 21 22 20 16 
0.8482649728935232 21 22 20 23 
-0.0895398915534407 21 22 21 15 
0.1644931632417566 21 22 21 19 
-0.9399743838823444 21 22 21 22 
-0.0895398915534407 21 22 22 14 
0.1644931632417566 21 22 22 18 
0.9399743838823444 21 22 22 21 
0.2193270459300712 21 22 23 13 
-0.8482649728935232 21 22 23 20 
-0.9698124176013411 21 23 13 17 
0.6133632285469216 21 23 14 16 
-0.2686196746603222 21 23 14 23 
-0.1724901866066674 21 23 15 19 
0.2584794024579445 21 23 15 22 
-0.6133632285469216 21 23 16 14 
0.2439379612754150 21 23 16 18 
-0.0731090153100238 21 23 16 21 
0.9698124176013411 21 23 17 13 
-0.2831499987533450 21 23 17 20 
-0.2439379612754150 21 23 18 16 
-0.1644931632417566 21 23 18 23 
0.1724901866066674 21 23 19 15 
-0.2849105162324437 21 23 19 22 
0.2831499987533450 21 23 20 17 
0.0731090153100238 21 23 21 16 
-0.0917094109888214 21 23 21 23 
-0.2584794024579445 21 23 22 15 
0.2849105162324437 21 23 22 19 
0.2686196746603222 21 23 23 14 
0.1644931632417566 21 23 23 18 
0.0917094109888214 21 23 23 21 
-0.4344576760680792 22 0 0 15 
0.1981749709677192 22 0 0 19 
1.3720032102346358 22 0 0 22 
0.3538821524255744 22 0 1 14 
-0.3216877698508500 22 0 1 18 
-0.1525318362062181 22 0 1 21 
0.2193404160324481 22 0 2 13 
0.9989011356287055 22 0 2 20 
-0.8473069532410858 22 0 3 12 
-0.5447535549455064 22 0 6 13 
0.2645126230895212 22 0 6 20 
-0.1255751624698504 22 0 7 12 
0.3651034777795880 22 0 8 14 
0.0232609970685455 22 0 8 18 
-0.2710888954362407 22 0 8 21 
-0.2818450863405722 22 0 9 13 
-0.5980423514388126 22 0 9 20 
1.4580138502560769 22 0 10 12 
0.8473069532410858 22 0 12 3 
0.1255751624698504 22 0 12 7 
-1.4580138502560769 22 0 12 10 
-0.2193404160324481 22 0 13 2 
0.5447535549455064 22 0 13 6 
0.2818450863405722 22 0 13 9 
-0.3538821524255744 22 0 14 1 
-0.3651034777795880 22 0 14 8 
0.4344576760680792 22 0 15 0 
0.3216877698508500 22 0 18 1 
-0.0232609970685455 22 0 18 8 
-0.1981749709677192 22 0 19 0 
-0.9989011356287055 22 0 20 2 
-0.2645126230895212 22 0 20 6 
0.5980423514388126 22 0 20 9 
0.1525318362062181 22 0 21 1 
0.2710888954362407 22 0 21 8 
-1.3720032102346358 22 0 22 0 
0.1017499405736692 22 1 0 16 
-0.5419552111398834 22 1 0 23 
-0.5228372484274719 22 1 1 15 
-0.0645931557962739 22 1 1 19 
1.6553712898656678 22 1 1 22 
1.1545383489005070 22 1 2 14 
-0.2122772522873660 22 1 2 18 
0.3563173937358947 22 1 2 21 
-1.0560243129548337 22 1 3 13 
1.0230530588130438 22 1 3 20 
-0.2722037580596427 22 1 4 12 
-0.4573040139546807 22 1 6 14 
0.7375824587116714 22 1 6 18 
-0.1639236347454664 22 1 6 21 
-0.2938512609565039 22 1 7 13 
0.4022177051675007 22 1 7 20 
0.4787329166736851 22 1 8 15 
0.3548787044032263 22 1 8 19 
-0.1971369208197036 22 1 8 22 
-0.3372748895500163 22 1 9 14 
-0.1988833518993580 22 1 9 18 
-0.5155869121825958 22 1 9 21 
1.7677410995488954 22 1 10 13 
-0.2702459361297274 22 1 10 20 
-0.7253028323962445 22 1 11 12 
0.2722037580596427 22 1 12 4 
0.7253028323962445 22 1 12 11 
1.0560243129548337 22 1 13 3 
0.2938512609565039 22 1 13 7 
-1.7677410995488954 22 1 13 10 
-1.1545383489005070 22 1 14 2 
0.4573040139546807 22 1 14 6 
0.3372748895500163 22 1 14 9 
0.5228372484274719 22 1 15 1 
-0.4787329166736851 22 1 15 8 
-0.1017499405736692 22 1 16 0 
0.2122772522873660 22 1 18 2 
-0.7375824587116714 22 1 18 6 
0.1988833518993580 22 1 18 9 
0.0645931557962739 22 1 19 1 
-0.3548787044032263 22 1 19 8 
-1.0230530588130438 22 1 20 3 
-0.4022177051675007 22 1 20 7 
0.2702459361297274 22 1 20 10 
-0.3563173937358947 22 1 21 2 
0.1639236347454664 22 1 21 6 
0.5155869121825958 22 1 21 9 
-1.6553712898656678 22 1 22 1 
0.1971369208197036 22 1 22 8 
0.5419552111398834 22 1 23 0 
0.5953384580678661 22 2 0 17 
-0.4906610920275148 22 2 1 16 
-0.4263076988277269 22 2 1 23 
0.5940873592615259 22 2 2 15 
-0.1897376787775879 22 2 2 19 
2.1683848191180402 22 2 2 22 
0.1210691884113417 22 2 3 14 
-0.0187186212020476 22 2 3 18 
0.5721232016287296 22 2 3 21 
-1.1421026992674228 22 2 4 13 
0.7059396123855739 22 2 4 20 
0.4169150216781424 22 2 5 12 
-0.2392247200878556 22 2 6 15 
0.5215495582392696 22 2 6 19 
-0.3767025578615247 22 2 6 22 
-0.2982477368372123 22 2 7 14 
0.5215495582392696 22 2 7 18 
0.2318230274505322 22 2 7 21 
0.4676281162653249 22 2 8 16 
-0.0929609296162734 22 2 8 23 
-0.3509337686131573 22 2 9 15 
0.2812635335862929 22 2 9 19 
-0.3460681440609082 22 2 9 22 
1.9046940329341804 22 2 10 14 
-0.2940041063907969 22 2 10 18 
-0.2565282525074675 22 2 10 21 
-0.6130947002594213 22 2 11 13 
-0.0034210380628327 22 2 11 20 
-0.4169150216781424 22 2 12 5 
1.1421026992674228 22 2 13 4 
0.6130947002594213 22 2 13 11 
-0.1210691884113417 22 2 14 3 
0.2982477368372123 22 2 14 7 
-1.9046940329341804 22 2 14 10 
-0.5940873592615259 22 2 15 2 
0.2392247200878556 22 2 15 6 
0.3509337686131573 22 2 15 9 
0.4906610920275148 22 2 16 1 
-0.4676281162653249 22 2 16 8 
-0.5953384580678661 22 2 17 0 
0.0187186212020476 22 2 18 3 
-0.5215495582392696 22 2 18 7 
0.2940041063907969 22 2 18 10 
0.1897376787775879 22 2 19 2 
-0.5215495582392696 22 2 19 6 
-0.2812635335862929 22 2 19 9 
-0.7059396123855739 22 2 20 4 
0.0034210380628327 22 2 20 11 
-0.5721232016287296 22 2 21 3 
-0.2318230274505322 22 2 21 7 
0.2565282525074675 22 2 21 10 
-2.1683848191180402 22 2 22 2 
0.3767025578615247 22 2 22 6 
0.3460681440609082 22 2 22 9 
0.4263076988277269 22 2 23 1 
0.0929609296162734 22 2 23 8 
0.4258302253905440 22 3 1 17 
-0.0494844668863695 22 3 2 16 
0.0470070899563649 22 3 2 23 
0.5600289697856357 22 3 3 15 
-0.1772585979762229 22 3 3 19 
2.5226607308303990 22 3 3 22 
-0.8856703574679250 22 3 4 14 
0.1769810816568857 22 3 4 18 
0.3563173937358947 22 3 4 21 
0.0268632928440123 22 3 5 13 
0.2898139128376450 22 3 5 20 
0.0062175558171438 22 3 6 16 
-0.3680571027200843 22 3 6 23 
-0.1387645901119753 22 3 7 15 
0.5215495582392695 22 3 7 19 
-0.0289680166857266 22 3 7 22 
0.3402723891899268 22 3 8 17 
-0.3372748895500163 22 3 9 16 
-0.1570627787212512 22 3 9 23 
1.8552721030639652 22 3 10 15 
0.1278911939886425 22 3 10 19 
-0.1265536072223174 22 3 10 22 
-0.3196221180097535 22 3 11 14 
-0.2582929115205280 22 3 11 18 
0.1014166237366934 22 3 11 21 
-0.0268632928440123 22 3 13 5 
0.8856703574679250 22 3 14 4 
0.3196221180097535 22 3 14 11 
-0.5600289697856357 22 3 15 3 
0.1387645901119753 22 3 15 7 
-1.8552721030639652 22 3 15 10 
0.0494844668863695 22 3 16 2 
-0.0062175558171438 22 3 16 6 
0.3372748895500163 22 3 16 9 
-0.4258302253905440 22 3 17 1 
-0.3402723891899268 22 3 17 8 
-0.1769810816568857 22 3 18 4 
0.2582929115205280 22 3 18 11 
0.1772585979762229 22 3 19 3 
-0.5215495582392695 22 3 19 7 
-0.1278911939886425 22 3 19 10 
-0.2898139128376450 22 3 20 5 
-0.3563173937358947 22 3 21 4 
-0.1014166237366934 22 3 21 11 
-2.5226607308303990 22 3 22 3 
0.0289680166857266 22 3 22 7 
0.1265536072223174 22 3 22 10 
-0.0470070899563649 22 3 23 2 
0.3680571027200843 22 3 23 6 
0.1570627787212512 22 3 23 9 
0.6183073485789797 22 4 2 17 
0.1965027183681328 22 4 3 16 
0.7263540819713513 22 4 3 23 
-0.4528556442299658 22 4 4 15 
-0.0271559133921788 22 4 4 19 
2.3298159578413875 22 4 4 22 
-0.0450847801209574 22 4 5 14 
0.2937836968822852 22 4 5 18 
-0.1525318362062181 22 4 5 21 
0.1881383976023035 22 4 6 17 
0.1845981792192072 22 4 7 16 
-0.2365872824539799 22 4 7 23 
-0.2818450863405722 22 4 9 17 
1.6058747625902829 22 4 10 16 
0.0481256243181296 22 4 10 23 
0.0178126550332519 22 4 11 15 
-0.0208052682678764 22 4 11 19 
0.3405616855582246 22 4 11 22 
0.0450847801209574 22 4 14 5 
0.4528556442299658 22 4 15 4 
-0.0178126550332519 22 4 15 11 
-0.1965027183681328 22 4 16 3 
-0.1845981792192072 22 4 16 7 
-1.6058747625902829 22 4 16 10 
-0.6183073485789797 22 4 17 2 
-0.1881383976023035 22 4 17 6 
0.2818450863405722 22 4 17 9 
-0.2937836968822852 22 4 18 5 
0.0271559133921788 22 4 19 4 
0.0208052682678764 22 4 19 11 
0.1525318362062181 22 4 21 5 
-2.3298159578413875 22 4 22 4 
-0.3405616855582246 22 4 22 11 
-0.7263540819713513 22 4 23 3 
0.2365872824539799 22 4 23 7 
-0.0481256243181296 22 4 23 10 
1.0257303896308096 22 5 3 17 
-0.8106591305716754 22 5 4 16 
1.2805630884355304 22 5 4 23 
0.2560342396783555 22 5 5 15 
0.2605703749745444 22 5 5 19 
1.2014674329896524 22 5 5 22 
0.6718405711563350 22 5 7 17 
1.1429014641651687 22 5 10 17 
0.2722492852427233 22 5 11 16 
0.7526897390166407 22 5 11 23 
-0.2560342396783555 22 5 15 5 
0.8106591305716754 22 5 16 4 
-0.2722492852427233 22 5 16 11 
-1.0257303896308096 22 5 17 3 
-0.6718405711563350 22 5 17 7 
-1.1429014641651687 22 5 17 10 
-0.2605703749745444 22 5 19 5 
-1.2014674329896524 22 5 22 5 
-1.2805630884355304 22 5 23 4 
-0.7526897390166407 22 5 23 11 
0.2353631937453345 22 6 0 17 
0.0409504766138594 22 6 1 16 
0.4258699917476537 22 6 1 23 
-0.1806378523272583 22 6 2 15 
0.9707874277695029 22 6 2 19 
-0.3767025578615247 22 6 2 22 
0.1836989333948621 22 6 3 14 
-0.9707874277695029 22 6 3 18 
0.2318230274505322 22 6 3 21 
-0.0501337198166706 22 6 4 13 
-0.0709890680666838 22 6 4 20 
-0.2200577884073159 22 6 5 12 
-0.2113600619272657 22 6 6 15 
-0.3062985807533624 22 6 6 19 
1.3379781623728459 22 6 6 22 
0.2113600619272657 22 6 7 14 
-0.3062985807533624 22 6 7 18 
-0.3239959786576329 22 6 7 21 
-0.2192480793789206 22 6 8 16 
-0.1859741436994712 22 6 8 23 
0.2812635335862929 22 6 9 15 
-0.7096651238426560 22 6 9 19 
0.1716534900609948 22 6 9 22 
-0.2940041063907969 22 6 10 14 
1.4379734339027521 22 6 10 18 
0.0071603268192382 22 6 10 21 
0.2504559817807351 22 6 11 13 
-0.3504673069412279 22 6 11 20 
0.2200577884073159 22 6 12 5 
0.0501337198166706 22 6 13 4 
-0.2504559817807351 22 6 13 11 
-0.1836989333948620 22 6 14 3 
-0.2113600619272657 22 6 14 7 
0.2940041063907969 22 6 14 10 
0.1806378523272583 22 6 15 2 
0.2113600619272657 22 6 15 6 
-0.2812635335862929 22 6 15 9 
-0.0409504766138594 22 6 16 1 
0.2192480793789206 22 6 16 8 
-0.2353631937453345 22 6 17 0 
0.9707874277695029 22 6 18 3 
0.3062985807533624 22 6 18 7 
-1.4379734339027521 22 6 18 10 
-0.9707874277695029 22 6 19 2 
0.3062985807533624 22 6 19 6 
0.7096651238426560 22 6 19 9 
0.0709890680666838 22 6 20 4 
0.3504673069412279 22 6 20 11 
-0.2318230274505322 22 6 21 3 
0.3239959786576329 22 6 21 7 
-0.0071603268192382 22 6 21 10 
0.3767025578615247 22 6 22 2 
-1.3379781623728459 22 6 22 6 
-0.1716534900609948 22 6 22 9 
-0.4258699917476537 22 6 23 1 
0.1859741436994712 22 6 23 8 
0.3020832896660136 22 7 1 17 
-0.1888897365035373 22 7 2 16 
0.1003709281142469 22 7 2 23 
-0.0045916216014056 22 7 3 15 
0.9707874277695027 22 7 3 19 
-0.0289680166857266 22 7 3 22 
0.1975477812261947 22 7 4 14 
-1.3729007465329219 22 7 4 18 
-0.1639236347454664 22 7 4 21 
-0.3089280750178132 22 7 5 13 
0.4761371255625140 22 7 5 20 
-0.2989082661215564 22 7 6 16 
-0.2805887482415109 22 7 6 23 
0.2113600619272657 22 7 7 15 
0.3062985807533624 22 7 7 19 
1.1759801730440294 22 7 7 22 
0.2800183003165863 22 7 8 17 
-0.1988833518993580 22 7 9 16 
0.2973125660821624 22 7 9 23 
0.1278911939886425 22 7 10 15 
1.0831408719814239 22 7 10 19 
-0.1788138168802330 22 7 10 22 
-0.0664822421380151 22 7 11 14 
-0.6145880254275697 22 7 11 18 
0.0124020498497186 22 7 11 21 
0.3089280750178132 22 7 13 5 
-0.1975477812261947 22 7 14 4 
0.0664822421380151 22 7 14 11 
0.0045916216014056 22 7 15 3 
-0.2113600619272657 22 7 15 7 
-0.1278911939886425 22 7 15 10 
0.1888897365035373 22 7 16 2 
0.2989082661215564 22 7 16 6 
0.1988833518993580 22 7 16 9 
-0.3020832896660136 22 7 17 1 
-0.2800183003165863 22 7 17 8 
1.3729007465329219 22 7 18 4 
0.6145880254275697 22 7 18 11 
-0.9707874277695027 22 7 19 3 
-0.3062985807533624 22 7 19 7 
-1.0831408719814239 22 7 19 10 
-0.4761371255625140 22 7 20 5 
0.1639236347454664 22 7 21 4 
-0.0124020498497186 22 7 21 11 
0.0289680166857266 22 7 22 3 
-1.1759801730440294 22 7 22 7 
0.1788138168802330 22 7 22 10 
-0.1003709281142469 22 7 23 2 
0.2805887482415109 22 7 23 6 
-0.2973125660821624 22 7 23 9 
-0.1262642992747870 22 8 0 16 
-0.0585238230897564 22 8 0 23 
0.0131144776996080 22 8 1 15 
0.1053283539731631 22 8 1 19 
-0.1971369208197036 22 8 1 22 
-0.1789362100822664 22 8 2 14 
-0.1097784932187198 22 8 2 18 
-0.1014166237366934 22 8 2 21 
0.6264777062465298 22 8 3 13 
0.4356080356143489 22 8 3 20 
-1.0960767168761281 22 8 4 12 
0.0627116933879477 22 8 6 14 
-0.0811746271797301 22 8 6 18 
-0.0124020498497186 22 8 6 21 
-0.1386096073022519 22 8 7 13 
0.3504673069412279 22 8 7 20 
0.1669883609540267 22 8 8 15 
0.1859741436994712 22 8 8 19 
1.0727929620556829 22 8 8 22 
0.1570627787212512 22 8 9 14 
-0.2973125660821624 22 8 9 18 
0.4265666549843042 22 8 9 21 
-0.2702459361297274 22 8 10 13 
0.9810835510668616 22 8 10 20 
-0.3416738218431014 22 8 11 12 
1.0960767168761281 22 8 12 4 
0.3416738218431014 22 8 12 11 
-0.6264777062465298 22 8 13 3 
0.1386096073022519 22 8 13 7 
0.2702459361297274 22 8 13 10 
0.1789362100822664 22 8 14 2 
-0.0627116933879477 22 8 14 6 
-0.1570627787212512 22 8 14 9 
-0.0131144776996080 22 8 15 1 
-0.1669883609540267 22 8 15 8 
0.1262642992747870 22 8 16 0 
0.1097784932187198 22 8 18 2 
0.0811746271797301 22 8 18 6 
0.2973125660821624 22 8 18 9 
-0.1053283539731631 22 8 19 1 
-0.1859741436994712 22 8 19 8 
-0.4356080356143489 22 8 20 3 
-0.3504673069412279 22 8 20 7 
-0.9810835510668616 22 8 20 10 
0.1014166237366934 22 8 21 2 
0.0124020498497186 22 8 21 6 
-0.4265666549843042 22 8 21 9 
0.1971369208197036 22 8 22 1 
-1.0727929620556829 22 8 22 8 
0.0585238230897564 22 8 23 0 
-0.3514076648704580 22 9 0 17 
0.1446144040630508 22 9 1 16 
-0.2273584931107725 22 9 1 23 
-0.5827467605188763 22 9 2 15 
0.0441196585062318 22 9 2 19 
-0.3460681440609082 22 9 2 22 
1.1106520779852744 22 9 3 14 
-0.1052612249986605 22 9 3 18 
0.2565282525074675 22 9 3 21 
-1.1731777002095853 22 9 4 13 
0.4466855390408437 22 9 4 20 
0.2151709709391487 22 9 5 12 
0.0441196585062318 22 9 6 15 
-0.3144574148922629 22 9 6 19 
0.1716534900609948 22 9 6 22 
-0.1052612249986605 22 9 7 14 
0.3613236077458476 22 9 7 18 
-0.0071603268192382 22 9 7 21 
0.2273584931107725 22 9 8 16 
-0.2394237066348818 22 9 8 23 
0.3460681440609082 22 9 9 15 
-0.1716534900609948 22 9 9 19 
1.8047734148555776 22 9 9 22 
-0.2565282525074675 22 9 10 14 
0.0071603268192382 22 9 10 18 
0.8647990309732331 22 9 10 21 
-0.4466855390408437 22 9 11 13 
0.6088412662586417 22 9 11 20 
-0.2151709709391487 22 9 12 5 
1.1731777002095853 22 9 13 4 
0.4466855390408437 22 9 13 11 
-1.1106520779852744 22 9 14 3 
0.1052612249986605 22 9 14 7 
0.2565282525074675 22 9 14 10 
0.5827467605188763 22 9 15 2 
-0.0441196585062318 22 9 15 6 
-0.3460681440609082 22 9 15 9 
-0.1446144040630508 22 9 16 1 
-0.2273584931107725 22 9 16 8 
0.3514076648704580 22 9 17 0 
0.1052612249986605 22 9 18 3 
-0.3613236077458476 22 9 18 7 
-0.0071603268192382 22 9 18 10 
-0.0441196585062318 22 9 19 2 
0.3144574148922629 22 9 19 6 
0.1716534900609948 22 9 19 9 
-0.4466855390408437 22 9 20 4 
-0.6088412662586417 22 9 20 11 
-0.2565282525074675 22 9 21 3 
0.0071603268192382 22 9 21 7 
-0.8647990309732331 22 9 21 10 
0.3460681440609082 22 9 22 2 
-0.1716534900609948 22 9 22 6 
-1.8047734148555776 22 9 22 9 
0.2273584931107725 22 9 23 1 
0.2394237066348818 22 9 23 8 
-0.1218538034640961 22 10 1 17 
-0.6309701914595368 22 10 2 16 
-0.4766211059527309 22 10 2 23 
0.9468212797877490 22 10 3 15 
-0.0407610443282858 22 10 3 19 
-0.1265536072223174 22 10 3 22 
-0.6309701914595368 22 10 4 14 
-0.0288224108527763 22 10 4 18 
0.5155869121825958 22 10 4 21 
-0.1218538034640961 22 10 5 13 
0.2035114054064870 22 10 5 20 
-0.0288224108527763 22 10 6 16 
0.3097146159318809 22 10 6 23 
-0.0407610443282858 22 10 7 15 
0.0937323857071693 22 10 7 19 
-0.1788138168802330 22 10 7 22 
0.2035114054064870 22 10 8 17 
0.5155869121825958 22 10 9 16 
0.4265666549843042 22 10 9 23 
-0.1265536072223174 22 10 10 15 
-0.1788138168802330 22 10 10 19 
2.3001548862050512 22 10 10 22 
-0.4766211059527309 22 10 11 14 
0.3097146159318809 22 10 11 18 
0.4265666549843042 22 10 11 21 
0.1218538034640961 22 10 13 5 
0.6309701914595368 22 10 14 4 
0.4766211059527309 22 10 14 11 
-0.9468212797877490 22 10 15 3 
0.0407610443282858 22 10 15 7 
0.1265536072223174 22 10 15 10 
0.6309701914595368 22 10 16 2 
0.0288224108527763 22 10 16 6 
-0.5155869121825958 22 10 16 9 
0.1218538034640961 22 10 17 1 
-0.2035114054064870 22 10 17 8 
0.0288224108527763 22 10 18 4 
-0.3097146159318809 22 10 18 11 
0.0407610443282858 22 10 19 3 
-0.0937323857071693 22 10 19 7 
0.1788138168802330 22 10 19 10 
-0.2035114054064870 22 10 20 5 
-0.5155869121825958 22 10 21 4 
-0.4265666549843042 22 10 21 11 
0.1265536072223174 22 10 22 3 
0.1788138168802330 22 10 22 7 
-2.3001548862050512 22 10 22 10 
0.4766211059527309 22 10 23 2 
-0.3097146159318809 22 10 23 6 
-0.4265666549843042 22 10 23 9 
-0.8496631896299027 22 11 2 17 
0.6866625442718123 22 11 3 16 
-0.5655826808994989 22 11 3 23 
-0.2333822985485703 22 11 4 15 
-0.1025860569802148 22 11 4 19 
0.3405616855582246 22 11 4 22 
-0.1639022526650746 22 11 5 14 
0.1177606797210764 22 11 5 18 
0.2710888954362407 22 11 5 21 
-0.1549702521311933 22 11 6 17 
0.0193829236574928 22 11 7 16 
-0.1644931632417566 22 11 7 23 
0.5980423514388126 22 11 9 17 
0.0481256243181296 22 11 10 16 
1.3505011106906211 22 11 10 23 
-0.3865028977926174 22 11 11 15 
0.1644931632417566 22 11 11 19 
1.4422105216794423 22 11 11 22 
0.1639022526650746 22 11 14 5 
0.2333822985485703 22 11 15 4 
0.3865028977926174 22 11 15 11 
-0.6866625442718123 22 11 16 3 
-0.0193829236574928 22 11 16 7 
-0.0481256243181296 22 11 16 10 
0.8496631896299027 22 11 17 2 
0.1549702521311933 22 11 17 6 
-0.5980423514388126 22 11 17 9 
-0.1177606797210764 22 11 18 5 
0.1025860569802148 22 11 19 4 
-0.1644931632417566 22 11 19 11 
-0.2710888954362407 22 11 21 5 
-0.3405616855582246 22 11 22 4 
-1.4422105216794423 22 11 22 11 
0.5655826808994989 22 11 23 3 
0.1644931632417566 22 11 23 7 
-1.3505011106906211 22 11 23 10 
0.4128492771730066 22 12 12 15 
0.3237501334375696 22 12 12 19 
-0.0860106400214412 22 12 12 22 
0.1345417363931263 22 12 13 14 
0.2230657850946565 22 12 13 18 
0.1293132501343541 22 12 13 21 
-0.1345417363931263 22 12 14 13 
0.6337976578491176 22 12 14 20 
-0.4128492771730066 22 12 15 12 
-0.2230657850946565 22 12 18 13 
0.2412516260209757 22 12 18 20 
-0.3237501334375696 22 12 19 12 
-0.6337976578491176 22 12 20 14 
-0.2412516260209757 22 12 20 18 
0.3269534560025719 22 12 20 21 
-0.1293132501343541 22 12 21 13 
-0.3269534560025719 22 12 21 20 
0.0860106400214412 22 12 22 12 
0.3739536986333118 22 13 12 16 
0.1833476212563612 22 13 12 23 
0.5331870645273618 22 13 13 15 
0.2292581051602300 22 13 13 19 
-0.1123698096832278 22 13 13 22 
0.2450267616673147 22 13 14 18 
0.6935922832859108 22 13 14 21 
-0.5331870645273618 22 13 15 13 
0.5443201421393585 22 13 15 20 
-0.3739536986333118 22 13 16 12 
-0.2450267616673147 22 13 18 14 
0.0349597171538916 22 13 18 21 
-0.2292581051602300 22 13 19 13 
0.0473390007642743 22 13 19 20 
-0.5443201421393585 22 13 20 15 
-0.0473390007642743 22 13 20 19 
0.0731090153100238 22 13 20 22 
-0.6935922832859108 22 13 21 14 
-0.0349597171538916 22 13 21 18 
0.1123698096832278 22 13 22 13 
-0.0731090153100238 22 13 22 20 
-0.1833476212563612 22 13 23 12 
0.1784234363897237 22 14 12 17 
0.6514416072399078 22 14 13 16 
0.1867870014316945 22 14 13 23 
0.4730181708501842 22 14 14 15 
0.1085100580596244 22 14 14 19 
0.2636907861838599 22 14 14 22 
-0.4730181708501842 22 14 15 14 
0.2205060988858080 22 14 15 18 
0.9230569702418870 22 14 15 21 
-0.6514416072399078 22 14 16 13 
0.2383114961202490 22 14 16 20 
-0.1784234363897237 22 14 17 12 
-0.2205060988858080 22 14 18 15 
-0.0826984514707279 22 14 18 22 
-0.1085100580596244 22 14 19 14 
-0.0494405061357608 22 14 19 21 
-0.2383114961202490 22 14 20 16 
-0.0895398915534407 22 14 20 23 
-0.9230569702418870 22 14 21 15 
0.0494405061357608 22 14 21 19 
-0.0895398915534407 22 14 21 22 
-0.2636907861838599 22 14 22 14 
0.0826984514707279 22 14 22 18 
0.0895398915534407 22 14 22 21 
-0.1867870014316945 22 14 23 13 
0.0895398915534407 22 14 23 20 
0.3989669325465317 22 15 13 17 
0.8361858905815552 22 15 14 16 
0.3666292079661183 22 15 14 23 
-0.0384940078642476 22 15 15 19 
0.6673886277664335 22 15 15 22 
-0.8361858905815552 22 15 16 14 
0.1707635258397419 22 15 16 18 
0.6935922832859108 22 15 16 21 
-0.3989669325465317 22 15 17 13 
-0.0504584763522818 22 15 17 20 
-0.1707635258397419 22 15 18 16 
-0.1097641911995563 22 15 18 23 
0.0384940078642476 22 15 19 15 
-0.1568592106743691 22 15 19 22 
0.0504584763522818 22 15 20 17 
-0.6935922832859108 22 15 21 16 
-0.2584794024579445 22 15 21 23 
-0.6673886277664335 22 15 22 15 
0.1568592106743691 22 15 22 19 
-0.3666292079661183 22 15 23 14 
0.1097641911995563 22 15 23 18 
0.2584794024579445 22 15 23 21 
0.6633921286999370 22 16 14 17 
0.6493583625980984 22 16 15 16 
0.7085414269380993 22 16 15 23 
-0.6493583625980984 22 16 16 15 
-0.2117540926113859 22 16 16 19 
0.7239411952511042 22 16 16 22 
-0.6633921286999370 22 16 17 14 
0.1056452992799817 22 16 17 18 
0.1293132501343541 22 16 17 21 
-0.1056452992799817 22 16 18 17 
0.2117540926113859 22 16 19 16 
-0.2157820141861035 22 16 19 23 
-0.1293132501343541 22 16 21 17 
-0.7239411952511042 22 16 22 16 
-0.2924360612400950 22 16 22 23 
-0.7085414269380993 22 16 23 15 
0.2157820141861035 22 16 23 19 
0.2924360612400950 22 16 23 22 
0.7696961499524538 22 17 15 17 
1.0083138031928069 22 17 16 23 
-0.7696961499524538 22 17 17 15 
-0.4112701961817906 22 17 17 19 
0.0585659688244835 22 17 17 22 
0.4112701961817906 22 17 19 17 
-0.0585659688244835 22 17 22 17 
-1.0083138031928069 22 17 23 16 
0.4554209821526503 22 18 12 17 
0.0910841964305301 22 18 13 16 
0.1754140099669186 22 18 13 23 
-0.3643367857221202 22 18 14 15 
0.7594273658422371 22 18 14 19 
-0.0826984514707279 22 18 14 22 
0.3643367857221203 22 18 15 14 
-0.7594273658422371 22 18 15 18 
-0.0494405061357608 22 18 15 21 
-0.0910841964305301 22 18 16 13 
0.1482590113122367 22 18 16 20 
-0.4554209821526503 22 18 17 12 
0.7594273658422371 22 18 18 15 
-0.0999952715299059 22 18 18 22 
-0.7594273658422371 22 18 19 14 
0.3856691451850230 22 18 19 21 
-0.1482590113122367 22 18 20 16 
0.1644931632417566 22 18 20 23 
0.0494405061357608 22 18 21 15 
-0.3856691451850230 22 18 21 19 
0.1644931632417566 22 18 21 22 
0.0826984514707279 22 18 22 14 
0.0999952715299059 22 18 22 18 
-0.1644931632417566 22 18 22 21 
-0.1754140099669186 22 18 23 13 
-0.1644931632417566 22 18 23 20 
0.6110113646838267 22 19 13 17 
-0.3864375177297320 22 19 14 16 
0.1668531702522620 22 19 14 23 
0.7594273658422368 22 19 15 19 
-0.1568592106743691 22 19 15 22 
0.3864375177297320 22 19 16 14 
-1.0739924804113654 22 19 16 18 
0.0349597171538916 22 19 16 21 
-0.6110113646838267 22 19 17 13 
0.1961188252459277 22 19 17 20 
1.0739924804113654 22 19 18 16 
0.3339992771860588 22 19 18 23 
-0.7594273658422368 22 19 19 15 
0.0928393010626056 22 19 19 22 
-0.1961188252459277 22 19 20 17 
-0.0349597171538916 22 19 21 16 
0.2849105162324437 22 19 21 23 
0.1568592106743691 22 19 22 15 
-0.0928393010626056 22 19 22 19 
-0.1668531702522620 22 19 23 14 
-0.3339992771860588 22 19 23 18 
-0.2849105162324437 22 19 23 21 
0.9698124176013411 22 20 12 16 
0.2831499987533450 22 20 12 23 
-0.6133632285469216 22 20 13 15 
0.2439379612754150 22 20 13 19 
0.0731090153100238 22 20 13 22 
-0.1724901866066674 22 20 14 18 
-0.2584794024579445 22 20 14 21 
0.6133632285469216 22 20 15 13 
0.2686196746603222 22 20 15 20 
-0.9698124176013411 22 20 16 12 
0.1724901866066674 22 20 18 14 
0.2849105162324437 22 20 18 21 
-0.2439379612754150 22 20 19 13 
0.1644931632417566 22 20 19 20 
-0.2686196746603222 22 20 20 15 
-0.1644931632417566 22 20 20 19 
0.0917094109888214 22 20 20 22 
0.2584794024579445 22 20 21 14 
-0.2849105162324437 22 20 21 18 
-0.0731090153100238 22 20 22 13 
-0.0917094109888214 22 20 22 20 
-0.2831499987533450 22 20 23 12 
-0.5665786358096067 22 21 12 17 
1.3177921042726355 22 21 13 16 
0.2193270459300712 22 21 13 23 
-1.6933988385041503 22 21 14 15 
0.1493808835048923 22 21 14 19 
-0.0895398915534407 22 21 14 22 
1.6933988385041503 22 21 15 14 
-0.1493808835048923 22 21 15 18 
-0.0895398915534407 22 21 15 21 
-1.3177921042726355 22 21 16 13 
0.2193270459300712 22 21 16 20 
0.5665786358096067 22 21 17 12 
0.1493808835048923 22 21 18 15 
-0.6757810226381105 22 21 18 19 
0.1644931632417566 22 21 18 22 
-0.1493808835048923 22 21 19 14 
0.6757810226381105 22 21 19 18 
0.1644931632417566 22 21 19 21 
-0.2193270459300712 22 21 20 16 
-0.8482649728935232 22 21 20 23 
0.0895398915534407 22 21 21 15 
-0.1644931632417566 22 21 21 19 
0.9399743838823444 22 21 21 22 
0.0895398915534407 22 21 22 14 
-0.1644931632417566 22 21 22 18 
-0.9399743838823444 22 21 22 21 
-0.2193270459300712 22 21 23 13 
0.8482649728935232 22 21 23 20 
-0.6857609369648281 22 23 14 17 
0.9200448428203825 22 23 15 16 
-0.1790797831068815 22 23 15 23 
-0.9200448428203825 22 23 16 15 
-0.1219689806377075 22 23 16 19 
0.2924360612400950 22 23 16 22 
0.6857609369648281 22 23 17 14 
0.2727309318522697 22 23 17 18 
-0.3269534560025719 22 23 17 21 
-0.2727309318522697 22 23 18 17 
0.1219689806377075 22 23 19 16 
-0.3289863264835132 22 23 19 23 
0.3269534560025719 22 23 21 17 
-0.2924360612400950 22 23 22 16 
-0.0917094109888214 22 23 22 23 
0.1790797831068815 22 23 23 15 
0.3289863264835132 22 23 23 19 
0.0917094109888214 22 23 23 22 
-0.8408250225745891 23 0 0 16 
2.0716643792796665 23 0 0 23 
0.7270394051905491 23 0 1 15 
0.1535056724386228 23 0 1 19 
-0.5419552111398834 23 0 1 22 
-0.5544340647699876 23 0 2 14 
-0.2512651741230887 23 0 2 18 
0.2898139128376450 23 0 2 21 
0.6493616974667379 23 0 3 13 
0.4093916989573429 23 0 3 20 
-1.0322329200552471 23 0 4 12 
-0.2992018867223660 23 0 6 14 
-0.9522148596816742 23 0 6 18 
0.4761371255625140 23 0 6 21 
-0.0972701025886043 23 0 7 13 
-0.3665443904097092 23 0 7 20 
0.0143362356815123 23 0 8 15 
-0.4447166944399762 23 0 8 19 
-0.0585238230897564 23 0 8 22 
0.3402723891899268 23 0 9 14 
0.2800183003165863 23 0 9 18 
-0.2035114054064869 23 0 9 21 
-0.7253028323962445 23 0 10 13 
-0.3416738218431014 23 0 10 20 
2.3943757805319845 23 0 11 12 
1.0322329200552471 23 0 12 4 
-2.3943757805319845 23 0 12 11 
-0.6493616974667379 23 0 13 3 
0.0972701025886043 23 0 13 7 
0.7253028323962445 23 0 13 10 
0.5544340647699876 23 0 14 2 
0.2992018867223660 23 0 14 6 
-0.3402723891899268 23 0 14 9 
-0.7270394051905491 23 0 15 1 
-0.0143362356815123 23 0 15 8 
0.8408250225745891 23 0 16 0 
0.2512651741230887 23 0 18 2 
0.9522148596816742 23 0 18 6 
-0.2800183003165863 23 0 18 9 
-0.1535056724386228 23 0 19 1 
0.4447166944399762 23 0 19 8 
-0.4093916989573429 23 0 20 3 
0.3665443904097092 23 0 20 7 
0.3416738218431014 23 0 20 10 
-0.2898139128376450 23 0 21 2 
-0.4761371255625140 23 0 21 6 
0.2035114054064869 23 0 21 9 
0.5419552111398834 23 0 22 1 
0.0585238230897564 23 0 22 8 
-2.0716643792796665 23 0 23 0 
-0.8408250225745892 23 1 0 17 
0.0788151650638827 23 1 1 16 
1.6518676778526482 23 1 1 23 
0.1757888329181440 23 1 2 15 
0.0818018215212034 23 1 2 19 
-0.4263076988277269 23 1 2 22 
0.0775334409869052 23 1 3 14 
-0.3371076058305285 23 1 3 18 
0.7059396123855739 23 1 3 21 
-0.2108481243480141 23 1 4 13 
0.5178440895484738 23 1 4 20 
-1.0322329200552471 23 1 5 12 
-0.4014214546244413 23 1 6 15 
-0.4258434310867295 23 1 6 19 
0.4258699917476537 23 1 6 22 
-0.2568451805087723 23 1 7 14 
-0.4258434310867295 23 1 7 18 
-0.0709890680666838 23 1 7 21 
0.0181340631306221 23 1 8 16 
-0.0453323584366032 23 1 8 23 
0.4676281162653249 23 1 9 15 
-0.2192480793789206 23 1 9 19 
-0.2273584931107725 23 1 9 22 
-0.6130947002594213 23 1 10 14 
0.2504559817807351 23 1 10 18 
-0.4466855390408437 23 1 10 21 
1.8325586223664405 23 1 11 13 
-0.2646594043666745 23 1 11 20 
1.0322329200552471 23 1 12 5 
0.2108481243480141 23 1 13 4 
-1.8325586223664405 23 1 13 11 
-0.0775334409869052 23 1 14 3 
0.2568451805087723 23 1 14 7 
0.6130947002594213 23 1 14 10 
-0.1757888329181440 23 1 15 2 
0.4014214546244413 23 1 15 6 
-0.4676281162653249 23 1 15 9 
-0.0788151650638827 23 1 16 1 
-0.0181340631306221 23 1 16 8 
0.8408250225745892 23 1 17 0 
0.3371076058305285 23 1 18 3 
0.4258434310867295 23 1 18 7 
-0.2504559817807351 23 1 18 10 
-0.0818018215212034 23 1 19 2 
0.4258434310867295 23 1 19 6 
0.2192480793789206 23 1 19 9 
-0.5178440895484738 23 1 20 4 
0.2646594043666745 23 1 20 11 
-0.7059396123855739 23 1 21 3 
0.0709890680666838 23 1 21 7 
0.4466855390408437 23 1 21 10 
0.4263076988277269 23 1 22 2 
-0.4258699917476537 23 1 22 6 
0.2273584931107725 23 1 22 9 
-1.6518676778526482 23 1 23 1 
0.0453323584366032 23 1 23 8 
-0.6024216873085493 23 2 1 17 
0.2546039979820268 23 2 2 16 
1.3908085939656438 23 2 2 23 
0.2686888465557844 23 2 3 15 
-0.0324216029695824 23 2 3 19 
0.0470070899563649 23 2 3 22 
-0.1333146833611087 23 2 4 14 
-0.3371076058305285 23 2 4 18 
1.0230530588130438 23 2 4 21 
-0.9827418541238025 23 2 5 13 
0.4093916989573429 23 2 5 20 
-0.4014214546244412 23 2 6 16 
0.2607910441362586 23 2 6 23 
-0.4143493696186088 23 2 7 15 
-0.3011167778451727 23 2 7 19 
0.1003709281142469 23 2 7 22 
0.0143362356815123 23 2 8 17 
0.4787329166736851 23 2 9 16 
-0.1669883609540267 23 2 9 23 
-0.3196221180097535 23 2 10 15 
-0.0664822421380151 23 2 10 19 
-0.4766211059527310 23 2 10 22 
1.4571163274563954 23 2 11 14 
0.1533723395976503 23 2 11 18 
-0.4356080356143490 23 2 11 21 
0.9827418541238025 23 2 13 5 
0.1333146833611087 23 2 14 4 
-1.4571163274563954 23 2 14 11 
-0.2686888465557844 23 2 15 3 
0.4143493696186088 23 2 15 7 
0.3196221180097535 23 2 15 10 
-0.2546039979820268 23 2 16 2 
0.4014214546244412 23 2 16 6 
-0.4787329166736851 23 2 16 9 
0.6024216873085493 23 2 17 1 
-0.0143362356815123 23 2 17 8 
0.3371076058305285 23 2 18 4 
-0.1533723395976503 23 2 18 11 
0.0324216029695824 23 2 19 3 
0.3011167778451727 23 2 19 7 
0.0664822421380151 23 2 19 10 
-0.4093916989573429 23 2 20 5 
-1.0230530588130438 23 2 21 4 
0.4356080356143490 23 2 21 11 
-0.0470070899563649 23 2 22 3 
-0.1003709281142469 23 2 22 7 
0.4766211059527310 23 2 22 10 
-1.3908085939656438 23 2 23 2 
-0.2607910441362586 23 2 23 6 
0.1669883609540267 23 2 23 9 
-0.3781979980292788 23 3 2 17 
0.5079262718870760 23 3 3 16 
1.4179481500057716 23 3 3 23 
0.1200075905439405 23 3 4 15 
-0.1429365823658156 23 3 4 19 
0.7263540819713513 23 3 4 22 
-1.0259048037404752 23 3 5 14 
-0.2512651741230887 23 3 5 18 
0.9989011356287055 23 3 5 21 
-0.2992018867223660 23 3 6 17 
-0.5244594835917331 23 3 7 16 
0.1448795304109926 23 3 7 23 
0.3651034777795880 23 3 9 17 
0.0178126550332519 23 3 10 16 
-0.3865028977926174 23 3 10 23 
1.2725824115845057 23 3 11 15 
0.0127405728045039 23 3 11 19 
-0.5655826808994989 23 3 11 22 
1.0259048037404752 23 3 14 5 
-0.1200075905439405 23 3 15 4 
-1.2725824115845057 23 3 15 11 
-0.5079262718870760 23 3 16 3 
0.5244594835917331 23 3 16 7 
-0.0178126550332519 23 3 16 10 
0.3781979980292788 23 3 17 2 
0.2992018867223660 23 3 17 6 
-0.3651034777795880 23 3 17 9 
0.2512651741230887 23 3 18 5 
0.1429365823658156 23 3 19 4 
-0.0127405728045039 23 3 19 11 
-0.9989011356287055 23 3 21 5 
-0.7263540819713513 23 3 22 4 
0.5655826808994989 23 3 22 11 
-1.4179481500057716 23 3 23 3 
-0.1448795304109926 23 3 23 7 
0.3865028977926174 23 3 23 10 
0.0004114220937582 23 4 3 17 
0.6279338624310166 23 4 4 16 
1.8627473683601516 23 4 4 23 
-0.9932620347081823 23 4 5 15 
-0.2018369445582865 23 4 5 19 
1.2805630884355304 23 4 5 22 
-0.5204054686789930 23 4 7 17 
0.2722492852427233 23 4 10 17 
1.2834903905334276 23 4 11 16 
-0.5830309648145314 23 4 11 23 
0.9932620347081823 23 4 15 5 
-0.6279338624310166 23 4 16 4 
-1.2834903905334276 23 4 16 11 
-0.0004114220937582 23 4 17 3 
0.5204054686789930 23 4 17 7 
-0.2722492852427233 23 4 17 10 
0.2018369445582865 23 4 19 5 
-1.2805630884355304 23 4 22 5 
-1.8627473683601516 23 4 23 4 
0.5830309648145314 23 4 23 11 
0.6284542747894130 23 5 4 17 
-0.6284542747894130 23 5 5 16 
2.8546672714159005 23 5 5 23 
1.4943737800858157 23 5 11 17 
0.6284542747894130 23 5 16 5 
-0.6284542747894130 23 5 17 4 
-1.4943737800858157 23 5 17 11 
-2.8546672714159005 23 5 23 5 
0.1823115459371740 23 6 1 17 
-0.1190529891200389 23 6 2 16 
0.2607910441362586 23 6 2 23 
0.0079529219027653 23 6 3 15 
0.5604843827486268 23 6 3 19 
-0.3680571027200843 23 6 3 22 
0.1040568157661927 23 6 4 14 
-0.7926446155814209 23 6 4 18 
0.4022177051675007 23 6 4 21 
-0.1704560299409540 23 6 5 13 
-0.3665443904097092 23 6 5 20 
-0.1725747679082849 23 6 6 16 
1.4999761517016623 23 6 6 23 
0.1220287886496429 23 6 7 15 
-0.5305247041510623 23 6 7 19 
-0.2805887482415109 23 6 7 22 
-0.4447166944399762 23 6 8 17 
0.3548787044032263 23 6 9 16 
-0.1859741436994712 23 6 9 23 
-0.2582929115205280 23 6 10 15 
-0.6145880254275697 23 6 10 19 
0.3097146159318809 23 6 10 22 
0.1533723395976503 23 6 11 14 
1.7928059958240796 23 6 11 18 
-0.3504673069412279 23 6 11 21 
0.1704560299409540 23 6 13 5 
-0.1040568157661927 23 6 14 4 
-0.1533723395976503 23 6 14 11 
-0.0079529219027653 23 6 15 3 
-0.1220287886496429 23 6 15 7 
0.2582929115205280 23 6 15 10 
0.1190529891200389 23 6 16 2 
0.1725747679082849 23 6 16 6 
-0.3548787044032263 23 6 16 9 
-0.1823115459371740 23 6 17 1 
0.4447166944399762 23 6 17 8 
0.7926446155814209 23 6 18 4 
-1.7928059958240796 23 6 18 11 
-0.5604843827486268 23 6 19 3 
0.5305247041510623 23 6 19 7 
0.6145880254275697 23 6 19 10 
0.3665443904097092 23 6 20 5 
-0.4022177051675007 23 6 21 4 
0.3504673069412279 23 6 21 11 
0.3680571027200843 23 6 22 3 
0.2805887482415109 23 6 22 7 
-0.3097146159318809 23 6 22 10 
-0.2607910441362586 23 6 23 2 
-1.4999761517016623 23 6 23 6 
0.1859741436994712 23 6 23 9 
0.2494443450861643 23 7 2 17 
-0.3346647073293474 23 7 3 16 
0.1448795304109926 23 7 3 23 
0.3346647073293474 23 7 4 15 
0.7926446155814209 23 7 4 19 
-0.2365872824539799 23 7 4 22 
-0.2494443450861643 23 7 5 14 
-1.7724072424392461 23 7 5 18 
0.2645126230895212 23 7 5 21 
-0.3858889122441742 23 7 6 17 
0.1725747679082849 23 7 7 16 
1.0139821837152130 23 7 7 23 
0.0232609970685455 23 7 9 17 
-0.0208052682678764 23 7 10 16 
0.1644931632417566 23 7 10 23 
0.0127405728045039 23 7 11 15 
0.7283083100600960 23 7 11 19 
-0.1644931632417566 23 7 11 22 
0.2494443450861643 23 7 14 5 
-0.3346647073293474 23 7 15 4 
-0.0127405728045039 23 7 15 11 
0.3346647073293474 23 7 16 3 
-0.1725747679082849 23 7 16 7 
0.0208052682678764 23 7 16 10 
-0.2494443450861643 23 7 17 2 
0.3858889122441742 23 7 17 6 
-0.0232609970685455 23 7 17 9 
1.7724072424392461 23 7 18 5 
-0.7926446155814209 23 7 19 4 
-0.7283083100600960 23 7 19 11 
-0.2645126230895212 23 7 21 5 
0.2365872824539799 23 7 22 4 
0.1644931632417566 23 7 22 11 
-0.1448795304109926 23 7 23 3 
-1.0139821837152130 23 7 23 7 
-0.1644931632417566 23 7 23 10 
0.1884011554331916 23 8 0 17 
-0.2862050610955514 23 8 1 16 
-0.0453323584366032 23 8 1 23 
0.2942360057473387 23 8 2 15 
0.0645001806703747 23 8 2 19 
-0.0929609296162735 23 8 2 22 
-0.3975448748061063 23 8 3 14 
-0.0848807028345176 23 8 3 18 
0.0034210380628327 23 8 3 21 
0.7811825536894081 23 8 4 13 
0.2646594043666745 23 8 4 20 
-1.6301999278147976 23 8 5 12 
0.0645001806703747 23 8 6 15 
0.2675912220386783 23 8 6 19 
-0.1859741436994712 23 8 6 22 
-0.0848807028345176 23 8 7 14 
-0.4081898005994323 23 8 7 18 
0.3504673069412279 23 8 7 21 
0.0453323584366032 23 8 8 16 
1.3122166686905652 23 8 8 23 
0.0929609296162735 23 8 9 15 
0.1859741436994712 23 8 9 19 
-0.2394237066348819 23 8 9 22 
-0.0034210380628327 23 8 10 14 
-0.3504673069412279 23 8 10 18 
0.6088412662586415 23 8 10 21 
-0.2646594043666745 23 8 11 13 
0.3722422848082202 23 8 11 20 
1.6301999278147976 23 8 12 5 
-0.7811825536894081 23 8 13 4 
0.2646594043666745 23 8 13 11 
0.3975448748061063 23 8 14 3 
0.0848807028345176 23 8 14 7 
0.0034210380628327 23 8 14 10 
-0.2942360057473387 23 8 15 2 
-0.0645001806703747 23 8 15 6 
-0.0929609296162735 23 8 15 9 
0.2862050610955514 23 8 16 1 
-0.0453323584366032 23 8 16 8 
-0.1884011554331916 23 8 17 0 
0.0848807028345176 23 8 18 3 
0.4081898005994323 23 8 18 7 
0.3504673069412279 23 8 18 10 
-0.0645001806703747 23 8 19 2 
-0.2675912220386783 23 8 19 6 
-0.1859741436994712 23 8 19 9 
-0.2646594043666745 23 8 20 4 
-0.3722422848082202 23 8 20 11 
-0.0034210380628327 23 8 21 3 
-0.3504673069412279 23 8 21 7 
-0.6088412662586415 23 8 21 10 
0.0929609296162735 23 8 22 2 
0.1859741436994712 23 8 22 6 
0.2394237066348819 23 8 22 9 
0.0453323584366032 23 8 23 1 
-1.3122166686905652 23 8 23 8 
-0.1262642992747870 23 9 1 17 
0.0131144776996080 23 9 2 16 
-0.1669883609540267 23 9 2 23 
-0.1789362100822664 23 9 3 15 
0.0627116933879477 23 9 3 19 
-0.1570627787212512 23 9 3 22 
0.6264777062465298 23 9 4 14 
-0.1386096073022519 23 9 4 18 
0.2702459361297274 23 9 4 21 
-1.0960767168761281 23 9 5 13 
0.3416738218431014 23 9 5 20 
0.1053283539731631 23 9 6 16 
-0.1859741436994712 23 9 6 23 
-0.1097784932187198 23 9 7 15 
-0.0811746271797301 23 9 7 19 
0.2973125660821624 23 9 7 22 
0.0585238230897564 23 9 8 17 
0.1971369208197036 23 9 9 16 
1.0727929620556829 23 9 9 23 
0.1014166237366934 23 9 10 15 
0.0124020498497186 23 9 10 19 
0.4265666549843042 23 9 10 22 
-0.4356080356143489 23 9 11 14 
-0.3504673069412279 23 9 11 18 
0.9810835510668616 23 9 11 21 
1.0960767168761281 23 9 13 5 
-0.6264777062465298 23 9 14 4 
0.4356080356143489 23 9 14 11 
0.1789362100822664 23 9 15 3 
0.1097784932187198 23 9 15 7 
-0.1014166237366934 23 9 15 10 
-0.0131144776996080 23 9 16 2 
-0.1053283539731631 23 9 16 6 
-0.1971369208197036 23 9 16 9 
0.1262642992747870 23 9 17 1 
-0.0585238230897564 23 9 17 8 
0.1386096073022519 23 9 18 4 
0.3504673069412279 23 9 18 11 
-0.0627116933879477 23 9 19 3 
0.0811746271797301 23 9 19 7 
-0.0124020498497186 23 9 19 10 
-0.3416738218431014 23 9 20 5 
-0.2702459361297274 23 9 21 4 
-0.9810835510668616 23 9 21 11 
0.1570627787212512 23 9 22 3 
-0.2973125660821624 23 9 22 7 
-0.4265666549843042 23 9 22 10 
0.1669883609540267 23 9 23 2 
0.1859741436994712 23 9 23 6 
-1.0727929620556829 23 9 23 9 
-0.1639022526650746 23 10 2 17 
-0.2333822985485703 23 10 3 16 
-0.3865028977926174 23 10 3 23 
0.6866625442718123 23 10 4 15 
0.0193829236574928 23 10 4 19 
0.0481256243181296 23 10 4 22 
-0.8496631896299027 23 10 5 14 
-0.1549702521311933 23 10 5 18 
0.5980423514388126 23 10 5 21 
0.1177606797210764 23 10 6 17 
-0.1025860569802148 23 10 7 16 
0.1644931632417566 23 10 7 23 
0.2710888954362407 23 10 9 17 
0.3405616855582246 23 10 10 16 
1.4422105216794423 23 10 10 23 
-0.5655826808994989 23 10 11 15 
-0.1644931632417566 23 10 11 19 
1.3505011106906211 23 10 11 22 
0.8496631896299027 23 10 14 5 
-0.6866625442718123 23 10 15 4 
0.5655826808994989 23 10 15 11 
0.2333822985485703 23 10 16 3 
0.1025860569802148 23 10 16 7 
-0.3405616855582246 23 10 16 10 
0.1639022526650746 23 10 17 2 
-0.1177606797210764 23 10 17 6 
-0.2710888954362407 23 10 17 9 
0.1549702521311933 23 10 18 5 
-0.0193829236574928 23 10 19 4 
0.1644931632417566 23 10 19 11 
-0.5980423514388126 23 10 21 5 
-0.0481256243181296 23 10 22 4 
-1.3505011106906211 23 10 22 11 
0.3865028977926174 23 10 23 3 
-0.1644931632417566 23 10 23 7 
-1.4422105216794423 23 10 23 10 
-0.5851822809503073 23 11 3 17 
0.7402035416702133 23 11 4 16 
-0.5830309648145314 23 11 4 23 
-0.5851822809503073 23 11 5 15 
-0.0644488699422356 23 11 5 19 
0.7526897390166407 23 11 5 22 
-0.0644488699422356 23 11 7 17 
0.7526897390166407 23 11 10 17 
-0.5830309648145314 23 11 11 16 
2.7927116323700636 23 11 11 23 
0.5851822809503073 23 11 15 5 
-0.7402035416702133 23 11 16 4 
0.5830309648145314 23 11 16 11 
0.5851822809503073 23 11 17 3 
0.0644488699422356 23 11 17 7 
-0.7526897390166407 23 11 17 10 
0.0644488699422356 23 11 19 5 
-0.7526897390166407 23 11 22 5 
0.5830309648145314 23 11 23 4 
-2.7927116323700636 23 11 23 11 
0.1914078974806580 23 12 12 16 
-0.3227114012523185 23 12 12 23 
0.0776777077238112 23 12 13 15 
0.2507757750272271 23 12 13 19 
0.1833476212563612 23 12 13 22 
0.0479367125992772 23 12 14 18 
-0.0504584763522818 23 12 14 21 
-0.0776777077238112 23 12 15 13 
0.3950554632758306 23 12 15 20 
-0.1914078974806580 23 12 16 12 
-0.0479367125992772 23 12 18 14 
0.1961188252459277 23 12 18 21 
-0.2507757750272271 23 12 19 13 
0.0781723040302670 23 12 19 20 
-0.3950554632758306 23 12 20 15 
-0.0781723040302670 23 12 20 19 
0.2831499987533450 23 12 20 22 
0.0504584763522818 23 12 21 14 
-0.1961188252459277 23 12 21 18 
-0.1833476212563612 23 12 22 13 
-0.2831499987533450 23 12 22 20 
0.3227114012523185 23 12 23 12 
0.1914078974806580 23 13 12 17 
0.2896632894118968 23 13 13 16 
-0.1806909445137923 23 13 13 23 
0.0982553919312388 23 13 14 15 
0.3386470020299757 23 13 14 19 
0.1867870014316945 23 13 14 22 
-0.0982553919312388 23 13 15 14 
0.0643138487939128 23 13 15 18 
0.2383114961202490 23 13 15 21 
-0.2896632894118968 23 13 16 13 
0.4997100264178517 23 13 16 20 
-0.1914078974806580 23 13 17 12 
-0.0643138487939128 23 13 18 15 
0.1754140099669186 23 13 18 22 
-0.3386470020299757 23 13 19 14 
0.1482590113122367 23 13 19 21 
-0.4997100264178517 23 13 20 16 
0.2193270459300712 23 13 20 23 
-0.2383114961202490 23 13 21 15 
-0.1482590113122367 23 13 21 19 
0.2193270459300712 23 13 21 22 
-0.1867870014316945 23 13 22 14 
-0.1754140099669186 23 13 22 18 
-0.2193270459300712 23 13 22 21 
0.1806909445137923 23 13 23 13 
-0.2193270459300712 23 13 23 20 
0.3803201668152534 23 14 13 17 
0.3879186813431356 23 14 14 16 
-0.0663077334907516 23 14 14 23 
0.3819277666490264 23 14 15 19 
0.3666292079661183 23 14 15 22 
-0.3879186813431356 23 14 16 14 
0.0643138487939128 23 14 16 18 
0.5443201421393585 23 14 16 21 
-0.3803201668152534 23 14 17 13 
0.3950554632758306 23 14 17 20 
-0.0643138487939128 23 14 18 16 
0.1074187045386083 23 14 18 23 
-0.3819277666490264 23 14 19 15 
0.1668531702522620 23 14 19 22 
-0.3950554632758306 23 14 20 17 
-0.5443201421393585 23 14 21 16 
0.2686196746603222 23 14 21 23 
-0.3666292079661183 23 14 22 15 
-0.1668531702522620 23 14 22 19 
0.0663077334907516 23 14 23 14 
-0.1074187045386083 23 14 23 18 
-0.2686196746603222 23 14 23 21 
0.6477068057111962 23 15 14 17 
0.3879186813431354 23 15 15 16 
0.1453657384212662 23 15 15 23 
-0.3879186813431354 23 15 16 15 
0.3815229012259175 23 15 16 19 
0.7085414269380993 23 15 16 22 
-0.6477068057111962 23 15 17 14 
0.0479367125992773 23 15 17 18 
0.6337976578491176 23 15 17 21 
-0.0479367125992773 23 15 18 17 
-0.3815229012259175 23 15 19 16 
0.1321389576064887 23 15 19 23 
-0.6337976578491176 23 15 21 17 
-0.7085414269380993 23 15 22 16 
0.1790797831068815 23 15 22 23 
-0.1453657384212662 23 15 23 15 
-0.1321389576064887 23 15 23 19 
-0.1790797831068815 23 15 23 22 
0.9936734568019402 23 16 15 17 
0.5792569778267241 23 16 16 23 
-0.9936734568019402 23 16 17 15 
0.3185685241207064 23 16 17 19 
1.0083138031928069 23 16 17 22 
-0.3185685241207064 23 16 19 17 
-1.0083138031928069 23 16 22 17 
-0.5792569778267241 23 16 23 16 
1.2569085495788257 23 17 16 17 
-1.2569085495788257 23 17 17 16 
1.3602934913300846 23 17 17 23 
-1.3602934913300846 23 17 23 17 
0.3527675758781280 23 18 13 17 
-0.2231098048862315 23 18 14 16 
0.1074187045386083 23 18 14 23 
0.4384555940989839 23 18 15 19 
-0.1097641911995563 23 18 15 22 
0.2231098048862315 23 18 16 14 
-0.6200698476731357 23 18 16 18 
0.0473390007642743 23 18 16 21 
-0.3527675758781280 23 18 17 13 
0.0781723040302670 23 18 17 20 
0.6200698476731357 23 18 18 16 
-0.2928298441224172 23 18 18 23 
-0.4384555940989839 23 18 19 15 
0.3339992771860588 23 18 19 22 
-0.0781723040302670 23 18 20 17 
-0.0473390007642743 23 18 21 16 
0.1644931632417566 23 18 21 23 
0.1097641911995563 23 18 22 15 
-0.3339992771860588 23 18 22 19 
-0.1074187045386083 23 18 23 14 
0.2928298441224172 23 18 23 18 
-0.1644931632417566 23 18 23 21 
0.4988886901723285 23 19 14 17 
-0.6693294146586947 23 19 15 16 
0.1321389576064887 23 19 15 23 
0.6693294146586947 23 19 16 15 
0.6200698476731357 23 19 16 19 
-0.2157820141861035 23 19 16 22 
-0.4988886901723285 23 19 17 14 
-1.3865183301950716 23 19 17 18 
0.2412516260209757 23 19 17 21 
1.3865183301950716 23 19 18 17 
-0.6200698476731357 23 19 19 16 
0.2856738736551171 23 19 19 23 
-0.2412516260209757 23 19 21 17 
0.2157820141861035 23 19 22 16 
0.3289863264835132 23 19 22 23 
-0.1321389576064887 23 19 23 15 
-0.2856738736551171 23 19 23 19 
-0.3289863264835132 23 19 23 22 
1.8186010832479886 23 20 12 17 
-1.0673876147849592 23 20 13 16 
0.2193270459300712 23 20 13 23 
0.6917808805534447 23 20 14 15 
0.1493808835048923 23 20 14 19 
-0.0895398915534407 23 20 14 22 
-0.6917808805534446 23 20 15 14 
-0.1493808835048923 23 20 15 18 
-0.0895398915534407 23 20 15 21 
1.0673876147849592 23 20 16 13 
0.2193270459300712 23 20 16 20 
-1.8186010832479886 23 20 17 12 
0.1493808835048923 23 20 18 15 
0.6757810226381105 23 20 18 19 
0.1644931632417566 23 20 18 22 
-0.1493808835048923 23 20 19 14 
-0.6757810226381105 23 20 19 18 
0.1644931632417566 23 20 19 21 
-0.2193270459300712 23 20 20 16 
0.9399743838823444 23 20 20 23 
0.0895398915534407 23 20 21 15 
-0.1644931632417566 23 20 21 19 
-0.8482649728935232 23 20 21 22 
0.0895398915534407 23 20 22 14 
-0.1644931632417566 23 20 22 18 
0.8482649728935232 23 20 22 21 
-0.2193270459300712 23 20 23 13 
-0.9399743838823444 23 20 23 20 
0.9698124176013411 23 21 13 17 
-0.6133632285469216 23 21 14 16 
0.2686196746603222 23 21 14 23 
0.1724901866066674 23 21 15 19 
-0.2584794024579445 23 21 15 22 
0.6133632285469216 23 21 16 14 
-0.2439379612754150 23 21 16 18 
0.0731090153100238 23 21 16 21 
-0.9698124176013411 23 21 17 13 
0.2831499987533450 23 21 17 20 
0.2439379612754150 23 21 18 16 
0.1644931632417566 23 21 18 23 
-0.1724901866066674 23 21 19 15 
0.2849105162324437 23 21 19 22 
-0.2831499987533450 23 21 20 17 
-0.0731090153100238 23 21 21 16 
0.0917094109888214 23 21 21 23 
0.2584794024579445 23 21 22 15 
-0.2849105162324437 23 21 22 19 
-0.2686196746603222 23 21 23 14 
-0.1644931632417566 23 21 23 18 
-0.0917094109888214 23 21 23 21 
0.6857609369648281 23 22 14 17 
-0.9200448428203825 23 22 15 16 
0.1790797831068815 23 22 15 23 
0.9200448428203825 23 22 16 15 
0.1219689806377075 23 22 16 19 
-0.2924360612400950 23 22 16 22 
-0.6857609369648281 23 22 17 14 
-0.2727309318522697 23 22 17 18 
0.3269534560025719 23 22 17 21 
0.2727309318522697 23 22 18 17 
-0.1219689806377075 23 22 19 16 
0.3289863264835132 23 22 19 23 
-0.3269534560025719 23 22 21 17 
0.2924360612400950 23 22 22 16 
0.0917094109888214 23 22 22 23 
-0.1790797831068815 23 22 23 15 
-0.3289863264835132 23 22 23 19 
-0.0917094109888214 23 22 23 22 
