0 0 -32.4289215845383652
0 4 0.6693294146586947
0 5 0.9200448428203825
0 8 -0.4988886901723285
0 9 -0.6857609369648280
0 10 -0.2231098048862315
0 11 -0.3864375177297320
0 12 -0.6133632285469215
0 13 -0.8481537634532695
0 14 0.3643367857221202
0 15 0.3643367857221202
0 16 -0.6917808805534447
0 17 1.6933988385041503
0 24 0.3527675758781280
0 25 0.6110113646838267
0 26 0.9698124176013411
0 27 0.8481537634532695
0 28 -0.0910841964305301
0 29 -0.0910841964305301
0 30 1.0673876147849592
0 31 -1.3177921042726355
0 33 -0.3864375177297320
0 34 -0.2231098048862315
0 35 -0.6133632285469215
0 45 0.6693294146586947
0 46 0.9200448428203825
0 71 -0.8481537634532695
0 72 -0.4554209821526503
0 73 -0.4554209821526503
0 74 -1.8186010832479886
0 75 0.5665786358096067
0 76 0.6110113646838267
0 77 0.3527675758781280
0 78 0.9698124176013411
0 83 -0.4988886901723285
0 84 -0.6857609369648280
1 1 -24.3692302068533984
1 2 -0.3815229012259175
1 3 -0.7085414269380993
1 4 -0.1550135772942269
1 5 0.8284381457049801
1 6 0.0643138487939128
1 7 0.5443201421393585
1 8 0.2140308626497937
1 9 0.6633921286999369
1 10 -0.4902887510728959
1 11 -0.1668531702522620
1 12 -0.8018067391876837
1 16 0.0982553919312388
1 19 -0.8481537634532695
1 20 0.3643367857221202
1 21 0.3643367857221202
1 22 1.6933988385041503
1 23 -0.4997100264178517
1 24 0.6053706974515026
1 26 -0.3739536986333119
1 28 0.1754140099669186
1 29 0.1482590113122367
1 30 0.5089903353419678
1 31 0.2193270459300712
1 32 -0.6110113646838267
1 41 -0.3864375177297320
1 42 -0.2231098048862315
1 44 -0.6133632285469215
1 53 0.6693294146586947
1 56 0.9200448428203825
1 74 0.1914078974806580
1 76 -0.1961188252459277
1 77 -0.0781723040302670
1 78 -0.2831499987533450
1 79 0.8481537634532695
1 80 0.4554209821526503
1 81 0.4554209821526503
1 82 -0.5665786358096067
1 91 -0.4988886901723285
1 94 -0.6857609369648280
2 1 -0.3815229012259175
2 2 -28.8465363891414697
2 3 -0.0384940078642475
2 4 1.0079885290162709
2 5 0.1219689806377075
2 6 0.7648414224457865
2 7 0.2205060988858080
2 8 0.6477068057111962
2 11 -0.8361858905815552
2 13 -0.3828700465342876
2 14 -0.7594273658422371
2 15 -0.2864091949920533
2 16 -0.1493808835048923
2 17 -0.1493808835048923
2 18 0.6857609369648280
2 19 -0.2231098048862315
2 21 0.6133632285469215
2 23 -0.0643138487939128
2 25 -0.3989669325465318
2 27 0.0957175116335719
2 29 0.6514416072399077
2 33 1.0739924804113654
2 34 0.2321511663300002
2 35 0.2439379612754150
2 36 0.3527675758781280
2 38 -0.9698124176013411
2 40 -0.0910841964305301
2 42 -1.0673876147849592
2 43 1.3177921042726355
2 59 -0.6693294146586947
2 61 0.9200448428203825
2 71 0.4785875581678595
2 73 0.1784234363897237
2 77 -0.3803201668152534
2 83 -1.3865183301950716
2 84 -0.2727309318522697
2 85 -0.4554209821526503
2 87 1.8186010832479886
2 88 -0.5665786358096067
2 90 0.6110113646838267
2 93 -0.9698124176013411
3 1 -0.7085414269380993
3 2 -0.0384940078642475
3 3 -24.2810985569136903
3 4 -0.2157820141861035
3 5 0.0954826201030402
3 6 -0.2205060988858080
3 7 -0.9230569702418870
3 9 0.6477068057111962
3 11 -0.2707300062176038
3 14 -0.3001715950635597
3 15 0.0494405061357608
3 16 0.0895398915534407
3 17 -0.3834782792967432
3 18 -0.4988886901723285
3 20 -0.2231098048862315
3 22 -0.6133632285469215
3 23 0.5443201421393585
3 25 0.4280617252995874
3 28 0.0957175116335719
3 31 -0.6514416072399077
3 33 0.0349597171538916
3 34 0.0473390007642743
3 35 0.4610276966531592
3 37 0.3527675758781280
3 39 0.9698124176013411
3 40 -0.8481537634532695
3 43 0.0910841964305301
3 44 1.0673876147849592
3 60 0.6693294146586947
3 62 0.9200448428203825
3 72 0.4785875581678595
3 75 -0.1784234363897237
3 78 0.3803201668152534
3 83 -0.2412516260209757
3 84 -0.3269534560025719
3 85 0.8481537634532695
3 88 0.4554209821526503
3 89 -1.8186010832479886
3 92 -0.6110113646838267
3 93 -0.3527675758781280
4 0 0.6693294146586947
4 1 -0.1550135772942269
4 2 1.0079885290162709
4 3 -0.2157820141861035
4 4 -21.9916351395366476
4 5 -0.5792344269591466
4 8 0.3581329359628826
4 10 0.7648414224457865
4 11 -0.3666292079661183
4 12 0.2205060988858080
4 13 0.0643138487939128
4 15 -0.5443201421393585
4 16 0.0643138487939128
4 18 0.6633921286999369
4 19 0.8731587976071835
4 20 0.7594273658422371
4 21 -0.5153975441956308
4 22 0.1493808835048923
4 27 -0.0643138487939128
4 29 0.2383114961202490
4 30 -0.0643138487939128
4 32 -0.3989669325465318
4 34 0.4997100264178517
4 36 -0.6053706974515026
4 38 -0.3739536986333119
4 40 -0.1754140099669186
4 41 -1.0739924804113654
4 42 0.2768391690119678
4 43 0.2193270459300712
4 44 -0.2439379612754150
4 66 -0.6693294146586947
4 69 0.9200448428203825
4 77 -0.3950554632758306
4 79 0.4785875581678595
4 81 0.1784234363897237
4 87 0.1914078974806580
4 90 0.1961188252459277
4 91 1.3865183301950716
4 93 -0.2831499987533450
4 94 0.2727309318522697
4 95 0.4554209821526503
4 96 0.5665786358096067
5 0 0.9200448428203825
5 1 0.8284381457049801
5 2 0.1219689806377075
5 3 0.0954826201030402
5 4 -0.5792344269591466
5 5 -16.1191072906435586
5 9 0.3581329359628826
5 10 -0.2205060988858080
5 11 0.3819277666490264
5 12 -0.9230569702418870
5 14 0.0643138487939128
5 16 -0.2383114961202490
5 17 0.5443201421393585
5 18 -0.2140308626497937
5 20 0.7904603461364557
5 21 -0.0494405061357608
5 22 1.1852850184844272
5 28 -0.0643138487939128
5 30 0.5443201421393585
5 31 -0.2383114961202490
5 32 0.4280617252995874
5 35 -0.4997100264178517
5 37 -0.6053706974515026
5 39 0.3739536986333119
5 41 -0.0349597171538916
5 42 -0.0473390007642743
5 43 0.1482590113122367
5 44 -0.9700180319951273
5 68 0.6693294146586947
5 70 0.9200448428203825
5 78 0.3950554632758306
5 80 0.4785875581678595
5 82 -0.1784234363897237
5 89 -0.1914078974806580
5 91 0.2412516260209757
5 92 -0.1961188252459277
5 93 -0.0781723040302670
5 94 0.3269534560025719
5 95 -0.8481537634532695
5 96 -0.4554209821526503
6 1 0.0643138487939128
6 2 0.7648414224457865
6 3 -0.2205060988858080
6 6 -28.8465363891414661
6 7 0.0384940078642476
6 8 1.3865183301950716
6 9 0.2727309318522697
6 10 -0.2321511663300002
6 11 -1.0739924804113654
6 12 -0.2439379612754150
6 13 0.3828700465342876
6 14 0.2864091949920532
6 15 0.7594273658422371
6 16 0.1493808835048923
6 17 0.1493808835048923
6 19 0.6693294146586947
6 20 0.9200448428203825
6 23 0.3815229012259175
6 24 0.3803201668152534
6 27 -0.0957175116335719
6 28 -0.6514416072399077
6 33 0.8361858905815552
6 45 -1.0079885290162709
6 46 -0.1219689806377075
6 47 -0.6110113646838267
6 48 -0.9698124176013411
6 52 0.0910841964305301
6 53 -1.0673876147849592
6 54 1.3177921042726355
6 59 0.2231098048862315
6 60 0.6133632285469215
6 71 -0.4785875581678595
6 72 -0.1784234363897237
6 76 0.3989669325465318
6 83 -0.6477068057111962
6 97 0.4554209821526503
6 98 1.8186010832479886
6 99 -0.5665786358096067
6 102 -0.3527675758781280
6 103 -0.9698124176013411
6 109 0.6857609369648280
7 1 0.5443201421393585
7 2 0.2205060988858080
7 3 -0.9230569702418870
7 6 0.0384940078642476
7 7 -24.2810985569136868
7 8 -0.2412516260209757
7 9 -0.3269534560025719
7 10 0.0473390007642743
7 11 0.0349597171538916
7 12 0.4610276966531592
7 14 0.0494405061357608
7 15 -0.3001715950635597
7 16 0.0895398915534407
7 17 -0.3834782792967432
7 21 -0.6693294146586947
7 22 0.9200448428203825
7 23 -0.7085414269380993
7 26 0.3803201668152534
7 29 0.0957175116335719
7 31 -0.6514416072399077
7 33 -0.2707300062176038
7 45 -0.2157820141861035
7 46 0.0954826201030402
7 48 0.3527675758781280
7 50 0.6110113646838267
7 52 -0.8481537634532695
7 54 -0.0910841964305301
7 56 1.0673876147849592
7 61 0.2231098048862315
7 62 -0.6133632285469215
7 73 0.4785875581678595
7 75 -0.1784234363897237
7 76 0.4280617252995874
7 84 0.6477068057111962
7 97 0.8481537634532695
7 99 -0.4554209821526503
7 101 -1.8186010832479886
7 104 -0.3527675758781280
7 105 0.9698124176013411
7 109 0.4988886901723285
8 0 -0.4988886901723285
8 1 0.2140308626497937
8 2 0.6477068057111962
8 4 0.3581329359628826
8 6 1.3865183301950716
8 7 -0.2412516260209757
8 8 -21.2087228740000810
8 9 -0.6317464646056793
8 10 0.5700791375321372
8 11 -1.0083138031928069
8 12 0.2230657850946565
8 13 -0.0479367125992773
8 15 0.6337976578491176
8 16 -0.0479367125992772
8 18 0.2836696036330854
8 19 -0.6420925879493813
8 21 0.1345417363931263
8 24 0.7210994084583739
8 25 -0.1867870014316945
8 26 0.1707635258397419
8 32 0.6514416072399077
8 36 0.2707300062176038
8 38 -0.8361858905815552
8 47 -0.1754140099669186
8 48 -1.0739924804113654
8 49 0.1785837770807288
8 50 0.2193270459300712
8 51 -0.2439379612754150
8 57 -0.0910841964305301
8 58 1.3177921042726355
8 63 -0.3864375177297320
8 65 0.6133632285469215
8 71 -0.0479367125992772
8 73 -0.0504584763522818
8 74 -0.0479367125992773
8 79 -0.4280617252995874
8 81 -0.3989669325465318
8 87 0.6477068057111962
8 97 0.1961188252459277
8 98 1.3865183301950716
8 100 -0.2831499987533450
8 101 0.2727309318522697
8 106 0.6110113646838267
8 108 -0.9698124176013411
8 110 -0.4988886901723285
8 113 0.6857609369648280
9 0 -0.6857609369648280
9 1 0.6633921286999369
9 3 0.6477068057111962
9 5 0.3581329359628826
9 6 0.2727309318522697
9 7 -0.3269534560025719
9 8 -0.6317464646056793
9 9 -16.4052680931161881
9 10 -0.1056452992799817
9 11 0.3185685241207064
9 12 -0.1293132501343541
9 14 -0.0479367125992773
9 16 -0.0504584763522818
9 17 -0.6337976578491176
9 18 0.3581497934664072
9 20 -0.6420925879493813
9 22 -0.1345417363931263
9 24 -0.2450267616673147
9 25 0.3386470020299757
9 26 -0.6935922832859108
9 32 -0.0957175116335719
9 37 0.2707300062176038
9 39 0.8361858905815552
9 48 -0.0349597171538916
9 49 -0.0473390007642743
9 50 0.1482590113122367
9 51 -0.8717626400638883
9 57 -0.8481537634532695
9 58 0.0910841964305301
9 64 0.3864375177297320
9 65 0.2231098048862315
9 72 -0.0479367125992772
9 74 0.6337976578491176
9 75 0.0504584763522818
9 80 -0.4280617252995874
9 82 0.3989669325465318
9 89 -0.6477068057111962
9 98 0.2412516260209757
9 99 -0.1961188252459277
9 100 -0.0781723040302670
9 101 0.3269534560025719
9 107 -0.6110113646838267
9 108 -0.3527675758781280
9 112 0.4988886901723285
9 114 0.6857609369648280
10 0 -0.2231098048862315
10 1 -0.4902887510728959
10 4 0.7648414224457865
10 5 -0.2205060988858080
10 6 -0.2321511663300002
10 7 0.0473390007642743
10 8 0.5700791375321372
10 9 -0.1056452992799817
10 10 -20.5930269412938145
10 11 -0.3339992771860588
10 12 -0.3552572605377391
10 13 -0.3815229012259175
10 14 -0.7085414269380993
10 16 0.3386470020299757
10 19 -0.2278564692400606
10 20 -1.1148473406970332
10 21 -0.7594273658422371
10 22 -0.1493808835048923
10 24 0.3376509701141359
10 27 -0.3386470020299757
10 28 -0.1867870014316945
10 30 0.3815229012259175
10 41 -0.8361858905815552
10 45 0.4997100264178517
10 48 -0.3739536986333119
10 52 0.1482590113122367
10 53 1.5169788643582387
10 54 0.2193270459300712
10 56 0.1219689806377075
10 57 0.6110113646838267
10 66 0.2231098048862315
10 68 0.6133632285469215
10 76 -0.0504584763522818
10 79 -0.4785875581678595
10 80 -0.1784234363897237
10 91 0.6477068057111962
10 98 0.1914078974806580
10 102 -0.0781723040302670
10 103 -0.2831499987533450
10 106 -0.4554209821526503
10 107 0.5665786358096067
10 116 0.6857609369648280
11 0 -0.3864375177297320
11 1 -0.1668531702522620
11 2 -0.8361858905815552
11 3 -0.2707300062176038
11 4 -0.3666292079661183
11 5 0.3819277666490264
11 6 -1.0739924804113654
11 7 0.0349597171538916
11 8 -1.0083138031928069
11 9 0.3185685241207064
11 10 -0.3339992771860588
11 11 -21.0139076310103690
11 12 -0.2849105162324437
11 13 0.1707635258397419
11 14 0.7210994084583739
11 15 -0.6935922832859108
11 17 0.2450267616673147
11 18 -0.9936734568019402
11 19 -0.1097641911995563
11 20 -0.4384555940989839
11 21 0.2584794024579445
11 22 -0.1724901866066674
11 25 0.3376509701141359
11 27 0.2450267616673147
11 28 0.7210994084583739
11 29 -0.6935922832859108
11 31 0.1707635258397419
11 32 -0.3803201668152534
11 40 0.2707300062176038
11 43 -0.8361858905815552
11 47 -0.6053706974515026
11 50 -0.3739536986333119
11 52 -0.0349597171538916
11 54 -1.0739924804113654
11 55 0.1306211383919201
11 57 0.3527675758781280
11 58 -0.9698124176013411
11 67 -0.3864375177297320
11 77 0.6337976578491176
11 78 -0.0479367125992773
11 93 0.6477068057111962
11 100 0.1914078974806580
11 102 0.2412516260209757
11 103 1.3865183301950716
11 104 -0.3269534560025719
11 105 0.2727309318522697
11 108 1.8186010832479886
11 115 -0.4988886901723285
11 117 0.6857609369648280
12 0 -0.6133632285469215
12 1 -0.8018067391876837
12 4 0.2205060988858080
12 5 -0.9230569702418870
12 6 -0.2439379612754150
12 7 0.4610276966531592
12 8 0.2230657850946565
12 9 -0.1293132501343541
12 10 -0.3552572605377391
12 11 -0.2849105162324437
12 12 -16.9001552375583799
12 15 0.3815229012259175
12 16 -0.1867870014316945
12 17 -0.7085414269380993
12 20 -0.0494405061357608
12 21 0.1451580177693327
12 22 -0.4449598664082367
12 26 0.3376509701141359
12 29 0.3386470020299757
12 30 -0.7085414269380993
12 31 -0.1867870014316945
12 41 0.2707300062176038
12 46 -0.4997100264178517
12 48 -0.6053706974515026
12 53 0.2157820141861035
12 54 -0.1754140099669186
12 56 -0.6044729554450082
12 58 -0.6110113646838267
12 69 0.2231098048862315
12 70 -0.6133632285469215
12 76 -0.0479367125992772
12 81 0.4785875581678595
12 82 -0.1784234363897237
12 94 -0.6477068057111962
12 101 -0.1914078974806580
12 104 -0.0781723040302670
12 105 0.2831499987533450
12 106 -0.8481537634532695
12 107 0.4554209821526503
12 116 0.4988886901723285
13 0 -0.8481537634532695
13 2 -0.3828700465342876
13 4 0.0643138487939128
13 6 0.3828700465342876
13 8 -0.0479367125992773
13 10 -0.3815229012259175
13 11 0.1707635258397419
13 13 -27.8332387490115032
13 14 0.0700160501953769
13 15 0.0700160501953769
13 16 -0.6757810226381105
13 17 0.6757810226381105
13 18 0.2727309318522697
13 19 -0.7758373626862709
13 20 -0.1219689806377075
13 21 -0.2439379612754150
13 27 0.8096603953725611
13 33 0.1707635258397419
13 34 -0.3815229012259175
13 36 -0.3803201668152534
13 40 0.6514416072399077
13 45 0.0643138487939128
13 47 -0.3989669325465318
13 52 0.6514416072399077
13 59 -0.7758373626862709
13 60 0.2439379612754150
13 61 0.1219689806377075
13 63 0.9698124176013411
13 66 1.0673876147849592
13 67 -1.3177921042726355
13 71 -0.3825619474821162
13 83 -0.0479367125992773
13 85 0.1784234363897237
13 90 -0.3989669325465318
13 97 0.1784234363897237
13 102 -0.3803201668152534
13 109 -0.2727309318522697
13 110 -1.8186010832479886
13 111 0.5665786358096067
13 115 0.9698124176013411
14 0 0.3643367857221202
14 2 -0.7594273658422371
14 3 -0.3001715950635597
14 5 0.0643138487939128
14 6 0.2864091949920532
14 7 0.0494405061357608
14 9 -0.0479367125992773
14 10 -0.7085414269380993
14 11 0.7210994084583739
14 13 0.0700160501953769
14 14 -21.4323388804598274
14 15 -0.3856691451850230
14 16 -0.1644931632417566
14 17 -0.2345092134371335
14 18 -1.3865183301950716
14 19 0.2157820141861035
14 20 0.1366685462269598
14 22 0.2439379612754150
14 28 0.8096603953725611
14 33 -0.6935922832859108
14 35 0.3815229012259175
14 37 -0.3803201668152534
14 40 -0.0957175116335719
14 45 -0.5443201421393585
14 47 0.4280617252995874
14 54 -0.6514416072399077
14 59 0.0473390007642743
14 60 1.4690162256694304
14 62 0.1219689806377075
14 64 -0.9698124176013411
14 67 -0.0910841964305301
14 68 -1.0673876147849592
14 72 -0.3825619474821162
14 83 0.6337976578491176
14 85 -0.4785875581678595
14 92 0.3989669325465318
14 99 -0.1784234363897237
14 103 0.3803201668152534
14 109 -0.3269534560025719
14 111 -0.4554209821526503
14 112 1.8186010832479886
14 115 0.3527675758781280
15 0 0.3643367857221202
15 2 -0.2864091949920533
15 3 0.0494405061357608
15 4 -0.5443201421393585
15 6 0.7594273658422371
15 7 -0.3001715950635597
15 8 0.6337976578491176
15 11 -0.6935922832859108
15 12 0.3815229012259175
15 13 0.0700160501953769
15 14 -0.3856691451850230
15 15 -21.4323388804598274
15 16 -0.1644931632417566
15 17 -0.2345092134371335
15 18 0.3269534560025719
15 19 0.0473390007642743
15 21 -1.4690162256694304
15 22 0.1219689806377075
15 29 0.8096603953725611
15 33 0.7210994084583739
15 34 -0.7085414269380993
15 38 -0.3803201668152534
15 43 0.6514416072399077
15 46 0.0643138487939128
15 50 -0.3989669325465318
15 52 -0.0957175116335719
15 59 0.2157820141861035
15 61 -0.1366685462269598
15 62 0.2439379612754150
15 63 0.3527675758781280
15 67 -0.0910841964305301
15 69 -1.0673876147849592
15 73 -0.3825619474821162
15 84 -0.0479367125992773
15 88 0.1784234363897237
15 90 0.4280617252995874
15 97 -0.4785875581678595
15 104 0.3803201668152534
15 109 1.3865183301950716
15 111 -0.4554209821526503
15 113 1.8186010832479886
15 117 -0.9698124176013411
16 0 -0.6917808805534447
16 1 0.0982553919312388
16 2 -0.1493808835048923
16 3 0.0895398915534407
16 4 0.0643138487939128
16 5 -0.2383114961202490
16 6 0.1493808835048923
16 7 0.0895398915534407
16 8 -0.0479367125992772
16 9 -0.0504584763522818
16 10 0.3386470020299757
16 12 -0.1867870014316945
16 13 -0.6757810226381105
16 14 -0.1644931632417566
16 15 -0.1644931632417566
16 16 -19.4679326583826153
16 17 0.8482649728935232
16 18 -0.1961188252459277
16 20 0.1482590113122367
16 21 0.1754140099669186
16 22 0.2193270459300712
16 23 0.0982553919312388
16 30 0.8096603953725611
16 34 0.3386470020299757
16 35 -0.1867870014316945
16 42 0.0957175116335719
16 44 -0.6514416072399077
16 45 0.0643138487939128
16 46 -0.2383114961202490
16 49 -0.4280617252995874
16 51 0.3989669325465318
16 53 -0.0957175116335719
16 56 -0.6514416072399077
16 60 -0.1754140099669186
16 61 -0.1482590113122367
16 62 0.2193270459300712
16 65 -0.6110113646838267
16 66 0.8481537634532695
16 68 0.0910841964305301
16 69 0.0910841964305301
16 70 -1.3177921042726355
16 74 -0.3825619474821162
16 83 -0.0479367125992772
16 84 -0.0504584763522818
16 87 0.4785875581678595
16 89 -0.1784234363897237
16 91 0.4280617252995874
16 94 0.3989669325465318
16 98 -0.4785875581678595
16 101 -0.1784234363897237
16 109 0.1961188252459277
16 110 -0.8481537634532695
16 112 0.4554209821526503
16 113 0.4554209821526503
16 114 0.5665786358096067
16 116 -0.6110113646838267
17 0 1.6933988385041503
17 2 -0.1493808835048923
17 3 -0.3834782792967432
17 5 0.5443201421393585
17 6 0.1493808835048923
17 7 -0.3834782792967432
17 9 -0.6337976578491176
17 11 0.2450267616673147
17 12 -0.7085414269380993
17 13 0.6757810226381105
17 14 -0.2345092134371335
17 15 -0.2345092134371335
17 16 0.8482649728935232
17 17 -17.7638898403430545
17 18 0.2412516260209757
17 20 -0.0473390007642743
17 21 -0.2157820141861035
17 22 -0.5565103167561997
17 31 0.8096603953725611
17 33 0.2450267616673147
17 35 -0.7085414269380993
17 39 -0.3803201668152534
17 43 0.0957175116335719
17 46 0.5443201421393585
17 50 -0.4280617252995874
17 54 -0.0957175116335719
17 60 0.2157820141861035
17 61 0.0473390007642743
17 62 -0.5565103167561997
17 64 0.3527675758781280
17 67 0.8481537634532695
17 70 1.0673876147849592
17 75 -0.3825619474821162
17 84 -0.6337976578491176
17 88 0.4785875581678595
17 92 0.4280617252995874
17 99 -0.4785875581678595
17 105 -0.3803201668152534
17 109 -0.2412516260209757
17 111 -0.8481537634532695
17 114 -1.8186010832479886
17 117 0.3527675758781280
18 2 0.6857609369648280
18 3 -0.4988886901723285
18 4 0.6633921286999369
18 5 -0.2140308626497937
18 8 0.2836696036330854
18 9 0.3581497934664072
18 11 -0.9936734568019402
18 13 0.2727309318522697
18 14 -1.3865183301950716
18 15 0.3269534560025719
18 16 -0.1961188252459277
18 17 0.2412516260209757
18 18 -14.3248966626909215
18 19 0.1056452992799817
18 20 0.5700791375321372
18 21 -0.1293132501343541
18 22 0.2230657850946565
18 25 0.0982553919312388
18 32 0.8096603953725611
18 36 0.2450267616673147
18 37 0.7210994084583739
18 38 -0.6935922832859108
18 39 0.1707635258397419
18 47 -0.0643138487939128
18 49 -0.5443201421393585
18 50 0.2383114961202490
18 51 0.0643138487939128
18 57 0.0957175116335719
18 58 0.6514416072399077
18 63 0.0349597171538916
18 64 1.0739924804113654
18 65 -0.6396114737338883
18 85 0.0479367125992772
18 87 0.6337976578491176
18 88 0.0504584763522818
18 89 -0.0479367125992773
18 95 -0.4280617252995874
18 96 -0.3989669325465318
18 100 -0.3950554632758306
18 108 -0.3803201668152534
18 110 -0.2412516260209757
18 111 0.1961188252459277
18 112 -1.3865183301950716
18 113 0.3269534560025719
18 114 -0.2727309318522697
18 118 -0.6110113646838267
19 1 -0.8481537634532695
19 2 -0.2231098048862315
19 4 0.8731587976071835
19 6 0.6693294146586947
19 8 -0.6420925879493813
19 10 -0.2278564692400606
19 11 -0.1097641911995563
19 13 -0.7758373626862709
19 14 0.2157820141861035
19 15 0.0473390007642743
19 18 0.1056452992799817
19 19 -20.7845194292439963
19 20 -0.4707243688995222
19 21 0.4637673185973635
19 22 0.6757810226381105
19 27 0.0982553919312388
19 36 0.3376509701141359
19 40 -0.1867870014316945
19 41 0.1707635258397419
19 42 -0.3815229012259175
19 52 -0.2383114961202490
19 53 0.0643138487939128
19 57 -0.3989669325465318
19 59 -0.4997100264178517
19 63 -0.3739536986333119
19 66 1.2848276980282387
19 67 0.2193270459300712
19 68 -0.2439379612754150
19 69 -0.1219689806377075
19 79 0.3825619474821162
19 90 -0.0504584763522818
19 91 -0.0479367125992773
19 95 0.1784234363897237
19 102 0.3950554632758306
19 106 0.1784234363897237
19 110 0.1914078974806580
19 115 -0.2831499987533450
19 116 0.2727309318522697
19 118 -0.5665786358096067
20 1 0.3643367857221202
20 3 -0.2231098048862315
20 4 0.7594273658422371
20 5 0.7904603461364557
20 6 0.9200448428203825
20 9 -0.6420925879493813
20 10 -1.1148473406970332
20 11 -0.4384555940989839
20 12 -0.0494405061357608
20 13 -0.1219689806377075
20 14 0.1366685462269598
20 16 0.1482590113122367
20 17 -0.0473390007642743
20 18 0.5700791375321372
20 19 -0.4707243688995222
20 20 -13.0765295440270108
20 21 -0.3856691451850230
20 22 -0.6282604818391202
20 28 0.0982553919312388
20 37 0.3376509701141359
20 40 0.3386470020299757
20 41 -0.6935922832859108
20 44 0.3815229012259175
20 53 -0.5443201421393585
20 54 0.2383114961202490
20 57 0.4280617252995874
20 60 0.4997100264178517
20 64 0.3739536986333119
20 66 -0.0473390007642743
20 67 0.1482590113122367
20 68 -1.9780065610113982
20 70 -0.1219689806377075
20 80 0.3825619474821162
20 91 0.6337976578491176
20 92 0.0504584763522818
20 95 -0.4785875581678595
20 103 -0.3950554632758306
20 107 -0.1784234363897237
20 112 -0.1914078974806580
20 115 -0.0781723040302670
20 116 0.3269534560025719
20 118 0.4554209821526503
21 1 0.3643367857221202
21 2 0.6133632285469215
21 4 -0.5153975441956308
21 5 -0.0494405061357608
21 7 -0.6693294146586947
21 8 0.1345417363931263
21 10 -0.7594273658422371
21 11 0.2584794024579445
21 12 0.1451580177693327
21 13 -0.2439379612754150
21 15 -1.4690162256694304
21 16 0.1754140099669186
21 17 -0.2157820141861035
21 18 -0.1293132501343541
21 19 0.4637673185973635
21 20 -0.3856691451850230
21 21 -15.2561856891846652
21 22 0.3062312056577656
21 29 0.0982553919312388
21 38 0.3376509701141359
21 41 0.7210994084583739
21 42 -0.7085414269380993
21 43 -0.1867870014316945
21 52 -0.0643138487939128
21 56 0.0643138487939128
21 58 -0.3989669325465318
21 61 0.4997100264178517
21 63 0.6053706974515026
21 66 -0.2157820141861035
21 67 0.1754140099669186
21 69 -0.3723217891150081
21 70 -0.2439379612754150
21 81 0.3825619474821162
21 90 0.0479367125992772
21 94 -0.0479367125992773
21 96 0.1784234363897237
21 104 -0.3950554632758306
21 106 -0.4785875581678595
21 113 -0.1914078974806580
21 116 -1.3865183301950716
21 117 0.2831499987533450
21 118 0.4554209821526503
22 1 1.6933988385041503
22 3 -0.6133632285469215
22 4 0.1493808835048923
22 5 1.1852850184844272
22 7 0.9200448428203825
22 9 -0.1345417363931263
22 10 -0.1493808835048923
22 11 -0.1724901866066674
22 12 -0.4449598664082367
22 14 0.2439379612754150
22 15 0.1219689806377075
22 16 0.2193270459300712
22 17 -0.5565103167561997
22 18 0.2230657850946565
22 19 0.6757810226381105
22 20 -0.6282604818391202
22 21 0.3062312056577656
22 22 -10.2806466324025827
22 31 0.0982553919312388
22 39 0.3376509701141359
22 41 0.2450267616673147
22 43 -0.3386470020299757
22 44 -0.7085414269380993
22 54 -0.0643138487939128
22 56 0.5443201421393585
22 58 -0.4280617252995874
22 62 -0.4997100264178517
22 64 0.6053706974515026
22 68 -0.2157820141861035
22 69 -0.0473390007642743
22 70 1.0655006520981676
22 82 0.3825619474821162
22 92 0.0479367125992772
22 94 -0.6337976578491176
22 96 0.4785875581678595
22 105 0.3950554632758306
22 107 -0.4785875581678595
22 114 0.1914078974806580
22 116 0.2412516260209757
22 117 -0.0781723040302670
22 118 0.8481537634532695
23 1 -0.4997100264178517
23 2 -0.0643138487939128
23 3 0.5443201421393585
23 6 0.3815229012259175
23 7 -0.7085414269380993
23 16 0.0982553919312388
23 23 -24.3692302068533984
23 24 -0.0781723040302670
23 25 -0.1961188252459277
23 26 -0.2831499987533450
23 28 0.1482590113122367
23 29 0.1754140099669186
23 30 0.5089903353419679
23 31 0.2193270459300712
23 33 -0.1668531702522620
23 34 -0.4902887510728959
23 35 -0.8018067391876836
23 42 -0.6693294146586947
23 44 0.9200448428203825
23 45 -0.1550135772942270
23 46 0.8284381457049803
23 49 0.4988886901723285
23 51 -0.6857609369648280
23 53 0.2231098048862315
23 55 0.3864375177297320
23 56 -0.6133632285469215
23 59 -0.8481537634532695
23 60 -0.3643367857221202
23 61 -0.3643367857221202
23 62 1.6933988385041503
23 74 0.1914078974806580
23 77 0.6053706974515026
23 78 -0.3739536986333119
23 83 0.2140308626497937
23 84 0.6633921286999369
23 119 0.8481537634532695
23 120 -0.4554209821526503
23 121 -0.4554209821526503
23 122 -0.5665786358096067
23 123 0.6110113646838267
24 0 0.3527675758781280
24 1 0.6053706974515026
24 6 0.3803201668152534
24 8 0.7210994084583739
24 9 -0.2450267616673147
24 10 0.3376509701141359
24 23 -0.0781723040302670
24 24 -20.2466974747313273
24 25 -0.3339992771860588
24 26 -0.2764892040679404
24 27 -0.3185685241207064
24 28 -1.0083138031928069
24 30 0.2507757750272271
24 32 1.0739924804113654
24 33 0.6337976578491176
24 36 -0.5150090041407762
24 37 -1.1750162343742110
24 38 -0.7594273658422371
24 39 -0.1493808835048923
24 41 0.1345417363931263
24 45 -0.3950554632758306
24 47 0.1668531702522620
24 48 0.7915379550774668
24 49 0.4384555940989839
24 51 0.1724901866066674
24 53 -0.0776777077238112
24 57 -0.3864375177297320
24 63 0.3643367857221202
24 64 1.6933988385041503
24 71 -0.2507757750272271
24 72 -0.1833476212563612
24 74 0.3185685241207064
24 79 0.6053706974515026
24 80 0.3739536986333119
24 86 -0.6633921286999369
24 98 0.9936734568019402
24 119 -0.0781723040302670
24 120 -0.2831499987533450
24 124 -0.3527675758781280
24 126 -0.9698124176013411
24 130 0.6857609369648280
25 0 0.6110113646838267
25 2 -0.3989669325465318
25 3 0.4280617252995874
25 8 -0.1867870014316945
25 9 0.3386470020299757
25 11 0.3376509701141359
25 18 0.0982553919312388
25 23 -0.1961188252459277
25 24 -0.3339992771860588
25 25 -22.3756672892219122
25 26 -0.2849105162324437
25 27 0.1056452992799817
25 28 0.5700791375321372
25 29 -0.1293132501343541
25 31 0.2230657850946565
25 32 -0.6396114737338884
25 34 -0.0504584763522818
25 35 -0.0479367125992772
25 36 -0.1097641911995563
25 37 -0.4384555940989839
25 38 0.2584794024579445
25 39 -0.1724901866066674
25 40 -0.6420925879493813
25 43 0.1345417363931263
25 47 0.8484385445393030
25 49 -0.0895398915534407
25 50 -1.0854763428207699
25 51 0.1493808835048923
25 55 -0.0776777077238112
25 57 -0.2231098048862315
25 58 0.6133632285469215
25 65 0.6917808805534447
25 71 0.2230657850946565
25 72 0.5700791375321372
25 73 -0.1293132501343541
25 75 0.1056452992799817
25 85 -0.2140308626497937
25 88 -0.6633921286999369
25 100 0.9936734568019402
25 119 0.2412516260209757
25 120 1.3865183301950716
25 121 -0.3269534560025719
25 122 0.2727309318522697
25 125 0.6110113646838267
25 129 -0.4988886901723285
25 131 0.6857609369648280
26 0 0.9698124176013411
26 1 -0.3739536986333119
26 7 0.3803201668152534
26 8 0.1707635258397419
26 9 -0.6935922832859108
26 12 0.3376509701141359
26 23 -0.2831499987533450
26 24 -0.2764892040679404
26 25 -0.2849105162324437
26 26 -16.4709140338494358
26 29 0.3185685241207064
26 30 -0.1833476212563612
26 31 -1.0083138031928069
26 32 -0.0349597171538916
26 33 -0.0479367125992773
26 37 -0.0494405061357608
26 38 0.4323105526700484
26 39 -0.5051287600854146
26 41 -0.6420925879493813
26 46 0.3950554632758306
26 48 0.8151805992043359
26 49 0.1097641911995563
26 50 -0.1668531702522620
26 51 0.2584794024579445
26 56 0.0776777077238112
26 58 0.3864375177297320
26 63 -0.8481537634532695
26 64 -0.3643367857221202
26 73 0.2507757750272271
26 74 -1.0083138031928069
26 75 -0.1833476212563612
26 81 -0.6053706974515026
26 82 0.3739536986333119
26 86 -0.2140308626497937
26 101 -0.9936734568019402
26 121 -0.0781723040302670
26 122 0.2831499987533450
26 127 -0.3527675758781280
26 128 0.9698124176013411
26 130 0.4988886901723285
27 0 0.8481537634532695
27 2 0.0957175116335719
27 4 -0.0643138487939128
27 6 -0.0957175116335719
27 10 -0.3386470020299757
27 11 0.2450267616673147
27 13 0.8096603953725611
27 19 0.0982553919312388
27 24 -0.3185685241207064
27 25 0.1056452992799817
27 27 -27.5663022190799758
27 28 0.0175040125488443
27 29 0.0175040125488443
27 30 -0.6757810226381105
27 31 0.6757810226381105
27 32 0.2727309318522697
27 33 0.2450267616673147
27 34 -0.3386470020299757
27 36 -0.9936734568019402
27 40 0.1161712980707373
27 41 -0.1724901866066674
27 42 -0.1493808835048923
27 43 -0.1493808835048923
27 45 -0.0643138487939128
27 47 0.6633921286999369
27 52 0.1161712980707373
27 53 0.1493808835048923
27 54 0.1493808835048923
27 55 0.1724901866066674
27 57 0.6857609369648280
27 59 0.0982553919312388
27 66 -0.6917808805534447
27 67 1.6933988385041503
27 71 0.6494984774136444
27 76 0.1056452992799817
27 77 -0.3185685241207064
27 79 -0.1914078974806580
27 90 0.6633921286999369
27 102 -0.9936734568019402
27 119 -0.1914078974806580
27 123 -0.2727309318522697
27 124 -1.8186010832479886
27 125 0.5665786358096067
27 132 0.6857609369648280
28 0 -0.0910841964305301
28 1 0.1754140099669186
28 3 0.0957175116335719
28 5 -0.0643138487939128
28 6 -0.6514416072399077
28 10 -0.1867870014316945
28 11 0.7210994084583739
28 14 0.8096603953725611
28 20 0.0982553919312388
28 23 0.1482590113122367
28 24 -1.0083138031928069
28 25 0.5700791375321372
28 27 0.0175040125488443
28 28 -21.4849103789107190
28 29 -0.3856691451850230
28 30 -0.1644931632417566
28 31 -0.1819971757906009
28 32 -1.3865183301950716
28 33 -0.6935922832859108
28 35 0.3386470020299757
28 37 -0.9936734568019402
28 40 0.0611416990407972
28 41 0.2584794024579445
28 43 -0.7594273658422371
28 44 0.1493808835048923
28 45 0.2383114961202490
28 47 -0.2140308626497937
28 52 -0.0494405061357608
28 53 -0.0895398915534407
28 54 0.5537161762180591
28 55 0.4384555940989839
28 57 -0.4988886901723285
28 60 -0.0982553919312388
28 67 0.3643367857221202
28 68 0.6917808805534447
28 72 0.6494984774136444
28 76 -0.1293132501343541
28 78 0.3185685241207064
28 80 -0.1914078974806580
28 92 -0.6633921286999369
28 103 0.9936734568019402
28 120 0.1914078974806580
28 123 -0.3269534560025719
28 125 -0.4554209821526503
28 126 1.8186010832479886
28 133 0.6857609369648280
29 0 -0.0910841964305301
29 1 0.1482590113122367
29 2 0.6514416072399077
29 4 0.2383114961202490
29 7 0.0957175116335719
29 11 -0.6935922832859108
29 12 0.3386470020299757
29 15 0.8096603953725611
29 21 0.0982553919312388
29 23 0.1754140099669186
29 25 -0.1293132501343541
29 26 0.3185685241207064
29 27 0.0175040125488443
29 28 -0.3856691451850230
29 29 -21.4849103789107154
29 30 -0.1644931632417566
29 31 -0.1819971757906009
29 32 0.3269534560025719
29 33 0.7210994084583739
29 34 -0.1867870014316945
29 38 -0.9936734568019402
29 40 -0.0494405061357608
29 41 -0.4384555940989839
29 42 0.0895398915534407
29 43 -0.5537161762180591
29 46 -0.0643138487939128
29 50 0.6633921286999369
29 52 0.0611416990407972
29 54 0.7594273658422371
29 55 -0.2584794024579445
29 56 0.1493808835048923
29 58 0.6857609369648280
29 61 -0.0982553919312388
29 67 0.3643367857221202
29 69 0.6917808805534447
29 73 0.6494984774136444
29 76 0.5700791375321372
29 77 -1.0083138031928069
29 81 -0.1914078974806580
29 90 -0.2140308626497937
29 104 0.9936734568019402
29 121 0.1914078974806580
29 123 1.3865183301950716
29 125 -0.4554209821526503
29 127 1.8186010832479886
29 132 -0.4988886901723285
30 0 1.0673876147849592
30 1 0.5089903353419678
30 4 -0.0643138487939128
30 5 0.5443201421393585
30 10 0.3815229012259175
30 12 -0.7085414269380993
30 16 0.8096603953725611
30 23 0.5089903353419679
30 24 0.2507757750272271
30 26 -0.1833476212563612
30 27 -0.6757810226381105
30 28 -0.1644931632417566
30 29 -0.1644931632417566
30 30 -18.5619800716862500
30 31 0.8482649728935232
30 32 -0.1961188252459277
30 34 0.3815229012259175
30 35 -0.7085414269380993
30 41 0.1668531702522620
30 42 0.3352751737786689
30 44 -0.0266314065172963
30 45 -0.0643138487939128
30 46 0.5443201421393585
30 49 0.2140308626497937
30 51 -0.6633921286999369
30 53 -0.3352751737786689
30 55 -0.1668531702522620
30 56 -0.0266314065172963
30 66 -0.8481537634532695
30 68 -0.3643367857221202
30 69 -0.3643367857221202
30 70 1.6933988385041503
30 74 0.6494984774136444
30 77 0.2507757750272271
30 78 -0.1833476212563612
30 91 -0.2140308626497937
30 94 -0.6633921286999369
30 123 0.1961188252459277
30 124 -0.8481537634532695
30 126 0.4554209821526503
30 127 0.4554209821526503
30 128 0.5665786358096067
31 0 -1.3177921042726355
31 1 0.2193270459300712
31 3 -0.6514416072399077
31 5 -0.2383114961202490
31 7 -0.6514416072399077
31 11 0.1707635258397419
31 12 -0.1867870014316945
31 17 0.8096603953725611
31 22 0.0982553919312388
31 23 0.2193270459300712
31 25 0.2230657850946565
31 26 -1.0083138031928069
31 27 0.6757810226381105
31 28 -0.1819971757906009
31 29 -0.1819971757906009
31 30 0.8482649728935232
31 31 -18.1359693671763615
31 32 0.2412516260209757
31 33 0.1707635258397419
31 35 -0.1867870014316945
31 39 -0.9936734568019402
31 41 -0.1097641911995563
31 43 -0.1438401505115251
31 44 0.0895398915534407
31 46 -0.2383114961202490
31 50 0.2140308626497937
31 54 0.1438401505115251
31 55 0.1097641911995563
31 56 0.0895398915534407
31 58 0.4988886901723285
31 62 0.0982553919312388
31 67 -0.8481537634532695
31 70 -0.6917808805534447
31 75 0.6494984774136444
31 76 0.2230657850946565
31 78 -1.0083138031928069
31 82 -0.1914078974806580
31 92 -0.2140308626497937
31 105 -0.9936734568019402
31 122 -0.1914078974806580
31 123 -0.2412516260209757
31 125 -0.8481537634532695
31 128 -1.8186010832479886
31 133 0.4988886901723285
32 1 -0.6110113646838267
32 4 -0.3989669325465318
32 5 0.4280617252995874
32 8 0.6514416072399077
32 9 -0.0957175116335719
32 11 -0.3803201668152534
32 18 0.8096603953725611
32 24 1.0739924804113654
32 25 -0.6396114737338884
32 26 -0.0349597171538916
32 27 0.2727309318522697
32 28 -1.3865183301950716
32 29 0.3269534560025719
32 30 -0.1961188252459277
32 31 0.2412516260209757
32 32 -14.3248966626909215
32 36 0.1707635258397419
32 37 0.7210994084583739
32 38 -0.6935922832859108
32 39 0.2450267616673147
32 40 -0.0479367125992773
32 42 0.0504584763522818
32 43 0.6337976578491176
32 44 0.0479367125992772
32 47 0.0643138487939128
32 49 0.2383114961202490
32 50 -0.5443201421393585
32 51 -0.0643138487939128
32 55 -0.3950554632758306
32 57 -0.3581497934664072
32 58 0.2836696036330860
32 65 0.0982553919312388
32 79 0.2230657850946565
32 80 0.5700791375321372
32 81 -0.1293132501343541
32 82 0.1056452992799817
32 95 0.2140308626497937
32 96 0.6633921286999369
32 108 -0.9936734568019402
32 124 -0.2412516260209757
32 125 0.1961188252459277
32 126 -1.3865183301950716
32 127 0.3269534560025719
32 128 -0.2727309318522697
32 134 -0.4988886901723285
32 135 0.6857609369648280
33 0 -0.3864375177297320
33 2 1.0739924804113654
33 3 0.0349597171538916
33 6 0.8361858905815552
33 7 -0.2707300062176038
33 13 0.1707635258397419
33 14 -0.6935922832859108
33 15 0.7210994084583739
33 17 0.2450267616673147
33 23 -0.1668531702522620
33 24 0.6337976578491176
33 26 -0.0479367125992773
33 27 0.2450267616673147
33 28 -0.6935922832859108
33 29 0.7210994084583739
33 31 0.1707635258397419
33 33 -21.0139076310103690
33 34 -0.3339992771860588
33 35 -0.2849105162324437
33 36 0.2412516260209757
33 37 0.3269534560025719
33 38 -1.3865183301950716
33 39 0.2727309318522697
33 40 -0.0349597171538916
33 41 -0.1306211383919202
33 43 1.0739924804113654
33 45 -0.3666292079661183
33 46 0.3819277666490264
33 48 -0.6477068057111962
33 52 0.2707300062176038
33 54 0.8361858905815552
33 59 -0.1097641911995563
33 60 -0.2584794024579445
33 61 0.4384555940989839
33 62 -0.1724901866066674
33 63 -0.4988886901723285
33 64 0.6857609369648280
33 67 -0.3864375177297320
33 76 0.3376509701141359
33 83 -1.0083138031928069
33 84 0.3185685241207064
33 86 -0.1914078974806580
33 90 -0.6053706974515026
33 92 0.3739536986333119
33 109 0.9936734568019402
33 123 0.3803201668152534
33 130 1.8186010832479886
33 132 0.3527675758781280
33 133 -0.9698124176013411
34 0 -0.2231098048862315
34 2 0.2321511663300002
34 3 0.0473390007642743
34 4 0.4997100264178517
34 13 -0.3815229012259175
34 15 -0.7085414269380993
34 16 0.3386470020299757
34 23 -0.4902887510728959
34 25 -0.0504584763522818
34 27 -0.3386470020299757
34 29 -0.1867870014316945
34 30 0.3815229012259175
34 33 -0.3339992771860588
34 34 -20.5930269412938181
34 35 -0.3552572605377392
34 36 -0.0781723040302670
34 38 0.2831499987533450
34 40 0.1482590113122367
34 42 -1.5169788643582389
34 43 -0.2193270459300712
34 44 0.1219689806377075
34 45 0.7648414224457865
34 46 -0.2205060988858080
34 49 -0.6477068057111962
34 55 0.8361858905815552
34 59 -0.2278564692400606
34 60 0.7594273658422371
34 61 1.1148473406970332
34 62 -0.1493808835048923
34 65 0.6857609369648280
34 66 0.2231098048862315
34 69 0.6133632285469215
34 77 0.3376509701141359
34 83 0.5700791375321372
34 84 -0.1056452992799817
34 87 -0.1914078974806580
34 93 0.3739536986333119
34 119 -0.4785875581678595
34 121 0.1784234363897237
34 129 -0.4554209821526503
34 131 0.5665786358096067
34 132 0.6110113646838267
35 0 -0.6133632285469215
35 2 0.2439379612754150
35 3 0.4610276966531592
35 5 -0.4997100264178517
35 14 0.3815229012259175
35 16 -0.1867870014316945
35 17 -0.7085414269380993
35 23 -0.8018067391876836
35 25 -0.0479367125992772
35 28 0.3386470020299757
35 30 -0.7085414269380993
35 31 -0.1867870014316945
35 33 -0.2849105162324437
35 34 -0.3552572605377392
35 35 -16.9001552375583799
35 37 0.0781723040302670
35 39 0.2831499987533450
35 42 -0.2157820141861035
35 43 0.1754140099669186
35 44 -0.6044729554450083
35 45 0.2205060988858080
35 46 -0.9230569702418870
35 51 -0.6477068057111962
35 55 -0.2707300062176038
35 60 -0.1451580177693327
35 61 0.0494405061357608
35 62 -0.4449598664082368
35 65 0.4988886901723285
35 68 0.2231098048862315
35 70 -0.6133632285469215
35 78 0.3376509701141359
35 83 0.2230657850946565
35 84 -0.1293132501343541
35 89 -0.1914078974806580
35 93 0.6053706974515026
35 120 -0.4785875581678595
35 122 -0.1784234363897237
35 129 -0.8481537634532695
35 131 0.4554209821526503
35 133 -0.6110113646838267
36 2 0.3527675758781280
36 4 -0.6053706974515026
36 8 0.2707300062176038
36 13 -0.3803201668152534
36 18 0.2450267616673147
36 19 0.3376509701141359
36 24 -0.5150090041407762
36 25 -0.1097641911995563
36 27 -0.9936734568019402
36 32 0.1707635258397419
36 33 0.2412516260209757
36 34 -0.0781723040302670
36 36 -19.1480438134321993
36 37 -0.5494924253693213
36 38 0.3849992621275649
36 39 0.6757810226381105
36 40 -1.0083138031928069
36 41 0.2230657850946565
36 42 -0.2507757750272271
36 47 -0.3666292079661183
36 48 0.2205060988858080
36 49 -0.3819277666490264
36 57 -0.8361858905815552
36 59 0.3950554632758306
36 63 0.5051287600854140
36 64 -0.1493808835048923
36 65 -0.1724901866066674
36 66 -0.0776777077238112
36 71 0.0776777077238112
36 79 0.3376509701141359
36 85 -0.1833476212563612
36 86 0.1056452992799817
36 87 -0.3185685241207064
36 95 -0.3739536986333119
36 110 0.9936734568019402
36 119 0.3950554632758306
36 124 0.3803201668152534
36 129 -0.2831499987533450
36 130 0.2727309318522697
36 134 0.9698124176013411
37 3 0.3527675758781280
37 5 -0.6053706974515026
37 9 0.2707300062176038
37 14 -0.3803201668152534
37 18 0.7210994084583739
37 20 0.3376509701141359
37 24 -1.1750162343742110
37 25 -0.4384555940989839
37 26 -0.0494405061357608
37 28 -0.9936734568019402
37 32 0.7210994084583739
37 33 0.3269534560025719
37 35 0.0781723040302670
37 36 -0.5494924253693213
37 37 -12.4814897505089206
37 38 -0.3856691451850230
37 39 -0.5494924253693214
37 40 0.3185685241207064
37 41 -0.1293132501343541
37 44 0.2507757750272271
37 47 0.3819277666490264
37 48 -0.9230569702418870
37 51 0.3819277666490264
37 57 -0.2707300062176038
37 60 -0.3950554632758306
37 63 0.0494405061357608
37 64 -1.1750162343742105
37 65 -0.4384555940989839
37 68 0.0776777077238112
37 72 0.0776777077238112
37 80 0.3376509701141359
37 85 0.2507757750272271
37 86 -0.1293132501343541
37 89 0.3185685241207064
37 95 0.6053706974515026
37 112 -0.9936734568019402
37 120 -0.3950554632758306
37 126 -0.3803201668152534
37 129 -0.0781723040302670
37 130 0.3269534560025719
37 134 0.3527675758781280
38 2 -0.9698124176013411
38 4 -0.3739536986333119
38 8 -0.8361858905815552
38 15 -0.3803201668152534
38 18 -0.6935922832859108
38 21 0.3376509701141359
38 24 -0.7594273658422371
38 25 0.2584794024579445
38 26 0.4323105526700484
38 29 -0.9936734568019402
38 32 -0.6935922832859108
38 33 -1.3865183301950716
38 34 0.2831499987533450
38 36 0.3849992621275649
38 37 -0.3856691451850230
38 38 -13.5367983362264077
38 39 0.3849992621275647
38 41 0.5700791375321372
38 42 -0.1833476212563612
38 43 -1.0083138031928069
38 48 0.7648414224457865
38 49 -0.3666292079661183
38 50 -0.3666292079661183
38 58 -0.8361858905815552
38 61 -0.3950554632758306
38 63 -0.4323105526700483
38 64 -0.7594273658422371
38 65 0.2584794024579445
38 69 0.0776777077238112
38 73 0.0776777077238112
38 81 0.3376509701141359
38 86 0.5700791375321372
38 87 -1.0083138031928069
38 88 -0.1833476212563612
38 96 -0.3739536986333119
38 113 -0.9936734568019402
38 121 -0.3950554632758306
38 127 -0.3803201668152534
38 130 -1.3865183301950716
38 131 0.2831499987533450
38 135 -0.9698124176013411
39 3 0.9698124176013411
39 5 0.3739536986333119
39 9 0.8361858905815552
39 17 -0.3803201668152534
39 18 0.1707635258397419
39 22 0.3376509701141359
39 24 -0.1493808835048923
39 25 -0.1724901866066674
39 26 -0.5051287600854146
39 31 -0.9936734568019402
39 32 0.2450267616673147
39 33 0.2727309318522697
39 35 0.2831499987533450
39 36 0.6757810226381105
39 37 -0.5494924253693214
39 38 0.3849992621275647
39 39 -9.6026951017380355
39 41 0.1056452992799817
39 43 -0.3185685241207064
39 44 -0.1833476212563612
39 48 0.2205060988858080
39 50 -0.3819277666490264
39 51 -0.3666292079661183
39 58 0.2707300062176038
39 62 0.3950554632758306
39 64 -0.5150090041407762
39 65 -0.1097641911995563
39 70 -0.0776777077238112
39 75 0.0776777077238112
39 82 0.3376509701141359
39 86 0.2230657850946565
39 88 -0.2507757750272271
39 89 -1.0083138031928069
39 96 -0.6053706974515026
39 114 0.9936734568019402
39 122 0.3950554632758306
39 128 0.3803201668152534
39 130 0.2412516260209757
39 131 -0.0781723040302670
39 135 0.3527675758781280
40 2 -0.0910841964305301
40 3 -0.8481537634532695
40 4 -0.1754140099669186
40 11 0.2707300062176038
40 13 0.6514416072399077
40 14 -0.0957175116335719
40 19 -0.1867870014316945
40 20 0.3386470020299757
40 25 -0.6420925879493813
40 27 0.1161712980707373
40 28 0.0611416990407972
40 29 -0.0494405061357608
40 32 -0.0479367125992773
40 33 -0.0349597171538916
40 34 0.1482590113122367
40 36 -1.0083138031928069
40 37 0.3185685241207064
40 40 -19.8969378687353995
40 41 -0.2849105162324437
40 42 0.1644931632417566
40 43 0.2905072338502253
40 44 0.6757810226381105
40 47 0.3581329359628826
40 52 -0.9230569702418870
40 54 0.2205060988858080
40 55 -0.3819277666490264
40 57 0.6477068057111962
40 59 -0.2383114961202490
40 60 0.0643138487939128
40 66 -0.0895398915534407
40 67 0.2673069812260061
40 68 0.1493808835048923
40 85 0.6494984774136444
40 90 -0.1293132501343541
40 92 0.1056452992799817
40 93 -0.3185685241207064
40 95 0.1914078974806580
40 115 0.9936734568019402
40 125 0.1784234363897237
40 129 0.1914078974806580
40 132 -0.3269534560025719
40 133 0.2727309318522697
40 134 -1.8186010832479886
41 1 -0.3864375177297320
41 4 -1.0739924804113654
41 5 -0.0349597171538916
41 10 -0.8361858905815552
41 12 0.2707300062176038
41 19 0.1707635258397419
41 20 -0.6935922832859108
41 21 0.7210994084583739
41 22 0.2450267616673147
41 24 0.1345417363931263
41 26 -0.6420925879493813
41 27 -0.1724901866066674
41 28 0.2584794024579445
41 29 -0.4384555940989839
41 30 0.1668531702522620
41 31 -0.1097641911995563
41 33 -0.1306211383919202
41 36 0.2230657850946565
41 37 -0.1293132501343541
41 38 0.5700791375321372
41 39 0.1056452992799817
41 40 -0.2849105162324437
41 41 -14.1515163759759588
41 42 -0.3339992771860588
41 43 -0.3339992771860588
41 44 -0.2849105162324437
41 48 0.3581329359628826
41 52 0.3819277666490264
41 53 -0.3666292079661183
41 54 -0.3666292079661183
41 56 0.3819277666490264
41 63 0.2140308626497937
41 64 -0.6633921286999369
41 66 0.1097641911995563
41 67 -0.1668531702522620
41 68 0.2584794024579445
41 69 -0.4384555940989839
41 70 0.1724901866066674
41 76 0.0776777077238112
41 86 0.6494984774136444
41 90 0.2507757750272271
41 91 -1.0083138031928069
41 92 -0.1833476212563612
41 94 0.3185685241207064
41 116 -0.9936734568019402
41 123 -0.3950554632758306
41 130 -0.1914078974806580
41 132 -0.0781723040302670
41 133 0.2831499987533450
42 1 -0.2231098048862315
42 2 -1.0673876147849592
42 4 0.2768391690119678
42 5 -0.0473390007642743
42 16 0.0957175116335719
42 19 -0.3815229012259175
42 21 -0.7085414269380993
42 23 -0.6693294146586947
42 27 -0.1493808835048923
42 29 0.0895398915534407
42 30 0.3352751737786689
42 32 0.0504584763522818
42 34 -1.5169788643582389
42 35 -0.2157820141861035
42 36 -0.2507757750272271
42 38 -0.1833476212563612
42 40 0.1644931632417566
42 41 -0.3339992771860588
42 42 -15.9905669342068109
42 43 0.8482649728935232
42 44 0.1854831585571600
42 49 0.3581329359628826
42 53 0.7648414224457865
42 55 -0.3666292079661183
42 56 -0.2205060988858080
42 59 -0.0643138487939128
42 61 -0.5443201421393585
42 65 -0.6633921286999369
42 66 0.7181452203129566
42 68 -0.7594273658422371
42 69 -0.3130406015093492
42 70 0.1493808835048923
42 77 0.0776777077238112
42 87 0.6494984774136444
42 91 0.5700791375321372
42 93 -0.1833476212563612
42 94 -0.1056452992799817
42 124 -0.4785875581678595
42 127 0.1784234363897237
42 132 -0.1961188252459277
42 134 0.4554209821526503
42 135 -0.5665786358096067
43 2 1.3177921042726355
43 3 0.0910841964305301
43 4 0.2193270459300712
43 5 0.1482590113122367
43 11 -0.8361858905815552
43 15 0.6514416072399077
43 17 0.0957175116335719
43 21 -0.1867870014316945
43 22 -0.3386470020299757
43 25 0.1345417363931263
43 27 -0.1493808835048923
43 28 -0.7594273658422371
43 29 -0.5537161762180591
43 31 -0.1438401505115251
43 32 0.6337976578491176
43 33 1.0739924804113654
43 34 -0.2193270459300712
43 35 0.1754140099669186
43 38 -1.0083138031928069
43 39 -0.3185685241207064
43 40 0.2905072338502253
43 41 -0.3339992771860588
43 42 0.8482649728935232
43 43 -14.7125348206771420
43 44 0.1644931632417566
43 50 0.3581329359628826
43 52 -0.2205060988858080
43 54 0.7648414224457865
43 55 -0.3666292079661183
43 58 0.6477068057111962
43 61 0.2383114961202490
43 62 0.0643138487939128
43 67 0.2390298960227625
43 69 0.0895398915534407
43 70 0.1493808835048923
43 88 0.6494984774136444
43 90 -0.2230657850946565
43 92 0.5700791375321372
43 93 -1.0083138031928069
43 96 0.1914078974806580
43 117 -0.9936734568019402
43 125 -0.4785875581678595
43 131 -0.1914078974806580
43 132 0.2412516260209757
43 133 -1.3865183301950716
43 135 1.8186010832479886
44 1 -0.6133632285469215
44 3 1.0673876147849592
44 4 -0.2439379612754150
44 5 -0.9700180319951273
44 16 -0.6514416072399077
44 20 0.3815229012259175
44 22 -0.7085414269380993
44 23 0.9200448428203825
44 28 0.1493808835048923
44 30 -0.0266314065172963
44 31 0.0895398915534407
44 32 0.0479367125992772
44 34 0.1219689806377075
44 35 -0.6044729554450083
44 37 0.2507757750272271
44 39 -0.1833476212563612
44 40 0.6757810226381105
44 41 -0.2849105162324437
44 42 0.1854831585571600
44 43 0.1644931632417566
44 44 -10.9906052138060684
44 51 0.3581329359628826
44 53 0.2205060988858080
44 55 -0.3819277666490264
44 56 -0.9230569702418870
44 60 -0.0643138487939128
44 62 0.5443201421393585
44 65 -0.2140308626497937
44 68 0.6354467688422287
44 69 -0.0494405061357608
44 70 -0.3568468727794472
44 78 0.0776777077238112
44 89 0.6494984774136444
44 91 0.2230657850946565
44 93 -0.2507757750272271
44 94 -0.1293132501343541
44 126 -0.4785875581678595
44 128 -0.1784234363897237
44 133 0.1961188252459277
44 134 0.8481537634532695
44 135 -0.4554209821526503
45 0 0.6693294146586947
45 6 -1.0079885290162709
45 7 -0.2157820141861035
45 10 0.4997100264178517
45 13 0.0643138487939128
45 14 -0.5443201421393585
45 16 0.0643138487939128
45 23 -0.1550135772942270
45 24 -0.3950554632758306
45 27 -0.0643138487939128
45 28 0.2383114961202490
45 30 -0.0643138487939128
45 33 -0.3666292079661183
45 34 0.7648414224457865
45 35 0.2205060988858080
45 45 -21.9916351395366476
45 46 -0.5792344269591466
45 47 0.1961188252459277
45 48 0.2831499987533450
45 49 -1.3865183301950716
45 51 0.2727309318522697
45 52 -0.1754140099669186
45 53 -0.2768391690119679
45 54 -0.2193270459300712
45 55 1.0739924804113654
45 56 -0.2439379612754150
45 59 0.8731587976071835
45 60 0.5153975441956308
45 61 -0.7594273658422371
45 62 0.1493808835048923
45 66 -0.6693294146586947
45 68 0.9200448428203825
45 83 0.3581329359628826
45 98 -0.1914078974806580
45 102 -0.6053706974515026
45 103 0.3739536986333119
45 109 -0.6633921286999369
45 119 0.4785875581678595
45 120 -0.1784234363897237
45 123 0.3989669325465318
45 136 0.4554209821526503
45 137 0.5665786358096067
46 0 0.9200448428203825
46 6 -0.1219689806377075
46 7 0.0954826201030402
46 12 -0.4997100264178517
46 15 0.0643138487939128
46 16 -0.2383114961202490
46 17 0.5443201421393585
46 23 0.8284381457049803
46 26 0.3950554632758306
46 29 -0.0643138487939128
46 30 0.5443201421393585
46 31 -0.2383114961202490
46 33 0.3819277666490264
46 34 -0.2205060988858080
46 35 -0.9230569702418870
46 45 -0.5792344269591466
46 46 -16.1191072906435586
46 48 0.0781723040302670
46 49 -0.2412516260209757
46 50 0.1961188252459277
46 51 0.3269534560025719
46 53 0.0473390007642743
46 54 -0.1482590113122367
46 55 0.0349597171538916
46 56 -0.9700180319951274
46 60 0.0494405061357608
46 61 -0.7904603461364557
46 62 1.1852850184844272
46 69 0.6693294146586947
46 70 0.9200448428203825
46 84 0.3581329359628826
46 101 -0.1914078974806580
46 104 0.6053706974515026
46 105 0.3739536986333119
46 109 0.2140308626497937
46 121 -0.4785875581678595
46 122 -0.1784234363897237
46 123 -0.4280617252995874
46 136 -0.8481537634532695
46 137 -0.4554209821526503
47 6 -0.6110113646838267
47 8 -0.1754140099669186
47 11 -0.6053706974515026
47 13 -0.3989669325465318
47 14 0.4280617252995874
47 18 -0.0643138487939128
47 24 0.1668531702522620
47 25 0.8484385445393030
47 27 0.6633921286999369
47 28 -0.2140308626497937
47 32 0.0643138487939128
47 36 -0.3666292079661183
47 37 0.3819277666490264
47 40 0.3581329359628826
47 45 0.1961188252459277
47 47 -20.7969982132077007
47 48 -0.2849105162324437
47 49 0.1644931632417566
47 50 0.2379951962036928
47 51 0.6757810226381105
47 52 -0.1293132501343541
47 54 0.2230657850946565
47 55 -0.2507757750272271
47 57 0.8717626400638884
47 58 -0.2439379612754150
47 59 -0.0504584763522818
47 60 -0.0479367125992772
47 63 -0.2584794024579445
47 64 0.1724901866066674
47 65 0.1493808835048923
47 67 -0.1345417363931263
47 71 -0.1345417363931263
47 72 -0.6420925879493813
47 85 0.3581329359628826
47 97 -0.1293132501343541
47 99 0.1056452992799817
47 100 -0.3185685241207064
47 111 0.6633921286999369
47 119 -0.6337976578491176
47 120 0.0479367125992773
47 125 -0.3989669325465318
47 129 0.6477068057111962
47 136 -0.3269534560025719
47 137 0.2727309318522697
47 140 -0.6857609369648280
48 6 -0.9698124176013411
48 7 0.3527675758781280
48 8 -1.0739924804113654
48 9 -0.0349597171538916
48 10 -0.3739536986333119
48 12 -0.6053706974515026
48 24 0.7915379550774668
48 26 0.8151805992043359
48 33 -0.6477068057111962
48 36 0.2205060988858080
48 37 -0.9230569702418870
48 38 0.7648414224457865
48 39 0.2205060988858080
48 41 0.3581329359628826
48 45 0.2831499987533450
48 46 0.0781723040302670
48 47 -0.2849105162324437
48 48 -12.9830835996033631
48 49 -0.3339992771860588
48 50 -0.3339992771860588
48 51 -0.2849105162324437
48 52 0.3185685241207064
48 53 -0.1833476212563612
48 54 -1.0083138031928069
48 56 0.2507757750272271
48 57 0.0349597171538916
48 58 -1.0739924804113654
48 63 -0.8151805992043359
48 64 0.7915379550774675
48 86 0.3581329359628826
48 97 0.2507757750272271
48 98 -1.0083138031928069
48 99 -0.1833476212563612
48 101 0.3185685241207064
48 106 0.6053706974515026
48 107 -0.3739536986333119
48 130 -0.6477068057111962
48 136 -0.0781723040302670
48 137 0.2831499987533450
48 138 0.3527675758781280
48 139 -0.9698124176013411
49 8 0.1785837770807288
49 9 -0.0473390007642743
49 16 -0.4280617252995874
49 18 -0.5443201421393585
49 23 0.4988886901723285
49 24 0.4384555940989839
49 25 -0.0895398915534407
49 26 0.1097641911995563
49 30 0.2140308626497937
49 32 0.2383114961202490
49 34 -0.6477068057111962
49 36 -0.3819277666490264
49 38 -0.3666292079661183
49 42 0.3581329359628826
49 45 -1.3865183301950716
49 46 -0.2412516260209757
49 47 0.1644931632417566
49 48 -0.3339992771860588
49 49 -15.1825381539050852
49 50 0.8482649728935232
49 51 0.2379951962036927
49 53 0.5700791375321372
49 55 -1.0083138031928069
49 56 -0.2230657850946565
49 57 -0.1482590113122367
49 58 0.2193270459300712
49 59 0.0479367125992773
49 61 0.6337976578491176
49 63 0.1668531702522620
49 65 -1.0854763428207692
49 66 -0.6420925879493813
49 69 -0.1345417363931263
49 74 0.6420925879493813
49 87 0.3581329359628826
49 98 0.5700791375321372
49 100 -0.1833476212563612
49 101 -0.1056452992799817
49 108 -0.3739536986333119
49 110 -0.2140308626497937
49 113 0.6633921286999369
49 119 -0.0479367125992772
49 121 0.0504584763522818
49 124 0.4280617252995874
49 127 -0.3989669325465318
49 136 -0.1961188252459277
49 138 0.6110113646838267
50 7 0.6110113646838267
50 8 0.2193270459300712
50 9 0.1482590113122367
50 11 -0.3739536986333119
50 15 -0.3989669325465318
50 17 -0.4280617252995874
50 18 0.2383114961202490
50 25 -1.0854763428207699
50 26 -0.1668531702522620
50 29 0.6633921286999369
50 31 0.2140308626497937
50 32 -0.5443201421393585
50 38 -0.3666292079661183
50 39 -0.3819277666490264
50 43 0.3581329359628826
50 46 0.1961188252459277
50 47 0.2379951962036928
50 48 -0.3339992771860588
50 49 0.8482649728935232
50 50 -15.1825381539050834
50 51 0.1644931632417566
50 52 -0.1056452992799817
50 54 0.5700791375321372
50 55 -0.1833476212563612
50 57 0.0473390007642743
50 58 0.1785837770807289
50 61 0.0504584763522818
50 62 -0.0479367125992772
50 63 -0.1097641911995563
50 64 0.4384555940989839
50 65 -0.0895398915534407
50 67 -0.6420925879493813
50 73 -0.1345417363931263
50 75 0.6420925879493813
50 88 0.3581329359628826
50 97 -0.2230657850946565
50 99 0.5700791375321372
50 100 -1.0083138031928069
50 111 -0.2140308626497937
50 121 0.6337976578491176
50 122 0.0479367125992773
50 125 0.4280617252995874
50 131 -0.6477068057111962
50 136 0.2412516260209757
50 137 -1.3865183301950716
50 140 0.4988886901723285
51 8 -0.2439379612754150
51 9 -0.8717626400638883
51 16 0.3989669325465318
51 18 0.0643138487939128
51 23 -0.6857609369648280
51 24 0.1724901866066674
51 25 0.1493808835048923
51 26 0.2584794024579445
51 30 -0.6633921286999369
51 32 -0.0643138487939128
51 35 -0.6477068057111962
51 37 0.3819277666490264
51 39 -0.3666292079661183
51 44 0.3581329359628826
51 45 0.2727309318522697
51 46 0.3269534560025719
51 47 0.6757810226381105
51 48 -0.2849105162324437
51 49 0.2379951962036927
51 50 0.1644931632417566
51 51 -11.2516495015135369
51 53 0.1056452992799817
51 55 -0.3185685241207064
51 56 -0.1293132501343541
51 58 -0.1754140099669186
51 60 0.0479367125992773
51 62 -0.6337976578491176
51 64 0.1668531702522620
51 65 0.8484385445393030
51 68 -0.6420925879493813
51 70 0.1345417363931263
51 74 0.1345417363931263
51 89 0.3581329359628826
51 98 0.2230657850946565
51 100 -0.2507757750272271
51 101 -0.1293132501343541
51 108 -0.6053706974515026
51 112 -0.2140308626497937
51 114 -0.6633921286999369
51 120 -0.0479367125992772
51 122 -0.0504584763522818
51 126 0.4280617252995874
51 128 0.3989669325465318
51 137 0.1961188252459277
51 139 -0.6110113646838267
52 6 0.0910841964305301
52 7 -0.8481537634532695
52 10 0.1482590113122367
52 11 -0.0349597171538916
52 13 0.6514416072399077
52 15 -0.0957175116335719
52 19 -0.2383114961202490
52 21 -0.0643138487939128
52 27 0.1161712980707373
52 28 -0.0494405061357608
52 29 0.0611416990407972
52 33 0.2707300062176038
52 40 -0.9230569702418870
52 41 0.3819277666490264
52 43 -0.2205060988858080
52 45 -0.1754140099669186
52 47 -0.1293132501343541
52 48 0.3185685241207064
52 50 -0.1056452992799817
52 52 -19.8969378687353995
52 53 -0.1644931632417566
52 54 -0.2905072338502253
52 55 0.2849105162324437
52 56 0.6757810226381105
52 57 -0.3269534560025719
52 58 0.2727309318522697
52 59 -0.1867870014316945
52 61 -0.3386470020299757
52 63 0.9936734568019402
52 66 -0.0895398915534407
52 67 0.2673069812260062
52 69 0.1493808835048923
52 76 -0.6420925879493813
52 90 0.3581329359628826
52 97 0.6494984774136444
52 102 -1.0083138031928069
52 104 -0.3185685241207064
52 106 0.1914078974806580
52 123 0.0479367125992773
52 125 0.1784234363897237
52 132 0.6477068057111962
52 136 0.1914078974806580
52 138 -1.8186010832479886
53 1 0.6693294146586947
53 6 -1.0673876147849592
53 10 1.5169788643582387
53 12 0.2157820141861035
53 16 -0.0957175116335719
53 19 0.0643138487939128
53 20 -0.5443201421393585
53 23 0.2231098048862315
53 24 -0.0776777077238112
53 27 0.1493808835048923
53 28 -0.0895398915534407
53 30 -0.3352751737786689
53 41 -0.3666292079661183
53 42 0.7648414224457865
53 44 0.2205060988858080
53 45 -0.2768391690119679
53 46 0.0473390007642743
53 48 -0.1833476212563612
53 49 0.5700791375321372
53 51 0.1056452992799817
53 52 -0.1644931632417566
53 53 -15.9905669342068126
53 54 0.8482649728935232
53 55 -0.3339992771860588
53 56 -0.1854831585571600
53 57 0.1961188252459277
53 59 0.3815229012259175
53 60 -0.7085414269380993
53 66 -0.7181452203129564
53 68 0.3130406015093492
53 69 0.7594273658422371
53 70 -0.1493808835048923
53 91 0.3581329359628826
53 98 0.6494984774136444
53 102 0.2507757750272271
53 103 -0.1833476212563612
53 116 0.6633921286999369
53 123 0.0504584763522818
53 124 0.4785875581678595
53 126 -0.1784234363897237
53 138 -0.4554209821526503
53 139 -0.5665786358096067
54 6 1.3177921042726355
54 7 -0.0910841964305301
54 10 0.2193270459300712
54 11 -1.0739924804113654
54 12 -0.1754140099669186
54 14 -0.6514416072399077
54 17 -0.0957175116335719
54 20 0.2383114961202490
54 22 -0.0643138487939128
54 27 0.1493808835048923
54 28 0.5537161762180591
54 29 0.7594273658422371
54 31 0.1438401505115251
54 33 0.8361858905815552
54 40 0.2205060988858080
54 41 -0.3666292079661183
54 43 0.7648414224457865
54 45 -0.2193270459300712
54 46 -0.1482590113122367
54 47 0.2230657850946565
54 48 -1.0083138031928069
54 50 0.5700791375321372
54 52 -0.2905072338502253
54 53 0.8482649728935232
54 54 -14.7125348206771438
54 55 -0.3339992771860588
54 56 -0.1644931632417566
54 57 -0.2412516260209757
54 58 1.3865183301950716
54 60 -0.1867870014316945
54 62 0.3386470020299757
54 64 0.9936734568019402
54 67 -0.2390298960227625
54 68 -0.0895398915534407
54 70 -0.1493808835048923
54 76 -0.1345417363931263
54 92 0.3581329359628826
54 99 0.6494984774136444
54 103 -1.0083138031928069
54 105 0.3185685241207064
54 107 0.1914078974806580
54 123 0.6337976578491176
54 125 0.4785875581678595
54 133 -0.6477068057111962
54 137 -0.1914078974806580
54 139 1.8186010832479886
55 11 0.1306211383919201
55 23 0.3864375177297320
55 25 -0.0776777077238112
55 27 0.1724901866066674
55 28 0.4384555940989839
55 29 -0.2584794024579445
55 30 -0.1668531702522620
55 31 0.1097641911995563
55 32 -0.3950554632758306
55 34 0.8361858905815552
55 35 -0.2707300062176038
55 40 -0.3819277666490264
55 42 -0.3666292079661183
55 43 -0.3666292079661183
55 44 -0.3819277666490264
55 45 1.0739924804113654
55 46 0.0349597171538916
55 47 -0.2507757750272271
55 49 -1.0083138031928069
55 50 -0.1833476212563612
55 51 -0.3185685241207064
55 52 0.2849105162324437
55 53 -0.3339992771860588
55 54 -0.3339992771860588
55 55 -14.1515163759759588
55 56 0.2849105162324437
55 57 0.0781723040302670
55 58 -0.2831499987533450
55 59 -0.1707635258397419
55 60 0.7210994084583739
55 61 -0.6935922832859108
55 62 -0.2450267616673147
55 65 0.9936734568019402
55 66 -0.1097641911995563
55 67 0.1668531702522620
55 68 0.4384555940989839
55 69 -0.2584794024579445
55 70 -0.1724901866066674
55 77 -0.1345417363931263
55 78 0.6420925879493813
55 93 0.3581329359628826
55 100 0.6494984774136444
55 102 -0.2230657850946565
55 103 0.5700791375321372
55 104 -0.1293132501343541
55 105 -0.1056452992799817
55 108 0.1914078974806580
55 115 -0.2140308626497937
55 117 0.6633921286999369
56 1 0.9200448428203825
56 7 1.0673876147849592
56 10 0.1219689806377075
56 12 -0.6044729554450082
56 16 -0.6514416072399077
56 21 0.0643138487939128
56 22 0.5443201421393585
56 23 -0.6133632285469215
56 26 0.0776777077238112
56 29 0.1493808835048923
56 30 -0.0266314065172963
56 31 0.0895398915534407
56 41 0.3819277666490264
56 42 -0.2205060988858080
56 44 -0.9230569702418870
56 45 -0.2439379612754150
56 46 -0.9700180319951274
56 48 0.2507757750272271
56 49 -0.2230657850946565
56 51 -0.1293132501343541
56 52 0.6757810226381105
56 53 -0.1854831585571600
56 54 -0.1644931632417566
56 55 0.2849105162324437
56 56 -10.9906052138060684
56 58 0.1961188252459277
56 61 -0.3815229012259175
56 62 -0.7085414269380993
56 68 -0.0494405061357608
56 69 0.6354467688422285
56 70 -0.3568468727794472
56 94 0.3581329359628826
56 101 0.6494984774136444
56 104 -0.2507757750272271
56 105 -0.1833476212563612
56 116 -0.2140308626497937
56 123 -0.0479367125992772
56 127 -0.4785875581678595
56 128 -0.1784234363897237
56 138 0.8481537634532695
56 139 0.4554209821526503
57 8 -0.0910841964305301
57 9 -0.8481537634532695
57 10 0.6110113646838267
57 11 0.3527675758781280
57 18 0.0957175116335719
57 19 -0.3989669325465318
57 20 0.4280617252995874
57 24 -0.3864375177297320
57 25 -0.2231098048862315
57 27 0.6857609369648280
57 28 -0.4988886901723285
57 32 -0.3581497934664072
57 36 -0.8361858905815552
57 37 -0.2707300062176038
57 40 0.6477068057111962
57 47 0.8717626400638884
57 48 0.0349597171538916
57 49 -0.1482590113122367
57 50 0.0473390007642743
57 52 -0.3269534560025719
57 53 0.1961188252459277
57 54 -0.2412516260209757
57 55 0.0781723040302670
57 57 -12.5524095165140146
57 58 0.6317464646056794
57 63 -0.6935922832859108
57 64 0.2450267616673147
57 65 -0.3386470020299757
57 66 0.0504584763522818
57 67 0.6337976578491176
57 68 0.0479367125992772
57 79 0.1345417363931263
57 80 0.6420925879493813
57 95 0.3581329359628826
57 106 -0.1293132501343541
57 107 0.1056452992799817
57 108 -0.3185685241207064
57 118 -0.6633921286999369
57 124 -0.6337976578491176
57 125 -0.0504584763522818
57 126 0.0479367125992773
57 134 -0.6477068057111962
57 138 0.3269534560025719
57 139 -0.2727309318522697
57 141 -0.6857609369648280
58 8 1.3177921042726355
58 9 0.0910841964305301
58 11 -0.9698124176013411
58 12 -0.6110113646838267
58 18 0.6514416072399077
58 21 -0.3989669325465318
58 22 -0.4280617252995874
58 25 0.6133632285469215
58 26 0.3864375177297320
58 29 0.6857609369648280
58 31 0.4988886901723285
58 32 0.2836696036330860
58 38 -0.8361858905815552
58 39 0.2707300062176038
58 43 0.6477068057111962
58 47 -0.2439379612754150
58 48 -1.0739924804113654
58 49 0.2193270459300712
58 50 0.1785837770807289
58 51 -0.1754140099669186
58 52 0.2727309318522697
58 54 1.3865183301950716
58 55 -0.2831499987533450
58 56 0.1961188252459277
58 57 0.6317464646056794
58 58 -7.8105155857037474
58 63 -0.1707635258397419
58 64 0.7210994084583739
58 65 -0.1867870014316945
58 67 0.0479367125992773
58 69 -0.0504584763522818
58 70 0.0479367125992772
58 81 0.1345417363931263
58 82 -0.6420925879493813
58 96 0.3581329359628826
58 106 -0.2230657850946565
58 107 0.5700791375321372
58 108 -1.0083138031928069
58 118 0.2140308626497937
58 125 0.0479367125992772
58 127 0.6337976578491176
58 128 0.0479367125992773
58 135 0.6477068057111962
58 138 -0.2412516260209757
58 139 1.3865183301950716
58 141 0.4988886901723285
59 2 -0.6693294146586947
59 6 0.2231098048862315
59 13 -0.7758373626862709
59 14 0.0473390007642743
59 15 0.2157820141861035
59 19 -0.4997100264178517
59 23 -0.8481537634532695
59 27 0.0982553919312388
59 33 -0.1097641911995563
59 34 -0.2278564692400606
59 36 0.3950554632758306
59 40 -0.2383114961202490
59 42 -0.0643138487939128
59 45 0.8731587976071835
59 47 -0.0504584763522818
59 49 0.0479367125992773
59 52 -0.1867870014316945
59 53 0.3815229012259175
59 55 -0.1707635258397419
59 59 -20.7845194292439963
59 60 -0.4637673185973635
59 61 0.4707243688995222
59 62 0.6757810226381105
59 63 -0.2831499987533450
59 65 0.2727309318522697
59 66 1.2848276980282387
59 67 0.2193270459300712
59 68 -0.1219689806377075
59 69 -0.2439379612754150
59 83 -0.6420925879493813
59 102 0.3376509701141359
59 109 -0.1056452992799817
59 110 0.1914078974806580
59 115 -0.3739536986333119
59 119 0.3825619474821162
59 129 0.1784234363897237
59 132 -0.3989669325465318
59 136 0.1784234363897237
59 140 -0.5665786358096067
60 3 0.6693294146586947
60 6 0.6133632285469215
60 13 0.2439379612754150
60 14 1.4690162256694304
60 16 -0.1754140099669186
60 17 0.2157820141861035
60 20 0.4997100264178517
60 23 -0.3643367857221202
60 28 -0.0982553919312388
60 33 -0.2584794024579445
60 34 0.7594273658422371
60 35 -0.1451580177693327
60 37 -0.3950554632758306
60 40 0.0643138487939128
60 44 -0.0643138487939128
60 45 0.5153975441956308
60 46 0.0494405061357608
60 47 -0.0479367125992772
60 51 0.0479367125992773
60 53 -0.7085414269380993
60 54 -0.1867870014316945
60 55 0.7210994084583739
60 59 -0.4637673185973635
60 60 -15.2561856891846634
60 61 -0.3856691451850230
60 62 -0.3062312056577656
60 64 -0.2831499987533450
60 65 1.3865183301950716
60 66 0.2157820141861035
60 67 -0.1754140099669186
60 68 0.3723217891150081
60 70 0.2439379612754150
60 83 -0.1345417363931263
60 103 0.3376509701141359
60 109 -0.1293132501343541
60 112 0.1914078974806580
60 115 -0.6053706974515026
60 120 0.3825619474821162
60 129 0.4785875581678595
60 133 0.3989669325465318
60 137 -0.1784234363897237
60 140 -0.4554209821526503
61 2 0.9200448428203825
61 7 0.2231098048862315
61 13 0.1219689806377075
61 15 -0.1366685462269598
61 16 -0.1482590113122367
61 17 0.0473390007642743
61 21 0.4997100264178517
61 23 -0.3643367857221202
61 29 -0.0982553919312388
61 33 0.4384555940989839
61 34 1.1148473406970332
61 35 0.0494405061357608
61 38 -0.3950554632758306
61 42 -0.5443201421393585
61 43 0.2383114961202490
61 45 -0.7594273658422371
61 46 -0.7904603461364557
61 49 0.6337976578491176
61 50 0.0504584763522818
61 52 -0.3386470020299757
61 55 -0.6935922832859108
61 56 -0.3815229012259175
61 59 0.4707243688995222
61 60 -0.3856691451850230
61 61 -13.0765295440270108
61 62 0.6282604818391202
61 63 0.0781723040302670
61 65 -0.3269534560025719
61 66 0.0473390007642743
61 67 -0.1482590113122367
61 69 1.9780065610113982
61 70 0.1219689806377075
61 84 0.6420925879493813
61 104 0.3376509701141359
61 109 0.5700791375321372
61 113 0.1914078974806580
61 117 -0.3739536986333119
61 121 0.3825619474821162
61 131 0.1784234363897237
61 132 -0.4280617252995874
61 136 0.4785875581678595
61 140 -0.4554209821526503
62 3 0.9200448428203825
62 7 -0.6133632285469215
62 14 0.1219689806377075
62 15 0.2439379612754150
62 16 0.2193270459300712
62 17 -0.5565103167561997
62 22 -0.4997100264178517
62 23 1.6933988385041503
62 31 0.0982553919312388
62 33 -0.1724901866066674
62 34 -0.1493808835048923
62 35 -0.4449598664082368
62 39 0.3950554632758306
62 43 0.0643138487939128
62 44 0.5443201421393585
62 45 0.1493808835048923
62 46 1.1852850184844272
62 50 -0.0479367125992772
62 51 -0.6337976578491176
62 54 0.3386470020299757
62 55 -0.2450267616673147
62 56 -0.7085414269380993
62 59 0.6757810226381105
62 60 -0.3062312056577656
62 61 0.6282604818391202
62 62 -10.2806466324025827
62 64 -0.0781723040302670
62 65 0.2412516260209757
62 68 -0.0473390007642743
62 69 -0.2157820141861035
62 70 1.0655006520981676
62 84 -0.1345417363931263
62 105 0.3376509701141359
62 109 -0.2230657850946565
62 114 0.1914078974806580
62 117 0.6053706974515026
62 122 0.3825619474821162
62 131 -0.4785875581678595
62 133 -0.4280617252995874
62 137 0.4785875581678595
62 140 0.8481537634532695
63 8 -0.3864375177297320
63 13 0.9698124176013411
63 15 0.3527675758781280
63 18 0.0349597171538916
63 19 -0.3739536986333119
63 21 0.6053706974515026
63 24 0.3643367857221202
63 26 -0.8481537634532695
63 33 -0.4988886901723285
63 36 0.5051287600854140
63 37 0.0494405061357608
63 38 -0.4323105526700483
63 41 0.2140308626497937
63 47 -0.2584794024579445
63 48 -0.8151805992043359
63 49 0.1668531702522620
63 50 -0.1097641911995563
63 52 0.9936734568019402
63 57 -0.6935922832859108
63 58 -0.1707635258397419
63 59 -0.2831499987533450
63 61 0.0781723040302670
63 63 -12.6180554572472641
63 64 0.2764892040679403
63 65 0.2849105162324437
63 66 -0.1833476212563612
63 67 -1.0083138031928069
63 69 -0.2507757750272271
63 86 0.6420925879493813
63 97 -0.0776777077238112
63 106 0.3376509701141359
63 110 -1.0083138031928069
63 111 -0.1833476212563612
63 113 -0.3185685241207064
63 118 0.3739536986333119
63 130 0.0479367125992773
63 136 0.3950554632758306
63 138 -0.3803201668152534
63 140 0.2831499987533450
63 141 0.9698124176013411
64 9 0.3864375177297320
64 14 -0.9698124176013411
64 17 0.3527675758781280
64 18 1.0739924804113654
64 20 0.3739536986333119
64 22 0.6053706974515026
64 24 1.6933988385041503
64 26 -0.3643367857221202
64 33 0.6857609369648280
64 36 -0.1493808835048923
64 37 -1.1750162343742105
64 38 -0.7594273658422371
64 39 -0.5150090041407762
64 41 -0.6633921286999369
64 47 0.1724901866066674
64 48 0.7915379550774675
64 50 0.4384555940989839
64 51 0.1668531702522620
64 54 0.9936734568019402
64 57 0.2450267616673147
64 58 0.7210994084583739
64 60 -0.2831499987533450
64 62 -0.0781723040302670
64 63 0.2764892040679403
64 64 -6.8484901864349954
64 65 -0.3339992771860588
64 67 -0.3185685241207064
64 68 -0.1833476212563612
64 70 0.2507757750272271
64 86 0.1345417363931263
64 99 -0.0776777077238112
64 107 0.3376509701141359
64 111 -0.2507757750272271
64 112 -1.0083138031928069
64 114 0.3185685241207064
64 118 0.6053706974515026
64 130 0.6337976578491176
64 137 -0.3950554632758306
64 139 0.3803201668152534
64 140 -0.0781723040302670
64 141 -0.3527675758781280
65 8 0.6133632285469215
65 9 0.2231098048862315
65 16 -0.6110113646838267
65 18 -0.6396114737338883
65 25 0.6917808805534447
65 32 0.0982553919312388
65 34 0.6857609369648280
65 35 0.4988886901723285
65 36 -0.1724901866066674
65 37 -0.4384555940989839
65 38 0.2584794024579445
65 39 -0.1097641911995563
65 42 -0.6633921286999369
65 44 -0.2140308626497937
65 47 0.1493808835048923
65 49 -1.0854763428207692
65 50 -0.0895398915534407
65 51 0.8484385445393030
65 55 0.9936734568019402
65 57 -0.3386470020299757
65 58 -0.1867870014316945
65 59 0.2727309318522697
65 60 1.3865183301950716
65 61 -0.3269534560025719
65 62 0.2412516260209757
65 63 0.2849105162324437
65 64 -0.3339992771860588
65 65 -8.9774600009255803
65 66 -0.1056452992799817
65 68 0.5700791375321372
65 69 -0.1293132501343541
65 70 -0.2230657850946565
65 87 0.1345417363931263
65 89 -0.6420925879493813
65 100 -0.0776777077238112
65 108 0.3376509701141359
65 110 -0.2230657850946565
65 112 0.5700791375321372
65 113 -0.1293132501343541
65 114 -0.1056452992799817
65 129 0.0479367125992772
65 131 -0.0504584763522818
65 134 0.4280617252995874
65 135 -0.3989669325465318
65 140 -0.1961188252459277
65 141 -0.6110113646838267
66 4 -0.6693294146586947
66 10 0.2231098048862315
66 13 1.0673876147849592
66 16 0.8481537634532695
66 19 1.2848276980282387
66 20 -0.0473390007642743
66 21 -0.2157820141861035
66 27 -0.6917808805534447
66 30 -0.8481537634532695
66 34 0.2231098048862315
66 36 -0.0776777077238112
66 40 -0.0895398915534407
66 41 0.1097641911995563
66 42 0.7181452203129566
66 45 -0.6693294146586947
66 49 -0.6420925879493813
66 52 -0.0895398915534407
66 53 -0.7181452203129564
66 55 -0.1097641911995563
66 57 0.0504584763522818
66 59 1.2848276980282387
66 60 0.2157820141861035
66 61 0.0473390007642743
66 63 -0.1833476212563612
66 65 -0.1056452992799817
66 66 -15.9882413519943025
66 67 0.8482649728935232
66 68 0.0769731004975356
66 69 0.0769731004975356
66 70 0.6757810226381105
66 91 0.6420925879493813
66 102 -0.0776777077238112
66 110 0.6494984774136444
66 115 -0.1833476212563612
66 116 -0.1056452992799817
66 124 -0.3825619474821162
66 132 0.0504584763522818
66 134 0.1784234363897237
66 138 0.1784234363897237
66 141 0.5665786358096067
67 11 -0.3864375177297320
67 13 -1.3177921042726355
67 14 -0.0910841964305301
67 15 -0.0910841964305301
67 17 0.8481537634532695
67 19 0.2193270459300712
67 20 0.1482590113122367
67 21 0.1754140099669186
67 27 1.6933988385041503
67 28 0.3643367857221202
67 29 0.3643367857221202
67 31 -0.8481537634532695
67 33 -0.3864375177297320
67 40 0.2673069812260061
67 41 -0.1668531702522620
67 43 0.2390298960227625
67 47 -0.1345417363931263
67 50 -0.6420925879493813
67 52 0.2673069812260062
67 54 -0.2390298960227625
67 55 0.1668531702522620
67 57 0.6337976578491176
67 58 0.0479367125992773
67 59 0.2193270459300712
67 60 -0.1754140099669186
67 61 -0.1482590113122367
67 63 -1.0083138031928069
67 64 -0.3185685241207064
67 66 0.8482649728935232
67 67 -13.8581878294448551
67 68 0.1644931632417566
67 69 0.1644931632417566
67 70 -0.6757810226381105
67 90 -0.1345417363931263
67 92 0.6420925879493813
67 111 0.6494984774136444
67 115 -1.0083138031928069
67 117 -0.3185685241207064
67 118 -0.1914078974806580
67 125 -0.3825619474821162
67 132 0.6337976578491176
67 133 0.0479367125992773
67 140 -0.1914078974806580
67 141 -1.8186010832479886
68 5 0.6693294146586947
68 10 0.6133632285469215
68 14 -1.0673876147849592
68 16 0.0910841964305301
68 19 -0.2439379612754150
68 20 -1.9780065610113982
68 22 -0.2157820141861035
68 28 0.6917808805534447
68 30 -0.3643367857221202
68 35 0.2231098048862315
68 37 0.0776777077238112
68 40 0.1493808835048923
68 41 0.2584794024579445
68 42 -0.7594273658422371
68 44 0.6354467688422287
68 45 0.9200448428203825
68 51 -0.6420925879493813
68 53 0.3130406015093492
68 54 -0.0895398915534407
68 55 0.4384555940989839
68 56 -0.0494405061357608
68 57 0.0479367125992772
68 59 -0.1219689806377075
68 60 0.3723217891150081
68 62 -0.0473390007642743
68 64 -0.1833476212563612
68 65 0.5700791375321372
68 66 0.0769731004975356
68 67 0.1644931632417566
68 68 -9.1528175952696635
68 69 -0.3856691451850230
68 70 0.0875200627442210
68 91 0.1345417363931263
68 103 -0.0776777077238112
68 112 0.6494984774136444
68 115 -0.2507757750272271
68 116 -0.1293132501343541
68 126 -0.3825619474821162
68 133 -0.0504584763522818
68 134 0.4785875581678595
68 139 -0.1784234363897237
68 141 0.4554209821526503
69 4 0.9200448428203825
69 12 0.2231098048862315
69 15 -1.0673876147849592
69 16 0.0910841964305301
69 19 -0.1219689806377075
69 21 -0.3723217891150081
69 22 -0.0473390007642743
69 29 0.6917808805534447
69 30 -0.3643367857221202
69 34 0.6133632285469215
69 38 0.0776777077238112
69 41 -0.4384555940989839
69 42 -0.3130406015093492
69 43 0.0895398915534407
69 44 -0.0494405061357608
69 46 0.6693294146586947
69 49 -0.1345417363931263
69 52 0.1493808835048923
69 53 0.7594273658422371
69 55 -0.2584794024579445
69 56 0.6354467688422285
69 58 -0.0504584763522818
69 59 -0.2439379612754150
69 61 1.9780065610113982
69 62 -0.2157820141861035
69 63 -0.2507757750272271
69 65 -0.1293132501343541
69 66 0.0769731004975356
69 67 0.1644931632417566
69 68 -0.3856691451850230
69 69 -9.1528175952696635
69 70 0.0875200627442210
69 94 -0.6420925879493813
69 104 -0.0776777077238112
69 113 0.6494984774136444
69 116 0.5700791375321372
69 117 -0.1833476212563612
69 127 -0.3825619474821162
69 132 0.0479367125992772
69 135 0.1784234363897237
69 138 0.4785875581678595
69 141 0.4554209821526503
70 5 0.9200448428203825
70 12 -0.6133632285469215
70 16 -1.3177921042726355
70 17 1.0673876147849592
70 20 -0.1219689806377075
70 21 -0.2439379612754150
70 22 1.0655006520981676
70 30 1.6933988385041503
70 31 -0.6917808805534447
70 35 -0.6133632285469215
70 39 -0.0776777077238112
70 41 0.1724901866066674
70 42 0.1493808835048923
70 43 0.1493808835048923
70 44 -0.3568468727794472
70 46 0.9200448428203825
70 51 0.1345417363931263
70 53 -0.1493808835048923
70 54 -0.1493808835048923
70 55 -0.1724901866066674
70 56 -0.3568468727794472
70 58 0.0479367125992772
70 60 0.2439379612754150
70 61 0.1219689806377075
70 62 1.0655006520981676
70 64 0.2507757750272271
70 65 -0.2230657850946565
70 66 0.6757810226381105
70 67 -0.6757810226381105
70 68 0.0875200627442210
70 69 0.0875200627442210
70 70 -5.0498446669799257
70 94 0.1345417363931263
70 105 -0.0776777077238112
70 114 0.6494984774136444
70 116 -0.2230657850946565
70 117 0.2507757750272271
70 128 -0.3825619474821162
70 133 0.0479367125992772
70 135 -0.4785875581678595
70 139 0.4785875581678595
70 141 -0.8481537634532695
71 0 -0.8481537634532695
71 2 0.4785875581678595
71 6 -0.4785875581678595
71 8 -0.0479367125992772
71 13 -0.3825619474821162
71 24 -0.2507757750272271
71 25 0.2230657850946565
71 27 0.6494984774136444
71 36 0.0776777077238112
71 47 -0.1345417363931263
71 71 -27.9934006669704232
71 72 -0.0875200627442209
71 73 -0.0875200627442209
71 74 -0.6757810226381105
71 75 0.6757810226381105
71 76 0.2230657850946565
71 77 -0.2507757750272271
71 79 -1.0655006520981678
71 80 0.1219689806377075
71 81 0.2439379612754150
71 83 -0.0479367125992772
71 85 0.3568468727794478
71 86 -0.1724901866066674
71 87 -0.1493808835048923
71 88 -0.1493808835048923
71 90 -0.1345417363931263
71 95 0.9200448428203825
71 97 0.3568468727794479
71 98 0.1493808835048923
71 99 0.1493808835048923
71 100 0.1724901866066674
71 102 0.0776777077238112
71 106 -0.6133632285469215
71 110 -0.6917808805534447
71 111 1.6933988385041503
71 119 -1.0655006520981678
71 120 -0.2439379612754150
71 121 -0.1219689806377075
71 124 1.0673876147849592
71 125 -1.3177921042726355
71 129 -0.6133632285469215
71 136 0.9200448428203825
72 0 -0.4554209821526503
72 3 0.4785875581678595
72 6 -0.1784234363897237
72 9 -0.0479367125992772
72 14 -0.3825619474821162
72 24 -0.1833476212563612
72 25 0.5700791375321372
72 28 0.6494984774136444
72 37 0.0776777077238112
72 47 -0.6420925879493813
72 71 -0.0875200627442209
72 72 -22.5510248835659972
72 73 -0.3856691451850230
72 74 -0.1644931632417566
72 75 -0.0769731004975357
72 76 -0.1293132501343541
72 78 0.2507757750272271
72 79 -0.2157820141861035
72 80 -1.9780065610113984
72 82 -0.2439379612754150
72 83 -0.0504584763522818
72 85 0.6354467688422285
72 86 0.2584794024579445
72 88 -0.7594273658422371
72 89 0.1493808835048923
72 92 0.1345417363931263
72 95 -0.6693294146586947
72 97 -0.0494405061357608
72 98 -0.0895398915534407
72 99 0.3130406015093485
72 100 0.4384555940989839
72 103 -0.0776777077238112
72 107 0.6133632285469215
72 111 0.3643367857221202
72 112 0.6917808805534447
72 119 -0.0473390007642743
72 120 0.3723217891150084
72 122 -0.1219689806377075
72 125 -0.0910841964305301
72 126 -1.0673876147849592
72 129 -0.2231098048862315
72 137 0.9200448428203825
73 0 -0.4554209821526503
73 2 0.1784234363897237
73 7 0.4785875581678595
73 8 -0.0504584763522818
73 15 -0.3825619474821162
73 25 -0.1293132501343541
73 26 0.2507757750272271
73 29 0.6494984774136444
73 38 0.0776777077238112
73 50 -0.1345417363931263
73 71 -0.0875200627442209
73 72 -0.3856691451850230
73 73 -22.5510248835659972
73 74 -0.1644931632417566
73 75 -0.0769731004975357
73 76 0.5700791375321372
73 77 -0.1833476212563612
73 79 -0.0473390007642743
73 81 -0.3723217891150084
73 82 -0.1219689806377075
73 84 -0.0479367125992772
73 85 -0.0494405061357608
73 86 -0.4384555940989839
73 87 0.0895398915534407
73 88 -0.3130406015093486
73 90 -0.6420925879493813
73 96 0.9200448428203825
73 97 0.6354467688422285
73 99 0.7594273658422371
73 100 -0.2584794024579445
73 101 0.1493808835048923
73 104 -0.0776777077238112
73 106 -0.2231098048862315
73 111 0.3643367857221202
73 113 0.6917808805534447
73 119 -0.2157820141861035
73 121 1.9780065610113984
73 122 -0.2439379612754150
73 125 -0.0910841964305301
73 127 -1.0673876147849592
73 131 0.6133632285469215
73 136 -0.6693294146586947
74 0 -1.8186010832479886
74 1 0.1914078974806580
74 8 -0.0479367125992773
74 9 0.6337976578491176
74 16 -0.3825619474821162
74 23 0.1914078974806580
74 24 0.3185685241207064
74 26 -1.0083138031928069
74 30 0.6494984774136444
74 49 0.6420925879493813
74 51 0.1345417363931263
74 71 -0.6757810226381105
74 72 -0.1644931632417566
74 73 -0.1644931632417566
74 74 -17.7110464060470285
74 75 0.8482649728935232
74 77 0.3185685241207064
74 78 -1.0083138031928069
74 80 -0.1482590113122367
74 81 -0.1754140099669186
74 82 -0.2193270459300712
74 83 -0.0479367125992773
74 84 0.6337976578491176
74 86 0.1668531702522620
74 87 -0.2390298960227625
74 89 -0.2673069812260068
74 91 -0.6420925879493813
74 94 0.1345417363931263
74 98 0.2390298960227624
74 100 -0.1668531702522620
74 101 -0.2673069812260068
74 108 0.3864375177297320
74 110 -0.8481537634532695
74 112 -0.3643367857221202
74 113 -0.3643367857221202
74 114 1.6933988385041503
74 120 0.1754140099669186
74 121 0.1482590113122367
74 122 -0.2193270459300712
74 124 0.8481537634532695
74 126 0.0910841964305301
74 127 0.0910841964305301
74 128 -1.3177921042726355
74 130 0.3864375177297320
75 0 0.5665786358096067
75 3 -0.1784234363897237
75 7 -0.1784234363897237
75 9 0.0504584763522818
75 17 -0.3825619474821162
75 25 0.1056452992799817
75 26 -0.1833476212563612
75 31 0.6494984774136444
75 39 0.0776777077238112
75 50 0.6420925879493813
75 71 0.6757810226381105
75 72 -0.0769731004975357
75 73 -0.0769731004975357
75 74 0.8482649728935232
75 75 -19.8410999285964742
75 76 0.1056452992799817
75 78 -0.1833476212563612
75 80 0.0473390007642743
75 81 0.2157820141861035
75 82 -1.2848276980282392
75 84 0.0504584763522818
75 86 -0.1097641911995563
75 88 -0.7181452203129564
75 89 0.0895398915534407
75 92 -0.6420925879493813
75 96 0.6693294146586947
75 99 0.7181452203129564
75 100 0.1097641911995563
75 101 0.0895398915534407
75 105 0.0776777077238112
75 107 -0.2231098048862315
75 111 -0.8481537634532695
75 114 -0.6917808805534447
75 120 -0.2157820141861035
75 121 -0.0473390007642743
75 122 -1.2848276980282389
75 125 0.8481537634532695
75 128 1.0673876147849592
75 131 -0.2231098048862315
75 137 0.6693294146586947
76 0 0.6110113646838267
76 1 -0.1961188252459277
76 6 0.3989669325465318
76 7 0.4280617252995874
76 10 -0.0504584763522818
76 12 -0.0479367125992772
76 27 0.1056452992799817
76 28 -0.1293132501343541
76 29 0.5700791375321372
76 31 0.2230657850946565
76 33 0.3376509701141359
76 41 0.0776777077238112
76 52 -0.6420925879493813
76 54 -0.1345417363931263
76 71 0.2230657850946565
76 72 -0.1293132501343541
76 73 0.5700791375321372
76 75 0.1056452992799817
76 76 -22.3756672892219122
76 77 -0.3339992771860588
76 78 -0.2849105162324437
76 79 0.2412516260209757
76 80 0.3269534560025719
76 81 -1.3865183301950716
76 82 0.2727309318522697
76 83 -0.1867870014316945
76 84 0.3386470020299757
76 86 -0.9936734568019402
76 90 0.8484385445393030
76 91 0.0895398915534407
76 92 1.0854763428207699
76 94 0.1493808835048923
76 97 -0.2140308626497937
76 99 0.6633921286999369
76 102 -0.1097641911995563
76 103 -0.2584794024579445
76 104 0.4384555940989839
76 105 -0.1724901866066674
76 106 -0.4988886901723285
76 107 0.6857609369648280
76 109 -0.0982553919312388
76 116 0.6917808805534447
76 123 0.6396114737338884
76 125 0.6110113646838267
76 132 -0.2231098048862315
76 133 0.6133632285469215
77 0 0.3527675758781280
77 1 -0.0781723040302670
77 2 -0.3803201668152534
77 4 -0.3950554632758306
77 11 0.6337976578491176
77 23 0.6053706974515026
77 27 -0.3185685241207064
77 29 -1.0083138031928069
77 30 0.2507757750272271
77 34 0.3376509701141359
77 42 0.0776777077238112
77 55 -0.1345417363931263
77 71 -0.2507757750272271
77 73 -0.1833476212563612
77 74 0.3185685241207064
77 76 -0.3339992771860588
77 77 -20.2466974747313309
77 78 -0.2764892040679404
77 79 -0.0781723040302670
77 81 0.2831499987533450
77 83 0.7210994084583739
77 84 -0.2450267616673147
77 87 -0.9936734568019402
77 90 0.1668531702522620
77 91 -0.4384555940989839
77 93 -0.7915379550774669
77 94 0.1724901866066674
77 100 0.6633921286999369
77 102 -0.5150090041407762
77 103 0.7594273658422371
77 104 1.1750162343742110
77 105 -0.1493808835048923
77 108 0.6857609369648280
77 115 0.3643367857221202
77 117 1.6933988385041503
77 119 0.6053706974515026
77 121 -0.3739536986333119
77 123 -1.0739924804113654
77 124 -0.3527675758781280
77 127 -0.9698124176013411
77 132 -0.3864375177297320
78 0 0.9698124176013411
78 1 -0.2831499987533450
78 3 0.3803201668152534
78 5 0.3950554632758306
78 11 -0.0479367125992773
78 23 -0.3739536986333119
78 28 0.3185685241207064
78 30 -0.1833476212563612
78 31 -1.0083138031928069
78 35 0.3376509701141359
78 44 0.0776777077238112
78 55 0.6420925879493813
78 72 0.2507757750272271
78 74 -1.0083138031928069
78 75 -0.1833476212563612
78 76 -0.2849105162324437
78 77 -0.2764892040679404
78 78 -16.4709140338494393
78 80 0.0781723040302670
78 82 0.2831499987533450
78 83 0.1707635258397419
78 84 -0.6935922832859108
78 89 -0.9936734568019402
78 91 -0.1097641911995563
78 92 0.1668531702522620
78 93 -0.8151805992043359
78 94 0.2584794024579445
78 100 0.2140308626497937
78 103 -0.4323105526700483
78 104 0.0494405061357608
78 105 -0.5051287600854146
78 108 0.4988886901723285
78 115 -0.8481537634532695
78 117 -0.3643367857221202
78 120 0.6053706974515026
78 122 0.3739536986333119
78 123 0.0349597171538916
78 126 -0.3527675758781280
78 128 0.9698124176013411
78 133 0.3864375177297320
79 1 0.8481537634532695
79 4 0.4785875581678595
79 8 -0.4280617252995874
79 10 -0.4785875581678595
79 19 0.3825619474821162
79 24 0.6053706974515026
79 27 -0.1914078974806580
79 32 0.2230657850946565
79 36 0.3376509701141359
79 57 0.1345417363931263
79 71 -1.0655006520981678
79 72 -0.2157820141861035
79 73 -0.0473390007642743
79 76 0.2412516260209757
79 77 -0.0781723040302670
79 79 -19.8259953440967465
79 80 -0.6282604818391200
79 81 0.3062312056577657
79 82 0.6757810226381105
79 85 -0.7085414269380993
79 86 0.2450267616673147
79 87 -0.3386470020299757
79 90 -0.6337976578491176
79 91 0.0479367125992772
79 95 -1.1852850184844277
79 96 0.1493808835048923
79 97 0.5443201421393585
79 98 -0.0643138487939128
79 102 0.3950554632758306
79 106 0.4449598664082360
79 107 -0.1493808835048923
79 108 -0.1724901866066674
79 110 -0.0982553919312388
79 118 1.6933988385041503
79 119 -0.4997100264178517
79 124 0.5565103167561998
79 125 -0.2193270459300712
79 126 0.2439379612754150
79 127 0.1219689806377075
79 134 -0.6133632285469215
79 138 0.9200448428203825
80 1 0.4554209821526503
80 5 0.4785875581678595
80 9 -0.4280617252995874
80 10 -0.1784234363897237
80 20 0.3825619474821162
80 24 0.3739536986333119
80 28 -0.1914078974806580
80 32 0.5700791375321372
80 37 0.3376509701141359
80 57 0.6420925879493813
80 71 0.1219689806377075
80 72 -1.9780065610113984
80 74 -0.1482590113122367
80 75 0.0473390007642743
80 76 0.3269534560025719
80 78 0.0781723040302670
80 79 -0.6282604818391200
80 80 -13.0765295440270108
80 81 -0.3856691451850230
80 82 -0.4707243688995223
80 85 0.3815229012259175
80 86 -0.6935922832859108
80 89 0.3386470020299757
80 91 0.0504584763522818
80 92 0.6337976578491176
80 95 -0.7904603461364557
80 96 0.7594273658422371
80 98 0.2383114961202490
80 99 -0.5443201421393585
80 103 -0.3950554632758306
80 106 0.0494405061357608
80 107 -1.1148473406970325
80 108 -0.4384555940989839
80 112 0.0982553919312388
80 118 0.3643367857221202
80 120 0.4997100264178517
80 124 0.0473390007642743
80 125 -0.1482590113122367
80 126 0.1366685462269597
80 128 0.1219689806377075
80 134 -0.2231098048862315
80 139 0.9200448428203825
81 1 0.4554209821526503
81 4 0.1784234363897237
81 8 -0.3989669325465318
81 12 0.4785875581678595
81 21 0.3825619474821162
81 26 -0.6053706974515026
81 29 -0.1914078974806580
81 32 -0.1293132501343541
81 38 0.3376509701141359
81 58 0.1345417363931263
81 71 0.2439379612754150
81 73 -0.3723217891150084
81 74 -0.1754140099669186
81 75 0.2157820141861035
81 76 -1.3865183301950716
81 77 0.2831499987533450
81 79 0.3062312056577657
81 80 -0.3856691451850230
81 81 -15.2561856891846634
81 82 0.4637673185973634
81 86 0.7210994084583739
81 87 -0.1867870014316945
81 88 -0.7085414269380993
81 90 -0.0479367125992773
81 94 0.0479367125992772
81 95 0.0494405061357608
81 96 -0.5153975441956313
81 97 0.0643138487939128
81 101 -0.0643138487939128
81 104 -0.3950554632758306
81 106 -0.1451580177693327
81 107 -0.7594273658422371
81 108 0.2584794024579445
81 113 0.0982553919312388
81 118 0.3643367857221202
81 121 0.4997100264178517
81 124 0.2157820141861035
81 125 -0.1754140099669186
81 127 -1.4690162256694306
81 128 0.2439379612754150
81 135 0.6133632285469215
81 138 -0.6693294146586947
82 1 -0.5665786358096067
82 5 -0.1784234363897237
82 9 0.3989669325465318
82 12 -0.1784234363897237
82 22 0.3825619474821162
82 26 0.3739536986333119
82 31 -0.1914078974806580
82 32 0.1056452992799817
82 39 0.3376509701141359
82 58 -0.6420925879493813
82 72 -0.2439379612754150
82 73 -0.1219689806377075
82 74 -0.2193270459300712
82 75 -1.2848276980282392
82 76 0.2727309318522697
82 78 0.2831499987533450
82 79 0.6757810226381105
82 80 -0.4707243688995223
82 81 0.4637673185973634
82 82 -11.2391707175498325
82 86 0.1707635258397419
82 88 -0.3815229012259175
82 89 -0.1867870014316945
82 92 -0.0479367125992773
82 94 -0.0504584763522818
82 96 0.8731587976071835
82 99 0.0643138487939128
82 101 -0.2383114961202490
82 105 0.3950554632758306
82 107 -0.2278564692400606
82 108 -0.1097641911995563
82 114 -0.0982553919312388
82 118 -0.8481537634532695
82 122 -0.4997100264178517
82 126 0.2157820141861035
82 127 0.0473390007642743
82 128 0.7758373626862710
82 135 -0.2231098048862315
82 139 0.6693294146586947
83 0 -0.4988886901723285
83 2 -1.3865183301950716
83 3 -0.2412516260209757
83 6 -0.6477068057111962
83 13 -0.0479367125992773
83 14 0.6337976578491176
83 16 -0.0479367125992772
83 23 0.2140308626497937
83 33 -1.0083138031928069
83 34 0.5700791375321372
83 35 0.2230657850946565
83 45 0.3581329359628826
83 59 -0.6420925879493813
83 60 -0.1345417363931263
83 71 -0.0479367125992772
83 72 -0.0504584763522818
83 74 -0.0479367125992773
83 76 -0.1867870014316945
83 77 0.7210994084583739
83 78 0.1707635258397419
83 83 -21.2087228740000810
83 84 -0.6317464646056793
83 85 0.1961188252459277
83 86 0.2831499987533450
83 87 -1.3865183301950716
83 89 0.2727309318522697
83 90 -0.1754140099669186
83 91 -0.1785837770807289
83 92 -0.2193270459300712
83 93 1.0739924804113654
83 94 -0.2439379612754150
83 98 -0.6477068057111962
83 102 0.2707300062176038
83 103 0.8361858905815552
83 109 -0.2836696036330854
83 110 -0.4988886901723285
83 112 0.6857609369648280
83 115 -0.3864375177297320
83 116 0.6133632285469215
83 119 -0.4280617252995874
83 120 0.3989669325465318
83 123 -0.6514416072399077
83 129 0.6110113646838267
83 130 -0.9698124176013411
83 132 -0.0910841964305301
83 133 1.3177921042726355
84 0 -0.6857609369648280
84 2 -0.2727309318522697
84 3 -0.3269534560025719
84 7 0.6477068057111962
84 15 -0.0479367125992773
84 16 -0.0504584763522818
84 17 -0.6337976578491176
84 23 0.6633921286999369
84 33 0.3185685241207064
84 34 -0.1056452992799817
84 35 -0.1293132501343541
84 46 0.3581329359628826
84 61 0.6420925879493813
84 62 -0.1345417363931263
84 73 -0.0479367125992772
84 74 0.6337976578491176
84 75 0.0504584763522818
84 76 0.3386470020299757
84 77 -0.2450267616673147
84 78 -0.6935922832859108
84 83 -0.6317464646056793
84 84 -16.4052680931161881
84 86 0.0781723040302670
84 87 -0.2412516260209757
84 88 0.1961188252459277
84 89 0.3269534560025719
84 91 0.0473390007642743
84 92 -0.1482590113122367
84 93 0.0349597171538916
84 94 -0.8717626400638884
84 101 -0.6477068057111962
84 104 -0.2707300062176038
84 105 0.8361858905815552
84 109 -0.3581497934664072
84 113 0.4988886901723285
84 114 0.6857609369648280
84 116 0.2231098048862315
84 117 0.3864375177297320
84 121 0.4280617252995874
84 122 0.3989669325465318
84 123 0.0957175116335719
84 130 -0.3527675758781280
84 131 -0.6110113646838267
84 132 -0.8481537634532695
84 133 0.0910841964305301
85 2 -0.4554209821526503
85 3 0.8481537634532695
85 13 0.1784234363897237
85 14 -0.4785875581678595
85 18 0.0479367125992772
85 25 -0.2140308626497937
85 36 -0.1833476212563612
85 37 0.2507757750272271
85 40 0.6494984774136444
85 47 0.3581329359628826
85 71 0.3568468727794478
85 72 0.6354467688422285
85 73 -0.0494405061357608
85 79 -0.7085414269380993
85 80 0.3815229012259175
85 83 0.1961188252459277
85 85 -20.5359539255002304
85 86 -0.2849105162324437
85 87 0.1644931632417566
85 88 0.1854831585571601
85 89 0.6757810226381105
85 90 -0.1293132501343541
85 92 0.2230657850946565
85 93 -0.2507757750272271
85 95 0.9700180319951274
85 96 -0.2439379612754150
85 97 -0.9230569702418870
85 99 0.2205060988858080
85 100 -0.3819277666490264
85 110 -0.0895398915534407
85 111 0.0266314065172956
85 112 0.1493808835048923
85 115 -0.0776777077238112
85 118 -0.6133632285469215
85 119 0.5443201421393585
85 120 -0.0643138487939128
85 125 0.6514416072399077
85 129 0.6044729554450083
85 131 0.1219689806377075
85 134 1.0673876147849592
85 140 0.9200448428203825
86 24 -0.6633921286999369
86 26 -0.2140308626497937
86 33 -0.1914078974806580
86 36 0.1056452992799817
86 37 -0.1293132501343541
86 38 0.5700791375321372
86 39 0.2230657850946565
86 41 0.6494984774136444
86 48 0.3581329359628826
86 63 0.6420925879493813
86 64 0.1345417363931263
86 71 -0.1724901866066674
86 72 0.2584794024579445
86 73 -0.4384555940989839
86 74 0.1668531702522620
86 75 -0.1097641911995563
86 76 -0.9936734568019402
86 79 0.2450267616673147
86 80 -0.6935922832859108
86 81 0.7210994084583739
86 82 0.1707635258397419
86 83 0.2831499987533450
86 84 0.0781723040302670
86 85 -0.2849105162324437
86 86 -14.1515163759759588
86 87 -0.3339992771860588
86 88 -0.3339992771860588
86 89 -0.2849105162324437
86 90 0.3185685241207064
86 91 -0.1833476212563612
86 92 -1.0083138031928069
86 94 0.2507757750272271
86 95 0.0349597171538916
86 96 -1.0739924804113654
86 97 0.3819277666490264
86 98 -0.3666292079661183
86 99 -0.3666292079661183
86 101 0.3819277666490264
86 106 -0.2707300062176038
86 107 -0.8361858905815552
86 109 -0.3950554632758306
86 110 0.1097641911995563
86 111 -0.1668531702522620
86 112 0.2584794024579445
86 113 -0.4384555940989839
86 114 0.1724901866066674
86 116 0.0776777077238112
86 118 -0.3864375177297320
86 130 -0.1306211383919203
87 2 1.8186010832479886
87 4 0.1914078974806580
87 8 0.6477068057111962
87 16 0.4785875581678595
87 18 0.6337976578491176
87 34 -0.1914078974806580
87 36 -0.3185685241207064
87 38 -1.0083138031928069
87 42 0.6494984774136444
87 49 0.3581329359628826
87 65 0.1345417363931263
87 71 -0.1493808835048923
87 73 0.0895398915534407
87 74 -0.2390298960227625
87 77 -0.9936734568019402
87 79 -0.3386470020299757
87 81 -0.1867870014316945
87 83 -1.3865183301950716
87 84 -0.2412516260209757
87 85 0.1644931632417566
87 86 -0.3339992771860588
87 87 -14.7125348206771420
87 88 0.8482649728935232
87 89 0.2905072338502251
87 91 0.5700791375321372
87 93 -1.0083138031928069
87 94 -0.2230657850946565
87 95 -0.1482590113122367
87 96 0.2193270459300712
87 98 0.7648414224457865
87 100 -0.3666292079661183
87 101 -0.2205060988858080
87 108 -0.8361858905815552
87 110 0.1438401505115252
87 112 -0.7594273658422371
87 113 -0.5537161762180598
87 114 0.1493808835048923
87 119 0.0643138487939128
87 121 0.2383114961202490
87 124 -0.0957175116335719
87 127 0.6514416072399077
87 129 -0.1754140099669186
87 130 1.0739924804113654
87 131 -0.2193270459300712
87 134 0.0910841964305301
87 135 1.3177921042726355
88 2 -0.5665786358096067
88 3 0.4554209821526503
88 15 0.1784234363897237
88 17 0.4785875581678595
88 18 0.0504584763522818
88 25 -0.6633921286999369
88 38 -0.1833476212563612
88 39 -0.2507757750272271
88 43 0.6494984774136444
88 50 0.3581329359628826
88 71 -0.1493808835048923
88 72 -0.7594273658422371
88 73 -0.3130406015093486
88 75 -0.7181452203129564
88 81 -0.7085414269380993
88 82 -0.3815229012259175
88 84 0.1961188252459277
88 85 0.1854831585571601
88 86 -0.3339992771860588
88 87 0.8482649728935232
88 88 -15.9905669342068109
88 89 0.1644931632417566
88 90 -0.1056452992799817
88 92 0.5700791375321372
88 93 -0.1833476212563612
88 95 0.0473390007642743
88 96 0.2768391690119679
88 97 -0.2205060988858080
88 99 0.7648414224457865
88 100 -0.3666292079661183
88 111 -0.3352751737786688
88 113 0.0895398915534407
88 114 0.1493808835048923
88 117 0.0776777077238112
88 118 -0.2231098048862315
88 121 -0.5443201421393585
88 122 -0.0643138487939128
88 125 -0.0957175116335719
88 129 0.2157820141861035
88 131 -1.5169788643582389
88 135 -1.0673876147849592
88 140 -0.6693294146586947
89 3 -1.8186010832479886
89 5 -0.1914078974806580
89 9 -0.6477068057111962
89 16 -0.1784234363897237
89 18 -0.0479367125992773
89 35 -0.1914078974806580
89 37 0.3185685241207064
89 39 -1.0083138031928069
89 44 0.6494984774136444
89 51 0.3581329359628826
89 65 -0.6420925879493813
89 72 0.1493808835048923
89 74 -0.2673069812260068
89 75 0.0895398915534407
89 78 -0.9936734568019402
89 80 0.3386470020299757
89 82 -0.1867870014316945
89 83 0.2727309318522697
89 84 0.3269534560025719
89 85 0.6757810226381105
89 86 -0.2849105162324437
89 87 0.2905072338502251
89 88 0.1644931632417566
89 89 -10.3515891570412339
89 91 0.1056452992799817
89 93 -0.3185685241207064
89 94 -0.1293132501343541
89 96 -0.1754140099669186
89 98 0.2205060988858080
89 100 -0.3819277666490264
89 101 -0.9230569702418870
89 108 0.2707300062176038
89 112 0.0611416990407973
89 113 -0.0494405061357608
89 114 -0.1161712980707367
89 120 0.0643138487939128
89 122 -0.2383114961202490
89 126 -0.0957175116335719
89 128 -0.6514416072399077
89 130 -0.0349597171538916
89 131 0.1482590113122367
89 134 -0.8481537634532695
89 135 -0.0910841964305301
90 2 0.6110113646838267
90 4 0.1961188252459277
90 13 -0.3989669325465318
90 15 0.4280617252995874
90 19 -0.0504584763522818
90 21 0.0479367125992772
90 27 0.6633921286999369
90 29 -0.2140308626497937
90 33 -0.6053706974515026
90 40 -0.1293132501343541
90 41 0.2507757750272271
90 43 -0.2230657850946565
90 52 0.3581329359628826
90 67 -0.1345417363931263
90 71 -0.1345417363931263
90 73 -0.6420925879493813
90 76 0.8484385445393030
90 77 0.1668531702522620
90 79 -0.6337976578491176
90 81 -0.0479367125992773
90 83 -0.1754140099669186
90 85 -0.1293132501343541
90 86 0.3185685241207064
90 88 -0.1056452992799817
90 90 -20.7969982132077007
90 91 -0.1644931632417566
90 92 -0.2379951962036928
90 93 0.2849105162324437
90 94 0.6757810226381105
90 95 -0.3269534560025719
90 96 0.2727309318522697
90 97 0.3581329359628826
90 102 -0.3666292079661183
90 104 -0.3819277666490264
90 106 0.6477068057111962
90 109 0.0643138487939128
90 111 0.6633921286999369
90 115 -0.2584794024579445
90 116 0.1493808835048923
90 117 0.1724901866066674
90 118 -0.6857609369648280
90 123 -0.0643138487939128
90 125 -0.3989669325465318
90 132 0.8717626400638884
90 133 -0.2439379612754150
91 1 -0.4988886901723285
91 4 1.3865183301950716
91 5 0.2412516260209757
91 10 0.6477068057111962
91 16 0.4280617252995874
91 19 -0.0479367125992773
91 20 0.6337976578491176
91 30 -0.2140308626497937
91 41 -1.0083138031928069
91 42 0.5700791375321372
91 44 0.2230657850946565
91 53 0.3581329359628826
91 66 0.6420925879493813
91 68 0.1345417363931263
91 74 -0.6420925879493813
91 76 0.0895398915534407
91 77 -0.4384555940989839
91 78 -0.1097641911995563
91 79 0.0479367125992772
91 80 0.0504584763522818
91 83 -0.1785837770807289
91 84 0.0473390007642743
91 86 -0.1833476212563612
91 87 0.5700791375321372
91 89 0.1056452992799817
91 90 -0.1644931632417566
91 91 -15.1825381539050852
91 92 0.8482649728935232
91 93 -0.3339992771860588
91 94 -0.2379951962036927
91 95 0.1961188252459277
91 98 0.3581329359628826
91 102 0.3819277666490264
91 103 -0.3666292079661183
91 109 -0.5443201421393585
91 110 0.2140308626497937
91 112 -0.6633921286999369
91 115 -0.1668531702522620
91 116 1.0854763428207692
91 123 0.2383114961202490
91 124 -0.4280617252995874
91 126 0.3989669325465318
91 130 0.3739536986333119
91 132 0.1482590113122367
91 133 -0.2193270459300712
91 134 -0.6110113646838267
92 3 -0.6110113646838267
92 5 -0.1961188252459277
92 14 0.3989669325465318
92 17 0.4280617252995874
92 20 0.0504584763522818
92 22 0.0479367125992772
92 28 -0.6633921286999369
92 31 -0.2140308626497937
92 33 0.3739536986333119
92 40 0.1056452992799817
92 41 -0.1833476212563612
92 43 0.5700791375321372
92 54 0.3581329359628826
92 67 0.6420925879493813
92 72 0.1345417363931263
92 75 -0.6420925879493813
92 76 1.0854763428207699
92 78 0.1668531702522620
92 80 0.6337976578491176
92 82 -0.0479367125992773
92 83 -0.2193270459300712
92 84 -0.1482590113122367
92 85 0.2230657850946565
92 86 -1.0083138031928069
92 88 0.5700791375321372
92 90 -0.2379951962036928
92 91 0.8482649728935232
92 92 -15.1825381539050834
92 93 -0.3339992771860588
92 94 -0.1644931632417566
92 95 -0.2412516260209757
92 96 1.3865183301950716
92 99 0.3581329359628826
92 103 -0.3666292079661183
92 105 0.3819277666490264
92 107 0.6477068057111962
92 109 0.2383114961202490
92 111 0.2140308626497937
92 115 0.1097641911995563
92 116 0.0895398915534407
92 117 -0.4384555940989839
92 118 -0.4988886901723285
92 123 -0.5443201421393585
92 125 -0.4280617252995874
92 132 -0.0473390007642743
92 133 -0.1785837770807289
93 2 -0.9698124176013411
93 3 -0.3527675758781280
93 4 -0.2831499987533450
93 5 -0.0781723040302670
93 11 0.6477068057111962
93 34 0.3739536986333119
93 35 0.6053706974515026
93 40 -0.3185685241207064
93 42 -0.1833476212563612
93 43 -1.0083138031928069
93 44 -0.2507757750272271
93 55 0.3581329359628826
93 77 -0.7915379550774669
93 78 -0.8151805992043359
93 83 1.0739924804113654
93 84 0.0349597171538916
93 85 -0.2507757750272271
93 87 -1.0083138031928069
93 88 -0.1833476212563612
93 89 -0.3185685241207064
93 90 0.2849105162324437
93 91 -0.3339992771860588
93 92 -0.3339992771860588
93 93 -12.9830835996033631
93 94 0.2849105162324437
93 95 0.0781723040302670
93 96 -0.2831499987533450
93 100 0.3581329359628826
93 102 -0.2205060988858080
93 103 0.7648414224457865
93 104 -0.9230569702418870
93 105 -0.2205060988858080
93 108 0.6477068057111962
93 115 0.8151805992043359
93 117 -0.7915379550774675
93 129 -0.6053706974515026
93 131 0.3739536986333119
93 132 -0.0349597171538916
93 133 1.0739924804113654
93 134 -0.3527675758781280
93 135 -0.9698124176013411
94 1 -0.6857609369648280
94 4 0.2727309318522697
94 5 0.3269534560025719
94 12 -0.6477068057111962
94 16 0.3989669325465318
94 21 -0.0479367125992773
94 22 -0.6337976578491176
94 30 -0.6633921286999369
94 41 0.3185685241207064
94 42 -0.1056452992799817
94 44 -0.1293132501343541
94 56 0.3581329359628826
94 69 -0.6420925879493813
94 70 0.1345417363931263
94 74 0.1345417363931263
94 76 0.1493808835048923
94 77 0.1724901866066674
94 78 0.2584794024579445
94 81 0.0479367125992772
94 82 -0.0504584763522818
94 83 -0.2439379612754150
94 84 -0.8717626400638884
94 86 0.2507757750272271
94 87 -0.2230657850946565
94 89 -0.1293132501343541
94 90 0.6757810226381105
94 91 -0.2379951962036927
94 92 -0.1644931632417566
94 93 0.2849105162324437
94 94 -11.2516495015135352
94 96 0.1961188252459277
94 101 0.3581329359628826
94 104 -0.3819277666490264
94 105 -0.3666292079661183
94 109 -0.0643138487939128
94 113 -0.2140308626497937
94 114 -0.6633921286999369
94 116 0.8484385445393030
94 117 0.1668531702522620
94 123 0.0643138487939128
94 127 0.4280617252995874
94 128 0.3989669325465318
94 130 -0.6053706974515026
94 133 -0.1754140099669186
94 135 0.6110113646838267
95 4 0.4554209821526503
95 5 -0.8481537634532695
95 18 -0.4280617252995874
95 19 0.1784234363897237
95 20 -0.4785875581678595
95 32 0.2140308626497937
95 36 -0.3739536986333119
95 37 0.6053706974515026
95 40 0.1914078974806580
95 57 0.3581329359628826
95 71 0.9200448428203825
95 72 -0.6693294146586947
95 79 -1.1852850184844277
95 80 -0.7904603461364557
95 81 0.0494405061357608
95 85 0.9700180319951274
95 86 0.0349597171538916
95 87 -0.1482590113122367
95 88 0.0473390007642743
95 90 -0.3269534560025719
95 91 0.1961188252459277
95 92 -0.2412516260209757
95 93 0.0781723040302670
95 95 -12.2662487140413869
95 96 0.5792344269591467
95 106 -0.9230569702418870
95 107 0.2205060988858080
95 108 -0.3819277666490264
95 110 -0.2383114961202490
95 111 0.5443201421393585
95 112 0.0643138487939128
95 115 0.3950554632758306
95 118 -0.8284381457049795
95 124 0.5443201421393585
95 125 -0.2383114961202490
95 126 -0.0643138487939128
95 129 -0.4997100264178517
95 134 -0.0954826201030404
95 135 -0.1219689806377075
95 141 0.9200448428203825
96 4 0.5665786358096067
96 5 -0.4554209821526503
96 18 -0.3989669325465318
96 21 0.1784234363897237
96 22 0.4785875581678595
96 32 0.6633921286999369
96 38 -0.3739536986333119
96 39 -0.6053706974515026
96 43 0.1914078974806580
96 58 0.3581329359628826
96 73 0.9200448428203825
96 75 0.6693294146586947
96 79 0.1493808835048923
96 80 0.7594273658422371
96 81 -0.5153975441956313
96 82 0.8731587976071835
96 85 -0.2439379612754150
96 86 -1.0739924804113654
96 87 0.2193270459300712
96 88 0.2768391690119679
96 89 -0.1754140099669186
96 90 0.2727309318522697
96 92 1.3865183301950716
96 93 -0.2831499987533450
96 94 0.1961188252459277
96 95 0.5792344269591467
96 96 -8.5934278512403122
96 106 -0.2205060988858080
96 107 0.7648414224457865
96 108 -0.3666292079661183
96 111 0.0643138487939128
96 113 0.2383114961202490
96 114 0.0643138487939128
96 117 -0.3950554632758306
96 118 -0.1550135772942270
96 125 -0.0643138487939128
96 127 -0.5443201421393585
96 128 -0.0643138487939128
96 131 0.4997100264178517
96 134 -0.2157820141861035
96 135 1.0079885290162711
96 141 -0.6693294146586947
97 6 0.4554209821526503
97 7 0.8481537634532695
97 8 0.1961188252459277
97 13 0.1784234363897237
97 15 -0.4785875581678595
97 47 -0.1293132501343541
97 48 0.2507757750272271
97 50 -0.2230657850946565
97 52 0.6494984774136444
97 63 -0.0776777077238112
97 71 0.3568468727794479
97 72 -0.0494405061357608
97 73 0.6354467688422285
97 76 -0.2140308626497937
97 79 0.5443201421393585
97 81 0.0643138487939128
97 85 -0.9230569702418870
97 86 0.3819277666490264
97 88 -0.2205060988858080
97 90 0.3581329359628826
97 97 -20.5359539255002304
97 98 -0.1644931632417566
97 99 -0.1854831585571601
97 100 0.2849105162324437
97 101 0.6757810226381105
97 102 -0.1833476212563612
97 104 -0.2507757750272271
97 106 0.6044729554450083
97 107 0.1219689806377075
97 109 -0.0479367125992772
97 110 -0.0895398915534407
97 111 0.0266314065172956
97 113 0.1493808835048923
97 118 0.9200448428203825
97 119 -0.7085414269380993
97 121 -0.3815229012259175
97 125 0.6514416072399077
97 136 0.9700180319951274
97 137 -0.2439379612754150
97 138 1.0673876147849592
97 140 -0.6133632285469215
98 6 1.8186010832479886
98 8 1.3865183301950716
98 9 0.2412516260209757
98 10 0.1914078974806580
98 16 -0.4785875581678595
98 24 0.9936734568019402
98 45 -0.1914078974806580
98 48 -1.0083138031928069
98 49 0.5700791375321372
98 51 0.2230657850946565
98 53 0.6494984774136444
98 71 0.1493808835048923
98 72 -0.0895398915534407
98 74 0.2390298960227624
98 79 -0.0643138487939128
98 80 0.2383114961202490
98 83 -0.6477068057111962
98 86 -0.3666292079661183
98 87 0.7648414224457865
98 89 0.2205060988858080
98 91 0.3581329359628826
98 97 -0.1644931632417566
98 98 -14.7125348206771438
98 99 0.8482649728935232
98 100 -0.3339992771860588
98 101 -0.2905072338502251
98 102 0.3185685241207064
98 103 -1.0083138031928069
98 106 0.1754140099669186
98 107 0.2193270459300712
98 108 -1.0739924804113654
98 109 0.6337976578491176
98 110 -0.1438401505115252
98 112 0.5537161762180598
98 113 0.7594273658422371
98 114 -0.1493808835048923
98 116 -0.1345417363931263
98 119 0.3386470020299757
98 120 -0.1867870014316945
98 124 0.0957175116335719
98 126 -0.6514416072399077
98 130 0.8361858905815552
98 136 0.1482590113122367
98 137 -0.2193270459300712
98 138 -0.0910841964305301
98 139 1.3177921042726355
99 6 -0.5665786358096067
99 7 -0.4554209821526503
99 9 -0.1961188252459277
99 14 -0.1784234363897237
99 17 -0.4785875581678595
99 47 0.1056452992799817
99 48 -0.1833476212563612
99 50 0.5700791375321372
99 54 0.6494984774136444
99 64 -0.0776777077238112
99 71 0.1493808835048923
99 72 0.3130406015093485
99 73 0.7594273658422371
99 75 0.7181452203129564
99 76 0.6633921286999369
99 80 -0.5443201421393585
99 82 0.0643138487939128
99 85 0.2205060988858080
99 86 -0.3666292079661183
99 88 0.7648414224457865
99 92 0.3581329359628826
99 97 -0.1854831585571601
99 98 0.8482649728935232
99 99 -15.9905669342068109
99 100 -0.3339992771860588
99 101 -0.1644931632417566
99 103 -0.1833476212563612
99 105 0.2507757750272271
99 106 -0.2157820141861035
99 107 1.5169788643582391
99 109 0.0504584763522818
99 111 0.3352751737786688
99 112 -0.0895398915534407
99 114 -0.1493808835048923
99 118 0.6693294146586947
99 120 -0.7085414269380993
99 122 0.3815229012259175
99 125 0.0957175116335719
99 136 -0.0473390007642743
99 137 -0.2768391690119679
99 139 -1.0673876147849592
99 140 0.2231098048862315
100 8 -0.2831499987533450
100 9 -0.0781723040302670
100 11 0.1914078974806580
100 18 -0.3950554632758306
100 25 0.9936734568019402
100 47 -0.3185685241207064
100 49 -0.1833476212563612
100 50 -1.0083138031928069
100 51 -0.2507757750272271
100 55 0.6494984774136444
100 65 -0.0776777077238112
100 71 0.1724901866066674
100 72 0.4384555940989839
100 73 -0.2584794024579445
100 74 -0.1668531702522620
100 75 0.1097641911995563
100 77 0.6633921286999369
100 78 0.2140308626497937
100 85 -0.3819277666490264
100 87 -0.3666292079661183
100 88 -0.3666292079661183
100 89 -0.3819277666490264
100 93 0.3581329359628826
100 97 0.2849105162324437
100 98 -0.3339992771860588
100 99 -0.3339992771860588
100 100 -14.1515163759759588
100 101 0.2849105162324437
100 102 -0.1056452992799817
100 103 0.5700791375321372
100 104 -0.1293132501343541
100 105 -0.2230657850946565
100 108 0.1306211383919203
100 110 -0.1097641911995563
100 111 0.1668531702522620
100 112 0.4384555940989839
100 113 -0.2584794024579445
100 114 -0.1724901866066674
100 115 -0.6420925879493813
100 117 -0.1345417363931263
100 119 -0.2450267616673147
100 120 0.7210994084583739
100 121 -0.6935922832859108
100 122 -0.1707635258397419
100 129 0.2707300062176038
100 131 0.8361858905815552
100 136 -0.0349597171538916
100 137 1.0739924804113654
100 140 0.3864375177297320
101 7 -1.8186010832479886
101 8 0.2727309318522697
101 9 0.3269534560025719
101 12 -0.1914078974806580
101 16 -0.1784234363897237
101 26 -0.9936734568019402
101 46 -0.1914078974806580
101 48 0.3185685241207064
101 49 -0.1056452992799817
101 51 -0.1293132501343541
101 56 0.6494984774136444
101 73 0.1493808835048923
101 74 -0.2673069812260068
101 75 0.0895398915534407
101 81 -0.0643138487939128
101 82 -0.2383114961202490
101 84 -0.6477068057111962
101 86 0.3819277666490264
101 87 -0.2205060988858080
101 89 -0.9230569702418870
101 94 0.3581329359628826
101 97 0.6757810226381105
101 98 -0.2905072338502251
101 99 -0.1644931632417566
101 100 0.2849105162324437
101 101 -10.3515891570412339
101 104 -0.3185685241207064
101 105 -1.0083138031928069
101 107 0.1482590113122367
101 108 -0.0349597171538916
101 109 0.0479367125992773
101 112 -0.0494405061357608
101 113 0.0611416990407973
101 114 -0.1161712980707367
101 116 -0.6420925879493813
101 121 -0.3386470020299757
101 122 -0.1867870014316945
101 127 -0.0957175116335719
101 128 -0.6514416072399077
101 130 0.2707300062176038
101 137 -0.1754140099669186
101 138 -0.8481537634532695
101 139 0.0910841964305301
102 6 -0.3527675758781280
102 10 -0.0781723040302670
102 11 0.2412516260209757
102 13 -0.3803201668152534
102 19 0.3950554632758306
102 27 -0.9936734568019402
102 45 -0.6053706974515026
102 52 -1.0083138031928069
102 53 0.2507757750272271
102 55 -0.2230657850946565
102 59 0.3376509701141359
102 66 -0.0776777077238112
102 71 0.0776777077238112
102 76 -0.1097641911995563
102 77 -0.5150090041407762
102 79 0.3950554632758306
102 83 0.2707300062176038
102 90 -0.3666292079661183
102 91 0.3819277666490264
102 93 -0.2205060988858080
102 97 -0.1833476212563612
102 98 0.3185685241207064
102 100 -0.1056452992799817
102 102 -19.1480438134321993
102 103 -0.3849992621275648
102 104 0.5494924253693213
102 105 0.6757810226381105
102 106 -0.2831499987533450
102 108 0.2727309318522697
102 109 -0.2450267616673147
102 110 0.9936734568019402
102 115 0.5051287600854140
102 116 -0.1724901866066674
102 117 -0.1493808835048923
102 119 0.3376509701141359
102 123 -0.1707635258397419
102 124 0.3803201668152534
102 132 -0.8361858905815552
102 136 -0.3739536986333119
102 138 0.9698124176013411
103 6 -0.9698124176013411
103 10 -0.2831499987533450
103 11 1.3865183301950716
103 14 0.3803201668152534
103 20 -0.3950554632758306
103 28 0.9936734568019402
103 45 0.3739536986333119
103 53 -0.1833476212563612
103 54 -1.0083138031928069
103 55 0.5700791375321372
103 60 0.3376509701141359
103 68 -0.0776777077238112
103 72 -0.0776777077238112
103 76 -0.2584794024579445
103 77 0.7594273658422371
103 78 -0.4323105526700483
103 80 -0.3950554632758306
103 83 0.8361858905815552
103 91 -0.3666292079661183
103 92 -0.3666292079661183
103 93 0.7648414224457865
103 98 -1.0083138031928069
103 99 -0.1833476212563612
103 100 0.5700791375321372
103 102 -0.3849992621275648
103 103 -13.5367983362264095
103 104 -0.3856691451850230
103 105 -0.3849992621275647
103 107 -0.2831499987533450
103 108 1.3865183301950716
103 109 -0.6935922832859108
103 112 0.9936734568019402
103 115 0.4323105526700483
103 116 -0.2584794024579445
103 117 0.7594273658422371
103 120 0.3376509701141359
103 123 -0.6935922832859108
103 126 0.3803201668152534
103 133 0.8361858905815552
103 137 0.3739536986333119
103 139 -0.9698124176013411
104 7 -0.3527675758781280
104 11 -0.3269534560025719
104 12 -0.0781723040302670
104 15 0.3803201668152534
104 21 -0.3950554632758306
104 29 0.9936734568019402
104 46 0.6053706974515026
104 52 -0.3185685241207064
104 55 -0.1293132501343541
104 56 -0.2507757750272271
104 61 0.3376509701141359
104 69 -0.0776777077238112
104 73 -0.0776777077238112
104 76 0.4384555940989839
104 77 1.1750162343742110
104 78 0.0494405061357608
104 81 -0.3950554632758306
104 84 -0.2707300062176038
104 90 -0.3819277666490264
104 93 -0.9230569702418870
104 94 -0.3819277666490264
104 97 -0.2507757750272271
104 100 -0.1293132501343541
104 101 -0.3185685241207064
104 102 0.5494924253693213
104 103 -0.3856691451850230
104 104 -12.4814897505089206
104 105 0.5494924253693214
104 106 0.0781723040302670
104 108 -0.3269534560025719
104 109 0.7210994084583739
104 113 0.9936734568019402
104 115 -0.0494405061357608
104 116 0.4384555940989839
104 117 1.1750162343742105
104 121 0.3376509701141359
104 123 0.7210994084583739
104 127 0.3803201668152534
104 132 0.2707300062176038
104 136 -0.6053706974515026
104 138 -0.3527675758781280
105 7 0.9698124176013411
105 11 0.2727309318522697
105 12 0.2831499987533450
105 17 -0.3803201668152534
105 22 0.3950554632758306
105 31 -0.9936734568019402
105 46 0.3739536986333119
105 54 0.3185685241207064
105 55 -0.1056452992799817
105 56 -0.1833476212563612
105 62 0.3376509701141359
105 70 -0.0776777077238112
105 75 0.0776777077238112
105 76 -0.1724901866066674
105 77 -0.1493808835048923
105 78 -0.5051287600854146
105 82 0.3950554632758306
105 84 0.8361858905815552
105 92 0.3819277666490264
105 93 -0.2205060988858080
105 94 -0.3666292079661183
105 99 0.2507757750272271
105 100 -0.2230657850946565
105 101 -1.0083138031928069
105 102 0.6757810226381105
105 103 -0.3849992621275647
105 104 0.5494924253693214
105 105 -9.6026951017380355
105 107 -0.0781723040302670
105 108 0.2412516260209757
105 109 -0.1707635258397419
105 114 0.9936734568019402
105 116 -0.1097641911995563
105 117 -0.5150090041407762
105 122 0.3376509701141359
105 123 -0.2450267616673147
105 128 0.3803201668152534
105 133 0.2707300062176038
105 137 -0.6053706974515026
105 139 -0.3527675758781280
106 8 0.6110113646838267
106 10 -0.4554209821526503
106 12 -0.8481537634532695
106 19 0.1784234363897237
106 21 -0.4785875581678595
106 48 0.6053706974515026
106 52 0.1914078974806580
106 57 -0.1293132501343541
106 58 -0.2230657850946565
106 63 0.3376509701141359
106 71 -0.6133632285469215
106 73 -0.2231098048862315
106 76 -0.4988886901723285
106 79 0.4449598664082360
106 80 0.0494405061357608
106 81 -0.1451580177693327
106 86 -0.2707300062176038
106 90 0.6477068057111962
106 95 -0.9230569702418870
106 96 -0.2205060988858080
106 97 0.6044729554450083
106 98 0.1754140099669186
106 99 -0.2157820141861035
106 102 -0.2831499987533450
106 104 0.0781723040302670
106 106 -13.0472966609562082
106 107 0.3552572605377390
106 108 0.2849105162324437
106 110 -0.1867870014316945
106 111 -0.7085414269380993
106 113 -0.3386470020299757
106 116 0.0479367125992772
106 118 0.8018067391876844
106 124 -0.7085414269380993
106 125 -0.1867870014316945
106 127 -0.3815229012259175
106 136 -0.4997100264178517
106 138 -0.4610276966531593
106 139 0.2439379612754150
106 141 -0.6133632285469215
107 9 -0.6110113646838267
107 10 0.5665786358096067
107 12 0.4554209821526503
107 20 -0.1784234363897237
107 22 -0.4785875581678595
107 48 -0.3739536986333119
107 54 0.1914078974806580
107 57 0.1056452992799817
107 58 0.5700791375321372
107 64 0.3376509701141359
107 72 0.6133632285469215
107 75 -0.2231098048862315
107 76 0.6857609369648280
107 79 -0.1493808835048923
107 80 -1.1148473406970325
107 81 -0.7594273658422371
107 82 -0.2278564692400606
107 86 -0.8361858905815552
107 92 0.6477068057111962
107 95 0.2205060988858080
107 96 0.7648414224457865
107 97 0.1219689806377075
107 98 0.2193270459300712
107 99 1.5169788643582391
107 101 0.1482590113122367
107 103 -0.2831499987533450
107 105 -0.0781723040302670
107 106 0.3552572605377390
107 107 -7.1948196529974808
107 108 -0.3339992771860588
107 111 -0.3815229012259175
107 112 -0.1867870014316945
107 114 0.3386470020299757
107 116 -0.0504584763522818
107 118 -0.4902887510728959
107 125 -0.3386470020299757
107 126 -0.7085414269380993
107 128 0.3815229012259175
107 137 0.4997100264178517
107 138 0.0473390007642743
107 139 -0.2321511663300000
107 141 0.2231098048862315
108 8 -0.9698124176013411
108 9 -0.3527675758781280
108 11 1.8186010832479886
108 18 -0.3803201668152534
108 32 -0.9936734568019402
108 49 -0.3739536986333119
108 51 -0.6053706974515026
108 55 0.1914078974806580
108 57 -0.3185685241207064
108 58 -1.0083138031928069
108 65 0.3376509701141359
108 74 0.3864375177297320
108 77 0.6857609369648280
108 78 0.4988886901723285
108 79 -0.1724901866066674
108 80 -0.4384555940989839
108 81 0.2584794024579445
108 82 -0.1097641911995563
108 87 -0.8361858905815552
108 89 0.2707300062176038
108 93 0.6477068057111962
108 95 -0.3819277666490264
108 96 -0.3666292079661183
108 98 -1.0739924804113654
108 100 0.1306211383919203
108 101 -0.0349597171538916
108 102 0.2727309318522697
108 103 1.3865183301950716
108 104 -0.3269534560025719
108 105 0.2412516260209757
108 106 0.2849105162324437
108 107 -0.3339992771860588
108 108 -7.6157003427140371
108 110 -0.1707635258397419
108 112 0.7210994084583739
108 113 -0.6935922832859108
108 114 -0.2450267616673147
108 115 0.0479367125992773
108 117 0.6337976578491176
108 118 -0.1668531702522620
108 124 -0.2450267616673147
108 126 0.7210994084583739
108 127 -0.6935922832859108
108 128 -0.1707635258397419
108 134 -0.2707300062176038
108 135 -0.8361858905815552
108 138 0.0349597171538916
108 139 -1.0739924804113654
108 141 0.3864375177297320
109 6 0.6857609369648280
109 7 0.4988886901723285
109 13 -0.2727309318522697
109 14 -0.3269534560025719
109 15 1.3865183301950716
109 16 0.1961188252459277
109 17 -0.2412516260209757
109 33 0.9936734568019402
109 45 -0.6633921286999369
109 46 0.2140308626497937
109 59 -0.1056452992799817
109 60 -0.1293132501343541
109 61 0.5700791375321372
109 62 -0.2230657850946565
109 76 -0.0982553919312388
109 83 -0.2836696036330854
109 84 -0.3581497934664072
109 86 -0.3950554632758306
109 90 0.0643138487939128
109 91 -0.5443201421393585
109 92 0.2383114961202490
109 94 -0.0643138487939128
109 97 -0.0479367125992772
109 98 0.6337976578491176
109 99 0.0504584763522818
109 101 0.0479367125992773
109 102 -0.2450267616673147
109 103 -0.6935922832859108
109 104 0.7210994084583739
109 105 -0.1707635258397419
109 109 -14.3248966626909215
109 110 0.2412516260209757
109 111 -0.1961188252459277
109 112 -0.3269534560025719
109 113 1.3865183301950716
109 114 0.2727309318522697
109 115 -0.0349597171538916
109 116 0.6396114737338883
109 117 -1.0739924804113654
109 123 0.8096603953725611
109 130 0.3803201668152534
109 132 -0.0957175116335719
109 133 -0.6514416072399077
109 136 0.4280617252995874
109 137 0.3989669325465318
109 140 0.6110113646838267
110 8 -0.4988886901723285
110 13 -1.8186010832479886
110 16 -0.8481537634532695
110 18 -0.2412516260209757
110 19 0.1914078974806580
110 36 0.9936734568019402
110 49 -0.2140308626497937
110 59 0.1914078974806580
110 63 -1.0083138031928069
110 65 -0.2230657850946565
110 66 0.6494984774136444
110 71 -0.6917808805534447
110 74 -0.8481537634532695
110 79 -0.0982553919312388
110 83 -0.4988886901723285
110 85 -0.0895398915534407
110 86 0.1097641911995563
110 87 0.1438401505115252
110 91 0.2140308626497937
110 95 -0.2383114961202490
110 97 -0.0895398915534407
110 98 -0.1438401505115252
110 100 -0.1097641911995563
110 102 0.9936734568019402
110 106 -0.1867870014316945
110 108 -0.1707635258397419
110 109 0.2412516260209757
110 110 -14.2831107905741899
110 111 0.8482649728935232
110 112 0.1819971757906007
110 113 0.1819971757906008
110 114 0.6757810226381105
110 115 -1.0083138031928069
110 116 -0.2230657850946565
110 118 -0.2193270459300712
110 119 -0.0982553919312388
110 124 0.8096603953725611
110 129 -0.1867870014316945
110 130 -0.1707635258397419
110 134 0.6514416072399077
110 136 -0.2383114961202490
110 138 0.6514416072399077
110 140 -0.2193270459300712
110 141 -1.3177921042726355
111 13 0.5665786358096067
111 14 -0.4554209821526503
111 15 -0.4554209821526503
111 17 -0.8481537634532695
111 18 0.1961188252459277
111 47 0.6633921286999369
111 50 -0.2140308626497937
111 63 -0.1833476212563612
111 64 -0.2507757750272271
111 67 0.6494984774136444
111 71 1.6933988385041503
111 72 0.3643367857221202
111 73 0.3643367857221202
111 75 -0.8481537634532695
111 85 0.0266314065172956
111 86 -0.1668531702522620
111 88 -0.3352751737786688
111 90 0.6633921286999369
111 92 0.2140308626497937
111 95 0.5443201421393585
111 96 0.0643138487939128
111 97 0.0266314065172956
111 99 0.3352751737786688
111 100 0.1668531702522620
111 106 -0.7085414269380993
111 107 -0.3815229012259175
111 109 -0.1961188252459277
111 110 0.8482649728935232
111 111 -14.7091214950840783
111 112 0.1644931632417566
111 113 0.1644931632417566
111 114 -0.6757810226381105
111 115 -0.1833476212563612
111 117 -0.2507757750272271
111 118 -0.5089903353419680
111 125 0.8096603953725611
111 129 -0.7085414269380993
111 131 -0.3815229012259175
111 136 0.5443201421393585
111 137 0.0643138487939128
111 140 -0.5089903353419680
111 141 1.0673876147849592
112 9 0.4988886901723285
112 14 1.8186010832479886
112 16 0.4554209821526503
112 18 -1.3865183301950716
112 20 -0.1914078974806580
112 37 -0.9936734568019402
112 51 -0.2140308626497937
112 60 0.1914078974806580
112 64 -1.0083138031928069
112 65 0.5700791375321372
112 68 0.6494984774136444
112 72 0.6917808805534447
112 74 -0.3643367857221202
112 80 0.0982553919312388
112 83 0.6857609369648280
112 85 0.1493808835048923
112 86 0.2584794024579445
112 87 -0.7594273658422371
112 89 0.0611416990407973
112 91 -0.6633921286999369
112 95 0.0643138487939128
112 98 0.5537161762180598
112 99 -0.0895398915534407
112 100 0.4384555940989839
112 101 -0.0494405061357608
112 103 0.9936734568019402
112 107 -0.1867870014316945
112 108 0.7210994084583739
112 109 -0.3269534560025719
112 110 0.1819971757906007
112 111 0.1644931632417566
112 112 -8.0867030906143853
112 113 -0.3856691451850230
112 114 -0.0175040125488442
112 115 -0.3185685241207064
112 116 -0.1293132501343541
112 118 0.1754140099669186
112 120 -0.0982553919312388
112 126 0.8096603953725611
112 129 -0.3386470020299757
112 130 -0.6935922832859108
112 134 0.0957175116335719
112 137 0.2383114961202490
112 139 -0.6514416072399077
112 140 0.1482590113122367
112 141 0.0910841964305301
113 8 0.6857609369648280
113 15 1.8186010832479886
113 16 0.4554209821526503
113 18 0.3269534560025719
113 21 -0.1914078974806580
113 38 -0.9936734568019402
113 49 0.6633921286999369
113 61 0.1914078974806580
113 63 -0.3185685241207064
113 65 -0.1293132501343541
113 69 0.6494984774136444
113 73 0.6917808805534447
113 74 -0.3643367857221202
113 81 0.0982553919312388
113 84 0.4988886901723285
113 86 -0.4384555940989839
113 87 -0.5537161762180598
113 88 0.0895398915534407
113 89 -0.0494405061357608
113 94 -0.2140308626497937
113 96 0.2383114961202490
113 97 0.1493808835048923
113 98 0.7594273658422371
113 100 -0.2584794024579445
113 101 0.0611416990407973
113 104 0.9936734568019402
113 106 -0.3386470020299757
113 108 -0.6935922832859108
113 109 1.3865183301950716
113 110 0.1819971757906008
113 111 0.1644931632417566
113 112 -0.3856691451850230
113 113 -8.0867030906143835
113 114 -0.0175040125488442
113 116 0.5700791375321372
113 117 -1.0083138031928069
113 118 0.1482590113122367
113 121 -0.0982553919312388
113 127 0.8096603953725611
113 130 0.7210994084583739
113 131 -0.1867870014316945
113 135 0.6514416072399077
113 136 0.0643138487939128
113 138 0.0957175116335719
113 140 0.1754140099669186
113 141 0.0910841964305301
114 9 0.6857609369648280
114 16 0.5665786358096067
114 17 -1.8186010832479886
114 18 -0.2727309318522697
114 22 0.1914078974806580
114 39 0.9936734568019402
114 51 -0.6633921286999369
114 62 0.1914078974806580
114 64 0.3185685241207064
114 65 -0.1056452992799817
114 70 0.6494984774136444
114 74 1.6933988385041503
114 75 -0.6917808805534447
114 82 -0.0982553919312388
114 84 0.6857609369648280
114 86 0.1724901866066674
114 87 0.1493808835048923
114 88 0.1493808835048923
114 89 -0.1161712980707367
114 94 -0.6633921286999369
114 96 0.0643138487939128
114 98 -0.1493808835048923
114 99 -0.1493808835048923
114 100 -0.1724901866066674
114 101 -0.1161712980707367
114 105 0.9936734568019402
114 107 0.3386470020299757
114 108 -0.2450267616673147
114 109 0.2727309318522697
114 110 0.6757810226381105
114 111 -0.6757810226381105
114 112 -0.0175040125488442
114 113 -0.0175040125488442
114 114 -4.6227462190894801
114 116 -0.1056452992799817
114 117 0.3185685241207064
114 122 -0.0982553919312388
114 128 0.8096603953725611
114 130 -0.2450267616673147
114 131 0.3386470020299757
114 135 -0.0957175116335719
114 137 0.0643138487939128
114 139 0.0957175116335719
114 141 0.8481537634532695
115 11 -0.4988886901723285
115 13 0.9698124176013411
115 14 0.3527675758781280
115 19 -0.2831499987533450
115 20 -0.0781723040302670
115 40 0.9936734568019402
115 55 -0.2140308626497937
115 59 -0.3739536986333119
115 60 -0.6053706974515026
115 66 -0.1833476212563612
115 67 -1.0083138031928069
115 68 -0.2507757750272271
115 77 0.3643367857221202
115 78 -0.8481537634532695
115 83 -0.3864375177297320
115 85 -0.0776777077238112
115 90 -0.2584794024579445
115 91 -0.1668531702522620
115 92 0.1097641911995563
115 93 0.8151805992043359
115 95 0.3950554632758306
115 100 -0.6420925879493813
115 102 0.5051287600854140
115 103 0.4323105526700483
115 104 -0.0494405061357608
115 108 0.0479367125992773
115 109 -0.0349597171538916
115 110 -1.0083138031928069
115 111 -0.1833476212563612
115 112 -0.3185685241207064
115 115 -12.6180554572472641
115 116 0.2849105162324437
115 117 0.2764892040679403
115 118 0.2831499987533450
115 129 0.3376509701141359
115 132 -0.6935922832859108
115 133 -0.1707635258397419
115 134 -0.3803201668152534
115 140 0.3739536986333119
115 141 0.9698124176013411
116 10 0.6857609369648280
116 12 0.4988886901723285
116 16 -0.6110113646838267
116 19 0.2727309318522697
116 20 0.3269534560025719
116 21 -1.3865183301950716
116 22 0.2412516260209757
116 41 -0.9936734568019402
116 53 0.6633921286999369
116 56 -0.2140308626497937
116 66 -0.1056452992799817
116 68 -0.1293132501343541
116 69 0.5700791375321372
116 70 -0.2230657850946565
116 76 0.6917808805534447
116 83 0.6133632285469215
116 84 0.2231098048862315
116 86 0.0776777077238112
116 90 0.1493808835048923
116 91 1.0854763428207692
116 92 0.0895398915534407
116 94 0.8484385445393030
116 98 -0.1345417363931263
116 101 -0.6420925879493813
116 102 -0.1724901866066674
116 103 -0.2584794024579445
116 104 0.4384555940989839
116 105 -0.1097641911995563
116 106 0.0479367125992772
116 107 -0.0504584763522818
116 109 0.6396114737338883
116 110 -0.2230657850946565
116 112 -0.1293132501343541
116 113 0.5700791375321372
116 114 -0.1056452992799817
116 115 0.2849105162324437
116 116 -8.9774600009255803
116 117 -0.3339992771860588
116 118 -0.1961188252459277
116 123 -0.0982553919312388
116 130 0.3376509701141359
116 132 -0.3386470020299757
116 133 -0.1867870014316945
116 138 0.4280617252995874
116 139 0.3989669325465318
116 141 -0.6110113646838267
117 11 0.6857609369648280
117 15 -0.9698124176013411
117 17 0.3527675758781280
117 21 0.2831499987533450
117 22 -0.0781723040302670
117 43 -0.9936734568019402
117 55 0.6633921286999369
117 61 -0.3739536986333119
117 62 0.6053706974515026
117 67 -0.3185685241207064
117 69 -0.1833476212563612
117 70 0.2507757750272271
117 77 1.6933988385041503
117 78 -0.3643367857221202
117 84 0.3864375177297320
117 88 0.0776777077238112
117 90 0.1724901866066674
117 92 -0.4384555940989839
117 93 -0.7915379550774675
117 94 0.1668531702522620
117 96 -0.3950554632758306
117 100 -0.1345417363931263
117 102 -0.1493808835048923
117 103 0.7594273658422371
117 104 1.1750162343742105
117 105 -0.5150090041407762
117 108 0.6337976578491176
117 109 -1.0739924804113654
117 111 -0.2507757750272271
117 113 -1.0083138031928069
117 114 0.3185685241207064
117 115 0.2764892040679403
117 116 -0.3339992771860588
117 117 -6.8484901864349954
117 118 -0.0781723040302670
117 131 0.3376509701141359
117 132 0.2450267616673147
117 133 0.7210994084583739
117 135 -0.3803201668152534
117 140 0.6053706974515026
117 141 -0.3527675758781280
118 18 -0.6110113646838267
118 19 -0.5665786358096067
118 20 0.4554209821526503
118 21 0.4554209821526503
118 22 0.8481537634532695
118 57 -0.6633921286999369
118 58 0.2140308626497937
118 63 0.3739536986333119
118 64 0.6053706974515026
118 67 -0.1914078974806580
118 79 1.6933988385041503
118 80 0.3643367857221202
118 81 0.3643367857221202
118 82 -0.8481537634532695
118 85 -0.6133632285469215
118 86 -0.3864375177297320
118 88 -0.2231098048862315
118 90 -0.6857609369648280
118 92 -0.4988886901723285
118 95 -0.8284381457049795
118 96 -0.1550135772942270
118 97 0.9200448428203825
118 99 0.6693294146586947
118 106 0.8018067391876844
118 107 -0.4902887510728959
118 108 -0.1668531702522620
118 110 -0.2193270459300712
118 111 -0.5089903353419680
118 112 0.1754140099669186
118 113 0.1482590113122367
118 115 0.2831499987533450
118 116 -0.1961188252459277
118 117 -0.0781723040302670
118 118 -7.1181643419548912
118 125 -0.0982553919312388
118 134 -0.7085414269380993
118 135 -0.3815229012259175
118 138 0.5443201421393585
118 139 0.0643138487939128
118 140 -0.4997100264178517
119 23 0.8481537634532695
119 24 -0.0781723040302670
119 25 0.2412516260209757
119 27 -0.1914078974806580
119 34 -0.4785875581678595
119 36 0.3950554632758306
119 45 0.4785875581678595
119 47 -0.6337976578491176
119 49 -0.0479367125992772
119 59 0.3825619474821162
119 71 -1.0655006520981678
119 72 -0.0473390007642743
119 73 -0.2157820141861035
119 77 0.6053706974515026
119 79 -0.4997100264178517
119 83 -0.4280617252995874
119 85 0.5443201421393585
119 87 0.0643138487939128
119 97 -0.7085414269380993
119 98 0.3386470020299757
119 100 -0.2450267616673147
119 102 0.3376509701141359
119 110 -0.0982553919312388
119 119 -19.8259953440967465
119 120 -0.3062312056577657
119 121 0.6282604818391200
119 122 0.6757810226381105
119 123 -0.2230657850946565
119 124 0.5565103167561997
119 125 -0.2193270459300712
119 126 0.1219689806377075
119 127 0.2439379612754150
119 129 0.4449598664082361
119 130 -0.1724901866066674
119 131 -0.1493808835048923
119 132 0.1345417363931263
119 134 0.9200448428203825
119 136 -1.1852850184844279
119 137 0.1493808835048923
119 138 -0.6133632285469215
119 140 1.6933988385041503
120 23 -0.4554209821526503
120 24 -0.2831499987533450
120 25 1.3865183301950716
120 28 0.1914078974806580
120 35 -0.4785875581678595
120 37 -0.3950554632758306
120 45 -0.1784234363897237
120 47 0.0479367125992773
120 51 -0.0479367125992772
120 60 0.3825619474821162
120 71 -0.2439379612754150
120 72 0.3723217891150084
120 74 0.1754140099669186
120 75 -0.2157820141861035
120 78 0.6053706974515026
120 80 0.4997100264178517
120 83 0.3989669325465318
120 85 -0.0643138487939128
120 89 0.0643138487939128
120 98 -0.1867870014316945
120 99 -0.7085414269380993
120 100 0.7210994084583739
120 103 0.3376509701141359
120 112 -0.0982553919312388
120 119 -0.3062312056577657
120 120 -15.2561856891846652
120 121 -0.3856691451850230
120 122 -0.4637673185973634
120 123 -0.1293132501343541
120 124 -0.2157820141861035
120 125 0.1754140099669186
120 126 1.4690162256694306
120 128 -0.2439379612754150
120 129 0.1451580177693327
120 130 -0.2584794024579445
120 131 0.7594273658422371
120 133 -0.1345417363931263
120 134 0.6693294146586947
120 136 -0.0494405061357608
120 137 0.5153975441956313
120 139 0.6133632285469215
120 140 -0.3643367857221202
121 23 -0.4554209821526503
121 25 -0.3269534560025719
121 26 -0.0781723040302670
121 29 0.1914078974806580
121 34 0.1784234363897237
121 38 -0.3950554632758306
121 46 -0.4785875581678595
121 49 0.0504584763522818
121 50 0.6337976578491176
121 61 0.3825619474821162
121 71 -0.1219689806377075
121 73 1.9780065610113984
121 74 0.1482590113122367
121 75 -0.0473390007642743
121 77 -0.3739536986333119
121 81 0.4997100264178517
121 84 0.4280617252995874
121 87 0.2383114961202490
121 88 -0.5443201421393585
121 97 -0.3815229012259175
121 100 -0.6935922832859108
121 101 -0.3386470020299757
121 104 0.3376509701141359
121 113 -0.0982553919312388
121 119 0.6282604818391200
121 120 -0.3856691451850230
121 121 -13.0765295440270108
121 122 0.4707243688995223
121 123 0.5700791375321372
121 124 -0.0473390007642743
121 125 0.1482590113122367
121 127 -0.1366685462269597
121 128 -0.1219689806377075
121 129 -0.0494405061357608
121 130 0.4384555940989839
121 131 1.1148473406970325
121 132 -0.6420925879493813
121 135 0.9200448428203825
121 136 0.7904603461364557
121 137 -0.7594273658422371
121 138 0.2231098048862315
121 140 -0.3643367857221202
122 23 -0.5665786358096067
122 25 0.2727309318522697
122 26 0.2831499987533450
122 31 -0.1914078974806580
122 35 -0.1784234363897237
122 39 0.3950554632758306
122 46 -0.1784234363897237
122 50 0.0479367125992773
122 51 -0.0504584763522818
122 62 0.3825619474821162
122 72 -0.1219689806377075
122 73 -0.2439379612754150
122 74 -0.2193270459300712
122 75 -1.2848276980282389
122 78 0.3739536986333119
122 82 -0.4997100264178517
122 84 0.3989669325465318
122 88 -0.0643138487939128
122 89 -0.2383114961202490
122 99 0.3815229012259175
122 100 -0.1707635258397419
122 101 -0.1867870014316945
122 105 0.3376509701141359
122 114 -0.0982553919312388
122 119 0.6757810226381105
122 120 -0.4637673185973634
122 121 0.4707243688995223
122 122 -11.2391707175498343
122 123 -0.1056452992799817
122 126 0.0473390007642743
122 127 0.2157820141861035
122 128 0.7758373626862710
122 130 -0.1097641911995563
122 131 -0.2278564692400606
122 133 -0.6420925879493813
122 135 -0.6693294146586947
122 137 0.8731587976071835
122 139 0.2231098048862315
122 140 -0.8481537634532695
123 23 0.6110113646838267
123 27 -0.2727309318522697
123 28 -0.3269534560025719
123 29 1.3865183301950716
123 30 0.1961188252459277
123 31 -0.2412516260209757
123 33 0.3803201668152534
123 41 -0.3950554632758306
123 45 0.3989669325465318
123 46 -0.4280617252995874
123 52 0.0479367125992773
123 53 0.0504584763522818
123 54 0.6337976578491176
123 56 -0.0479367125992772
123 76 0.6396114737338884
123 77 -1.0739924804113654
123 78 0.0349597171538916
123 83 -0.6514416072399077
123 84 0.0957175116335719
123 90 -0.0643138487939128
123 91 0.2383114961202490
123 92 -0.5443201421393585
123 94 0.0643138487939128
123 102 -0.1707635258397419
123 103 -0.6935922832859108
123 104 0.7210994084583739
123 105 -0.2450267616673147
123 109 0.8096603953725611
123 116 -0.0982553919312388
123 119 -0.2230657850946565
123 120 -0.1293132501343541
123 121 0.5700791375321372
123 122 -0.1056452992799817
123 123 -14.3248966626909215
123 124 0.2412516260209757
123 125 -0.1961188252459277
123 126 -0.3269534560025719
123 127 1.3865183301950716
123 128 0.2727309318522697
123 130 0.9936734568019402
123 132 0.3581497934664072
123 133 -0.2836696036330860
123 136 -0.2140308626497937
123 137 -0.6633921286999369
123 138 0.4988886901723285
123 139 0.6857609369648280
124 24 -0.3527675758781280
124 27 -1.8186010832479886
124 30 -0.8481537634532695
124 32 -0.2412516260209757
124 36 0.3803201668152534
124 42 -0.4785875581678595
124 49 0.4280617252995874
124 53 0.4785875581678595
124 57 -0.6337976578491176
124 66 -0.3825619474821162
124 71 1.0673876147849592
124 74 0.8481537634532695
124 77 -0.3527675758781280
124 79 0.5565103167561998
124 80 0.0473390007642743
124 81 0.2157820141861035
124 87 -0.0957175116335719
124 91 -0.4280617252995874
124 95 0.5443201421393585
124 98 0.0957175116335719
124 102 0.3803201668152534
124 106 -0.7085414269380993
124 108 -0.2450267616673147
124 110 0.8096603953725611
124 119 0.5565103167561997
124 120 -0.2157820141861035
124 121 -0.0473390007642743
124 123 0.2412516260209757
124 124 -13.9110312637408828
124 125 0.8482649728935232
124 126 0.2345092134371334
124 127 0.2345092134371334
124 128 0.6757810226381105
124 129 -0.7085414269380993
124 130 -0.2450267616673147
124 132 -0.6337976578491176
124 134 0.3834782792967439
124 135 0.1493808835048923
124 136 0.5443201421393585
124 138 0.3834782792967438
124 139 -0.1493808835048923
124 141 1.6933988385041503
125 25 0.6110113646838267
125 27 0.5665786358096067
125 28 -0.4554209821526503
125 29 -0.4554209821526503
125 31 -0.8481537634532695
125 32 0.1961188252459277
125 40 0.1784234363897237
125 43 -0.4785875581678595
125 47 -0.3989669325465318
125 50 0.4280617252995874
125 52 0.1784234363897237
125 54 0.4785875581678595
125 57 -0.0504584763522818
125 58 0.0479367125992772
125 67 -0.3825619474821162
125 71 -1.3177921042726355
125 72 -0.0910841964305301
125 73 -0.0910841964305301
125 75 0.8481537634532695
125 76 0.6110113646838267
125 79 -0.2193270459300712
125 80 -0.1482590113122367
125 81 -0.1754140099669186
125 85 0.6514416072399077
125 88 -0.0957175116335719
125 90 -0.3989669325465318
125 92 -0.4280617252995874
125 95 -0.2383114961202490
125 96 -0.0643138487939128
125 97 0.6514416072399077
125 99 0.0957175116335719
125 106 -0.1867870014316945
125 107 -0.3386470020299757
125 111 0.8096603953725611
125 118 -0.0982553919312388
125 119 -0.2193270459300712
125 120 0.1754140099669186
125 121 0.1482590113122367
125 123 -0.1961188252459277
125 124 0.8482649728935232
125 125 -15.6150740817804401
125 126 0.1644931632417566
125 127 0.1644931632417566
125 128 -0.6757810226381105
125 129 -0.1867870014316945
125 131 -0.3386470020299757
125 132 -0.0504584763522818
125 133 0.0479367125992772
125 134 -0.0895398915534407
125 135 0.1493808835048923
125 136 -0.2383114961202490
125 137 -0.0643138487939128
125 138 -0.0895398915534407
125 139 -0.1493808835048923
125 140 -0.0982553919312388
125 141 -0.6917808805534447
126 24 -0.9698124176013411
126 28 1.8186010832479886
126 30 0.4554209821526503
126 32 -1.3865183301950716
126 37 -0.3803201668152534
126 44 -0.4785875581678595
126 51 0.4280617252995874
126 53 -0.1784234363897237
126 57 0.0479367125992773
126 68 -0.3825619474821162
126 72 -1.0673876147849592
126 74 0.0910841964305301
126 78 -0.3527675758781280
126 79 0.2439379612754150
126 80 0.1366685462269597
126 82 0.2157820141861035
126 89 -0.0957175116335719
126 91 0.3989669325465318
126 95 -0.0643138487939128
126 98 -0.6514416072399077
126 103 0.3803201668152534
126 107 -0.7085414269380993
126 108 0.7210994084583739
126 112 0.8096603953725611
126 119 0.1219689806377075
126 120 1.4690162256694306
126 122 0.0473390007642743
126 123 -0.3269534560025719
126 124 0.2345092134371334
126 125 0.1644931632417566
126 126 -8.0341315921634955
126 127 -0.3856691451850230
126 128 -0.0700160501953768
126 129 -0.3815229012259175
126 130 -0.6935922832859108
126 133 0.6337976578491176
126 134 -0.3001715950635597
126 135 -0.7594273658422371
126 137 -0.5443201421393585
126 138 0.0494405061357608
126 139 0.2864091949920526
126 141 -0.3643367857221202
127 26 -0.3527675758781280
127 29 1.8186010832479886
127 30 0.4554209821526503
127 32 0.3269534560025719
127 38 -0.3803201668152534
127 42 0.1784234363897237
127 49 -0.3989669325465318
127 56 -0.4785875581678595
127 58 0.6337976578491176
127 69 -0.3825619474821162
127 73 -1.0673876147849592
127 74 0.0910841964305301
127 77 -0.9698124176013411
127 79 0.1219689806377075
127 81 -1.4690162256694306
127 82 0.0473390007642743
127 87 0.6514416072399077
127 94 0.4280617252995874
127 96 -0.5443201421393585
127 101 -0.0957175116335719
127 104 0.3803201668152534
127 106 -0.3815229012259175
127 108 -0.6935922832859108
127 113 0.8096603953725611
127 119 0.2439379612754150
127 121 -0.1366685462269597
127 122 0.2157820141861035
127 123 1.3865183301950716
127 124 0.2345092134371334
127 125 0.1644931632417566
127 126 -0.3856691451850230
127 127 -8.0341315921634955
127 128 -0.0700160501953768
127 130 0.7210994084583739
127 131 -0.7085414269380993
127 132 0.0479367125992773
127 134 0.0494405061357608
127 135 -0.2864091949920526
127 136 -0.0643138487939128
127 138 -0.3001715950635597
127 139 0.7594273658422371
127 141 -0.3643367857221202
128 26 0.9698124176013411
128 30 0.5665786358096067
128 31 -1.8186010832479886
128 32 -0.2727309318522697
128 39 0.3803201668152534
128 44 -0.1784234363897237
128 51 0.3989669325465318
128 56 -0.1784234363897237
128 58 0.0479367125992773
128 70 -0.3825619474821162
128 74 -1.3177921042726355
128 75 1.0673876147849592
128 78 0.9698124176013411
128 80 0.1219689806377075
128 81 0.2439379612754150
128 82 0.7758373626862710
128 89 -0.6514416072399077
128 94 0.3989669325465318
128 96 -0.0643138487939128
128 101 -0.6514416072399077
128 105 0.3803201668152534
128 107 0.3815229012259175
128 108 -0.1707635258397419
128 114 0.8096603953725611
128 120 -0.2439379612754150
128 121 -0.1219689806377075
128 122 0.7758373626862710
128 123 0.2727309318522697
128 124 0.6757810226381105
128 125 -0.6757810226381105
128 126 -0.0700160501953768
128 127 -0.0700160501953768
128 128 -4.8896827490210075
128 130 -0.1707635258397419
128 131 0.3815229012259175
128 133 0.0479367125992773
128 135 0.3828700465342875
128 137 -0.0643138487939128
128 139 -0.3828700465342876
128 141 -0.8481537634532695
129 25 -0.4988886901723285
129 34 -0.4554209821526503
129 35 -0.8481537634532695
129 36 -0.2831499987533450
129 37 -0.0781723040302670
129 40 0.1914078974806580
129 47 0.6477068057111962
129 59 0.1784234363897237
129 60 0.4785875581678595
129 65 0.0479367125992772
129 71 -0.6133632285469215
129 72 -0.2231098048862315
129 83 0.6110113646838267
129 85 0.6044729554450083
129 87 -0.1754140099669186
129 88 0.2157820141861035
129 93 -0.6053706974515026
129 95 -0.4997100264178517
129 100 0.2707300062176038
129 110 -0.1867870014316945
129 111 -0.7085414269380993
129 112 -0.3386470020299757
129 115 0.3376509701141359
129 119 0.4449598664082361
129 120 0.1451580177693327
129 121 -0.0494405061357608
129 124 -0.7085414269380993
129 125 -0.1867870014316945
129 126 -0.3815229012259175
129 129 -13.0472966609562082
129 130 0.2849105162324437
129 131 0.3552572605377390
129 132 -0.1293132501343541
129 133 -0.2230657850946565
129 134 -0.4610276966531595
129 135 -0.2439379612754150
129 136 -0.9230569702418870
129 137 -0.2205060988858080
129 140 0.8018067391876842
129 141 -0.6133632285469215
130 24 0.6857609369648280
130 26 0.4988886901723285
130 33 1.8186010832479886
130 36 0.2727309318522697
130 37 0.3269534560025719
130 38 -1.3865183301950716
130 39 0.2412516260209757
130 41 -0.1914078974806580
130 48 -0.6477068057111962
130 63 0.0479367125992773
130 64 0.6337976578491176
130 74 0.3864375177297320
130 83 -0.9698124176013411
130 84 -0.3527675758781280
130 86 -0.1306211383919203
130 87 1.0739924804113654
130 89 -0.0349597171538916
130 91 0.3739536986333119
130 94 -0.6053706974515026
130 98 0.8361858905815552
130 101 0.2707300062176038
130 109 0.3803201668152534
130 110 -0.1707635258397419
130 112 -0.6935922832859108
130 113 0.7210994084583739
130 114 -0.2450267616673147
130 116 0.3376509701141359
130 119 -0.1724901866066674
130 120 -0.2584794024579445
130 121 0.4384555940989839
130 122 -0.1097641911995563
130 123 0.9936734568019402
130 124 -0.2450267616673147
130 126 -0.6935922832859108
130 127 0.7210994084583739
130 128 -0.1707635258397419
130 129 0.2849105162324437
130 130 -7.6157003427140371
130 131 -0.3339992771860588
130 132 -0.3185685241207064
130 133 -1.0083138031928069
130 134 0.0349597171538916
130 135 1.0739924804113654
130 136 -0.3819277666490264
130 137 -0.3666292079661183
130 138 -0.2707300062176038
130 139 0.8361858905815552
130 140 -0.1668531702522620
130 141 0.3864375177297320
131 25 0.6857609369648280
131 34 0.5665786358096067
131 35 0.4554209821526503
131 38 0.2831499987533450
131 39 -0.0781723040302670
131 43 -0.1914078974806580
131 50 -0.6477068057111962
131 61 0.1784234363897237
131 62 -0.4785875581678595
131 65 -0.0504584763522818
131 73 0.6133632285469215
131 75 -0.2231098048862315
131 84 -0.6110113646838267
131 85 0.1219689806377075
131 87 -0.2193270459300712
131 88 -1.5169788643582389
131 89 0.1482590113122367
131 93 0.3739536986333119
131 96 0.4997100264178517
131 100 0.8361858905815552
131 111 -0.3815229012259175
131 113 -0.1867870014316945
131 114 0.3386470020299757
131 117 0.3376509701141359
131 119 -0.1493808835048923
131 120 0.7594273658422371
131 121 1.1148473406970325
131 122 -0.2278564692400606
131 125 -0.3386470020299757
131 127 -0.7085414269380993
131 128 0.3815229012259175
131 129 0.3552572605377390
131 130 -0.3339992771860588
131 131 -7.1948196529974817
131 132 0.1056452992799817
131 133 0.5700791375321372
131 134 0.0473390007642743
131 135 0.2321511663300000
131 136 0.2205060988858080
131 137 0.7648414224457865
131 140 -0.4902887510728958
131 141 0.2231098048862315
132 27 0.6857609369648280
132 29 -0.4988886901723285
132 33 0.3527675758781280
132 34 0.6110113646838267
132 40 -0.3269534560025719
132 41 -0.0781723040302670
132 42 -0.1961188252459277
132 43 0.2412516260209757
132 52 0.6477068057111962
132 59 -0.3989669325465318
132 61 -0.4280617252995874
132 66 0.0504584763522818
132 67 0.6337976578491176
132 69 0.0479367125992772
132 76 -0.2231098048862315
132 77 -0.3864375177297320
132 83 -0.0910841964305301
132 84 -0.8481537634532695
132 90 0.8717626400638884
132 91 0.1482590113122367
132 92 -0.0473390007642743
132 93 -0.0349597171538916
132 102 -0.8361858905815552
132 104 0.2707300062176038
132 109 -0.0957175116335719
132 115 -0.6935922832859108
132 116 -0.3386470020299757
132 117 0.2450267616673147
132 119 0.1345417363931263
132 121 -0.6420925879493813
132 123 0.3581497934664072
132 124 -0.6337976578491176
132 125 -0.0504584763522818
132 127 0.0479367125992773
132 129 -0.1293132501343541
132 130 -0.3185685241207064
132 131 0.1056452992799817
132 132 -12.5524095165140146
132 133 0.6317464646056794
132 134 0.3269534560025719
132 135 0.2727309318522697
132 136 0.3581329359628826
132 138 -0.6477068057111962
132 140 -0.6633921286999369
132 141 -0.6857609369648280
133 28 0.6857609369648280
133 31 0.4988886901723285
133 33 -0.9698124176013411
133 35 -0.6110113646838267
133 40 0.2727309318522697
133 41 0.2831499987533450
133 43 -1.3865183301950716
133 44 0.1961188252459277
133 54 -0.6477068057111962
133 60 0.3989669325465318
133 62 -0.4280617252995874
133 67 0.0479367125992773
133 68 -0.0504584763522818
133 70 0.0479367125992772
133 76 0.6133632285469215
133 78 0.3864375177297320
133 83 1.3177921042726355
133 84 0.0910841964305301
133 90 -0.2439379612754150
133 91 -0.2193270459300712
133 92 -0.1785837770807289
133 93 1.0739924804113654
133 94 -0.1754140099669186
133 103 0.8361858905815552
133 105 0.2707300062176038
133 109 -0.6514416072399077
133 115 -0.1707635258397419
133 116 -0.1867870014316945
133 117 0.7210994084583739
133 120 -0.1345417363931263
133 122 -0.6420925879493813
133 123 -0.2836696036330860
133 125 0.0479367125992772
133 126 0.6337976578491176
133 128 0.0479367125992773
133 129 -0.2230657850946565
133 130 -1.0083138031928069
133 131 0.5700791375321372
133 132 0.6317464646056794
133 133 -7.8105155857037474
133 134 -0.2412516260209757
133 135 -1.3865183301950716
133 137 0.3581329359628826
133 139 -0.6477068057111962
133 140 0.2140308626497937
133 141 0.4988886901723285
134 32 -0.4988886901723285
134 36 0.9698124176013411
134 37 0.3527675758781280
134 40 -1.8186010832479886
134 42 0.4554209821526503
134 44 0.8481537634532695
134 57 -0.6477068057111962
134 65 0.4280617252995874
134 66 0.1784234363897237
134 68 0.4785875581678595
134 79 -0.6133632285469215
134 80 -0.2231098048862315
134 85 1.0673876147849592
134 87 0.0910841964305301
134 89 -0.8481537634532695
134 91 -0.6110113646838267
134 93 -0.3527675758781280
134 95 -0.0954826201030404
134 96 -0.2157820141861035
134 108 -0.2707300062176038
134 110 0.6514416072399077
134 112 0.0957175116335719
134 115 -0.3803201668152534
134 118 -0.7085414269380993
134 119 0.9200448428203825
134 120 0.6693294146586947
134 124 0.3834782792967439
134 125 -0.0895398915534407
134 126 -0.3001715950635597
134 127 0.0494405061357608
134 129 -0.4610276966531595
134 130 0.0349597171538916
134 131 0.0473390007642743
134 132 0.3269534560025719
134 133 -0.2412516260209757
134 134 -7.0300326920151823
134 135 -0.0384940078642476
134 138 -0.9230569702418870
134 139 -0.2205060988858080
134 140 0.5443201421393585
135 32 0.6857609369648280
135 38 -0.9698124176013411
135 39 0.3527675758781280
135 42 -0.5665786358096067
135 43 1.8186010832479886
135 44 -0.4554209821526503
135 58 0.6477068057111962
135 65 -0.3989669325465318
135 69 0.1784234363897237
135 70 -0.4785875581678595
135 81 0.6133632285469215
135 82 -0.2231098048862315
135 87 1.3177921042726355
135 88 -1.0673876147849592
135 89 -0.0910841964305301
135 93 -0.9698124176013411
135 94 0.6110113646838267
135 95 -0.1219689806377075
135 96 1.0079885290162711
135 108 -0.8361858905815552
135 113 0.6514416072399077
135 114 -0.0957175116335719
135 117 -0.3803201668152534
135 118 -0.3815229012259175
135 121 0.9200448428203825
135 122 -0.6693294146586947
135 124 0.1493808835048923
135 125 0.1493808835048923
135 126 -0.7594273658422371
135 127 -0.2864091949920526
135 128 0.3828700465342875
135 129 -0.2439379612754150
135 130 1.0739924804113654
135 131 0.2321511663300000
135 132 0.2727309318522697
135 133 -1.3865183301950716
135 134 -0.0384940078642476
135 135 -2.0501218125487992
135 138 0.2205060988858080
135 139 0.7648414224457865
135 140 -0.0643138487939128
136 45 0.4554209821526503
136 46 -0.8481537634532695
136 47 -0.3269534560025719
136 48 -0.0781723040302670
136 49 -0.1961188252459277
136 50 0.2412516260209757
136 52 0.1914078974806580
136 59 0.1784234363897237
136 61 0.4785875581678595
136 63 0.3950554632758306
136 71 0.9200448428203825
136 73 -0.6693294146586947
136 97 0.9700180319951274
136 98 0.1482590113122367
136 99 -0.0473390007642743
136 100 -0.0349597171538916
136 102 -0.3739536986333119
136 104 -0.6053706974515026
136 106 -0.4997100264178517
136 109 0.4280617252995874
136 110 -0.2383114961202490
136 111 0.5443201421393585
136 113 0.0643138487939128
136 119 -1.1852850184844279
136 120 -0.0494405061357608
136 121 0.7904603461364557
136 123 -0.2140308626497937
136 124 0.5443201421393585
136 125 -0.2383114961202490
136 127 -0.0643138487939128
136 129 -0.9230569702418870
136 130 -0.3819277666490264
136 131 0.2205060988858080
136 132 0.3581329359628826
136 136 -12.2662487140413869
136 137 0.5792344269591467
136 138 -0.0954826201030404
136 139 0.1219689806377075
136 140 -0.8284381457049796
136 141 0.9200448428203825
137 45 0.5665786358096067
137 46 -0.4554209821526503
137 47 0.2727309318522697
137 48 0.2831499987533450
137 50 -1.3865183301950716
137 51 0.1961188252459277
137 54 -0.1914078974806580
137 60 -0.1784234363897237
137 62 0.4785875581678595
137 64 -0.3950554632758306
137 72 0.9200448428203825
137 75 0.6693294146586947
137 97 -0.2439379612754150
137 98 -0.2193270459300712
137 99 -0.2768391690119679
137 100 1.0739924804113654
137 101 -0.1754140099669186
137 103 0.3739536986333119
137 105 -0.6053706974515026
137 107 0.4997100264178517
137 109 0.3989669325465318
137 111 0.0643138487939128
137 112 0.2383114961202490
137 114 0.0643138487939128
137 119 0.1493808835048923
137 120 0.5153975441956313
137 121 -0.7594273658422371
137 122 0.8731587976071835
137 123 -0.6633921286999369
137 125 -0.0643138487939128
137 126 -0.5443201421393585
137 128 -0.0643138487939128
137 129 -0.2205060988858080
137 130 -0.3666292079661183
137 131 0.7648414224457865
137 133 0.3581329359628826
137 136 0.5792344269591467
137 137 -8.5934278512403122
137 138 -0.2157820141861035
137 139 -1.0079885290162711
137 140 -0.1550135772942270
137 141 -0.6693294146586947
138 48 0.3527675758781280
138 49 0.6110113646838267
138 52 -1.8186010832479886
138 53 -0.4554209821526503
138 56 0.8481537634532695
138 57 0.3269534560025719
138 58 -0.2412516260209757
138 63 -0.3803201668152534
138 66 0.1784234363897237
138 69 0.4785875581678595
138 79 0.9200448428203825
138 81 -0.6693294146586947
138 97 1.0673876147849592
138 98 -0.0910841964305301
138 101 -0.8481537634532695
138 102 0.9698124176013411
138 104 -0.3527675758781280
138 106 -0.4610276966531593
138 107 0.0473390007642743
138 108 0.0349597171538916
138 110 0.6514416072399077
138 113 0.0957175116335719
138 116 0.4280617252995874
138 118 0.5443201421393585
138 119 -0.6133632285469215
138 121 0.2231098048862315
138 123 0.4988886901723285
138 124 0.3834782792967438
138 125 -0.0895398915534407
138 126 0.0494405061357608
138 127 -0.3001715950635597
138 130 -0.2707300062176038
138 132 -0.6477068057111962
138 134 -0.9230569702418870
138 135 0.2205060988858080
138 136 -0.0954826201030404
138 137 -0.2157820141861035
138 138 -7.0300326920151823
138 139 0.0384940078642476
138 140 -0.7085414269380993
139 48 -0.9698124176013411
139 51 -0.6110113646838267
139 53 -0.5665786358096067
139 54 1.8186010832479886
139 56 0.4554209821526503
139 57 -0.2727309318522697
139 58 1.3865183301950716
139 64 0.3803201668152534
139 68 -0.1784234363897237
139 70 0.4785875581678595
139 80 0.9200448428203825
139 82 0.6693294146586947
139 98 1.3177921042726355
139 99 -1.0673876147849592
139 101 0.0910841964305301
139 103 -0.9698124176013411
139 105 -0.3527675758781280
139 106 0.2439379612754150
139 107 -0.2321511663300000
139 108 -1.0739924804113654
139 112 -0.6514416072399077
139 114 0.0957175116335719
139 116 0.3989669325465318
139 118 0.0643138487939128
139 120 0.6133632285469215
139 122 0.2231098048862315
139 123 0.6857609369648280
139 124 -0.1493808835048923
139 125 -0.1493808835048923
139 126 0.2864091949920526
139 127 0.7594273658422371
139 128 -0.3828700465342876
139 130 0.8361858905815552
139 133 -0.6477068057111962
139 134 -0.2205060988858080
139 135 0.7648414224457865
139 136 0.1219689806377075
139 137 -1.0079885290162711
139 138 0.0384940078642476
139 139 -2.0501218125487997
139 140 0.3815229012259175
140 47 -0.6857609369648280
140 50 0.4988886901723285
140 59 -0.5665786358096067
140 60 -0.4554209821526503
140 61 -0.4554209821526503
140 62 0.8481537634532695
140 63 0.2831499987533450
140 64 -0.0781723040302670
140 65 -0.1961188252459277
140 67 -0.1914078974806580
140 85 0.9200448428203825
140 88 -0.6693294146586947
140 97 -0.6133632285469215
140 99 0.2231098048862315
140 100 0.3864375177297320
140 109 0.6110113646838267
140 110 -0.2193270459300712
140 111 -0.5089903353419680
140 112 0.1482590113122367
140 113 0.1754140099669186
140 115 0.3739536986333119
140 117 0.6053706974515026
140 118 -0.4997100264178517
140 119 1.6933988385041503
140 120 -0.3643367857221202
140 121 -0.3643367857221202
140 122 -0.8481537634532695
140 125 -0.0982553919312388
140 129 0.8018067391876842
140 130 -0.1668531702522620
140 131 -0.4902887510728958
140 132 -0.6633921286999369
140 133 0.2140308626497937
140 134 0.5443201421393585
140 135 -0.0643138487939128
140 136 -0.8284381457049796
140 137 -0.1550135772942270
140 138 -0.7085414269380993
140 139 0.3815229012259175
140 140 -7.1181643419548912
141 57 -0.6857609369648280
141 58 0.4988886901723285
141 63 0.9698124176013411
141 64 -0.3527675758781280
141 65 -0.6110113646838267
141 66 0.5665786358096067
141 67 -1.8186010832479886
141 68 0.4554209821526503
141 69 0.4554209821526503
141 70 -0.8481537634532695
141 95 0.9200448428203825
141 96 -0.6693294146586947
141 106 -0.6133632285469215
141 107 0.2231098048862315
141 108 0.3864375177297320
141 110 -1.3177921042726355
141 111 1.0673876147849592
141 112 0.0910841964305301
141 113 0.0910841964305301
141 114 0.8481537634532695
141 115 0.9698124176013411
141 116 -0.6110113646838267
141 117 -0.3527675758781280
141 124 1.6933988385041503
141 125 -0.6917808805534447
141 126 -0.3643367857221202
141 127 -0.3643367857221202
141 128 -0.8481537634532695
141 129 -0.6133632285469215
141 130 0.3864375177297320
141 131 0.2231098048862315
141 132 -0.6857609369648280
141 133 0.4988886901723285
141 136 0.9200448428203825
141 137 -0.6693294146586947
141 141 -1.7796484313435217
